# Erdos-Renyi general graph G(n, p)
# nodes=10000 edge_probability=0.001 seed=42 edges=49722
# first data line: '<node count> <edge count>', then one '<source> <target>' pair per line
10000 49722
0 125
0 395
0 2544
0 2925
0 3518
0 4102
0 4351
0 4498
0 5229
0 7180
0 8309
0 9712
0 9810
1 965
1 1447
1 1900
1 3072
1 3077
1 3217
1 3696
1 3813
1 4476
1 5065
1 5335
1 6979
1 7740
1 8312
1 8572
2 848
2 1072
2 2268
2 3357
2 3797
2 4209
2 6752
2 8203
2 9571
2 9739
2 9781
3 2783
3 2973
3 4912
3 4937
3 7729
4 46
4 1221
4 1584
4 1951
4 2464
4 2986
4 3096
4 3236
4 3897
4 5621
4 6424
4 7902
4 9804
5 3310
5 4975
5 5631
5 7091
5 8060
5 8495
5 8731
6 1018
6 1397
6 1654
6 5643
6 6137
6 6650
6 6848
6 8066
7 123
7 337
7 1129
7 3064
7 4710
7 8034
7 8140
7 9087
7 9385
7 9562
7 9683
7 9955
8 9
8 4099
8 5235
8 5254
8 7259
8 9603
9 88
9 267
9 887
9 3224
9 6437
9 7100
9 7771
9 7917
9 7949
9 8022
10 447
10 1227
10 2153
10 2267
10 3679
10 4460
10 4640
10 6450
10 7271
10 9507
10 9682
10 9993
11 3260
11 3437
11 3815
11 4569
11 5767
11 6177
11 6373
11 8080
11 8660
12 1956
12 2163
12 2544
12 4866
12 9371
13 1417
13 2665
13 2979
13 3089
13 3556
13 4726
13 4994
13 6648
13 8211
13 8570
13 9663
13 9936
14 15
14 2954
14 3142
14 4337
14 5311
14 6218
14 6663
14 6694
14 7989
14 8604
14 8950
15 818
15 4020
15 4949
15 7448
15 7491
15 7575
15 9225
16 301
16 2092
16 2424
16 2431
16 3051
16 3607
16 4146
16 5225
16 8363
16 9212
16 9323
17 2250
17 3085
17 3306
17 3390
17 3494
17 3757
17 4008
17 5156
17 5415
17 6152
17 8517
17 8663
18 428
18 497
18 5057
18 6575
18 8448
18 8848
19 1898
19 2631
19 3703
19 4708
19 5639
19 5984
19 6661
19 9278
20 1995
20 2332
20 3081
21 1978
21 2532
21 2615
21 3793
21 3861
21 5037
21 5585
21 6526
21 8516
21 8939
21 9206
21 9394
21 9623
22 350
22 1723
22 2595
22 3747
22 5718
22 7072
23 429
23 1235
23 2730
23 3022
23 5849
23 5870
24 1576
24 3341
24 4595
24 4797
24 5172
24 5588
24 6753
24 7300
24 7498
24 7621
24 8691
24 9089
24 9481
24 9487
25 443
25 448
25 1496
25 3428
25 3581
25 6104
25 6974
25 7290
25 7822
25 9016
25 9041
26 1110
26 3832
26 3941
26 4063
26 4215
26 5168
26 7425
26 9339
26 9748
27 671
27 1208
27 1259
27 2440
27 2452
27 3148
27 4102
27 4943
27 6249
27 6822
27 6846
27 7146
27 7697
27 7796
27 9355
28 318
28 452
28 988
28 2349
28 3911
28 4721
28 6548
29 805
29 1220
29 1735
29 2060
29 2308
29 2750
29 3341
29 4279
29 5793
29 6165
29 6791
29 7744
29 8377
29 8863
30 952
30 1574
30 1729
30 2054
30 3236
30 3301
30 5139
30 5874
30 5876
30 5927
30 6275
30 6388
30 9317
30 9832
31 935
31 2173
31 2805
31 3219
31 4546
31 6062
31 6181
31 7291
32 708
32 1684
32 3434
32 3713
32 3844
32 5301
32 6324
32 6370
32 6465
32 7738
32 7957
32 9922
32 9979
33 662
33 3934
33 4264
33 5642
34 130
34 1536
34 2935
34 6329
34 8148
34 8229
34 9453
34 9902
35 69
35 551
35 927
35 1812
35 3039
35 3626
35 4703
35 4810
35 4924
35 4929
35 5020
35 5045
35 5719
35 6181
35 7181
35 7653
35 8271
36 251
36 963
36 2642
36 4662
36 4894
36 7017
37 2506
37 4796
37 4859
37 5458
37 5742
37 6594
37 8506
37 8681
37 9847
38 673
38 2675
38 3731
38 5086
38 5658
38 7999
38 8002
38 8686
39 4675
39 5137
39 6327
39 6392
39 6873
39 7814
39 8331
39 9815
39 9928
40 213
40 1539
40 2468
40 2487
40 3049
40 4859
40 6922
40 7855
40 9135
40 9354
40 9392
40 9590
41 425
41 570
41 690
41 1001
41 1189
41 2355
41 2729
41 5327
41 7691
41 9960
42 1064
42 1866
42 2459
42 2670
42 3948
42 5221
42 5861
43 212
43 335
43 447
43 1374
43 2317
43 2790
43 3186
43 3675
43 4707
43 6639
43 9181
44 956
44 4514
44 4540
44 5278
44 5606
44 6876
44 7449
44 9455
45 1123
45 2623
45 3938
45 4269
45 6358
45 8287
45 8663
45 9374
46 1803
46 2830
46 3585
46 3885
46 4345
46 4909
46 5832
46 7200
46 7528
46 8346
46 8519
47 1643
47 6192
47 6678
47 7980
47 9324
48 371
48 689
48 1474
48 5556
48 7580
48 7675
48 9440
49 244
49 1162
49 1543
49 1815
49 1936
49 1944
49 3436
49 4774
49 5810
49 7074
49 7822
49 9251
49 9300
50 892
50 1745
50 1807
50 3536
50 4067
50 5463
50 5618
50 6826
50 7876
50 8223
50 9115
51 1281
51 2640
51 3057
51 3464
51 4171
51 6182
51 7331
51 9276
52 442
52 578
52 894
52 1801
52 4345
52 5727
52 5997
52 6138
52 8336
52 8643
52 9157
53 628
53 1132
53 2662
53 2874
53 3011
53 3156
53 3624
53 4049
53 4328
53 4430
53 4727
53 5201
53 6741
54 1389
54 2993
54 3194
54 3531
54 3711
54 4676
54 6241
54 6384
54 8983
55 530
55 1047
55 5282
55 5707
55 5845
55 8536
56 2829
56 4155
56 4877
56 6762
56 8572
56 9642
57 304
57 421
57 700
57 2813
57 3696
57 3775
57 5120
57 6257
57 7151
57 9650
58 4086
58 4148
58 4519
58 4659
58 6263
58 6550
58 6846
58 7193
58 9240
59 518
59 1288
59 1967
59 2268
59 3535
59 4135
59 4484
59 4878
59 5725
59 6890
59 8535
60 232
60 466
60 3703
60 5169
60 5484
60 6187
60 6792
60 6888
60 6997
60 7458
60 9828
61 92
61 449
61 3068
61 3969
61 7726
62 1146
62 1943
62 1960
62 2668
62 4033
62 4427
62 5137
62 6172
62 8531
62 9333
62 9782
63 335
63 546
63 1014
63 1346
63 1455
63 1802
63 2532
63 2816
63 4136
63 4426
63 7166
64 409
64 3291
64 4155
64 5699
64 7591
64 7769
64 8141
64 8312
64 8322
64 8737
64 9926
65 1091
65 1255
65 1714
65 2159
65 5491
65 6265
65 7695
65 8284
65 9774
66 163
66 3897
66 6324
66 6916
66 7431
66 7561
66 7888
66 8928
66 8961
67 2298
67 5247
67 6156
67 7538
67 7549
68 818
68 2193
68 4094
68 4514
68 5627
68 7041
68 9799
69 893
69 1772
69 1996
69 3830
69 5146
69 5361
69 7164
69 8380
70 785
70 2340
70 3614
70 3660
70 4724
70 4774
70 6089
70 8091
70 9855
71 382
71 486
71 1509
71 1684
71 2024
71 2606
71 3007
71 4598
71 5679
71 5739
71 6772
72 437
72 2072
72 2311
72 3103
72 4106
72 4218
72 5988
72 6084
72 6783
72 8137
72 9172
72 9218
73 1259
73 2053
73 3732
73 5179
73 5425
73 6114
73 8874
73 9959
74 4332
74 7245
74 7279
74 7709
74 8110
74 9299
74 9674
75 204
75 1148
75 1940
75 1958
75 2843
75 2860
75 4314
75 6113
75 6719
75 7494
75 7780
75 9168
76 618
76 941
76 1085
76 2296
76 2454
76 3961
76 4493
76 4523
76 9056
76 9333
76 9444
77 249
77 2627
77 2958
77 3094
77 3511
77 4527
77 4837
77 6039
77 6866
77 8118
77 8269
77 9294
77 9791
78 635
78 1667
78 1728
78 2121
78 3391
78 3483
78 4269
78 6448
78 7844
78 8663
78 9652
79 3004
79 4971
79 5933
79 6029
79 6048
79 6253
79 6397
79 6814
79 7162
79 8355
79 8368
79 8478
79 9896
80 1076
80 1474
80 4130
80 4326
80 5144
80 6068
80 7739
80 8316
81 449
81 2804
81 3775
81 8129
81 9773
82 833
82 2635
82 3069
82 3412
82 4158
82 4743
82 5374
82 6656
82 7144
82 7567
82 8168
83 1158
83 1747
83 3395
83 3450
83 4541
83 5219
83 6417
83 6845
83 7408
83 7896
83 8525
84 284
84 513
84 2204
84 2208
84 3163
84 3657
84 3946
84 3979
84 4716
84 4935
84 6026
84 6484
84 7110
84 8099
85 750
85 1182
85 2521
85 2633
85 4022
85 5384
85 6116
85 6741
85 9479
86 1917
86 4562
86 4610
86 5142
86 6477
86 8369
86 8849
86 9995
87 156
87 2475
87 3047
87 3533
87 4484
87 5965
87 7484
87 8464
87 9391
88 775
88 796
88 2679
88 5467
88 5635
88 5682
88 6995
88 8496
89 703
89 2672
89 3113
89 3193
89 3958
89 4716
89 6155
89 6626
89 6714
89 7490
89 7576
89 8230
89 8508
90 1491
90 1652
90 1775
90 4201
90 4228
90 4592
90 4666
90 5599
90 6715
90 6832
90 9607
90 9950
91 119
91 361
91 2280
91 3002
91 5755
92 480
92 4290
92 4326
92 4817
92 4993
92 5175
92 5399
92 5700
92 6626
92 6840
92 7703
92 8543
93 101
93 2689
93 5338
93 5431
93 6955
93 7399
93 7672
94 229
94 1158
94 2579
94 4431
94 4487
94 6372
94 7332
94 7776
94 8739
94 9452
95 5219
95 6537
95 7618
95 7631
95 8661
95 9094
96 1071
96 2954
96 4090
96 5488
96 6672
96 6934
96 9558
97 821
97 1110
97 2815
97 3126
97 5100
97 5310
97 5807
97 5851
97 6276
97 7021
97 8150
97 8437
97 9149
98 826
98 3039
98 5318
98 5687
98 6006
98 6540
98 7430
98 9730
99 130
99 180
99 2155
99 2682
99 3056
99 4234
99 4282
99 5213
99 7506
99 8036
99 9286
99 9369
100 812
100 2077
100 2185
100 2313
100 3073
100 5605
100 7340
100 7361
100 7724
101 437
101 2671
101 2967
101 3011
101 3246
101 3806
101 3994
101 4162
101 5033
101 6074
101 6670
101 7917
101 8189
101 9029
101 9391
101 9634
101 9815
102 1638
102 1767
102 1955
102 2205
102 2211
102 3931
102 4187
102 5526
102 6044
102 6723
102 7770
102 8972
102 9556
103 626
103 5376
103 5653
103 6165
103 6497
103 6951
103 7064
103 7267
103 8978
103 9496
104 517
104 798
104 4562
104 6102
104 6597
104 6992
104 7342
104 7555
104 7776
104 7808
104 7863
104 8023
105 386
105 790
105 1091
105 1106
105 2252
105 3340
105 3388
105 4160
105 4762
105 5098
105 6884
105 7253
105 7456
105 8251
105 8412
105 9218
105 9452
106 3814
106 5616
106 6286
106 6408
106 6430
107 575
107 726
107 2522
107 3199
107 5035
107 5327
107 6292
107 6440
107 6692
107 6979
107 9325
108 362
108 988
108 1645
108 2018
108 3055
108 9104
108 9707
109 145
109 708
109 2666
109 4072
109 4694
109 5019
109 5494
109 6875
109 8169
109 8611
109 9243
109 9398
109 9941
110 1070
110 3469
110 4158
110 7113
110 7913
110 8188
110 8743
110 9533
111 1173
111 2050
111 2226
111 3312
111 3749
111 3951
111 4834
111 6063
111 7007
111 7043
111 9981
112 2358
112 2475
112 3297
112 3985
112 4830
112 7164
112 7358
112 7876
112 9550
112 9649
113 805
113 3562
113 5329
113 6722
113 6803
113 7185
113 7285
113 8321
113 8528
113 8830
113 9266
113 9515
114 1255
114 2300
114 3345
114 3799
114 3812
114 4843
114 9246
114 9847
115 958
115 1212
115 1523
115 2597
115 2717
115 3096
115 3407
115 3663
115 5659
116 1966
116 3819
116 4743
116 6199
116 6393
116 9750
117 274
117 321
117 2140
117 2212
117 2978
117 3339
117 4634
117 4659
117 5329
117 6034
117 6322
117 7836
117 8738
117 8757
117 9801
118 220
118 605
118 2630
118 2870
118 3137
118 7998
118 8078
118 8833
118 9224
119 1817
119 2863
119 5020
119 5224
119 5963
119 6788
119 7179
119 7714
119 8196
119 9093
120 3398
120 5693
120 8380
120 9482
120 9647
121 1299
121 1690
121 3201
121 4150
121 5155
121 6173
121 6377
121 7093
122 542
122 901
122 979
122 1725
122 2657
122 5912
122 5998
122 6998
122 7856
122 8252
122 8544
122 9343
122 9806
123 190
123 2173
123 3796
123 5120
123 5471
123 5522
123 5767
123 5911
123 7342
123 8286
123 8847
123 8958
124 378
124 724
124 1439
124 1777
124 1907
124 3173
124 7210
124 7716
124 9200
124 9899
125 1085
125 2151
125 2808
125 3691
125 5956
125 6459
125 7051
125 7388
125 9420
126 1785
126 2026
126 3300
126 3778
126 5514
126 6286
126 6314
126 7866
126 9060
126 9235
126 9983
127 3295
127 5169
127 6082
127 8982
128 1476
128 2063
128 3557
128 3705
128 4452
128 5873
128 5975
128 6167
128 6646
128 9172
128 9647
129 1461
129 6845
129 7724
129 7988
129 9105
129 9349
130 911
130 1701
130 2189
130 3658
130 4559
130 4586
130 4741
130 7020
130 7256
130 8424
131 480
131 2606
131 4003
131 4043
131 5013
131 5084
131 6381
131 7497
131 9365
132 237
132 2588
132 2628
132 3665
132 7856
132 7949
132 9905
133 620
133 1650
133 1971
133 2176
133 2748
133 2751
133 5582
133 7033
133 8980
133 9929
134 1219
134 4150
134 6232
134 6974
134 7366
134 8058
134 8768
134 9998
135 1871
135 2376
135 4543
135 5094
135 6281
135 6378
135 7375
135 8796
135 9166
136 3429
136 5319
136 5884
136 6778
136 8532
136 8785
136 8927
137 1574
137 1878
137 2481
137 5631
137 7307
137 9665
138 3680
138 4495
138 5459
138 5719
138 7156
138 7691
138 9205
138 9977
139 919
139 3207
139 3801
139 7634
139 8258
139 8664
139 8750
139 9379
140 586
140 875
140 3054
140 5485
140 6790
140 9834
140 9853
141 2618
141 3470
141 4040
141 6784
141 8392
141 8557
142 1929
142 2983
142 4986
142 6093
142 7094
142 8187
142 9587
143 2862
143 5038
143 5444
143 5906
143 6313
143 6805
143 7448
143 8140
143 8937
143 9804
144 1631
144 3478
144 4318
144 4329
144 6298
144 7231
144 8662
145 294
145 503
145 1069
145 3004
145 3160
145 3380
146 586
146 1465
146 1500
146 2063
146 3758
146 4658
146 4726
146 8787
146 9117
147 223
147 376
147 1597
147 1975
147 2605
147 2684
147 4854
147 6043
147 6678
147 7200
147 8819
147 9534
147 9904
148 1710
148 2833
148 3046
148 3136
148 3735
148 5014
148 5347
148 7369
148 9829
149 1989
149 3337
149 3515
149 3701
149 4154
149 4244
149 5510
149 5728
150 2263
150 3201
150 4080
150 5425
150 5793
150 7293
150 8033
151 1366
151 1570
151 2447
151 2942
151 3566
151 5769
151 5785
151 7941
151 8664
152 570
152 697
152 1413
152 2284
152 3116
152 4659
152 7158
152 7392
152 7484
152 8051
152 9298
152 9532
153 239
153 2797
153 2946
153 3105
153 4027
153 4861
153 6327
153 6435
153 7441
153 9071
154 528
154 893
154 1523
154 4653
154 4662
154 4915
154 5465
154 6926
154 7344
154 8315
154 8484
154 9443
155 1126
155 1407
155 1514
155 2892
155 3177
155 3552
155 3747
155 4080
155 6951
155 9865
156 1441
156 2526
156 3067
156 3472
156 3606
156 4027
156 4211
156 5366
156 8332
156 8457
156 9849
157 577
157 1263
157 2258
157 4867
157 4954
157 6928
157 8903
158 1816
158 2911
158 3693
158 3925
158 3957
158 4729
158 5355
158 5497
158 5770
158 7374
158 7777
158 9434
159 728
159 1169
159 1906
159 1989
159 4169
159 5040
159 5448
159 5623
159 6563
159 7045
159 7059
159 8563
160 1330
160 3153
160 3321
160 3533
160 4018
160 5490
160 6122
160 6769
160 7572
160 7576
160 7910
160 8172
160 9434
160 9750
161 745
161 2023
161 3548
161 4505
161 4647
161 4779
161 5618
161 6060
161 7158
161 7385
161 7533
161 9118
162 1322
162 2378
162 2438
162 4054
162 4731
162 5253
162 6368
162 7556
162 8545
163 964
163 1800
163 3541
163 5119
163 6247
163 7143
163 7865
163 8271
164 1174
164 3907
164 4581
164 5505
164 8280
164 9207
165 3567
165 3764
165 4433
165 7407
165 8431
165 9920
166 2599
166 2782
166 2917
166 3451
166 6101
166 8606
166 8636
166 9297
166 9442
166 9500
167 541
167 1119
167 1509
167 4876
167 5997
167 7033
167 7813
167 8447
168 812
168 1742
168 4409
168 4893
168 6091
168 6606
168 7672
168 8096
168 8722
169 3086
169 3110
169 3133
169 4504
169 4526
169 5507
169 6758
169 7826
169 8050
169 8675
169 9421
170 920
170 2164
170 3171
170 4047
170 4213
170 5878
170 6443
170 7382
170 8164
170 9744
171 536
171 2032
171 2520
171 4273
171 4572
171 5425
171 5450
171 5824
171 6518
171 8730
171 9938
172 1446
172 2157
172 4209
172 4259
172 6965
172 7026
172 7285
172 7902
172 7929
172 9013
172 9206
172 9803
173 601
173 4925
173 5680
173 7611
173 8363
173 8737
173 9372
174 336
174 1210
174 2145
174 4229
174 4380
174 4396
174 5988
174 6254
174 6757
174 7477
174 8220
174 9321
174 9933
175 816
175 1583
175 2133
175 2224
175 2558
175 2733
175 2967
175 4744
175 5827
175 6141
175 6248
175 9415
176 398
176 2373
176 3025
176 4198
176 4562
176 4631
176 5209
176 6354
176 6385
176 9478
177 1440
177 2497
177 3431
177 4147
177 4488
177 4786
177 8628
178 1881
178 1921
178 2355
178 4813
178 7541
178 7801
178 8839
179 1031
179 3461
179 5476
179 6614
179 7718
179 8102
179 9653
180 1750
180 2026
180 6277
180 7374
180 8377
180 8512
180 9385
180 9499
180 9863
181 823
181 894
181 1335
181 2310
181 2604
181 3695
181 5064
181 5098
181 8724
181 8728
181 9442
182 341
182 532
182 928
182 1797
182 1859
182 2470
182 7974
182 9962
183 844
183 3364
183 3852
183 3977
183 4118
183 4871
183 5348
183 7092
184 187
184 2508
184 3296
184 4117
184 4825
184 5157
184 5990
184 7203
184 7237
184 8405
185 404
185 1005
185 4462
185 5708
185 7609
185 7854
185 9090
185 9645
186 2084
186 2619
186 3112
186 5183
186 7128
187 531
187 811
187 2400
187 4899
187 7001
187 7865
187 8485
187 9480
187 9570
187 9644
188 2834
188 3479
188 3639
188 5038
188 6197
188 7390
188 7694
188 8071
188 8209
188 9203
188 9343
189 4058
189 4576
189 6757
189 7882
189 8341
190 3100
190 3680
190 6665
190 8532
190 8932
191 2498
191 3030
191 3536
191 5980
191 7349
191 7640
191 7934
191 9951
192 1671
192 1673
192 3019
192 3836
192 3879
192 4095
192 4323
192 5237
192 5685
192 7845
192 8122
192 8933
192 9892
193 1290
193 6773
193 8731
194 676
194 2088
194 2246
194 4436
194 4562
194 5637
194 6334
194 6709
194 6997
194 7678
194 8243
194 8572
194 9417
194 9507
194 9857
195 1994
195 2530
195 3675
195 3864
195 4336
195 4603
195 8400
195 9207
196 702
196 775
196 1940
196 3024
196 3493
196 3720
196 4047
196 5667
196 6010
196 6072
196 6502
196 7932
196 8400
196 9265
197 355
197 1878
197 2032
197 5086
197 7128
197 7254
197 8857
197 9151
198 403
198 846
198 857
198 914
198 1363
198 1699
198 1920
198 3014
198 5436
198 6349
198 7205
198 7760
198 9497
198 9650
198 9972
199 578
199 2278
199 2801
199 4243
199 7583
199 7632
199 8772
199 9697
199 9987
200 1076
200 5813
200 5931
200 6371
200 6601
200 7223
200 7545
201 641
201 790
201 1485
201 1742
201 2713
201 4443
201 4980
201 8104
201 9184
202 768
202 1967
202 2219
202 2770
202 3096
202 3402
202 3825
202 4948
202 6295
202 7406
203 692
203 989
203 1338
203 1383
203 1647
203 2756
203 3602
203 4946
203 4949
203 7692
203 8044
203 8292
204 414
204 757
204 2017
204 3930
204 4850
204 5278
204 5586
204 9277
204 9334
205 1533
205 3732
205 5045
205 6748
205 7899
205 9779
206 266
206 1220
206 1527
206 2008
206 4912
206 6223
206 7430
206 8878
206 9471
206 9700
207 303
207 1942
207 2149
207 4028
207 4313
207 4374
207 4661
207 6117
207 7154
207 7470
207 7506
207 9697
208 1040
208 2646
208 3523
208 4009
208 7118
208 8494
208 8877
208 9231
209 681
209 3065
209 3790
209 4251
209 4694
209 5200
209 5665
209 6002
209 9795
210 641
210 3070
210 5921
210 7289
210 7864
211 1515
211 5275
211 7830
211 8729
211 8961
212 1901
212 2649
212 2782
212 8259
212 8731
212 9588
213 616
213 1134
213 3190
213 3336
213 5082
213 5263
213 5280
213 9887
214 264
214 325
214 735
214 913
214 1703
214 1719
214 2803
214 4331
214 5575
214 9294
215 1390
215 3517
215 8741
215 9425
216 537
216 1188
216 1796
216 1844
216 2201
216 3398
216 3923
216 3975
216 4014
216 4766
216 5264
216 6484
216 6961
216 7876
216 7971
216 9083
216 9237
216 9629
217 598
217 1602
217 2994
217 3020
217 5402
217 5433
217 5783
217 6043
217 7051
217 8094
218 597
218 2926
218 3754
218 3981
218 7551
218 7901
218 7970
218 8238
218 8640
218 8699
218 9264
219 579
219 1246
219 1686
219 2992
219 3824
219 4005
219 4403
219 6739
219 6819
219 8330
219 8801
220 2772
220 2950
220 3112
220 4238
220 4623
220 5649
220 6760
220 6942
220 7143
220 7294
220 7721
220 8513
220 8520
221 277
221 793
221 3182
221 3562
221 4536
221 4748
221 8877
221 9337
221 9816
221 9928
222 1368
222 2780
222 5096
222 5136
222 5199
222 8701
222 9358
223 334
223 950
223 1968
223 3746
223 4937
223 7036
223 9052
223 9173
224 996
224 6508
224 6622
224 8219
224 8351
225 242
225 1152
225 6756
225 6871
225 7485
225 7732
225 8887
226 810
226 921
226 2590
226 2936
226 4656
226 4902
226 5466
226 6560
226 7068
227 735
227 1618
227 2995
227 5272
227 5733
227 6911
227 7934
227 9100
227 9442
228 586
228 1190
228 2468
228 3068
228 3248
228 4981
228 5694
228 6356
228 7490
228 9268
228 9559
229 819
229 1140
229 2041
229 2528
229 4033
229 4193
229 7225
229 7388
229 9097
229 9330
230 685
230 1851
230 1902
230 3912
230 4159
230 4545
230 5062
230 8105
230 9636
231 936
231 2182
231 2534
231 2774
231 3739
231 4628
231 7282
231 9222
232 568
232 629
232 1518
232 1545
232 2703
232 3577
232 4025
232 6234
232 7042
232 7206
232 9068
233 296
233 2793
233 3095
233 3454
233 3799
233 4036
233 5364
233 5699
233 6549
233 6813
233 7395
234 945
234 4443
234 5047
234 7919
234 8028
234 8173
234 8412
234 8857
234 9447
235 266
235 815
235 1056
235 2962
235 4284
235 4567
235 6772
235 7461
235 7801
235 7895
235 8485
235 9070
235 9299
236 721
236 3535
236 4180
236 4408
236 4419
236 4452
236 5432
236 5483
236 9145
237 1647
237 2154
237 3396
237 3407
237 5209
237 6776
237 8785
238 2430
238 2647
238 4190
238 5958
238 6788
238 9472
238 9850
238 9858
238 9893
239 3569
239 3709
239 4302
239 4848
239 6167
239 8354
239 9538
240 630
240 707
240 3404
240 3958
240 8114
240 9503
241 821
241 1247
241 2737
241 3002
241 3621
241 4432
241 4498
241 5865
241 7510
241 8348
241 9536
242 287
242 792
242 888
242 3115
242 3491
242 3725
242 4709
242 6361
242 8498
242 8824
242 8874
243 1909
243 2537
243 3838
243 4168
243 4282
243 4657
243 5060
243 6378
243 7501
243 7813
244 1005
244 1082
244 1198
244 1616
244 2203
244 4945
244 9086
245 1728
245 3102
245 4193
245 4208
245 5656
245 7099
245 7231
245 7379
245 9248
245 9486
246 412
246 1603
246 3138
246 3475
246 3671
246 3741
246 3995
246 5069
246 5192
246 6227
246 6409
246 7333
246 9679
247 938
247 2005
247 2690
247 4050
247 4499
247 4581
247 4930
247 5241
247 5484
247 8409
247 9076
248 335
248 1984
248 3087
248 3710
248 3963
248 4572
248 6206
248 7560
248 8546
248 8610
249 3486
249 3592
249 3946
249 4563
249 4808
249 4892
249 4997
249 5671
249 7543
249 9029
249 9595
250 263
250 359
250 478
250 849
250 1843
250 2175
250 3558
250 3932
250 4978
250 4987
250 5460
250 9616
251 1560
251 1928
251 1971
251 2510
251 2586
251 3739
251 4274
251 5508
251 6340
251 7359
251 7686
252 1444
252 4687
252 7158
252 7311
252 7526
252 7867
252 8550
252 9922
253 3909
253 7304
253 7848
253 8353
253 8410
253 8650
253 9034
253 9108
253 9306
254 1364
254 3090
254 4990
254 6374
254 6937
254 9547
255 1211
255 3440
255 4796
255 5982
255 6698
255 7171
255 8126
255 9576
256 803
256 2700
256 3608
256 4585
256 4703
256 5791
256 6383
256 7840
256 9344
257 825
257 2197
257 2873
257 3819
257 3846
257 3962
257 4134
257 4389
257 4735
257 9306
258 979
258 1463
258 3376
258 4064
258 4654
258 4956
258 6093
258 7528
258 8544
258 8570
258 9930
259 559
259 591
259 2359
259 2813
259 2838
259 6074
259 7492
260 1349
260 2765
260 3304
260 3701
260 3727
260 4233
260 5101
260 5334
260 5471
260 5684
260 6505
260 9675
260 9839
261 896
261 1849
261 4836
261 5670
261 6385
261 6747
261 7466
261 7735
261 9184
261 9974
262 620
262 1330
262 1482
262 1963
262 2781
262 3815
262 3966
262 5045
262 9016
262 9338
263 367
263 1048
263 1267
263 2287
263 2712
263 2920
263 3708
263 3960
263 4090
263 4764
263 7567
263 8280
263 9707
264 620
264 1011
264 1163
264 1333
264 3276
264 3339
264 4785
264 5308
264 5794
264 7234
264 7256
264 8075
264 8971
264 9607
265 521
265 1891
265 2468
265 3658
265 5236
265 5760
265 8605
265 9161
265 9327
266 735
266 996
266 1442
266 3552
266 4060
266 5051
266 5166
266 8701
266 9224
267 350
267 1906
267 2197
267 4701
267 4767
267 6291
267 6922
268 2352
268 2741
268 5665
268 6557
268 7194
268 8432
268 8589
269 1067
269 1539
269 2659
269 3009
269 3183
269 3733
269 5067
269 6424
269 8064
269 8493
269 9255
269 9430
270 923
270 1301
270 1537
270 2235
270 2685
270 3625
270 4245
270 4472
270 5620
270 7901
270 8089
270 9256
271 451
271 1050
271 1109
271 2327
271 4499
271 5034
271 5213
271 5971
271 6491
271 6976
271 7363
271 7884
271 9600
272 485
272 6643
272 7403
272 8641
272 9120
272 9400
272 9552
273 430
273 923
273 1435
273 2850
273 2898
273 3605
273 5245
273 5752
273 6564
273 8090
274 3302
274 4716
274 5381
274 7125
274 8032
275 1494
275 3265
275 4839
275 5244
275 6301
275 6875
275 7863
275 8773
275 9776
276 2125
276 5193
276 7915
277 595
277 2465
277 2951
277 4523
277 5271
277 5792
277 5868
277 6719
278 2936
278 8460
278 8930
279 617
279 1338
279 1852
279 2400
279 4294
279 5541
279 5768
279 5991
279 6312
279 7538
279 7865
280 1240
280 2009
280 2426
280 2553
280 6658
281 3990
281 4597
281 5508
281 7010
281 8142
281 8490
281 9318
282 1074
282 1454
282 1786
282 2024
282 2891
282 3203
282 3254
282 4816
282 6344
282 6935
282 8237
282 8668
282 9943
283 759
283 3655
283 3678
283 4122
283 4407
283 4506
283 4812
283 5565
283 5726
283 5878
283 6053
283 8496
284 483
284 924
284 1003
284 1240
284 1543
284 2038
284 3988
284 4197
284 5052
284 5422
284 5748
284 6770
284 7587
284 7775
284 9057
284 9063
285 292
285 3949
285 4381
285 6764
285 7778
285 8285
285 8755
286 1035
286 1869
286 3640
286 3820
286 9126
286 9835
287 622
287 3538
287 4110
287 6065
287 6235
287 7444
287 7836
287 7853
287 9310
288 677
288 972
288 1548
288 1641
288 3963
288 4019
288 4604
288 7304
288 7320
288 7676
288 7939
288 8923
289 1993
289 3970
289 6345
289 6850
289 7401
289 8406
289 8967
289 9619
289 9659
290 2524
290 3285
290 3683
290 5674
290 6146
290 6611
290 7304
290 7990
291 1112
291 2401
291 2892
291 2930
291 6740
291 7074
291 7095
291 9562
292 585
292 2017
292 2480
292 3814
292 4469
292 4636
292 5003
292 6110
292 6316
292 6416
292 8800
293 935
293 3020
293 3500
293 3661
293 4532
293 5424
293 5796
293 8942
293 9360
294 1278
294 2878
294 4563
294 4966
294 5599
294 6183
294 6618
294 7490
294 7833
294 8017
294 8371
294 9495
294 9672
295 434
295 1353
295 2232
295 2305
295 2715
295 3173
295 4388
295 4721
295 6281
295 6351
295 6857
295 6966
295 9030
295 9951
296 376
296 816
296 1170
296 2033
296 2782
296 4474
296 4689
296 5833
296 6519
296 8871
297 470
297 2684
297 3365
297 4403
297 4480
297 4660
297 5879
297 7041
297 7987
297 8164
297 8357
297 9563
298 1610
298 4074
298 5496
298 6098
298 6371
298 7757
298 8118
298 8577
298 9682
299 2488
299 2770
299 3020
299 5228
299 6641
299 6797
299 7486
299 7532
299 9857
299 9906
300 489
300 1032
300 1736
300 2119
300 2148
300 2275
300 2303
300 2910
300 3383
300 4244
300 4377
300 5971
300 5990
300 6138
300 6798
300 8455
300 9217
301 672
301 3757
301 5757
301 6977
301 7287
301 9867
302 1012
302 2266
302 2499
302 2791
302 4359
302 5392
302 6424
302 6561
302 6673
302 6927
302 7040
302 8062
302 8786
302 9579
302 9721
303 1120
303 1287
303 1761
303 2195
303 3285
303 3902
303 5508
303 5509
303 5750
303 9139
303 9610
303 9625
304 718
304 2257
304 2478
304 3513
304 4122
304 4964
304 5266
304 7234
304 9301
304 9481
305 6407
305 6882
305 7107
305 7195
305 8294
305 8828
305 9679
306 1026
306 1171
306 2837
306 5788
306 6304
306 8174
306 9291
307 775
307 2857
307 5239
307 5820
307 6602
307 9324
308 397
308 1292
308 2236
308 2638
308 6029
308 6213
308 6358
308 6879
308 8050
308 8317
308 8392
308 8514
308 9248
308 9485
309 1011
309 1087
309 1566
309 2164
309 2963
309 2976
309 4175
309 5068
309 5497
309 8266
309 9392
309 9694
310 960
310 2345
310 4058
310 5347
310 6159
310 6889
310 7738
310 8051
311 1526
311 1552
311 1909
311 2753
311 3949
311 4011
311 4910
311 5850
311 6702
311 7081
311 7548
311 7608
311 7838
312 369
312 2142
312 2396
312 2526
312 2630
312 3542
312 4515
312 4687
312 5367
312 6086
312 7159
312 8071
312 8209
312 8375
312 8871
312 9442
312 9989
313 1321
313 2268
313 4086
313 5640
313 6174
313 7455
313 7847
313 8842
313 9964
314 3899
314 4105
314 4527
314 7521
314 7638
314 7709
314 8681
314 9444
315 788
315 966
315 2579
315 2629
315 4258
315 5182
315 5617
315 5729
315 5945
315 6783
315 9998
316 2599
316 3125
316 4891
316 6804
316 7220
316 7372
317 596
317 855
317 1151
317 1712
317 3132
317 3451
317 6135
317 7412
317 7580
317 8673
317 9394
318 3982
318 4223
318 4488
318 4759
318 5560
318 7603
318 8339
318 9725
319 325
319 1114
319 3062
319 5099
319 5451
319 5811
319 7273
320 329
320 2057
320 4350
320 5324
320 9348
321 378
321 1254
321 1577
321 1838
321 2328
321 3353
321 3638
321 4252
321 4440
321 4867
321 7459
321 7973
322 1989
322 2921
322 2976
322 3558
322 3971
322 4142
322 4804
322 8997
323 704
323 1349
323 2052
323 2195
323 2663
323 4907
323 5633
323 5731
323 6664
323 6902
324 1669
324 1952
324 2863
324 2886
324 3196
324 5017
324 6528
324 7339
324 7397
324 9466
325 480
325 1215
325 1774
325 2247
325 3810
325 3942
325 5235
325 6710
325 6732
325 7403
325 7661
325 7735
325 9013
325 9499
325 9517
325 9606
325 9944
326 608
326 883
326 1404
326 3211
326 3515
326 3821
326 4114
326 4156
326 4822
326 5715
326 7382
327 4298
327 6855
327 7010
327 7209
327 9249
328 1403
328 1517
328 2267
328 3637
328 4176
328 9105
329 2811
329 4485
329 4665
329 5135
329 5873
329 6387
329 7008
329 7399
329 8245
329 8305
329 9501
330 1281
330 2597
330 6551
330 6674
330 9286
330 9903
331 2974
331 3356
331 4695
331 4795
331 7138
331 8084
331 8520
332 2261
332 3511
332 3685
332 4432
332 4589
332 7881
333 2743
333 2844
333 3423
333 3626
333 6463
333 6699
333 6910
333 7721
333 8212
333 9923
333 9953
334 933
334 1170
334 4304
334 4557
334 4749
334 4782
334 5082
334 6374
334 8920
334 9067
334 9184
335 1561
335 3810
335 5630
335 6146
335 6448
336 562
336 1713
336 2206
336 4147
336 4165
336 7374
336 7869
336 8878
337 4058
337 4089
337 5814
337 7269
337 8650
338 938
338 2295
338 4319
338 4706
338 4861
338 4879
338 5132
338 5387
338 5677
338 5733
338 7068
338 8408
338 9424
339 2753
339 2906
339 2994
339 4118
339 4449
339 5162
339 8326
339 8931
340 1498
340 1691
340 1958
340 3223
340 3609
340 4756
340 4956
340 5025
340 6013
340 6194
340 7933
340 8196
340 8808
340 9694
340 9797
340 9909
341 3509
341 3619
341 4654
341 6992
341 7487
341 8088
341 8119
341 8725
342 2927
342 4271
342 9216
343 1372
343 3593
343 4341
343 5389
343 5505
343 5887
344 765
344 865
344 2235
344 2277
344 3891
344 4716
344 6582
344 6616
344 7168
344 7186
344 9319
344 9542
345 1956
345 4654
345 6319
345 7085
345 8388
345 8730
345 9038
346 1603
346 2252
346 3668
346 4141
346 5919
347 845
347 1030
347 1545
347 2643
347 3082
347 4675
347 5107
347 5621
347 5794
347 8197
347 8841
348 1931
348 3363
348 4388
348 5061
348 5792
348 6202
348 9462
349 2405
349 2932
349 2936
349 5115
349 6459
349 7705
349 8404
349 8996
349 9678
350 658
350 1138
350 1391
350 2061
350 2210
350 2734
350 3140
350 3310
350 3409
350 4967
350 8568
350 8727
350 9155
350 9296
350 9379
351 3318
351 3407
351 4504
351 6869
351 6931
351 7952
351 8096
351 8269
351 8802
351 9948
352 640
352 1476
352 2313
352 2375
352 2508
352 2573
352 3367
352 4196
352 5592
352 6647
352 6983
352 8863
352 9425
352 9613
353 1183
353 2322
353 2451
353 2556
353 2779
353 4566
353 4692
353 4752
353 5488
353 6730
353 7030
353 7809
353 8259
353 8692
353 8714
354 1672
354 3395
354 3654
354 3880
354 4182
354 4380
354 7161
354 7383
354 8392
354 8769
354 9528
355 2346
355 2496
355 3041
355 4105
355 4284
355 4454
355 6705
355 7061
355 8453
355 8881
355 9449
356 1599
356 2063
356 2177
356 2224
356 2255
356 3114
356 3155
356 4095
356 4413
356 5059
356 5686
356 8094
356 8530
356 8780
356 9153
356 9167
357 360
357 485
357 3612
357 6106
357 7925
357 8092
357 8148
357 9989
358 1611
358 2268
358 3360
358 4048
358 9433
358 9532
358 9743
359 1672
359 2046
359 3216
359 3679
359 3690
359 5220
359 5647
359 6560
359 7672
359 8148
359 8162
359 8205
360 382
360 814
360 2568
360 2814
360 3702
360 5090
360 7829
360 8118
361 2687
361 4122
361 4804
361 6730
361 8226
361 8228
362 3478
362 4022
362 4701
362 5099
362 5259
362 6260
362 6700
362 6851
362 7176
362 7496
362 8047
362 8128
362 8640
362 9146
362 9448
362 9666
363 1678
363 1936
363 2947
363 3208
363 3848
363 4997
363 5235
363 5759
363 5950
363 6804
363 7570
363 8775
364 757
364 1250
364 2974
364 4699
364 5070
364 5618
364 5910
364 6497
365 572
365 2782
365 3056
365 3970
365 5740
365 9304
366 3566
366 3677
366 3693
366 4670
366 5032
366 5290
366 6606
366 7545
366 9227
366 9282
366 9787
367 640
367 1890
367 2482
367 3148
367 3247
367 3840
367 5709
367 8654
368 1732
368 3448
368 3774
368 4009
368 4124
368 4617
368 4618
368 4736
368 4938
368 6521
368 7721
368 8007
368 8716
368 9063
368 9228
369 454
369 2405
369 3011
369 3683
369 4012
369 4177
369 4723
369 5687
369 5890
369 7712
369 8560
369 9240
369 9296
370 1622
370 1672
370 2775
370 4047
370 5821
370 6145
370 7972
370 9391
370 9822
371 1658
371 1748
371 2612
371 3527
371 4423
371 5439
371 7489
372 2867
372 4646
372 7599
372 8039
372 8047
372 8530
372 8666
373 3306
373 3357
373 5504
373 5651
373 6240
373 6746
373 7432
373 7491
373 7606
373 7730
373 9133
373 9447
374 747
374 1651
374 2644
374 3258
374 4203
374 6156
374 6890
374 7454
374 8622
374 8726
374 9496
374 9787
375 1891
375 2442
375 2503
375 2574
375 3740
375 3937
375 6998
375 7339
375 8479
375 9887
376 1031
376 2702
376 2730
376 2842
376 3063
376 3211
376 5665
376 5822
376 7456
376 7671
376 8252
376 8257
376 8703
376 9195
377 1983
377 2756
377 3423
377 5742
377 6722
377 9103
377 9192
377 9217
378 3568
378 4144
378 5200
378 5590
378 6239
378 6592
378 7291
378 8681
378 8820
378 8986
378 9181
379 1575
379 2414
379 2629
379 4270
379 5016
379 7022
379 7873
379 9554
380 519
380 1111
380 2802
380 4833
380 5246
380 6079
380 6902
380 8281
380 8391
380 8945
380 9998
381 2223
381 3301
381 4900
381 5468
381 6317
381 7384
381 9535
381 9723
382 475
382 676
382 1029
382 2761
382 3877
382 4519
382 5432
382 5684
382 6059
382 8087
382 9086
383 450
383 1762
383 2164
383 2649
383 4496
383 4633
383 6050
383 7095
384 948
384 1309
384 1824
384 5485
384 6718
384 8125
384 8162
384 9059
384 9524
385 1345
385 3119
385 3683
385 3809
385 5790
385 6074
385 7131
385 8027
385 8061
385 9286
385 9946
386 412
386 421
386 2482
386 2600
386 4022
386 6108
386 9055
386 9076
386 9540
387 1597
387 2948
387 3606
387 3983
387 4880
387 5020
387 8370
387 8990
387 9159
388 429
388 930
388 1186
388 3284
388 3773
388 4127
388 4903
388 5014
388 7581
388 7907
388 7970
389 867
389 870
389 2204
389 3111
389 4822
389 5623
389 5726
389 5846
389 6869
389 7678
389 8482
389 8507
390 3421
390 4081
390 4231
390 6446
390 8771
390 9677
390 9698
390 9886
391 2221
391 2759
391 3944
391 4365
391 4501
391 5460
391 6329
391 7053
391 7880
391 8573
391 8910
391 9291
391 9423
391 9575
391 9812
391 9831
391 9842
391 9980
392 3930
392 6013
392 6627
392 6651
392 7673
392 7881
392 8217
393 1506
393 1827
393 3600
393 6088
393 7638
393 8194
393 9542
393 9816
394 652
394 1867
394 2832
394 3417
394 3855
394 5432
394 6353
394 7017
394 7457
394 9029
394 9738
395 3198
395 3248
395 3596
395 4930
395 6124
395 8192
396 1614
396 2200
396 3966
397 424
397 1125
397 1354
397 1431
397 1750
397 2270
397 2669
397 3495
397 5834
397 6222
397 7477
397 8586
398 3600
398 8320
398 9765
399 1261
399 1755
399 1778
399 2884
399 4481
399 5298
399 7772
399 8002
399 8662
399 9012
399 9372
400 1525
400 1751
400 1808
400 2584
400 2818
400 3075
400 3344
400 4997
400 7430
400 7666
400 8176
400 8849
401 948
401 1511
401 2228
401 2880
401 5501
401 5963
401 6601
401 6681
401 7233
402 659
402 1134
402 1343
402 1638
402 1857
402 3146
402 6318
402 6581
402 7782
402 8050
402 8191
402 8498
403 687
403 756
403 1218
403 3916
403 4068
403 5508
403 6862
403 7358
403 7415
403 7490
403 9111
404 2191
404 2618
404 2680
404 3135
404 3153
404 3640
404 3720
404 4192
404 4942
404 5091
404 5616
404 8666
404 8991
404 9254
405 1307
405 1744
405 2815
405 3037
405 3795
405 4388
405 4468
405 4496
405 6614
405 8849
405 9309
406 1136
406 1938
406 2311
406 2502
406 2882
406 3203
406 5308
406 9416
407 3240
407 3312
407 4010
407 5665
407 6403
407 7117
407 7791
407 8053
407 8093
407 9334
408 532
408 1746
408 3340
408 3618
408 3729
408 5455
408 7566
408 8418
408 9657
408 9725
408 9894
409 1290
409 3388
409 5522
409 6423
409 6804
409 6922
409 7030
409 7144
409 7625
409 8177
410 3174
410 4434
410 5247
410 6127
410 9108
411 4425
411 4543
411 5099
411 6680
411 7835
411 7853
411 8030
411 8917
411 9146
412 2736
412 2923
412 2930
412 3103
412 5335
412 5741
412 5963
412 6084
412 6812
412 8482
412 8493
412 9143
413 1235
413 2179
413 2384
413 3572
413 3971
413 5476
413 7020
413 7572
413 8595
413 9612
414 2432
414 2919
414 4169
414 4233
414 4813
414 5212
414 5722
414 6011
414 6477
414 6988
414 7004
414 7966
414 9624
415 1455
415 2891
415 4590
415 5438
415 5700
415 5938
415 7497
415 7534
416 566
416 1438
416 2894
416 3434
416 3484
416 6050
416 6460
416 6696
416 6920
416 7456
416 7727
416 8822
417 1406
417 3055
417 3609
417 4559
417 4644
417 5499
417 8059
417 8423
417 8836
418 3574
418 5132
418 5580
418 6028
418 7366
418 9911
419 2296
419 3416
419 5368
419 5420
419 5817
419 6894
419 7076
419 7641
419 9589
419 9694
420 884
420 1022
420 1361
420 1590
420 5197
420 5292
420 6275
420 8777
420 9406
421 1394
421 1639
421 1887
421 2343
421 2415
421 2690
421 5431
421 5456
421 9512
421 9751
422 1751
422 1989
422 2566
422 5207
422 5997
422 6235
422 7879
422 9065
422 9982
423 2586
423 3745
423 3883
423 4978
423 5803
423 5889
423 9068
423 9328
424 830
424 1813
424 2194
424 2444
424 2624
424 2740
424 3329
424 4056
424 5448
424 6325
424 6604
424 9423
424 9963
425 534
425 2501
425 3934
425 6458
425 7147
425 7381
425 9025
426 1377
426 2565
426 2759
426 2832
426 3985
426 5621
426 6507
426 6529
426 7059
426 8425
426 8721
426 9196
426 9746
427 590
427 2333
427 2973
427 4015
427 4164
427 5002
427 6295
427 6599
427 7622
427 9410
427 9761
427 9843
428 1128
428 3058
428 5014
428 5279
428 5720
428 5952
428 6083
428 6758
428 7977
428 8514
429 1009
429 1066
429 2324
429 3636
429 5546
429 6043
429 7125
429 8011
429 8906
429 9695
430 1074
430 1156
430 1465
430 1607
430 2731
430 3421
430 4755
430 5019
430 5842
430 6436
430 6853
430 7113
430 7364
430 8827
430 8843
431 2472
431 3631
431 6455
431 6867
431 9490
432 777
432 854
432 1099
432 1387
432 2042
432 2572
432 2865
432 4809
432 5293
432 7434
432 7725
432 8623
432 9650
433 3475
433 3934
433 5364
433 5884
433 7448
433 7859
433 8069
433 8572
433 8693
434 1605
434 1618
434 2261
434 2395
434 2414
434 2580
434 3333
434 3792
434 3828
434 4537
434 6271
434 6754
434 6903
434 8457
434 9308
435 3164
435 3772
435 3929
435 4362
435 4897
435 4912
435 7847
435 8364
435 9371
435 9507
436 1837
436 2662
436 2829
436 3515
436 4693
436 5900
436 8546
437 2307
437 2807
437 3195
437 3538
437 4576
437 4720
437 5049
437 8182
437 8661
438 1541
438 3255
438 3283
438 3392
438 6541
438 8576
438 9967
439 1962
439 2904
439 2925
439 3313
439 3523
439 4853
439 7353
439 7653
439 8262
439 9687
440 984
440 1894
440 5068
440 6361
440 6392
440 7293
440 9482
441 1046
441 1139
441 2482
441 2957
441 4047
441 4050
441 4822
441 7616
441 9404
441 9538
441 9690
442 2921
442 3435
442 4648
442 4758
442 5425
442 5845
442 7760
442 8239
442 9152
442 9932
443 1897
443 2224
443 2333
443 2912
443 4494
443 5288
443 5355
443 5561
443 7741
443 7969
444 1099
444 2384
444 3256
444 3593
444 4420
444 5713
444 8490
444 8694
445 584
445 1015
445 1185
445 2751
445 2954
445 4803
445 5471
446 2299
446 4796
446 5542
446 6460
447 2687
447 2948
447 6277
447 6561
447 6860
447 7478
447 9386
448 2273
448 4900
448 5139
448 5474
448 6755
448 7637
448 7805
448 8413
449 760
449 2735
449 3663
449 5176
449 5515
449 5644
449 5685
449 6005
449 7224
449 8207
449 9833
450 782
450 1334
450 1845
450 2782
450 4003
450 5167
450 5478
450 6536
450 8947
450 9562
451 2093
451 4275
451 8140
452 1549
452 2949
452 3318
452 3492
452 4559
452 5353
452 5575
452 7531
452 7601
452 8236
452 9289
452 9588
453 4376
453 7053
453 8131
453 8166
454 2099
454 3354
454 4400
454 5080
454 6317
454 7301
454 7829
454 7865
455 2241
455 3856
455 4398
455 4677
455 6179
455 6449
455 8988
455 9059
455 9094
456 1064
456 1948
456 2344
456 2649
456 6044
456 8507
456 8653
457 869
457 4556
457 5246
457 5461
457 6291
457 7894
457 9530
458 1061
458 2124
458 2818
458 3179
458 3484
458 4077
458 6375
458 8228
458 8816
458 9330
459 5129
459 7087
459 7758
459 8308
460 1160
460 2920
460 3045
460 3607
460 4779
460 6657
460 7571
460 9144
461 2921
461 3141
461 6745
461 8191
461 9268
462 1170
462 1809
462 2804
462 3013
462 3265
462 3669
462 7074
462 9154
462 9436
462 9817
463 1754
463 2822
463 5097
463 6286
463 8043
463 8298
463 8301
463 8990
464 1581
464 4752
464 6616
464 7037
464 8126
464 8616
464 9359
465 1092
465 1839
465 3113
465 3824
465 5866
465 6175
465 8268
466 1499
466 2152
466 5297
466 8020
466 9822
467 2123
467 2554
467 3093
467 3412
467 3720
467 4015
467 4713
467 4724
467 5331
467 5862
467 8169
467 9454
468 1244
468 1991
468 4101
468 4187
468 4434
468 4913
468 5979
468 6248
468 6964
468 7117
468 7875
468 7931
468 8681
468 9998
469 1285
469 3113
469 4792
469 5268
469 5424
469 6038
469 6054
469 6149
469 6443
469 7988
469 8806
469 9432
469 9616
470 594
470 2312
470 3173
470 5259
470 5325
470 6683
470 9869
471 645
471 3845
471 4277
471 4886
471 6193
471 8952
471 8969
471 9375
472 802
472 1441
472 1530
472 1966
472 3977
472 6027
472 7175
472 7836
472 8585
473 1440
473 2053
473 2345
473 4088
473 4288
473 5722
473 6855
473 7958
473 8529
473 9226
474 943
474 2394
474 3944
474 4120
474 4480
474 5277
474 5681
474 7011
474 7171
474 8418
475 759
475 1598
475 3597
475 4644
475 5547
475 5923
475 6319
475 7097
475 8912
475 9088
475 9321
476 2532
476 2780
476 4814
476 5975
476 6851
476 7444
476 7507
476 9486
477 817
477 1356
477 4331
477 4388
477 5101
477 5178
477 7431
477 8728
477 9014
478 1307
478 1505
478 2186
478 2217
478 2491
478 2963
478 3816
478 9341
478 9813
478 9997
479 1633
479 2016
479 2441
479 3328
479 4830
479 7227
479 8915
480 1127
480 1915
480 4677
480 5441
480 5452
480 6190
480 7644
480 7954
480 8831
481 556
481 1183
481 2051
481 2237
481 2548
481 4361
481 4776
481 5028
481 5329
481 6620
481 7022
481 8067
481 9429
481 9724
482 2043
482 3873
482 5709
482 6458
482 6765
482 7047
482 7762
482 8987
482 9553
482 9967
483 553
483 653
483 2141
483 2235
483 6194
483 7308
483 8218
483 8505
483 9236
484 1250
484 2525
484 4149
484 4519
484 5172
484 7619
484 7666
484 9539
484 9659
485 3175
485 3257
485 3847
485 6412
485 8069
485 9962
486 1811
486 2227
486 2437
486 3486
486 5095
486 8391
486 9226
487 1162
487 2786
487 4511
487 5172
487 7811
487 9293
487 9707
487 9798
488 494
488 727
488 3623
488 6513
488 6991
488 9018
488 9179
488 9680
489 4023
489 4679
489 5249
489 6424
489 7688
489 9524
489 9684
490 2096
490 2358
490 2736
490 4509
490 4580
490 5327
490 6066
490 8733
490 9811
491 625
491 796
491 1021
491 3208
491 4048
491 4755
491 4951
491 5653
491 6101
492 1224
492 2449
492 3688
492 3783
492 6542
492 7050
493 1998
493 2362
493 2420
493 2460
493 3405
493 3461
493 5949
493 6368
493 8160
493 8392
493 8528
494 663
494 1790
494 1886
494 2497
494 3133
494 3935
494 7573
494 8455
494 8638
494 9206
494 9420
495 1551
495 1663
495 4468
495 4746
495 5162
495 6375
495 6878
495 6970
495 7382
495 8737
495 9354
496 1367
496 2962
496 3051
496 3892
496 4102
496 4616
496 4780
496 5086
496 5511
496 5543
496 6961
496 7192
496 7902
496 8907
497 1637
497 2538
497 3473
497 4912
497 9095
498 616
498 773
498 1414
498 2063
498 3778
498 5378
498 6745
498 8291
498 8843
498 8951
498 9790
499 1133
499 2140
499 2143
499 6279
499 6874
500 3758
500 9517
501 852
501 1017
501 1316
501 2217
501 3447
501 3918
501 4520
501 4694
501 7703
501 9164
501 9399
501 9541
502 821
502 3576
502 4743
502 5056
502 6714
502 6834
502 7029
502 8297
503 2907
503 2974
503 3673
503 5091
503 5402
503 7613
503 7618
503 9299
504 537
504 727
504 4043
504 5126
504 5345
504 5409
504 6006
504 7202
504 7332
504 8343
504 8380
505 1433
505 1996
505 2508
505 5182
505 5714
505 5919
505 7654
505 8593
505 9992
506 1633
506 1961
506 2139
506 2520
506 3132
506 3620
506 3692
506 4585
506 8722
506 9349
507 869
507 3429
507 3805
507 3849
507 4216
507 5242
507 5294
507 6893
507 8080
507 9858
508 2428
508 4337
508 4403
508 4723
508 5266
508 5324
508 5325
508 6163
508 6332
508 7963
508 8478
509 3209
509 5262
509 6131
509 6348
509 6927
509 7029
509 8042
509 8308
509 8493
510 1190
510 1359
510 2636
510 2702
510 2868
510 3432
510 3995
510 4351
510 5022
510 5484
510 9413
510 9625
510 9796
511 657
511 1027
511 1286
511 2293
511 2322
511 4397
511 5757
511 6997
511 7503
511 9254
512 1892
512 1904
512 2061
512 5963
512 6723
512 7436
512 8047
512 8829
512 8877
512 9209
513 999
513 2701
513 3469
513 4259
513 6586
513 6993
513 7712
513 8846
513 9242
514 772
514 791
514 1207
514 2528
514 2544
514 2824
514 3315
514 5849
514 7666
514 7969
514 7979
514 8538
514 9522
515 599
515 931
515 1142
515 1933
515 3462
515 4743
515 5130
515 5157
515 5559
515 5606
515 6322
515 6875
515 8869
516 888
516 3048
516 9477
516 9710
517 3074
517 3162
517 4461
517 5873
517 6154
517 6324
517 9269
518 1979
518 2540
518 2688
518 2707
518 3288
518 4195
518 5021
518 9458
518 9501
519 550
519 1154
519 2447
519 6023
519 6744
519 7100
519 8114
519 8700
519 9191
520 1523
520 1993
520 3886
520 3927
520 6109
520 6312
520 7072
520 7443
520 8904
520 9024
520 9456
521 740
521 1832
521 5239
521 6937
521 7014
522 1264
522 1959
522 2469
522 3292
522 4152
522 6689
522 8841
523 818
523 2175
523 2455
523 3074
523 4552
523 5547
523 6174
523 6397
523 8163
523 8631
523 9318
523 9335
524 1453
524 1570
524 5416
524 5850
524 5955
524 8107
524 8893
524 9322
525 882
525 1336
525 1592
525 1779
525 2406
525 2867
525 6411
525 9363
525 9417
526 2311
526 2926
526 4428
526 6282
526 7182
526 9822
527 1801
527 1810
527 5019
527 5126
527 6556
527 7326
527 8724
527 9157
527 9863
528 824
528 1296
528 1779
528 1991
528 3493
528 3586
528 4504
528 4954
528 5833
528 5877
528 6637
528 7851
528 8848
528 9948
529 563
529 839
529 1024
529 1602
529 2808
529 4715
529 6256
529 7151
529 7476
529 8049
529 9254
530 552
530 2845
530 3270
530 3511
530 4383
530 4843
530 4972
530 5589
530 5605
530 5782
530 6345
530 6723
530 9833
531 1053
531 3103
531 4139
531 4812
531 7108
531 7277
531 7389
531 7959
531 8055
531 8281
531 8882
531 9355
532 935
532 2006
532 2026
532 3579
532 4649
532 4905
532 4956
532 7402
533 681
533 3186
533 3324
533 3475
533 5210
533 5499
533 5521
533 5802
533 6830
533 7853
533 9039
534 999
534 2863
534 4359
534 5584
534 6439
534 8738
534 9139
534 9606
534 9768
534 9854
535 543
535 1390
535 3226
535 4428
535 5288
535 5571
535 5832
535 6074
535 6623
535 6710
535 6800
535 6902
535 7330
535 9213
536 1307
536 2822
536 2891
536 3249
536 3662
536 6800
536 8444
537 1507
537 2407
537 2872
537 4357
537 6093
537 6340
537 7956
537 8533
537 9353
537 9767
538 900
538 1497
538 2581
538 2588
538 3187
538 4387
538 4548
538 5905
538 7730
538 8138
538 9130
538 9539
539 707
539 803
539 977
539 5578
539 5686
539 6619
539 8755
539 8926
539 9696
540 1448
540 2274
540 2297
540 3959
540 5011
540 5156
540 6619
540 8122
541 726
541 1461
541 2222
541 2371
541 2655
541 2993
541 3667
541 3982
541 4904
541 5710
541 5886
541 7202
541 7243
541 7681
541 9043
542 1023
542 1710
542 3176
542 4760
542 5837
542 6538
542 8147
542 8447
543 546
543 2230
543 2360
543 4607
543 8226
543 9180
543 9448
543 9930
544 1589
544 8286
544 8526
544 8619
545 2170
545 2340
545 3540
545 3666
545 5615
545 6076
545 6394
545 8273
545 9544
545 9573
546 2183
546 2338
546 2799
546 4432
546 5615
546 6025
546 9054
546 9117
546 9374
546 9508
547 3495
547 4578
547 5730
547 6079
547 7818
547 8831
548 549
548 4921
548 5561
548 6349
548 6455
548 8499
548 8751
548 9215
549 564
549 712
549 2126
549 2326
549 3555
549 5154
549 5461
549 6195
549 6224
549 6712
549 7799
550 813
550 1521
550 2488
550 2963
550 3327
550 3981
550 6916
550 8587
550 9138
550 9442
550 9713
551 1934
551 3067
551 3281
551 3894
551 4450
551 5278
551 5581
551 6080
551 6252
551 7805
551 8280
551 9865
552 759
552 2807
552 3539
552 6037
552 6221
552 6362
552 7842
552 8101
552 9283
552 9463
552 9999
553 2796
553 3265
553 5240
553 7112
553 8349
553 9734
554 1130
554 1263
554 1319
554 2263
554 2934
554 3087
554 7196
554 7649
554 7716
554 9559
554 9783
555 1074
555 2654
555 2703
555 4234
555 4309
555 5379
555 6124
556 1251
556 1941
556 2853
556 4460
556 5042
556 5189
556 7180
556 8617
556 9878
557 1481
557 1719
557 2518
557 4912
557 4952
557 5578
557 5889
557 9067
557 9251
557 9366
557 9702
558 1178
558 1196
558 1479
558 1896
558 4110
558 4480
558 8271
559 2454
559 2620
559 4881
559 8951
560 1346
560 2688
560 2838
560 3414
560 3475
560 4348
560 5828
560 7120
560 7494
561 730
561 1329
561 1859
561 3111
561 3918
561 8423
561 8844
561 9051
562 1240
562 1676
562 3560
562 4054
562 4210
562 4354
562 4689
562 5836
562 5891
562 6730
562 7908
562 8287
562 9109
563 2280
563 7162
563 7538
563 8104
563 8329
564 3314
564 6745
564 7567
564 8777
565 1987
565 3493
565 3655
565 4384
565 5000
565 5383
565 8124
565 8395
565 9002
566 2025
566 3386
566 6495
566 7406
566 9604
567 820
567 1791
567 3037
567 4245
567 4292
567 4614
567 6084
567 7855
567 7927
567 8285
567 8845
567 9190
567 9208
567 9687
568 1630
568 2259
568 2544
568 3278
568 3406
568 4299
568 4322
568 4338
568 4826
568 5814
568 6059
568 6901
568 7000
568 7764
568 8231
568 9176
568 9668
569 872
569 921
569 1882
569 1897
569 3017
569 3139
569 4316
569 6800
569 6869
569 7609
569 9897
570 914
570 2464
570 2767
570 3522
570 4224
570 5185
570 8467
570 9751
571 2494
571 3176
571 3362
571 3423
571 6077
571 7982
571 8744
572 634
572 2686
572 5269
572 6016
572 8248
572 8328
572 9366
572 9620
573 2289
573 2814
573 3288
573 4178
573 4254
573 7066
573 7392
573 9642
573 9767
574 812
574 2796
574 3205
574 3952
574 6171
574 9882
575 1348
575 1596
575 5087
575 5281
575 5921
575 6763
576 1327
576 3662
576 6134
576 6482
576 7910
576 8225
576 9412
576 9614
576 9845
577 1478
577 6038
577 6657
577 7488
577 8065
577 8531
577 8635
577 8654
578 1230
578 1679
578 4836
578 5406
578 6937
578 7804
578 9276
578 9845
579 1454
579 1957
579 2704
579 2841
579 3882
579 4537
579 4734
579 5063
579 7146
579 7264
579 8539
580 1140
580 1347
580 2105
580 3835
580 6937
580 7299
580 8049
580 8300
580 8837
581 1860
581 3130
581 5343
581 5788
581 7203
581 9847
581 9943
582 1147
582 1573
582 2291
582 2345
582 3145
582 3475
582 3750
582 4024
582 5637
582 7275
582 7586
582 7687
583 1513
583 4211
583 4703
583 4899
583 5150
583 5507
583 6424
583 6858
583 7988
583 9852
584 1927
584 2926
584 3127
584 3883
584 4873
584 5258
584 6793
584 8389
584 9386
585 2204
585 3461
585 3927
585 4856
585 7380
585 8116
585 8739
586 3513
586 3863
586 5230
586 6151
586 6862
586 8064
586 8736
587 906
587 1908
587 2353
587 3725
587 4706
587 4998
587 5586
587 7059
587 7605
588 1705
588 2915
588 4147
588 4720
588 5195
588 5200
588 5819
588 6732
588 7470
588 7767
588 7825
588 9693
589 1435
589 3300
589 4710
589 5198
589 5855
589 6305
589 6437
589 7971
589 9050
590 1173
590 1463
590 2656
590 3602
590 5086
590 6312
590 6408
590 6666
590 8147
590 8266
590 8628
591 1635
591 2133
591 2561
591 3672
591 3857
591 6184
591 8330
591 8572
592 958
592 1725
592 2117
592 3311
592 4688
592 5047
592 6656
592 6961
593 716
593 3327
593 4020
593 4232
593 4342
593 5139
593 5581
593 5819
593 6348
593 9160
594 862
594 1254
594 1527
594 1875
594 2616
594 4156
594 5106
594 5541
594 5878
594 6322
594 6961
594 7699
594 8485
594 8486
594 9546
595 1333
595 4327
595 5635
595 5679
595 5864
595 6664
595 6871
595 8549
595 9787
596 652
596 2234
596 3227
596 3360
596 4204
596 4484
596 7309
596 8851
596 9211
597 1062
597 1605
597 2052
597 2594
597 2634
597 3114
597 5797
597 7784
597 8186
597 8996
598 1449
598 1517
598 1858
598 2655
598 3661
598 6897
598 7589
598 9283
598 9505
598 9738
599 730
599 735
599 1225
599 2398
599 2664
599 3283
599 3952
599 4060
599 4451
599 5228
599 5264
599 5559
599 6868
599 7239
599 7606
599 8296
599 9163
599 9962
600 2121
600 2900
600 3061
600 5418
600 6444
600 7799
600 8954
600 9128
600 9831
601 729
601 878
601 1995
601 2690
601 5037
601 5825
601 5865
601 7062
601 7299
601 8397
601 9647
602 935
602 1503
602 2270
602 2366
602 5411
602 5514
602 5967
602 6800
602 7545
602 8314
602 8340
602 8705
602 9830
603 812
603 874
603 1030
603 1073
603 2549
603 3122
603 3458
603 8102
603 8566
604 1899
604 2234
604 2785
604 5273
604 6953
604 7696
604 7862
604 9242
604 9655
605 896
605 2980
605 3038
605 3334
605 3371
605 4501
605 6050
605 6340
605 6902
605 6906
605 7126
605 8334
605 8356
606 897
606 2142
606 3830
606 6535
606 6827
606 7567
606 8881
607 1798
607 2548
607 4071
607 4361
607 4656
607 5436
608 1462
608 2544
608 4765
608 5266
608 5367
608 5644
608 6293
608 7303
608 8114
608 8549
608 9073
608 9187
609 1059
609 6549
609 6559
609 7813
609 8856
610 3267
610 4211
610 4292
610 5863
610 8187
610 8409
611 1024
611 3667
611 3897
611 4487
611 4568
611 6051
611 6275
611 6895
611 7580
611 7995
611 8994
611 9357
611 9582
612 1748
612 2357
612 3028
612 4929
612 6995
612 8072
612 9561
613 729
613 3898
613 6438
613 7662
613 9421
613 9486
613 9807
614 2154
614 4501
614 4984
614 5379
614 6006
614 7755
614 9363
615 2823
615 3549
615 4412
615 6559
615 7190
616 3707
616 3990
616 5521
616 6017
616 6812
616 7429
616 8009
616 9058
616 9605
616 9881
617 1554
617 1593
617 4168
617 4302
617 4667
617 4879
617 5369
617 8792
617 8919
617 9334
618 1217
618 4578
618 4761
618 4897
618 5401
618 6568
618 7644
618 8917
618 9952
619 1020
619 1181
619 1225
619 3581
619 3701
619 4014
619 4036
619 4248
619 4779
619 4837
619 5073
619 6533
619 7324
619 7515
619 9009
620 2893
620 3472
620 3604
620 6838
621 817
621 1915
621 2369
621 3275
621 5620
621 5893
621 6557
621 8081
621 9994
622 1081
622 1396
622 2850
622 4224
622 4675
622 6311
622 8467
622 9854
623 871
623 1738
623 1755
623 3343
623 7986
623 8289
623 9246
624 758
624 1765
624 2741
624 3010
624 3105
624 3460
624 4252
624 4281
624 4728
624 6883
624 8367
624 8916
625 2731
625 3077
625 3904
625 3964
625 5025
625 6031
625 6547
625 6767
625 7782
626 903
626 1536
626 3184
626 3799
626 5350
626 6462
626 6563
626 6733
626 7398
626 7404
627 4078
627 4342
627 5030
627 5383
627 7483
627 7858
627 7918
627 8511
628 1628
628 3232
628 5846
628 6574
629 1131
629 1162
629 1248
629 1493
629 1687
629 1995
629 3926
629 5971
629 6470
629 6886
629 8687
629 9282
630 2102
630 2849
630 3952
630 4696
630 4798
630 4913
630 7820
630 8277
630 9959
631 635
631 835
631 1358
631 3455
631 3587
631 3961
631 4557
631 4816
631 5451
631 5592
631 5784
631 6080
631 6653
631 7085
632 4221
632 6375
632 8223
633 2061
633 2290
633 3917
633 5410
633 5770
633 6567
633 8857
634 3046
634 3515
634 4179
634 9715
635 732
635 1542
635 2124
635 2531
635 2801
635 3507
635 4320
635 6701
635 7891
635 9481
635 9991
636 704
636 3474
636 3597
636 5254
636 5438
636 6883
636 7997
636 8427
636 9166
637 5690
637 6649
637 7922
637 8219
637 8623
637 8858
637 9536
637 9903
637 9915
638 703
638 1556
638 3486
638 3875
638 4459
638 5453
638 5781
638 5884
638 5998
638 6072
638 6296
638 7252
638 9226
638 9249
639 5626
639 5987
639 5992
639 6402
639 7703
639 7866
639 7967
639 9305
640 967
640 3042
640 4958
640 5041
640 6377
640 6484
640 8211
640 8290
640 9701
640 9861
640 9956
641 1781
641 2528
641 3565
641 3755
641 5507
641 6017
641 9867
642 801
642 1376
642 3192
642 4506
642 4784
642 4803
642 5921
642 6901
642 7446
642 7946
642 8546
642 9700
642 9848
642 9993
643 4100
643 4887
643 5157
643 8592
644 2710
644 4439
644 4791
644 5286
644 6546
644 6583
644 6788
644 8411
644 9882
644 9939
645 682
645 2804
645 3702
645 4484
645 5778
646 968
646 975
646 1771
646 2518
646 3256
646 4086
646 4933
646 5449
646 6288
646 8891
646 9041
647 1129
647 3373
647 3389
647 3853
647 3932
647 4303
647 5695
647 6960
647 7441
647 7762
647 8123
647 8130
647 9256
648 1531
648 1760
648 3229
648 3466
648 3581
648 4039
648 4765
648 4960
648 6617
648 6897
648 9648
649 1618
649 3289
649 3608
649 3767
649 5760
649 5790
649 6655
649 7068
649 7375
649 9557
650 3943
650 4509
650 5494
650 6995
651 1041
651 1838
651 2117
651 2529
651 2916
651 3991
651 4240
651 4342
651 6535
651 6779
651 8537
652 737
652 1153
652 1811
652 2277
652 4099
652 4680
652 4926
652 5601
652 7503
652 7540
652 8572
652 9081
653 1720
653 2423
653 2544
653 4305
653 6622
653 7749
653 9114
654 867
654 1370
654 3468
654 5731
654 6392
654 7671
655 1013
655 1886
655 3243
655 5892
655 7180
655 7603
655 7699
655 8635
656 1330
656 1492
656 1525
656 4900
656 5758
656 7019
656 7133
656 7718
656 7982
656 9800
656 9833
657 1364
657 1476
657 2132
657 2184
657 3934
657 6993
657 7917
657 8213
657 8937
657 9722
657 9736
658 5092
658 5322
658 5693
658 5905
658 6046
658 8434
658 8576
658 9613
658 9905
659 981
659 3837
659 4228
659 5178
659 5195
659 5479
659 6886
659 7015
659 7772
659 8117
660 1227
660 2669
660 3519
660 6927
660 7494
660 8423
660 9241
660 9909
661 1000
661 2405
661 3346
661 4987
661 4997
661 5845
661 7697
661 7827
661 8007
661 8247
662 1402
662 1784
662 1826
662 1858
662 2484
662 2918
662 5512
662 5768
662 8081
662 8129
662 9080
663 1385
663 1892
663 3722
663 6277
663 7763
663 8059
663 8614
663 9995
664 1153
664 2897
664 3129
664 5676
664 5824
664 8603
664 8709
665 2204
665 3631
665 3876
665 3957
665 4112
665 6609
666 1493
666 4299
666 7442
666 9477
667 1351
667 3444
667 4106
667 4173
667 5388
667 7232
667 7278
667 7718
667 9233
667 9531
668 688
668 992
668 1708
668 1931
668 3446
668 4301
668 4937
668 7422
668 8952
668 9894
669 1840
669 2164
669 2410
669 3678
669 3786
669 4261
669 4628
670 2924
670 5795
670 5822
670 6404
670 7455
670 7498
671 703
671 2469
671 4151
671 5507
671 8171
671 8384
671 9179
672 1787
672 2282
672 2436
672 2933
672 3969
672 4772
672 5757
672 5899
672 6301
673 1738
673 1743
673 1986
673 2831
673 3124
673 3218
673 3662
673 3792
673 3830
673 5257
673 5766
673 7356
673 7565
673 8026
674 1099
674 1216
674 1771
674 1782
674 3847
674 4595
674 4603
674 5184
674 5256
674 5548
674 6941
674 7693
674 8559
674 8865
675 1609
675 1730
675 2038
675 2509
675 3344
675 3779
675 6428
675 6925
675 7490
675 7846
675 8613
676 2732
676 2949
676 3665
676 3737
676 6914
676 7406
676 8730
676 8951
677 839
677 4272
677 4446
677 4672
677 5430
677 5762
677 6175
677 6686
677 6872
677 7605
677 8700
677 8901
677 9740
677 9989
678 1582
678 2486
678 3559
678 4492
678 4612
678 4769
678 6125
678 6502
678 6555
678 8346
679 2774
679 2935
679 5930
679 6711
679 8495
679 9091
679 9475
680 720
680 1158
680 2425
680 5089
680 6170
680 6561
680 7332
680 8252
680 8355
680 9478
681 3103
681 3903
681 4298
681 4966
681 5413
681 5935
681 6029
681 7155
681 8050
681 8227
681 8394
681 8993
681 9124
681 9443
681 9995
682 1516
682 2277
682 3204
682 4118
682 4605
682 4612
682 5176
682 6102
682 6436
682 6915
682 8859
682 9188
683 793
683 4637
683 5280
683 5431
683 7369
683 7885
683 8320
684 1435
684 2182
684 3391
684 4472
684 4962
684 7825
684 8366
684 8541
684 9417
685 2304
685 2441
685 3438
685 3920
685 4622
685 4922
685 6665
685 7426
685 9002
686 1011
686 1705
686 2311
686 3182
686 3309
686 5774
686 6820
686 9322
686 9890
687 3340
687 4136
687 7117
688 2011
688 2245
688 3005
688 4426
688 5387
688 5924
688 7117
688 9002
688 9054
689 1091
689 1433
689 1673
689 4629
689 4868
690 1929
690 2826
690 3384
690 3430
690 3935
690 5796
690 5878
690 6345
690 8148
690 8814
690 9542
691 1802
691 2375
691 3589
691 3618
691 4524
691 7693
691 8902
691 8909
691 8923
691 9426
692 1175
692 1342
692 2375
692 2441
692 3466
692 3750
692 4876
692 5237
692 5688
692 8072
692 8821
692 8896
693 1172
693 1341
693 2427
693 3020
693 5450
693 7586
693 7762
693 8162
693 8648
693 9273
694 4403
694 6467
694 7819
694 9437
695 1237
695 2553
695 2721
695 2769
695 2843
695 4225
695 4575
695 4710
695 4961
695 5483
695 7764
695 8093
695 8106
695 9309
696 4722
696 5182
696 8048
696 8087
696 8374
696 9638
697 2238
697 4773
697 6288
697 7015
697 7094
697 7367
697 8063
697 8261
697 8654
698 799
698 1462
698 2439
698 2517
698 2695
698 3179
698 4420
698 5548
698 5960
698 6120
698 6827
698 6969
698 9274
698 9990
699 3632
699 5940
699 6410
699 6412
699 6702
699 6750
699 7011
699 8252
699 9784
700 2738
700 2757
700 3201
700 5281
700 5867
700 8166
700 8297
700 8607
700 8775
700 9348
701 829
701 1523
701 2606
701 2850
701 4768
701 5475
701 5479
701 6430
701 6941
701 7010
701 9299
701 9448
702 1290
702 1315
702 1523
702 2067
702 3843
702 4685
702 6534
702 6812
702 7923
702 8925
702 8954
702 9397
703 2122
704 1787
704 2186
704 3834
704 4479
704 4555
704 6713
704 6868
704 7559
704 9148
705 1863
705 3453
705 7429
705 9252
705 9278
705 9485
705 9562
706 1302
706 2159
706 5888
706 6598
706 8669
706 9019
707 793
707 1353
707 3629
707 4110
707 4490
707 5199
707 6778
707 8782
707 9060
707 9324
707 9388
707 9554
708 4411
708 5428
708 6534
708 6542
708 8340
708 9176
708 9823
708 9977
709 2151
709 4432
709 6620
709 6949
709 7895
709 8654
710 833
710 1093
710 1972
710 2064
710 2798
710 4176
710 5370
710 5656
710 6756
710 7432
710 7481
710 8019
710 8418
711 2201
711 4855
711 6186
711 6307
711 6476
711 8493
711 8586
711 8894
711 8910
712 1550
712 2076
712 3334
712 3447
712 5608
712 5780
712 8187
712 8282
712 9395
713 1201
713 1908
713 2388
713 4017
713 4839
713 5938
713 6709
713 6893
713 8369
713 9893
714 3364
714 4608
714 5389
714 7199
714 7976
714 8179
714 9202
715 969
715 1438
715 2099
715 2826
715 4121
715 4391
715 5244
715 5400
715 5681
715 6167
715 8485
715 9702
716 1546
716 1806
716 2033
716 2450
716 2565
716 4035
716 5244
717 1464
717 1544
717 4848
717 5274
717 6389
717 7137
717 7773
717 7874
717 8396
717 9432
718 2193
718 3800
718 5848
718 7006
718 7556
718 8259
718 8620
719 1834
719 2382
719 5220
719 6235
720 3672
720 5069
720 5344
720 5725
720 6788
720 7274
720 8040
721 873
721 3816
721 6268
721 6512
721 6956
721 8049
721 9390
721 9958
722 1107
722 1419
722 2925
722 3082
722 3109
722 4005
722 4696
722 6644
722 7123
722 8028
722 8376
722 8995
722 9278
723 1330
723 1826
723 5600
723 5686
723 8418
723 8656
724 1485
724 1803
724 1829
724 2168
724 2487
724 3253
724 5911
724 7693
724 7913
724 8928
724 9013
725 1990
725 2025
725 2468
725 2656
725 3321
725 3713
725 6902
725 7234
725 7447
725 7817
725 8699
725 9025
726 1176
726 1789
726 1853
726 1973
726 3087
726 3851
726 3855
726 5405
726 5458
726 5996
726 8625
726 9267
727 1111
727 1589
727 2501
727 3287
727 5121
727 5217
727 6447
727 6590
727 8438
727 8443
728 788
728 886
728 2741
728 2778
728 3081
728 5916
728 6834
728 7455
728 7680
728 7764
728 7964
728 8923
728 9440
729 4837
729 5269
729 6202
729 6359
729 6764
729 7781
730 980
730 3149
730 3710
730 5026
730 5433
730 6769
730 7926
731 1692
731 2301
731 2381
731 4064
731 4354
731 4769
731 5268
731 7076
732 994
732 2814
732 3833
732 4511
732 4532
732 5929
732 6400
732 6878
732 7424
732 7462
732 7839
732 8689
732 9594
733 1415
733 2267
733 5295
733 5765
733 5796
733 6787
733 8043
734 1416
734 1886
734 2599
734 3992
734 4988
734 5076
734 5101
734 7178
734 8633
735 864
735 1699
735 3036
735 3374
735 4093
735 5546
735 7640
735 8195
736 1719
736 2159
736 2226
736 2990
736 3079
736 3338
736 3371
736 5011
736 5080
736 6181
736 7916
736 9292
736 9376
736 9504
737 2054
737 2524
737 4391
737 4431
737 5922
737 6398
737 6869
737 7461
737 9669
737 9686
738 3667
738 4363
738 4829
738 5598
738 5827
739 1444
739 2134
739 2616
739 2668
739 3760
739 5213
739 7380
739 7564
739 7637
739 7741
739 8157
739 8485
740 1368
740 1673
740 4015
740 4537
740 4791
740 5276
740 5893
740 7643
741 3553
741 3729
741 5522
741 5589
741 5712
741 6041
741 6825
741 7432
741 7456
741 7984
741 8960
742 1545
742 2422
742 2584
742 4583
742 5209
742 6462
742 7079
742 7714
742 7743
742 8522
742 8582
742 9002
743 1840
743 2673
743 4017
743 5681
743 6321
743 7568
743 7774
743 8184
743 8778
744 1712
744 2186
744 2268
744 3605
744 5519
744 6698
744 8038
744 8768
744 9446
745 2944
745 5766
745 7132
745 7263
745 9858
746 2620
746 3420
746 4269
746 4407
746 4982
746 7674
746 8636
746 9379
746 9644
747 1220
747 1926
747 3191
747 3582
747 5048
747 5957
747 6139
747 8398
748 2833
748 3248
748 3719
748 3987
748 4513
748 4713
748 4848
748 5286
748 5444
748 5992
748 9064
749 1785
749 4245
749 7379
749 8442
749 9118
749 9509
750 831
750 950
750 1074
750 2748
750 3617
750 3800
750 3805
750 6103
750 7234
750 7357
750 9839
751 899
751 2167
751 2173
751 2487
751 2684
751 3312
751 3666
751 6595
751 7152
751 7759
752 2251
752 2829
752 3182
752 3562
752 5180
752 5744
752 5805
752 6134
752 6420
752 8691
752 8921
753 1090
753 2091
753 2496
753 3157
753 3539
753 3682
753 3943
753 5082
753 8441
753 9854
753 9906
753 9990
754 1745
754 3420
754 3599
754 4273
754 4814
754 5760
754 6022
754 6804
754 6943
754 8308
754 8408
755 1435
755 2506
755 2832
755 4718
755 5904
755 6595
755 6608
755 7502
755 8320
756 777
756 2254
756 2785
756 3225
756 3604
756 4656
756 4697
756 5857
756 6466
756 7819
756 8002
757 1379
757 1492
757 3665
757 4560
757 4606
757 5229
757 5285
757 7929
758 3473
758 4654
758 4655
758 4751
758 5479
758 5500
758 6472
758 7353
758 7610
759 1799
759 5135
759 7797
759 9526
760 3288
760 7266
760 7712
761 1483
761 3955
761 5061
761 5201
761 5741
761 6677
761 7932
761 9779
762 1180
762 2657
762 3153
762 3777
762 4527
762 6667
762 7047
762 7164
762 9016
762 9272
763 1441
763 3796
763 4349
763 5399
763 7628
763 8380
764 1390
764 2069
764 4329
764 6470
764 7099
764 7182
764 8420
765 1932
765 2227
765 3596
765 3787
765 5151
765 5830
765 7283
765 7332
765 7563
765 7939
765 8208
765 9090
766 934
766 942
766 1460
766 1800
766 2440
766 2961
766 3119
766 3520
766 3681
766 3967
766 4958
766 6967
766 7122
766 7409
766 8122
766 9247
767 2246
767 2328
767 3989
767 5055
767 5707
767 6494
767 7198
767 7838
767 8687
768 796
768 947
768 1008
768 3473
768 4045
768 5514
768 6111
768 7740
769 2621
769 4206
769 5078
769 6343
769 8194
769 8293
770 2479
770 3592
770 6185
770 8641
770 9179
770 9643
770 9997
771 2010
771 2027
771 3011
771 5016
771 5140
771 5210
771 7535
771 8460
771 9840
772 1673
772 3611
772 4233
772 4276
772 4499
772 9868
773 2237
773 2939
773 3265
773 3973
773 4720
773 5888
773 6747
773 6832
773 7081
774 2631
774 4403
774 7389
774 7593
774 7633
774 8612
774 9262
775 1191
775 3507
775 4780
775 4966
775 5050
775 5089
775 6319
775 7953
776 941
776 1092
776 1507
776 2278
776 2876
776 3854
776 5732
777 891
777 1157
777 1675
777 2506
777 2575
777 2695
777 3677
777 4179
777 4647
777 5372
777 5980
777 8596
778 1277
778 2143
778 2614
778 3278
778 4407
778 5302
778 6323
778 6914
778 8137
778 8611
779 2311
779 2537
779 3704
779 5916
779 9958
780 1481
780 1493
780 2163
780 2357
780 2461
780 2852
780 4130
780 5617
780 6932
780 8917
780 9689
780 9692
781 1291
781 1383
781 1386
781 2906
781 3861
781 4693
781 4825
781 6007
781 6146
781 6149
782 2217
782 2575
782 2767
782 3033
782 3258
782 3791
782 4232
782 5895
782 6702
782 7158
782 7786
782 8091
782 9484
782 9883
783 964
783 1523
783 1986
783 2711
783 2886
783 3260
783 3675
783 3782
783 4124
783 4175
783 9174
783 9982
784 1359
784 7131
784 9039
784 9548
785 1546
785 2451
785 2686
785 2963
785 4805
785 4838
785 6510
785 9565
786 1773
786 2284
786 2728
786 4324
786 4995
786 5024
786 5621
786 5712
786 6620
786 8103
786 8175
787 3794
787 4468
787 4999
787 6676
787 8139
787 9601
788 1396
788 2513
788 2853
788 2955
788 3147
788 3816
788 4158
788 6334
788 6614
788 7249
788 7568
788 7686
789 1161
789 2806
789 3777
789 4149
789 5014
789 5638
789 6963
789 7765
789 8651
789 8991
789 9111
789 9714
789 9775
790 2185
790 2231
790 4891
790 4909
790 5419
790 6259
790 8159
790 9451
790 9949
790 9973
791 1310
791 1318
791 1498
791 1529
791 2301
791 3400
791 4228
791 5080
791 7043
791 7286
791 7793
791 8639
791 9117
791 9792
792 1059
792 2678
792 3530
792 5251
792 5335
792 6413
792 6726
792 7311
792 7748
792 8209
792 8583
792 8632
793 2091
793 3896
793 4318
793 4581
793 5650
793 5767
793 5888
793 8142
794 3296
794 3879
794 5171
794 6824
794 8399
794 9356
794 9817
794 9872
795 4005
795 4432
795 5221
795 6604
795 6812
795 7288
795 7527
795 7907
795 9508
796 2830
796 5428
796 8640
796 9693
796 9810
797 1861
797 2950
797 3026
797 3351
797 4901
797 6820
797 6855
797 7409
797 8516
797 9801
798 2786
798 2817
798 2951
798 2976
798 3982
798 4629
798 7264
798 7497
798 7780
799 2981
799 3807
799 3940
799 4666
799 6639
799 6727
800 4364
800 5757
800 6425
800 6482
800 7036
800 8498
801 1392
801 1931
801 3056
801 3452
801 3820
801 4235
801 5316
801 6773
801 7647
801 8228
801 8659
801 9628
802 1458
802 1814
802 2525
802 3464
802 6518
802 7787
802 7855
802 9763
803 1049
803 1229
803 1999
803 3660
803 6651
803 9736
804 841
804 2497
804 2851
804 3520
804 4261
804 5843
804 9030
804 9660
805 1884
805 2032
805 2345
805 3739
805 4935
805 5309
805 5442
805 5466
805 6046
805 8962
806 1126
806 1163
806 1583
806 1687
806 5801
806 6580
806 8195
806 8256
806 9270
806 9525
807 1448
807 2295
807 2299
807 2489
807 2616
807 3714
807 4641
807 5567
807 6123
807 7206
807 8381
808 1077
808 1622
808 2292
808 2415
808 3592
808 3694
808 5720
808 5874
808 7240
808 7358
808 7575
808 8196
809 1193
809 3517
809 3950
809 6500
809 7115
809 7757
809 7852
809 8103
810 3412
810 3413
810 3472
810 4502
810 5312
810 9955
811 984
811 1244
811 2296
811 2465
811 3699
811 5852
812 1087
812 1332
812 1526
812 2013
812 2445
812 2626
812 3010
812 3392
812 3786
812 4512
812 6596
812 6626
812 7373
812 7479
812 9096
812 9584
812 9592
813 1555
813 3000
813 4004
813 4977
813 6054
813 6076
813 9145
814 3072
814 4011
814 5268
814 7763
814 8968
815 1028
815 7079
815 7559
815 8227
815 8396
816 1619
816 2953
816 4201
816 4641
816 6602
816 7128
816 7229
816 7587
816 8022
816 8511
816 8957
816 9391
817 1454
817 3049
817 4631
817 4755
817 5624
817 6228
817 7021
817 8092
817 8923
818 1157
818 3436
818 5102
818 5462
818 8884
818 8916
819 1137
819 4879
819 5319
819 5928
819 6846
819 6970
819 7317
819 7900
819 9012
820 1329
820 1679
820 1691
820 1715
820 2150
820 5602
820 5718
820 5722
820 5827
820 6605
820 6835
820 7363
820 7793
821 2341
821 2927
821 3719
821 4184
821 4898
821 5702
821 6890
821 7365
821 7510
821 8883
822 2277
822 2446
822 2636
822 3186
822 4496
822 5520
822 7313
822 8492
822 8931
823 1896
823 2384
823 3647
823 4193
823 4680
823 4698
823 5725
823 6533
823 7283
823 7806
823 8066
823 8674
823 9979
824 2098
824 2269
824 3041
824 4906
824 4975
824 5334
824 6517
824 6696
824 8356
824 9046
825 2586
825 4912
825 6014
825 6325
825 6608
825 9785
826 857
826 1663
826 1859
826 2362
826 4199
826 4253
826 4816
826 4887
826 7104
826 9713
826 9817
827 944
827 2782
827 2878
827 4543
827 5032
827 5115
827 5572
827 7737
827 7820
827 9794
827 9954
828 853
828 2457
828 2981
828 5608
828 7107
828 7818
828 8965
828 9161
828 9441
829 1865
829 2263
829 3598
829 4467
829 4695
829 4724
829 7526
829 8485
829 9023
829 9183
829 9432
829 9730
830 2369
830 2909
830 4100
830 6022
830 8592
830 8836
830 9498
830 9764
830 9897
831 950
831 1279
831 1353
831 2031
831 2650
831 5108
831 5229
831 8436
831 9119
831 9525
832 2319
832 3710
832 5657
832 7111
832 7533
832 8645
832 9987
833 1627
833 1878
833 2657
833 6077
833 6651
833 6836
833 8458
833 9162
833 9277
833 9311
833 9784
834 1647
834 4915
834 5789
834 7453
834 9257
835 1941
835 2150
835 4330
835 4418
835 6305
835 8125
835 8186
835 8554
835 8559
835 9578
836 2788
836 3304
836 3944
836 3951
836 4626
836 6184
836 6781
836 7807
836 8075
836 8414
836 8891
836 9415
836 9636
836 9726
837 857
837 2266
837 2483
837 2798
837 3096
837 3415
837 3682
837 5839
837 5922
837 8782
837 9411
837 9709
838 867
838 1014
838 3988
838 7486
838 7822
839 1245
839 1318
839 5180
839 6226
839 7968
839 9222
839 9695
840 2325
840 3581
840 4034
840 4737
840 6437
840 7430
841 1277
841 1433
841 2365
841 3122
841 3221
841 3866
841 4572
841 6647
841 7503
841 7869
841 9255
842 1445
842 2027
842 2406
842 2743
842 3126
842 5905
842 6875
842 7075
842 9400
843 1427
843 1659
843 3971
843 4558
843 5963
843 6656
843 7711
843 8163
843 8493
843 8812
843 9424
843 9828
844 1227
844 1238
844 5093
844 6066
844 6365
844 6956
844 7200
844 8303
845 1389
845 1904
845 3274
845 3469
845 4359
845 4560
845 4761
845 6185
845 7010
845 7194
845 7745
845 8197
846 1071
846 1472
846 2238
846 3930
846 4009
846 4200
846 7755
846 8019
846 9646
847 1427
847 1741
847 2154
847 2219
847 2732
847 3677
847 3886
847 7826
847 9077
847 9156
848 2304
848 6372
848 7260
848 7469
849 2435
849 2855
849 3164
849 3436
849 6302
849 8172
849 8577
850 1354
850 1670
850 1779
850 1893
850 2551
850 4656
850 4758
850 5021
850 5984
850 6383
850 7099
850 7795
850 9849
851 3225
851 3460
851 4004
851 4526
851 4656
851 6525
851 9346
852 3914
852 9647
853 3195
853 3206
853 3517
853 5202
853 5292
853 6953
853 7462
853 7581
853 9156
853 9490
854 1595
854 3303
854 3347
854 3383
854 6136
854 7313
854 8423
855 1525
855 1740
855 2666
855 4001
855 5289
855 5583
855 5906
855 6158
855 6595
855 6660
855 6914
855 8888
855 9409
856 1568
856 1955
856 4405
856 4648
856 5116
856 6375
856 7434
856 7561
856 9045
857 1429
857 2134
857 3679
857 4819
857 6398
857 7188
857 8318
857 9701
857 9967
857 9981
858 2220
858 2393
858 2769
858 3452
858 5227
858 5715
859 1483
859 1713
859 1921
859 2177
859 2609
859 3076
859 3558
859 4075
859 4606
859 4903
859 6127
859 7601
859 7771
859 8643
860 2481
860 4032
860 6858
860 6915
860 9884
861 1048
861 3692
861 7391
861 8891
861 9911
862 1382
862 1461
862 2378
862 3176
862 4316
862 6535
862 7274
862 9220
863 1571
863 1978
863 2878
863 3455
863 3702
863 4502
863 5357
863 5994
863 6295
863 6766
863 7779
864 3180
864 4537
864 4837
864 5849
864 5935
864 6221
864 6846
864 9770
865 2023
865 2182
865 3456
865 4471
865 5726
865 6938
865 7343
865 8619
865 8626
865 9018
866 972
866 1829
866 2160
866 3356
866 3789
866 4037
866 4330
866 5749
866 6932
866 7359
866 7618
866 8503
866 8604
866 9797
867 4900
867 4942
867 5391
867 6628
867 6972
867 7125
867 8583
867 9113
868 1099
868 1377
868 2451
868 3184
868 3267
868 3523
868 4897
868 5992
868 8107
868 8342
868 9124
868 9470
868 9886
869 2179
869 3518
869 5486
869 5778
869 6190
869 6948
869 8651
870 1659
870 2594
870 4699
870 4720
870 4785
870 7941
870 8190
870 8732
871 2766
871 3034
871 4376
871 4510
871 4767
871 4982
871 7663
871 7876
871 9052
872 2983
872 3787
872 4096
872 4917
872 5312
872 6246
872 6880
872 7678
872 7797
872 8022
872 8649
872 9523
872 9560
872 9570
873 1342
873 3465
873 5699
873 9591
874 1359
874 3903
874 5476
874 6169
874 6617
874 7423
874 7742
874 9078
875 2363
875 3781
875 3788
875 3859
875 4621
875 5141
875 6180
875 7011
875 8966
875 9039
876 2257
876 2396
876 2644
876 4880
876 6022
876 7543
876 7659
876 9971
877 2381
877 4965
877 5199
877 5261
877 5288
877 5823
877 6005
877 6929
877 7978
877 8546
878 1554
878 1919
878 2165
878 3914
878 4820
878 5467
878 7410
878 9298
879 4006
879 6465
879 6713
879 7121
879 9136
879 9398
880 2457
880 4372
880 4603
880 9579
880 9860
881 1001
881 2244
881 3049
881 3515
881 6723
881 7649
881 7686
882 1015
882 3000
882 5224
882 7048
882 7059
882 7476
882 7817
882 8190
883 1667
883 1873
883 3495
883 3743
883 3894
883 4033
883 5138
883 5691
883 6819
883 7862
883 8090
883 9029
883 9279
883 9526
884 1378
884 1509
884 2400
884 3120
884 3715
884 5445
884 5847
884 8703
885 3643
885 4179
885 4969
885 5370
885 6791
885 7100
885 7142
885 7357
885 8653
885 9025
886 963
886 1004
886 1444
886 1706
886 2037
886 2144
886 3952
886 4612
886 4973
886 7242
886 7720
886 9459
887 1357
887 3012
887 4340
887 4383
887 4666
887 5648
887 7792
888 2487
888 2652
888 2860
888 3858
888 4619
888 5978
888 5983
888 6467
888 8287
888 8411
888 9846
889 901
889 1577
889 1913
889 3636
889 3688
889 4355
889 4770
889 6055
889 7532
889 8322
889 8475
889 9498
889 9939
890 1989
890 2427
890 3372
890 3940
890 4252
890 5280
890 5621
890 6575
890 6656
890 7263
890 7973
890 8346
890 8411
890 8473
890 8830
890 9157
890 9204
891 2040
891 2580
891 4640
891 6529
891 7813
891 9977
892 1406
892 2181
892 3655
892 4694
892 5330
892 5855
892 6556
892 6881
892 9706
892 9877
893 1220
893 2730
893 3956
893 4772
893 6701
893 7665
893 7890
893 8514
894 3249
894 3741
894 5122
894 5339
894 6464
894 8266
894 9474
895 1800
895 2944
895 5067
895 5768
895 6472
895 6908
895 9594
895 9884
896 932
896 1705
896 5849
896 5975
896 7145
896 8455
897 4488
897 4890
897 6415
897 7031
897 9229
898 5779
898 6346
898 7117
898 8013
898 9706
899 998
899 2909
899 5676
899 5772
899 6007
899 6578
899 6662
899 7365
899 8130
899 8428
899 8977
899 9099
900 904
900 4438
900 4688
900 4700
900 5602
900 5701
900 5702
900 6157
900 6765
900 6788
900 8087
901 2327
901 2805
901 7859
901 9552
902 1311
902 2527
902 6604
902 6762
902 7242
902 8499
902 9989
903 1710
903 3063
903 3900
903 3967
903 4278
903 4696
903 4909
903 5745
903 5881
903 6317
903 6949
903 7697
903 8833
903 8995
903 9727
903 9807
904 1318
904 1730
904 2618
904 5012
904 7322
904 7426
904 7809
904 8526
904 8669
904 9997
905 2196
905 2432
905 3864
905 4238
905 5246
905 5902
905 5939
905 6532
905 6598
905 8285
906 976
906 1081
906 3215
906 3773
906 4005
906 4890
906 5953
906 8269
906 8335
906 8996
907 1286
907 3052
907 3439
907 4644
907 6104
907 6777
907 7980
907 9186
907 9293
907 9327
907 9943
908 2457
908 3139
908 4133
908 5530
908 5683
908 6015
908 7353
908 7578
908 7817
908 8567
908 9851
909 1169
909 1975
909 2353
909 2535
909 3921
909 5257
909 6452
909 6541
909 7571
909 8680
909 9521
909 9698
910 3120
910 3517
910 3985
910 4056
910 4681
910 5790
910 6172
910 7264
910 7774
910 7924
910 8024
910 9449
910 9825
910 9985
911 1135
911 4208
911 6767
911 7643
911 8151
911 9052
912 1419
912 2001
912 3071
912 4111
912 5743
912 6731
912 9239
912 9845
912 9910
912 9961
913 2112
913 2346
913 2672
913 2735
913 4842
913 4967
913 5465
913 5672
913 6398
913 7013
913 8673
913 9408
913 9853
914 1917
914 2636
914 3073
914 4401
914 4869
914 6024
914 6180
914 6387
914 7055
914 8815
914 9163
915 983
915 1788
915 2326
915 2817
915 3052
915 5530
915 6259
915 6849
915 8836
915 8931
916 2524
916 2528
916 4467
916 6563
916 7200
916 7258
917 2655
917 3031
917 3428
917 4274
917 6186
917 7534
917 8573
917 9229
917 9438
918 1008
918 2112
918 2385
918 2872
918 3424
918 5105
918 5231
918 7820
918 9453
918 9558
918 9802
918 9985
919 1549
919 1762
919 2366
919 4747
919 6762
919 9801
920 3165
920 4185
920 4766
920 4996
920 5894
920 6330
920 6598
920 6999
920 7705
920 7963
920 8231
920 9125
921 933
921 1184
921 1558
921 1841
921 2292
921 4869
921 5805
921 8311
922 1035
922 2221
922 2542
922 3940
922 4250
922 5556
922 6734
922 9431
923 2487
923 4364
923 5491
923 5648
923 5846
923 5955
923 6737
923 7480
923 7514
923 9189
923 9750
924 1745
924 5030
924 5353
924 5438
924 5973
924 6019
924 6102
924 6239
924 8125
925 1311
925 1540
925 2196
925 2830
925 3763
925 7326
925 8626
925 8962
926 1402
926 1570
926 1692
926 2429
926 3451
926 3937
926 4310
926 4736
926 5416
926 5654
926 6368
926 6885
926 8977
927 973
927 2235
927 2287
927 3510
927 4525
927 5432
927 9923
928 931
928 1077
928 2226
928 2237
928 3462
928 4532
928 4697
928 8583
928 9962
929 1062
929 1250
929 2113
929 2571
929 3814
929 4442
929 5038
930 1384
930 1613
930 3218
930 3386
930 4626
930 5415
930 7438
930 7855
930 8490
930 9963
931 2634
931 2902
931 4004
931 5373
931 6149
931 9649
931 9697
932 1452
932 1463
932 1654
932 1656
932 1798
932 2913
932 4525
932 5669
932 6270
932 6392
932 7150
932 7700
932 9725
933 2821
933 3188
933 4375
933 4397
933 5621
933 6714
933 7126
933 7147
933 8058
933 9068
934 2633
934 2847
934 5114
934 6457
934 8358
934 9451
934 9646
935 1085
935 1261
935 2583
935 3349
935 4253
935 5208
935 5743
935 7030
935 7533
935 7958
935 9446
936 1224
936 3740
936 5217
936 5584
936 6492
936 9322
937 3930
937 3964
937 5215
937 6694
937 7148
937 8572
937 8809
938 949
938 1290
938 1353
938 1548
938 2096
938 4580
938 5218
938 5716
938 7455
938 7490
939 3645
939 4419
939 4527
939 4796
939 8406
940 3637
940 3842
940 5059
940 6616
940 8654
940 8723
941 967
941 3012
941 3237
941 3444
941 3632
941 3739
941 3915
941 4888
941 5849
941 5901
941 7349
941 9085
941 9640
942 3439
942 3910
942 4570
942 4847
942 5859
942 8150
942 8655
943 1691
943 1834
943 2116
943 3541
943 5900
943 6219
943 6567
943 7979
943 8127
943 8334
943 8748
943 9038
943 9470
943 9663
944 1052
944 1418
944 2250
944 4690
944 5095
944 5221
944 5674
944 7942
944 9110
944 9179
945 1400
945 1652
945 3742
945 4052
945 5606
945 6207
945 6949
945 7871
945 8037
945 8719
945 9142
945 9165
945 9266
945 9449
945 9633
946 1609
946 1804
946 2149
946 2235
946 5845
946 6126
946 6969
946 7241
946 8277
947 1273
947 1488
947 2781
947 3284
947 3631
947 4371
947 6013
947 6477
947 6697
948 1458
948 1577
948 4017
948 4444
948 4885
948 6856
948 7402
948 8903
948 9510
949 3373
949 3422
949 3842
949 4720
949 5676
949 8427
950 1257
950 1717
950 2155
950 2306
950 4246
950 5673
950 5891
950 9539
950 9635
951 4039
951 4412
951 7223
951 8795
952 3074
952 3690
952 7557
952 8666
952 9560
952 9710
953 2617
953 2883
953 2946
953 2985
953 3548
953 7156
953 8368
953 9833
954 2837
954 5255
954 8826
955 3388
955 3721
955 3926
955 4827
955 4903
955 5707
955 6440
955 6515
955 7004
955 7557
955 7634
956 1087
956 2870
956 4152
956 8078
956 8176
956 8569
957 1990
957 3173
957 3474
957 3650
957 4061
957 5605
957 5731
957 5790
957 8734
957 9899
957 9992
958 4425
958 5145
958 6261
958 6770
959 1684
959 2188
959 3345
959 3966
959 5567
959 6320
959 7667
959 8560
959 8739
959 9429
960 4373
960 4682
960 5527
960 6497
960 6902
960 7628
960 8126
960 8817
960 9240
960 9791
961 2101
961 2810
961 3326
961 3520
961 4837
961 4854
961 5449
961 6216
961 6508
961 8719
961 9274
962 4389
962 4794
962 5021
962 5117
962 6000
962 6842
962 8619
962 9845
963 1599
963 2252
963 2930
963 5025
963 5388
963 6369
963 7477
963 7594
963 8909
963 9841
964 1525
964 2209
964 2924
964 5049
964 5123
964 7403
964 7466
964 7931
964 8756
964 9304
965 1062
965 1387
965 1530
965 2471
965 4359
965 4691
965 6031
965 6629
965 7869
965 8223
965 8958
965 9757
966 1170
966 1952
966 2529
966 4174
966 5279
966 6084
966 6289
966 7082
966 9089
967 2096
967 2419
967 2743
967 2770
967 3692
967 3939
967 4274
967 9596
968 2168
968 3152
968 3811
968 5298
968 5548
968 5819
968 5894
968 6512
968 7960
968 9569
969 3267
969 3288
969 3410
969 4378
969 4724
969 6147
969 6882
969 7284
969 7768
969 8418
969 9591
970 1686
970 2238
970 2239
970 4186
970 4748
970 5748
970 6412
970 7205
970 7741
970 7833
970 8718
970 8847
970 8848
970 9181
970 9984
971 2002
971 3164
971 3214
971 3418
971 3623
971 7306
971 7491
971 7544
971 7970
971 9072
971 9269
972 1914
972 2682
972 5081
972 6733
972 6819
972 8008
972 8067
972 8567
973 1236
973 1342
973 2475
973 2587
973 5124
973 5999
973 6671
973 8375
973 8520
973 8567
974 1030
974 2829
974 4523
974 4869
974 5080
974 6034
974 7491
975 2024
975 2612
975 3096
975 3759
975 4402
975 4691
975 5655
975 6375
975 6600
975 8062
975 8304
975 9430
975 9697
976 3180
976 3385
976 4036
976 4258
976 4599
976 5514
976 6356
976 8842
977 1287
977 1555
977 2824
977 3714
977 3737
977 4482
977 4850
977 5420
977 5979
977 6854
977 6986
977 7027
977 7237
977 7697
977 7736
977 9383
978 1121
978 3165
978 4552
978 5635
978 6480
978 7052
978 8637
978 9649
978 9919
978 9976
979 1190
979 2270
979 3645
979 3870
979 4374
979 7527
979 8275
979 9280
980 995
980 1042
980 1989
980 2345
980 4808
980 6348
980 7838
980 7995
981 2562
981 3195
981 4393
981 5340
981 5814
981 6047
981 6176
981 6237
981 6739
981 9186
981 9777
982 2130
982 2152
982 4069
982 4885
982 5922
982 7011
982 8361
982 8871
983 1440
983 2904
983 3120
983 3348
983 4327
983 5395
983 8273
984 2399
984 2931
984 3434
984 3552
984 4873
984 5502
984 5983
984 8818
984 9890
985 1281
985 1437
985 4774
985 6381
985 7726
985 7774
985 8493
985 8975
985 9551
986 1215
986 3480
986 4000
986 6491
986 6564
986 6875
986 8111
986 8574
987 5752
987 5976
987 7546
987 8405
987 8412
987 9372
988 2434
988 2588
988 2702
988 3271
988 3598
988 3695
988 4128
988 7055
988 7079
988 9186
988 9978
989 1343
989 1549
989 1740
989 2441
989 2863
989 3068
989 3299
989 4065
989 6063
989 7573
989 7924
989 8975
990 1240
990 1320
990 4446
990 5159
990 5226
990 8310
990 8833
990 9136
990 9313
990 9318
991 1669
991 2144
991 3124
991 3213
991 3390
991 4074
991 4668
991 5770
991 5915
991 6690
991 8560
992 2013
992 3493
992 5754
992 8119
992 8862
993 1134
993 2270
993 3547
993 3955
993 4141
993 4336
993 4667
993 5557
993 8067
993 8338
993 8830
993 9393
994 1170
994 2849
994 3613
994 5246
994 5410
994 5487
994 5488
994 9522
994 9555
995 1154
995 1221
995 3717
995 6839
995 7737
995 9995
996 2553
996 3167
996 3341
996 4388
996 4653
996 7178
997 1252
997 1328
997 2005
997 2317
997 9035
997 9064
998 1172
998 2686
998 2838
998 5671
998 6353
998 6371
999 3544
999 4543
999 4748
999 5427
999 6588
999 6847
999 7323
1000 1265
1000 2145
1000 3692
1000 3698
1000 3788
1000 5803
1000 6296
1000 6299
1000 6756
1001 2210
1001 3788
1001 4833
1001 4966
1001 5752
1001 6682
1001 6880
1001 7097
1001 8757
1001 8892
1001 8980
1001 9674
1002 1433
1002 1634
1002 2600
1002 3972
1002 4281
1002 5241
1002 5497
1002 6288
1002 6602
1002 6684
1002 6694
1002 9360
1002 9822
1003 3268
1003 3586
1003 5414
1003 5868
1003 6691
1003 8032
1003 8477
1003 9210
1004 1064
1004 1546
1004 2727
1004 3234
1004 4089
1004 6023
1004 8344
1005 1083
1005 2562
1005 4378
1005 5142
1005 5333
1005 7607
1005 7929
1006 2589
1006 3250
1006 3897
1006 4610
1006 4714
1006 6929
1006 8034
1006 8969
1006 9326
1006 9331
1006 9871
1007 1286
1007 1356
1007 1472
1007 2295
1007 3590
1007 3717
1007 5168
1007 5583
1007 5607
1007 6541
1007 6658
1007 7387
1007 8928
1008 2039
1008 4137
1008 6289
1008 7290
1008 7724
1008 8379
1008 9444
1009 2919
1009 3691
1009 3851
1009 4237
1009 4701
1009 6247
1009 7562
1009 9171
1010 1922
1010 2261
1010 2827
1010 5039
1010 6883
1010 7348
1010 7781
1010 8097
1010 8859
1010 9402
1011 1209
1011 1560
1011 2237
1011 2796
1011 3574
1011 5820
1011 7339
1011 8839
1011 9406
1012 1151
1012 1625
1012 1924
1012 3684
1012 3731
1012 3883
1012 4018
1012 5412
1012 8391
1012 8500
1012 8521
1012 9147
1013 1359
1013 1712
1013 2924
1013 3944
1013 5943
1013 6465
1013 8580
1013 8722
1013 9271
1014 2529
1014 2675
1014 4480
1014 4585
1014 4628
1014 5618
1014 7983
1014 8867
1015 1814
1015 2084
1015 4262
1015 4956
1015 6648
1015 7072
1015 7088
1015 7481
1015 8752
1015 9499
1016 1394
1016 1656
1016 2202
1016 4564
1016 4950
1016 4962
1016 7268
1017 3452
1017 3648
1017 4692
1017 5228
1017 6959
1017 7566
1017 7809
1017 8454
1017 9213
1017 9217
1017 9654
1018 1733
1018 3124
1018 5229
1018 9815
1019 1407
1019 2703
1019 3836
1019 4548
1019 6395
1019 7884
1019 9489
1020 2772
1020 2989
1020 3527
1020 3598
1020 4967
1020 4972
1020 5597
1020 6145
1020 6725
1020 7166
1020 8950
1021 1888
1021 2854
1021 2956
1021 3120
1021 3773
1021 4067
1021 5681
1021 6464
1021 7160
1021 7302
1021 7972
1022 1071
1022 3215
1022 3624
1022 4867
1022 6230
1022 6421
1022 6529
1022 7994
1022 8373
1022 9039
1023 2768
1023 4741
1023 5629
1023 6534
1023 9774
1024 1563
1024 2435
1024 4148
1024 4295
1024 4305
1024 4429
1024 4583
1024 4821
1024 8248
1024 8613
1024 9567
1024 9975
1025 2191
1025 3758
1025 6314
1025 7887
1025 8425
1025 8982
1026 1055
1026 1594
1026 6091
1026 7565
1026 7899
1026 8058
1026 9416
1026 9540
1027 2622
1027 3032
1027 5774
1027 5934
1027 7797
1027 8171
1027 8255
1027 9115
1027 9348
1028 5118
1028 5629
1028 5940
1028 6044
1028 7743
1028 7760
1028 8374
1028 8776
1028 9680
1028 9774
1028 9816
1029 1110
1029 2187
1029 3604
1029 7149
1029 7222
1029 8966
1029 9414
1030 1198
1030 6095
1030 7164
1030 8111
1031 2820
1031 3869
1031 4458
1031 4926
1031 5018
1031 6384
1031 8204
1032 1999
1032 2498
1032 4733
1032 4800
1032 4932
1032 6099
1032 6177
1032 6214
1032 6689
1032 7086
1032 8570
1032 8973
1032 9162
1032 9838
1033 1349
1033 1656
1033 2104
1033 2280
1033 2462
1033 3251
1033 4963
1033 5336
1033 8442
1033 9341
1033 9626
1034 1204
1034 1397
1034 2283
1034 5020
1034 5072
1034 5648
1034 6690
1034 6732
1034 6890
1034 8766
1034 9374
1034 9989
1035 3492
1035 3721
1035 5980
1035 6433
1035 7525
1035 9459
1036 2277
1036 4677
1036 5815
1036 6295
1036 6797
1036 7664
1036 8359
1037 4985
1037 6850
1037 9221
1038 1689
1038 1731
1038 1831
1038 2326
1038 3469
1038 5281
1038 5419
1038 5629
1038 6121
1038 9785
1039 1370
1039 2303
1039 2804
1039 3564
1039 3971
1039 3993
1039 5915
1039 7010
1039 8014
1039 8746
1039 9819
1040 1076
1040 1307
1040 3123
1040 3376
1040 4689
1040 8039
1040 8129
1040 8591
1041 8615
1041 8890
1041 9527
1041 9986
1042 1495
1042 2623
1042 3075
1042 3479
1042 5718
1042 6003
1042 6085
1042 6308
1042 6651
1042 6692
1043 3123
1043 6049
1043 6066
1043 6374
1043 8301
1043 8308
1043 8506
1043 8571
1044 2306
1044 5166
1044 5949
1044 6417
1044 6633
1044 8117
1044 8442
1044 8633
1045 2272
1045 3001
1045 7420
1045 7918
1045 8320
1046 3711
1046 4033
1046 5029
1046 5943
1046 6315
1046 7250
1046 8194
1046 8556
1046 8588
1046 8925
1046 9340
1047 1399
1047 3141
1047 5453
1047 7791
1047 7987
1047 8100
1048 1298
1048 4343
1048 5020
1048 5206
1048 6127
1048 6999
1048 8612
1048 8877
1048 9914
1049 2031
1049 2551
1049 2654
1049 2857
1049 3032
1049 3858
1049 6875
1049 7456
1049 9682
1050 2241
1050 2392
1050 4013
1050 4895
1050 5160
1050 6028
1050 6714
1050 7312
1050 7956
1050 8533
1050 8892
1051 2520
1051 3402
1051 3779
1051 3885
1051 4196
1051 4807
1051 5032
1051 5209
1051 5626
1051 6860
1052 2492
1052 3550
1052 4792
1052 5209
1052 6060
1052 6815
1052 7349
1052 8024
1052 8994
1053 3075
1053 3084
1053 3964
1053 5340
1053 5580
1053 5617
1053 5637
1053 6542
1053 7311
1053 9251
1054 5435
1054 5704
1054 6448
1054 6587
1054 7687
1054 9182
1054 9652
1055 1515
1055 2090
1055 2560
1055 3695
1055 6912
1055 7003
1055 8439
1055 9424
1056 1699
1056 4368
1056 5259
1056 5829
1056 7197
1056 8847
1057 1370
1057 1862
1057 2296
1057 2591
1057 4088
1057 4983
1057 5610
1057 7213
1057 7603
1057 9052
1057 9699
1058 2504
1058 2853
1058 2954
1058 3743
1058 4001
1058 4774
1058 7284
1058 8188
1058 8598
1059 1200
1059 1337
1059 2626
1059 2853
1059 3100
1059 4190
1059 5320
1059 6758
1059 8509
1059 8942
1059 9744
1060 1621
1060 1894
1060 2534
1060 2716
1060 4990
1060 5277
1060 5661
1060 5679
1060 6228
1060 6259
1060 9279
1060 9290
1061 2823
1061 4748
1061 5273
1061 5877
1061 6100
1061 6629
1061 6724
1061 8086
1061 9011
1062 1164
1062 1418
1062 2354
1062 2427
1062 2635
1062 4059
1062 4303
1062 5156
1062 8881
1062 9397
1062 9547
1063 1728
1063 2487
1063 3301
1063 3900
1063 4615
1063 4722
1063 6667
1063 7619
1063 8012
1063 8505
1063 9289
1063 9702
1064 2613
1064 2834
1064 3165
1064 3475
1064 3479
1064 6433
1064 6555
1064 7682
1064 8258
1064 8797
1065 1364
1065 1881
1065 2640
1065 2700
1065 4257
1065 5318
1065 5382
1065 5623
1065 6008
1065 6462
1065 6754
1065 7909
1065 9125
1065 9993
1066 1155
1066 2058
1066 2355
1066 2586
1066 3589
1066 3610
1066 4792
1066 6246
1066 6427
1066 8439
1067 1442
1067 2919
1067 4430
1067 4890
1067 5101
1067 5811
1067 6749
1067 6950
1067 8473
1067 8817
1067 9370
1067 9799
1067 9878
1068 1769
1068 2557
1068 2761
1068 3705
1068 6542
1068 8291
1068 9427
1069 1795
1069 1898
1069 2061
1069 2692
1069 6429
1069 7007
1069 7766
1069 9790
1070 1109
1070 1564
1070 3360
1070 3580
1070 5448
1070 6594
1070 7245
1070 8340
1070 8480
1070 9308
1070 9715
1071 4138
1071 5384
1071 7297
1071 7509
1072 1796
1072 2775
1072 3320
1072 3321
1072 4308
1072 5847
1072 7204
1073 1473
1073 2455
1073 3995
1073 7691
1073 8155
1073 8445
1073 9353
1073 9803
1073 9880
1074 2310
1074 2359
1074 4316
1074 5483
1074 6415
1074 6433
1075 3023
1075 3819
1075 5632
1075 7722
1075 7823
1075 8469
1075 9382
1075 9640
1076 1233
1076 2806
1076 3856
1076 4044
1076 4794
1076 5967
1076 7313
1076 8044
1076 9082
1076 9740
1077 1368
1077 2325
1077 2357
1077 2671
1077 5861
1077 6475
1077 6800
1077 6951
1077 8076
1077 9089
1077 9514
1078 3603
1078 3898
1078 3907
1078 3958
1078 4231
1078 7042
1078 7255
1079 2907
1079 3819
1079 4932
1079 5247
1079 5414
1079 5659
1079 6552
1079 7214
1079 7514
1079 7808
1079 8499
1079 9217
1079 9884
1080 2413
1080 2877
1080 4056
1080 4237
1080 4522
1080 9520
1080 9527
1080 9641
1081 1123
1081 1209
1081 1689
1081 1867
1081 2237
1081 2271
1081 3225
1081 3952
1081 6776
1081 8095
1081 9711
1082 4175
1082 4532
1082 6535
1082 7136
1082 7432
1082 7502
1082 7749
1082 9552
1083 1283
1083 1987
1083 2069
1083 3698
1083 4110
1083 5872
1083 6426
1083 7928
1083 9279
1083 9656
1083 9847
1084 2110
1084 3895
1084 4237
1084 4656
1084 5514
1084 5525
1084 8318
1084 8763
1085 6679
1085 7125
1085 7740
1085 9283
1086 2171
1086 2730
1086 3083
1086 3144
1086 4462
1086 5408
1086 5516
1086 5922
1086 7546
1086 7905
1086 7906
1086 8928
1086 9710
1087 1252
1087 2713
1087 2789
1087 2832
1087 4554
1087 4569
1087 4867
1087 5801
1087 7668
1087 7913
1087 7969
1087 8226
1087 9186
1088 2504
1088 2625
1088 5079
1088 5753
1088 5759
1088 6615
1088 6820
1088 7350
1088 8165
1088 8340
1088 8482
1088 8803
1088 9701
1088 9969
1089 1493
1089 3659
1089 4723
1089 6432
1089 7029
1089 7491
1089 8566
1090 2300
1090 2329
1090 4015
1090 4084
1090 5253
1090 5680
1090 6071
1090 9360
1090 9887
1091 1489
1091 1528
1091 3835
1091 4048
1091 4106
1091 4636
1091 5629
1091 6229
1091 7121
1091 8179
1091 8429
1091 8577
1091 8966
1092 1647
1092 2569
1092 3659
1092 4742
1092 5903
1092 6141
1092 8024
1092 8810
1092 9946
1093 1360
1093 2998
1093 3958
1093 5146
1093 5276
1093 6036
1093 6095
1093 6842
1093 7401
1093 8146
1094 1745
1094 2678
1094 3468
1094 5497
1094 5872
1094 5927
1094 6760
1094 6989
1094 8269
1095 1481
1095 2618
1095 2997
1095 4118
1095 5216
1095 5754
1095 6474
1095 8363
1095 8391
1096 2660
1096 3351
1096 3961
1096 5659
1096 6485
1096 7448
1096 8542
1096 9241
1097 1518
1097 4039
1097 4415
1097 5061
1097 5504
1097 5599
1097 6041
1097 8197
1097 8940
1097 9250
1097 9460
1097 9634
1097 9972
1098 2106
1098 2351
1098 3085
1098 8105
1098 8374
1098 8381
1098 9248
1099 1565
1099 2505
1099 2824
1099 3448
1099 5992
1099 6312
1099 6410
1099 8462
1099 8595
1099 9679
1099 9805
1100 1975
1100 2271
1100 2275
1100 2892
1100 4234
1100 4540
1100 5416
1100 6138
1100 7082
1100 7805
1100 9769
1101 2368
1101 3765
1101 4712
1101 4940
1101 5542
1101 5803
1101 7977
1101 8121
1101 8357
1101 8487
1102 1238
1102 1506
1102 1595
1102 3106
1102 3341
1102 3716
1102 5684
1102 5763
1102 5865
1102 8574
1102 8629
1103 1203
1103 2772
1103 3770
1103 3852
1103 4242
1103 5030
1103 5514
1104 4487
1104 5509
1104 5738
1104 5811
1104 6397
1104 6588
1104 6639
1104 6781
1104 6972
1104 8968
1104 9918
1105 2082
1105 2404
1105 4015
1105 4120
1105 5656
1105 5917
1105 7318
1105 7832
1105 8470
1105 8722
1106 2836
1106 4601
1106 7012
1106 7666
1106 9147
1107 1666
1107 2565
1107 4643
1107 5021
1107 5330
1107 6450
1107 9321
1107 9908
1108 1200
1108 2719
1108 3458
1108 4121
1108 5146
1108 6561
1108 7137
1108 7318
1108 7463
1108 7937
1108 9649
1109 1576
1109 2729
1109 4239
1109 5146
1109 5856
1109 5999
1109 7539
1109 9385
1110 1139
1110 1758
1110 2848
1110 4241
1111 1875
1111 4807
1111 6520
1111 7634
1112 1548
1112 1737
1112 2246
1112 4706
1112 5102
1112 5358
1112 6432
1112 7546
1112 8661
1112 8973
1112 9568
1113 1929
1113 4447
1113 6031
1113 6309
1113 6855
1113 6892
1113 8086
1113 8632
1113 8644
1114 1423
1114 1714
1114 2097
1114 3361
1114 3420
1114 3798
1114 3891
1114 4396
1114 4406
1114 6688
1114 7421
1114 9058
1114 9102
1114 9716
1115 1746
1115 1919
1115 3389
1115 5280
1115 6190
1115 6203
1115 6513
1116 1478
1116 1962
1116 3861
1116 4567
1116 4854
1116 5941
1116 6186
1116 6720
1116 7766
1116 7892
1116 8650
1116 9875
1117 3150
1117 4499
1117 5120
1117 5323
1117 7029
1117 8643
1118 1639
1118 2291
1118 2898
1118 3610
1118 4150
1118 4566
1118 4754
1118 6538
1118 7556
1118 9024
1118 9136
1118 9676
1119 1754
1119 2173
1119 3414
1119 3928
1119 4143
1119 4206
1119 5087
1119 5256
1119 6083
1119 7361
1119 8455
1120 1577
1120 2623
1120 3032
1120 5103
1120 8812
1120 9508
1121 2754
1121 3247
1121 6499
1121 7456
1121 7703
1121 8381
1122 1141
1122 1220
1122 1803
1122 2428
1122 5947
1122 6652
1122 8106
1122 9536
1123 2444
1123 3397
1123 3727
1123 4454
1123 5802
1123 6893
1123 7102
1123 7347
1123 7375
1123 7467
1123 9103
1124 2648
1124 3146
1124 3480
1124 4457
1124 5225
1124 5569
1124 6262
1124 7717
1125 1471
1125 1674
1125 4922
1125 4986
1125 5054
1125 5553
1125 5667
1125 7256
1125 8357
1126 1759
1126 1978
1126 2576
1126 3437
1126 5860
1126 5980
1126 8694
1127 1497
1127 3682
1127 4634
1127 6807
1127 6809
1127 6845
1127 8124
1127 8273
1128 3179
1128 3661
1128 6452
1128 6599
1128 7118
1128 7729
1128 8668
1128 9636
1128 9906
1129 5916
1129 6578
1129 7810
1130 1888
1130 2568
1130 4413
1130 5513
1130 6498
1130 7060
1130 7517
1130 8365
1130 8392
1130 8505
1130 9415
1131 4077
1131 6393
1131 7431
1131 8390
1131 8419
1131 8905
1131 8973
1131 9260
1131 9472
1132 2318
1132 3014
1132 3221
1132 4281
1132 4710
1132 9399
1132 9844
1133 2448
1133 4251
1133 4403
1133 5691
1133 6054
1133 6653
1133 8421
1133 8798
1134 5675
1134 6223
1134 6965
1134 7079
1134 7382
1134 8030
1134 8121
1134 8298
1134 8428
1135 2046
1135 3159
1135 3249
1135 6337
1135 6525
1135 8249
1135 9162
1136 3958
1136 4655
1136 4974
1136 6168
1136 6187
1136 6538
1136 7002
1136 7023
1136 7323
1136 7999
1137 1887
1137 1961
1137 3813
1137 4670
1137 5353
1138 2137
1138 4913
1138 6516
1138 7136
1138 7168
1138 7372
1138 8455
1138 9668
1139 3290
1139 5464
1139 5570
1139 9818
1140 1526
1140 2651
1140 3108
1140 3209
1140 3291
1140 4094
1140 4916
1140 5510
1140 5682
1140 9650
1141 1639
1141 1992
1141 2087
1141 2723
1141 2803
1141 3374
1141 3735
1141 4012
1141 4020
1141 5750
1141 7735
1141 7738
1141 8115
1141 8891
1142 1853
1142 3032
1142 3942
1142 6528
1142 8389
1142 8709
1142 9266
1142 9853
1143 1199
1143 1248
1143 3029
1143 3675
1143 3820
1143 4769
1143 5004
1143 5520
1143 6326
1143 6485
1143 9663
1144 2920
1144 3463
1144 4219
1144 5709
1144 6305
1144 6949
1144 8725
1145 1558
1145 2550
1145 4509
1145 6538
1145 8054
1145 8614
1145 9609
1145 9871
1146 1178
1146 2094
1146 2136
1146 3677
1146 4123
1146 4156
1146 4471
1146 4948
1146 6798
1146 7607
1146 7995
1146 8641
1146 9509
1147 1589
1147 4952
1147 5267
1147 5632
1147 5909
1147 5988
1147 8012
1147 8550
1148 1219
1148 3473
1148 4234
1148 5398
1148 5478
1148 6968
1148 7295
1148 8085
1148 9564
1149 3491
1149 4054
1149 5265
1149 5991
1149 6034
1149 6635
1149 6972
1149 7615
1149 7961
1149 8035
1149 9820
1150 2067
1150 3010
1150 3716
1150 3809
1150 4165
1150 4273
1150 5612
1150 6218
1150 6564
1150 6735
1150 8234
1150 8812
1151 2630
1151 2727
1151 4371
1151 5461
1151 5770
1151 6193
1151 7334
1151 7694
1151 8185
1151 8326
1152 2492
1152 3975
1152 5520
1152 7439
1152 7459
1152 7948
1152 9340
1152 9526
1153 1435
1153 2538
1153 2867
1153 3868
1153 6137
1153 7449
1153 8761
1153 8952
1154 6110
1154 6968
1154 8401
1154 9711
1155 2129
1155 2319
1155 2508
1155 2695
1155 3300
1155 4174
1155 6238
1155 7196
1155 7966
1155 8199
1155 9791
1156 2365
1156 3256
1156 3544
1156 3885
1156 6032
1156 6119
1156 8044
1156 9455
1157 2324
1157 4013
1157 6850
1157 9050
1158 2631
1158 2632
1158 4832
1158 7699
1158 7874
1158 7964
1159 1904
1159 3213
1159 5909
1159 6511
1159 7732
1159 9521
1159 9768
1160 4535
1160 5051
1160 7951
1160 8668
1161 1415
1161 1606
1161 1942
1161 2347
1161 3274
1161 4141
1161 5934
1161 6943
1161 8020
1161 8771
1161 9262
1162 2086
1162 2528
1162 4030
1162 4343
1162 4406
1162 4636
1162 5751
1162 6779
1162 9552
1162 9977
1163 4615
1163 5274
1163 5984
1163 6178
1163 7048
1163 7731
1163 9219
1163 9897
1164 1223
1164 2094
1164 2119
1164 2887
1164 3756
1164 3758
1164 4630
1164 5874
1164 8861
1165 3666
1165 3772
1165 4792
1165 5092
1165 5259
1165 7906
1165 8550
1165 8920
1166 2707
1166 4449
1166 6686
1166 7581
1166 9195
1167 1224
1167 1967
1167 3550
1167 3870
1167 4465
1167 4699
1167 4765
1167 6170
1167 7124
1167 7556
1167 8968
1168 2968
1168 4034
1168 7631
1169 3693
1169 3706
1169 4780
1169 5380
1169 5762
1169 6173
1169 7065
1169 8056
1170 1786
1170 2595
1170 6074
1170 7736
1170 7910
1171 1700
1171 2375
1171 4177
1171 4673
1171 6151
1171 7414
1171 9032
1171 9575
1171 9711
1172 1182
1172 1323
1172 1637
1172 1831
1172 2172
1172 3425
1172 4759
1172 5158
1172 5857
1172 6258
1172 6692
1172 7350
1172 9239
1173 1190
1173 1764
1173 2804
1173 3162
1173 4327
1173 4589
1173 7116
1173 9010
1173 9414
1173 9454
1174 2692
1174 3238
1174 3500
1174 3546
1174 3591
1174 4232
1174 4255
1174 4617
1174 4943
1174 5897
1174 6287
1174 7062
1174 8158
1174 8171
1174 8697
1175 1208
1175 2530
1175 4345
1175 4619
1175 4654
1175 9794
1176 2337
1176 3443
1176 3856
1176 4384
1176 5144
1176 9436
1177 1348
1177 1628
1177 2790
1177 6665
1177 8020
1177 8633
1177 9214
1177 9916
1178 2921
1178 4701
1178 5360
1178 7991
1178 9733
1179 2169
1179 3039
1179 3308
1179 4359
1179 5047
1179 6378
1179 6976
1179 8904
1179 9154
1179 9374
1179 9946
1180 1773
1180 2333
1180 3003
1180 3352
1180 3448
1180 3986
1180 4085
1180 4158
1180 5898
1180 5946
1180 6669
1180 6921
1180 7944
1180 8524
1181 2566
1181 4365
1181 4375
1181 4884
1181 5256
1181 5617
1181 7149
1181 9337
1181 9905
1182 2602
1182 2776
1182 8584
1183 1793
1183 2879
1183 3466
1183 3768
1183 4093
1183 4368
1183 5063
1183 6450
1183 7648
1183 8325
1183 8701
1183 9977
1184 1490
1184 3837
1184 4395
1184 6686
1184 8079
1184 8346
1184 9122
1184 9685
1184 9821
1185 1512
1185 2329
1185 2686
1185 2719
1185 3127
1185 3269
1185 4372
1185 4384
1185 5345
1185 6183
1185 8298
1186 2052
1186 2163
1186 2628
1186 3367
1186 3548
1186 4617
1186 4681
1186 7758
1186 9361
1187 1217
1187 1484
1187 1637
1187 4141
1187 6249
1187 7625
1187 8581
1187 8623
1187 9029
1187 9561
1187 9724
1187 9815
1187 9841
1188 4809
1188 4828
1188 4837
1188 5087
1188 6382
1188 7801
1188 7804
1188 8252
1188 9002
1189 3586
1189 4043
1189 4988
1189 5690
1189 6034
1189 7025
1189 8314
1189 8470
1189 8705
1189 8877
1190 5489
1190 6641
1190 9159
1190 9507
1190 9759
1190 9782
1191 3401
1191 5729
1191 6131
1191 6376
1191 7692
1191 9705
1192 1449
1192 3084
1192 3861
1192 4444
1192 5244
1192 6082
1192 7175
1192 7320
1192 8247
1192 9203
1193 1769
1193 4150
1193 4889
1193 5751
1193 6364
1194 1587
1194 2403
1194 2543
1194 2813
1194 3086
1194 3752
1194 5211
1194 5392
1194 9615
1195 1506
1195 1798
1195 3959
1195 4265
1195 5950
1195 7104
1195 7578
1195 7831
1195 8422
1195 8509
1195 9380
1196 1502
1196 2020
1196 2550
1196 2634
1196 4095
1196 4274
1196 4716
1196 5677
1196 5691
1196 5698
1196 5854
1196 6012
1196 6934
1196 7518
1196 8532
1196 9187
1196 9298
1197 1201
1197 5976
1197 6157
1197 6519
1197 7088
1197 7183
1197 7313
1198 2497
1198 2939
1198 3304
1198 4075
1198 5244
1198 6534
1198 7324
1199 1308
1199 3009
1199 4159
1199 5250
1199 5319
1199 5583
1199 6809
1199 9692
1200 2813
1200 2869
1200 2872
1200 3218
1200 3433
1200 5200
1200 6367
1200 7593
1201 3657
1201 4842
1201 4904
1201 5876
1201 6327
1201 7703
1201 8967
1202 3879
1202 5312
1202 5851
1202 6199
1202 8075
1202 8632
1202 8739
1203 1353
1203 4022
1203 4290
1203 5445
1203 8264
1203 8293
1203 8351
1203 9563
1204 1404
1204 1489
1204 3017
1204 4095
1204 5529
1204 9091
1204 9472
1204 9716
1205 1778
1205 2327
1205 2965
1205 3454
1205 4035
1205 4271
1205 5386
1205 6107
1205 7937
1205 8246
1205 8650
1205 9852
1206 2521
1206 3358
1206 3911
1206 3982
1206 4966
1206 6717
1206 8758
1206 8871
1206 9633
1207 6373
1207 6807
1207 7054
1207 9414
1207 9490
1207 9527
1208 8682
1208 8693
1208 8781
1208 9902
1209 3757
1209 3838
1209 5210
1209 6255
1209 6907
1209 7792
1210 2145
1210 2338
1210 7235
1210 7625
1210 7738
1210 9160
1211 5617
1211 5687
1211 7297
1211 7300
1211 7370
1211 9446
1212 2198
1212 3118
1212 5558
1212 5869
1212 7950
1212 8919
1213 2139
1213 3018
1213 3799
1213 5902
1213 8251
1214 2676
1214 4059
1214 5210
1214 5367
1214 5383
1214 5501
1214 5940
1214 8528
1215 1817
1215 2808
1215 4099
1215 4819
1215 7883
1215 8338
1215 8791
1215 9920
1216 1833
1216 1857
1216 2296
1216 2908
1216 3024
1216 3334
1216 4191
1216 5113
1216 6452
1216 6793
1216 7663
1216 7950
1216 9519
1217 4647
1217 6067
1217 6893
1217 7399
1218 1323
1218 2389
1218 4371
1218 5120
1218 5577
1218 6603
1218 6909
1218 9283
1218 9747
1219 3210
1219 7314
1219 7949
1220 4835
1220 5116
1220 5288
1220 5809
1220 8481
1221 1878
1221 3259
1221 4585
1221 8662
1221 9855
1222 3038
1222 3119
1222 5120
1222 6438
1222 9099
1223 1760
1223 4266
1223 4344
1223 6367
1223 8253
1224 2853
1224 4269
1224 8182
1224 8669
1224 8711
1224 9966
1224 9972
1225 2193
1225 2807
1225 3075
1225 5559
1225 6391
1225 9343
1226 2539
1226 3160
1226 3500
1226 6162
1226 7480
1226 7833
1226 7940
1226 9208
1226 9804
1227 3207
1227 4901
1228 2146
1228 2823
1228 3135
1228 3324
1228 5087
1228 5146
1228 6011
1228 6852
1228 7733
1228 8334
1228 8497
1228 8613
1228 8974
1228 9993
1229 2244
1229 2625
1229 3852
1229 5161
1229 5184
1229 5980
1229 8705
1229 9494
1230 1691
1230 2618
1230 6219
1230 7373
1230 8544
1230 9569
1231 2261
1231 2787
1231 3547
1231 4046
1231 5718
1231 6345
1231 8262
1231 8700
1232 1682
1232 2042
1232 3475
1232 3623
1232 4793
1232 5246
1232 5838
1232 7010
1232 7139
1232 8908
1232 9274
1232 9347
1232 9682
1233 1671
1233 3128
1233 3335
1233 4607
1233 4764
1233 6478
1233 7385
1233 7914
1233 8937
1234 1543
1234 2656
1234 2728
1234 3026
1234 3348
1234 3743
1234 4324
1234 4346
1234 5751
1234 5788
1234 8609
1235 1522
1235 2093
1235 4231
1235 7074
1236 1238
1236 1430
1236 1594
1236 3245
1236 3856
1236 4498
1236 5059
1236 7918
1236 9063
1236 9147
1237 1895
1237 4207
1237 4514
1237 5575
1237 7813
1237 8249
1237 8360
1237 9171
1238 2784
1238 3211
1238 6593
1238 8420
1238 9036
1238 9301
1239 2184
1239 2295
1239 5826
1239 6305
1239 8490
1239 9834
1240 2816
1240 3077
1240 3427
1240 5981
1240 7645
1240 9214
1241 2072
1241 2823
1241 3127
1241 6892
1241 7539
1241 7960
1241 8836
1241 9245
1242 1290
1242 1987
1242 2945
1242 6277
1242 8374
1242 8712
1243 1422
1243 1946
1243 2180
1243 6096
1243 7501
1243 8753
1243 8851
1244 2300
1245 5021
1245 5111
1245 6711
1245 7632
1245 7929
1245 8342
1245 8405
1245 8927
1246 1716
1246 3995
1246 5642
1246 6512
1246 6794
1246 7298
1247 2680
1247 4113
1247 4224
1247 4246
1247 5687
1247 6143
1247 7109
1247 9616
1248 2170
1248 2203
1248 3006
1248 3520
1248 5514
1248 7206
1248 7469
1248 7569
1248 7643
1248 8644
1249 1253
1249 1981
1249 3064
1249 3399
1249 5068
1249 6187
1249 8336
1249 8616
1250 1755
1250 2346
1250 2709
1250 3527
1250 4240
1250 4603
1250 7068
1250 7724
1250 8080
1250 8816
1250 8888
1250 8908
1251 3847
1251 6678
1251 7020
1251 7180
1251 7613
1251 8807
1251 9136
1252 3848
1252 4755
1252 5637
1252 6090
1252 9463
1252 9979
1253 4182
1253 8210
1253 9279
1253 9476
1254 1331
1254 2428
1254 2553
1254 2815
1254 4770
1254 5798
1254 9120
1254 9545
1255 3103
1255 3548
1255 5277
1255 6588
1256 3663
1256 4388
1256 4932
1256 5765
1256 6095
1256 9186
1256 9818
1257 1352
1257 1411
1257 1642
1257 2598
1257 7117
1257 7839
1257 8121
1258 1319
1258 2262
1258 2808
1258 3407
1258 3444
1258 3465
1258 3575
1258 4495
1258 5879
1258 6402
1258 7024
1258 7900
1258 9099
1258 9314
1259 5647
1259 6390
1259 6698
1259 6901
1259 6921
1259 9014
1260 2487
1260 4924
1260 5422
1260 5611
1260 6368
1260 7869
1260 8894
1260 9150
1260 9502
1261 3573
1261 5924
1261 7010
1261 7428
1261 7880
1261 8562
1261 9521
1262 1629
1262 1760
1262 3061
1262 3248
1262 3449
1262 3697
1262 5672
1262 5954
1262 6400
1262 6949
1262 6950
1262 7559
1262 9435
1263 1895
1263 2152
1263 2986
1263 3080
1263 5680
1263 6549
1263 8889
1263 8989
1263 9320
1264 1363
1264 2124
1264 2325
1264 2447
1264 2714
1264 3095
1264 3728
1264 4247
1264 6027
1264 6141
1264 7441
1264 8396
1264 8481
1264 8541
1265 3136
1265 4154
1265 4868
1265 5398
1265 5635
1265 5816
1265 6259
1265 9662
1266 1515
1266 2363
1266 3139
1266 3799
1266 6147
1267 2892
1267 4742
1267 6449
1267 6661
1267 7836
1267 8519
1267 8924
1267 9259
1267 9664
1268 1581
1268 1978
1268 2136
1268 3685
1268 4071
1268 5317
1268 8369
1269 1291
1269 2221
1269 2391
1269 2651
1269 3478
1269 3741
1269 5000
1269 5988
1269 6259
1269 6863
1269 8238
1269 8311
1269 8377
1269 9153
1269 9790
1270 3032
1270 3078
1270 3749
1270 4220
1270 4674
1270 4714
1270 5951
1270 9425
1271 2203
1271 3280
1271 4145
1271 4760
1271 5532
1271 7165
1271 8234
1271 8872
1271 9206
1272 1513
1272 3099
1272 3535
1272 4190
1272 5187
1272 5312
1272 5661
1272 6550
1272 6662
1272 9239
1272 9532
1272 9583
1273 1535
1273 2402
1273 2621
1273 3657
1273 3742
1273 4904
1273 5339
1273 7333
1273 7717
1273 8104
1274 2416
1274 4773
1274 5098
1274 5347
1274 6240
1274 9127
1274 9952
1275 1694
1275 1720
1275 2410
1275 2440
1275 2818
1275 3190
1275 3789
1275 4443
1275 4605
1275 5368
1275 6701
1275 7827
1276 3929
1276 7297
1276 8952
1277 2513
1277 3543
1277 5499
1277 6128
1277 6345
1277 7378
1277 7431
1277 9158
1277 9629
1278 2064
1278 2603
1278 2862
1278 3611
1278 3682
1278 5607
1278 9509
1279 1648
1279 2592
1279 5218
1279 5957
1279 7738
1280 1564
1280 1838
1280 3578
1280 3966
1280 4601
1280 5990
1280 8160
1280 9618
1280 9932
1281 1945
1281 2515
1281 3555
1281 3722
1281 3774
1281 8210
1281 8844
1281 9033
1282 4095
1282 4096
1282 5106
1282 6986
1282 7646
1282 7813
1282 8744
1283 2257
1283 3545
1283 3566
1283 4831
1283 4854
1283 5104
1283 5685
1283 5768
1283 7363
1283 8572
1283 9472
1283 9735
1284 1778
1284 2746
1284 3107
1284 3808
1284 4086
1284 5637
1284 5804
1284 5929
1284 6113
1284 6916
1284 8788
1284 8982
1284 9644
1285 1494
1285 1561
1285 3554
1285 7282
1285 8478
1285 9171
1285 9789
1286 1454
1286 2937
1286 7442
1286 8467
1286 8823
1286 9701
1287 1667
1287 2035
1287 2947
1287 5339
1287 6155
1287 6795
1287 8085
1287 9494
1288 3796
1288 5507
1288 6046
1288 6769
1288 7562
1288 8885
1288 9783
1289 1950
1289 3400
1289 3773
1289 4203
1289 7883
1289 7944
1289 8663
1289 8669
1289 9742
1290 2937
1290 3222
1290 3821
1290 4651
1290 5050
1290 5792
1290 5872
1290 6135
1290 6204
1290 7142
1290 7655
1290 8543
1290 9226
1291 2493
1291 4296
1291 4900
1291 4980
1291 4985
1291 6631
1291 8640
1292 3113
1292 3970
1292 4718
1292 4895
1292 5201
1292 5545
1293 1655
1293 2531
1293 3298
1293 3817
1293 4042
1293 4155
1293 4402
1293 4636
1293 5223
1293 5396
1293 6049
1293 7456
1293 8925
1293 9658
1294 2299
1294 4432
1294 5510
1294 8022
1295 1344
1295 2274
1295 2868
1295 5287
1295 6697
1295 7268
1295 7860
1295 9857
1296 1845
1296 6116
1296 6124
1296 8138
1296 8565
1297 1538
1297 2817
1297 3005
1297 3211
1297 3562
1297 3597
1297 4106
1297 4158
1297 4411
1297 4577
1297 8479
1298 2431
1298 5694
1298 7095
1298 7727
1298 7886
1298 8134
1299 1301
1299 2562
1299 2729
1299 3914
1299 6230
1299 6965
1299 7224
1299 7416
1299 9053
1300 1496
1300 2569
1300 4981
1300 5439
1300 6308
1300 6834
1300 7505
1300 8644
1300 9735
1301 1682
1301 2202
1301 2904
1301 5004
1301 5255
1301 5765
1301 7113
1301 8105
1301 8849
1301 9531
1302 1517
1302 3233
1302 3402
1302 3426
1302 4836
1302 5032
1302 5536
1302 7975
1302 8663
1303 1813
1303 2882
1303 3575
1303 4718
1303 5577
1303 5725
1303 7540
1303 7870
1304 1549
1304 3126
1304 3362
1304 3478
1304 3577
1304 6468
1304 6499
1304 6835
1304 7978
1304 9511
1304 9908
1305 4432
1305 5205
1305 7544
1305 8500
1305 8558
1305 9001
1306 1836
1306 2124
1306 3170
1306 4951
1306 5852
1306 8365
1306 8899
1306 9642
1307 1845
1307 2326
1307 3733
1307 4485
1307 6920
1307 7702
1307 9852
1308 1803
1308 3563
1308 3567
1308 3818
1308 5801
1308 5947
1308 6206
1308 6829
1308 6987
1308 8408
1309 2134
1309 2176
1309 2298
1309 2871
1309 3121
1309 4651
1309 6608
1309 6713
1309 7055
1309 8262
1309 8409
1310 1851
1310 4123
1310 6460
1310 7079
1310 8053
1310 8123
1311 5973
1311 6644
1311 9129
1312 3233
1312 3653
1312 3756
1312 3772
1312 6295
1312 6976
1312 7610
1312 8055
1313 2689
1313 3331
1313 3942
1313 4078
1313 4093
1313 4105
1313 6045
1313 6932
1313 8425
1313 8895
1313 9581
1313 9611
1314 3389
1314 3512
1314 4471
1314 8880
1314 9459
1315 3120
1315 3195
1315 4536
1315 4814
1315 5572
1315 7240
1315 7258
1316 1790
1316 4382
1316 5134
1316 5806
1316 9153
1317 3204
1317 4340
1317 6172
1318 2272
1318 2994
1318 3075
1318 3361
1318 4510
1318 8252
1318 9089
1319 2087
1319 3459
1320 1858
1320 2215
1320 4191
1320 4762
1320 6725
1320 7033
1320 7203
1320 7441
1320 8635
1321 2170
1321 2718
1321 4634
1321 5996
1321 6094
1321 7154
1321 8954
1322 1361
1322 3959
1322 5130
1322 5838
1322 6427
1322 6800
1322 7872
1323 1772
1323 2577
1323 3506
1323 4473
1323 6228
1323 8161
1324 2972
1324 3189
1324 4415
1324 4593
1324 4794
1324 4869
1324 5064
1324 6971
1324 8242
1324 8543
1324 9689
1325 3512
1325 3808
1325 7509
1325 8066
1325 8366
1325 8757
1326 2750
1326 4224
1326 6916
1326 7814
1326 7937
1326 8189
1326 8612
1326 8746
1327 1931
1327 3233
1327 3687
1327 4695
1327 4806
1327 5355
1327 5601
1327 5818
1327 5991
1327 7059
1328 1627
1328 1817
1328 2010
1328 2947
1328 3766
1328 4061
1328 4175
1328 5126
1328 5885
1328 6017
1328 7114
1328 8476
1328 8639
1328 8729
1328 9887
1329 1408
1329 1579
1329 1706
1329 5821
1329 5901
1329 5908
1329 5948
1329 6201
1329 6493
1329 9007
1329 9059
1329 9092
1330 3043
1330 3482
1330 4640
1330 5247
1330 6861
1330 7413
1330 7930
1330 8331
1330 9289
1330 9527
1331 1747
1331 3419
1331 4105
1331 4821
1331 4990
1331 5755
1331 6892
1331 7133
1331 7400
1331 8741
1331 9387
1331 9421
1331 9738
1332 2191
1332 2355
1332 4643
1332 5711
1332 6712
1332 7279
1332 8314
1332 8408
1332 8642
1332 9153
1332 9712
1332 9985
1333 1665
1333 4647
1333 5328
1333 7438
1334 2587
1334 3013
1334 4448
1334 5474
1334 6427
1335 5604
1335 5706
1335 7186
1335 7391
1336 1528
1336 2041
1336 2544
1336 2588
1336 3247
1336 3305
1336 3899
1336 4564
1336 4656
1336 4698
1336 4945
1336 5185
1336 6261
1336 6298
1336 9485
1336 9664
1337 2083
1337 2273
1337 3509
1337 4133
1337 5718
1337 5905
1337 6266
1337 9067
1337 9212
1338 2629
1338 6055
1338 7052
1339 1349
1339 1798
1339 2397
1339 3715
1339 3876
1339 6988
1339 7284
1340 6322
1340 9215
1340 9888
1341 2110
1341 2254
1341 3126
1341 3130
1341 4076
1341 6888
1341 7373
1341 9201
1341 9791
1342 1362
1342 1580
1342 1921
1342 2025
1342 4285
1342 5809
1342 5968
1343 1613
1343 2747
1343 3658
1343 3994
1343 4345
1343 4722
1343 5181
1343 6893
1343 8390
1344 1608
1344 2473
1344 3043
1344 3308
1344 4737
1344 6274
1344 8860
1345 3410
1345 4001
1345 4579
1345 5399
1345 5767
1345 5838
1345 6065
1345 6453
1345 6811
1345 7850
1345 9508
1346 1886
1346 4048
1346 5404
1346 5562
1346 6740
1346 9099
1346 9549
1347 2370
1347 3121
1347 3302
1347 4384
1347 4665
1347 6230
1347 6406
1347 7690
1347 9278
1347 9500
1348 2282
1348 3559
1348 4517
1348 5077
1348 6122
1348 6571
1348 8334
1348 8986
1348 9755
1348 9777
1349 2049
1349 4090
1349 5482
1349 6732
1349 7106
1349 7159
1349 7966
1349 9942
1350 1921
1350 2200
1350 3791
1350 3834
1350 3868
1350 4851
1350 7028
1350 8360
1351 1458
1351 1513
1351 1694
1351 2312
1351 4889
1351 5778
1351 5841
1351 5847
1351 6327
1351 6825
1351 7275
1351 7979
1351 7988
1352 2752
1352 3649
1352 5327
1352 5732
1352 9591
1352 9811
1353 2539
1353 5171
1353 5396
1354 1372
1354 3512
1354 6352
1354 8874
1354 9124
1355 1951
1355 3022
1355 4136
1355 4993
1355 6663
1355 7214
1355 7353
1356 2682
1356 2944
1356 3207
1356 5806
1356 5946
1356 5968
1356 6220
1356 6414
1356 8683
1356 8735
1357 1477
1357 4914
1357 5470
1357 5891
1357 6201
1357 7061
1357 9043
1357 9911
1358 2432
1358 2797
1358 3676
1358 4860
1358 5529
1358 5607
1358 6223
1358 6437
1358 6679
1358 7268
1358 7466
1358 8588
1358 8611
1359 1662
1359 1947
1359 1950
1359 3016
1359 4099
1359 4651
1359 5090
1359 6200
1359 6760
1359 7095
1359 7894
1359 9093
1360 3900
1360 5359
1360 5947
1360 6487
1360 7124
1360 7243
1360 7684
1360 8278
1360 9195
1360 9318
1361 2144
1361 2335
1361 3387
1361 3829
1361 4939
1361 5189
1361 6293
1361 6720
1361 8475
1361 9429
1362 2334
1362 5707
1362 6475
1362 7341
1362 8419
1362 8856
1363 4591
1363 5003
1363 6019
1363 7046
1363 8780
1363 9443
1364 2765
1364 3973
1364 4272
1364 4741
1364 4931
1364 4952
1364 6653
1364 6922
1364 8198
1365 1701
1365 1750
1365 2024
1365 2413
1365 3791
1365 4096
1365 4394
1365 5205
1365 6367
1365 6468
1365 6587
1366 1641
1366 2148
1366 5743
1366 5915
1366 6746
1366 6961
1366 7219
1366 8020
1366 9230
1366 9457
1367 2695
1367 2724
1367 5504
1367 5679
1367 6716
1367 9605
1368 2071
1368 2353
1368 2807
1368 3217
1368 4634
1368 4810
1368 6143
1368 6381
1368 6737
1368 8455
1368 8484
1368 9952
1369 3799
1369 4354
1369 7603
1369 8000
1369 8251
1369 8318
1370 1469
1370 4007
1370 5440
1370 7093
1370 7424
1370 7515
1370 8366
1370 8438
1370 9378
1371 1616
1371 2869
1371 4483
1371 6969
1371 7343
1371 9205
1371 9629
1372 2809
1372 3178
1372 3487
1372 4432
1372 4888
1372 7086
1372 7491
1373 1636
1373 5576
1373 5790
1373 6421
1373 6423
1373 6464
1373 7172
1373 7717
1373 8563
1373 9680
1374 2694
1374 3192
1374 6048
1374 7807
1374 7972
1374 8344
1374 8765
1374 8895
1374 9996
1375 2611
1375 3233
1375 4301
1375 6982
1375 7351
1375 7409
1375 7738
1375 8138
1376 1496
1376 2339
1376 4183
1376 5384
1376 7654
1376 7778
1376 9200
1376 9391
1376 9935
1377 2522
1377 2585
1377 3231
1377 3272
1377 3509
1377 5367
1377 5465
1377 5712
1377 5868
1377 6405
1377 7479
1377 8021
1377 9042
1378 2087
1378 2293
1378 2439
1378 3524
1378 3713
1378 6486
1378 6839
1378 9735
1379 2620
1379 3395
1379 4357
1379 4420
1379 4543
1379 6956
1379 7626
1379 8406
1379 8655
1379 8727
1379 9154
1379 9274
1379 9909
1380 3219
1380 5253
1380 5851
1380 5855
1380 6069
1380 6131
1380 6173
1380 8071
1380 8679
1380 9322
1380 9673
1381 1479
1381 1666
1381 1804
1381 3539
1381 4181
1381 4816
1381 4859
1381 5204
1381 5956
1381 9054
1382 1602
1382 3425
1382 4097
1382 4956
1382 5443
1382 5451
1382 6170
1382 6834
1382 7029
1382 7814
1382 8548
1383 1537
1383 2560
1383 2957
1383 3634
1383 3875
1383 8350
1383 9785
1384 2059
1384 4823
1384 5652
1384 6182
1384 7747
1384 8786
1384 9077
1385 5442
1385 5899
1385 6286
1385 6680
1385 6757
1385 7140
1385 8955
1386 4202
1386 4458
1386 4884
1386 5614
1386 6303
1386 7025
1386 7239
1386 8183
1386 8922
1387 1521
1387 2932
1387 5147
1387 7447
1387 7801
1387 8473
1387 8667
1387 8759
1387 9125
1388 1759
1388 2966
1388 6878
1388 8426
1388 8549
1388 8801
1389 1844
1389 2210
1389 2445
1389 2580
1389 2674
1389 3351
1389 3713
1389 4219
1389 4856
1389 5910
1389 5987
1389 8439
1390 2564
1390 2936
1390 3354
1390 3983
1390 4151
1390 5254
1390 5788
1390 6291
1390 6434
1390 7652
1390 9904
1391 3386
1391 3868
1391 4398
1391 5469
1391 6174
1391 6471
1391 8994
1392 1653
1392 2476
1392 2988
1392 3040
1392 4607
1392 4835
1392 6328
1393 5788
1393 6572
1393 7907
1393 8430
1394 1997
1394 3154
1394 3444
1394 4320
1394 6363
1394 7070
1394 8193
1394 8259
1394 8802
1395 2109
1395 2285
1395 2352
1395 2934
1395 5598
1395 6283
1395 7756
1395 8843
1395 9101
1396 1639
1396 1963
1396 2834
1396 2856
1396 2977
1396 3291
1396 3513
1396 3757
1396 4159
1396 5286
1396 5956
1396 7024
1396 9653
1397 2079
1397 2477
1397 3004
1397 3355
1397 4532
1397 6223
1397 6778
1397 8543
1397 9780
1398 1663
1398 2017
1398 2503
1398 3109
1398 3788
1398 3944
1398 5780
1398 8132
1398 9721
1399 1604
1399 1859
1399 2027
1399 2618
1399 4306
1399 5257
1399 5279
1399 5282
1399 5548
1399 6077
1399 8070
1399 8236
1399 8536
1399 9432
1400 1458
1400 1587
1400 2542
1400 3589
1400 4217
1400 5966
1400 6482
1400 7078
1400 9398
1401 4506
1401 4611
1401 6815
1401 7726
1401 7994
1401 9041
1401 9064
1401 9692
1402 1572
1402 1828
1402 1955
1402 2562
1402 3043
1402 4904
1402 5766
1402 5897
1402 6244
1402 6550
1402 7604
1403 2031
1403 3494
1403 4030
1403 9265
1404 2166
1404 3571
1404 4384
1404 4853
1404 5255
1404 8125
1404 9856
1405 2227
1405 2805
1405 4149
1405 5256
1405 7157
1405 7220
1405 7706
1405 9052
1406 1904
1406 2465
1406 4776
1406 4954
1406 6578
1406 9447
1407 2157
1407 3698
1407 4409
1407 5091
1407 5533
1407 5992
1407 7740
1408 4531
1408 4960
1408 4999
1408 5527
1408 5557
1408 6556
1408 7807
1408 8872
1409 4963
1409 5854
1409 6794
1409 7373
1409 7676
1409 8315
1409 9703
1410 2146
1410 3705
1410 3956
1410 4045
1410 6126
1410 7401
1410 7746
1410 9594
1411 2023
1411 2643
1411 3033
1411 4577
1411 4754
1411 6329
1411 8953
1412 2632
1412 3704
1412 4141
1412 4810
1412 5108
1412 5885
1412 8066
1412 8980
1412 9809
1413 1608
1413 2015
1413 2960
1413 3107
1413 4404
1413 4953
1413 6365
1413 6947
1413 7687
1413 8744
1413 9379
1413 9791
1414 2057
1414 4114
1414 5150
1414 5442
1414 6598
1414 6881
1414 8097
1415 2121
1415 2974
1415 4010
1415 4514
1415 5151
1415 5865
1415 6425
1415 7516
1415 8756
1415 8985
1415 9757
1416 3043
1416 3429
1416 4549
1416 5795
1416 7023
1416 8015
1417 5866
1417 7807
1417 9398
1417 9758
1418 1507
1418 2822
1418 3261
1418 3837
1418 3929
1418 7350
1418 8532
1419 2541
1419 2850
1419 5529
1419 5533
1419 5838
1419 6594
1419 6707
1419 6863
1419 7112
1419 7938
1419 7978
1419 8839
1419 9657
1419 9872
1420 1670
1420 2118
1420 3164
1420 3295
1420 5613
1420 6026
1420 6749
1420 8360
1420 9898
1421 1608
1421 3695
1421 3933
1421 5643
1421 5713
1421 7153
1421 7469
1421 7853
1422 1592
1422 1937
1422 2635
1422 6202
1422 7995
1423 2218
1423 3424
1423 4957
1423 5243
1423 6160
1423 6394
1423 7150
1423 7907
1423 8633
1423 9925
1424 2355
1424 6820
1424 6884
1424 7550
1424 8818
1424 9645
1424 9981
1425 2664
1425 3250
1425 3406
1425 4199
1425 4865
1425 5046
1425 5544
1425 5550
1425 7301
1425 9347
1426 1680
1426 2715
1426 3406
1426 3836
1426 4305
1426 4432
1426 5807
1426 6909
1426 7372
1426 8310
1426 9401
1426 9511
1427 1935
1427 2183
1427 2456
1427 2822
1427 3085
1427 8530
1427 8657
1427 9027
1428 3033
1428 3717
1428 5525
1428 7616
1428 7693
1428 8262
1428 9318
1428 9661
1429 3632
1429 5382
1429 5388
1429 6133
1429 6144
1429 6340
1429 7014
1429 7633
1429 8226
1429 9265
1429 9639
1430 2417
1430 3642
1430 4072
1430 4079
1430 6018
1430 7019
1430 7741
1430 7993
1430 8041
1431 4632
1431 5926
1431 7158
1431 7163
1431 7254
1431 8078
1431 8180
1431 8706
1431 8881
1431 9606
1431 9690
1431 9761
1432 2578
1432 3198
1432 5106
1432 6368
1432 6555
1432 8106
1432 9451
1433 1899
1433 4530
1433 5305
1433 5669
1433 7727
1433 9854
1434 1700
1434 2979
1434 3767
1434 4425
1434 4452
1434 5157
1434 6567
1434 9003
1435 1571
1435 1792
1435 2791
1435 3687
1435 5357
1435 5548
1435 5745
1435 6701
1435 7123
1435 8942
1435 9558
1436 2665
1436 4111
1436 4572
1436 8415
1436 9841
1436 9908
1437 1809
1437 2424
1437 3504
1437 3670
1437 4514
1437 5316
1437 8455
1437 8890
1437 8892
1437 9240
1438 2176
1438 3879
1438 6085
1438 6587
1438 6645
1439 1596
1439 2328
1439 2403
1439 3717
1439 7270
1439 7760
1439 7992
1439 8093
1439 9717
1440 2797
1440 3320
1440 3743
1440 4673
1440 4937
1440 5105
1440 6547
1440 6929
1440 7054
1440 7498
1440 9013
1440 9048
1440 9789
1441 2432
1441 3808
1441 3919
1441 4238
1441 4334
1441 6177
1441 6831
1441 7044
1441 8297
1441 9039
1441 9978
1442 3968
1442 4993
1442 5234
1442 5680
1442 6139
1442 7193
1442 7541
1442 8433
1442 9316
1442 9820
1442 9909
1442 9927
1443 1606
1443 2731
1443 2893
1443 3137
1443 3399
1443 5332
1443 5750
1443 7376
1443 7753
1443 9200
1444 1855
1444 3169
1444 3341
1444 3735
1444 4278
1444 6087
1444 6882
1444 7858
1444 9477
1445 3565
1445 4349
1445 5162
1445 8013
1445 8218
1446 1612
1446 2272
1446 7364
1446 7575
1446 8121
1446 8601
1447 2843
1447 6856
1447 7146
1447 8504
1447 9093
1447 9160
1447 9446
1448 2430
1448 4292
1448 4628
1448 5187
1448 5596
1448 7129
1448 8883
1449 2676
1449 2715
1449 3564
1449 4938
1449 5189
1449 6162
1449 7006
1449 7194
1449 9204
1449 9441
1449 9637
1450 1600
1450 1710
1450 2244
1450 2398
1450 2691
1450 2867
1450 3726
1450 4501
1450 5123
1450 5640
1451 2076
1451 2855
1451 4977
1451 5624
1451 5896
1451 6365
1451 6559
1451 7019
1451 7735
1451 8161
1451 8606
1451 9335
1452 1811
1452 2562
1452 3852
1452 4679
1452 6419
1452 9967
1453 3360
1453 3831
1453 4096
1453 5086
1453 5928
1453 6339
1453 9028
1453 9327
1454 1498
1454 2224
1454 2983
1454 4795
1454 5087
1454 5645
1454 6935
1454 9244
1455 2444
1455 4937
1455 6545
1455 9173
1456 2288
1456 2902
1456 5162
1456 6201
1456 6916
1456 7546
1456 8880
1457 3746
1457 4569
1457 4726
1457 5416
1457 5927
1457 6109
1457 6135
1457 8167
1457 9785
1458 2629
1458 4149
1458 4743
1458 4906
1458 5024
1458 7681
1458 8572
1458 8707
1458 9183
1459 2683
1459 3103
1459 3141
1459 5120
1459 7412
1459 8382
1460 3232
1460 3879
1460 5810
1460 6272
1460 6484
1460 6874
1460 9439
1460 9771
1461 1516
1461 6977
1461 7763
1461 8876
1461 9241
1461 9246
1461 9673
1462 2208
1462 2332
1462 2599
1462 3175
1462 3443
1462 3802
1462 4999
1462 5446
1462 6474
1462 6533
1462 6849
1462 7066
1462 7147
1462 9172
1462 9730
1463 3012
1463 3358
1463 3822
1463 3946
1463 4498
1463 7538
1463 8071
1463 8228
1463 9901
1464 2373
1464 3092
1464 4235
1464 5678
1464 6661
1464 7055
1464 7452
1464 9136
1465 2268
1465 2883
1465 5647
1465 5828
1465 5907
1465 6851
1465 7601
1465 8431
1466 4697
1466 4920
1466 6013
1466 6861
1466 7217
1466 8278
1466 8571
1466 9003
1467 2949
1467 5956
1467 6057
1467 6261
1467 6296
1467 8507
1467 9842
1468 1918
1468 3999
1468 4144
1468 8859
1468 9716
1469 2061
1469 2099
1469 2391
1469 5629
1469 6324
1469 6524
1469 6657
1469 8629
1470 1672
1470 1706
1470 2938
1470 4066
1470 4722
1470 5180
1470 5570
1470 6464
1470 9433
1471 3071
1471 3807
1471 5953
1471 8040
1471 9215
1471 9980
1472 2585
1472 2810
1472 6000
1472 7209
1472 7359
1472 8630
1472 8754
1472 8850
1473 2128
1473 2260
1473 2365
1473 2849
1473 5000
1473 5495
1473 5627
1473 5692
1473 7098
1473 7389
1473 8300
1473 8625
1474 1524
1474 1555
1474 1940
1474 3704
1474 4332
1474 5334
1474 5455
1474 6028
1474 7820
1474 8108
1474 9657
1475 2709
1475 2724
1475 3815
1475 4377
1475 4483
1475 5033
1475 5477
1475 5496
1475 6559
1475 9168
1476 2890
1476 3968
1476 4534
1476 6896
1476 7400
1476 8700
1476 8874
1476 9458
1477 3037
1477 4794
1477 4906
1477 4945
1477 5038
1477 5145
1477 7656
1477 7913
1477 8491
1477 9168
1477 9702
1477 9710
1478 1588
1478 1653
1478 1803
1478 3226
1478 3321
1478 4513
1478 5630
1478 7679
1478 9901
1479 2694
1479 3218
1479 3611
1479 7351
1479 7551
1479 7643
1479 7903
1479 7959
1479 8922
1480 1833
1480 4198
1480 5589
1480 6027
1480 7818
1480 8113
1481 2839
1481 2986
1481 4471
1481 4925
1481 6209
1481 7390
1481 7436
1481 7813
1481 8195
1481 9931
1482 2540
1482 3650
1482 3774
1482 4033
1482 4040
1482 4369
1482 6451
1482 6858
1482 8230
1482 9712
1483 2227
1483 3749
1483 4704
1483 5111
1483 5428
1483 5541
1483 5801
1483 6734
1483 7253
1483 7892
1483 8266
1483 9417
1483 9775
1484 2362
1484 4251
1484 5134
1484 5293
1484 5309
1484 5334
1484 5745
1484 6149
1484 7503
1484 7835
1485 6669
1485 7317
1485 8312
1485 9770
1486 4665
1486 4688
1486 4929
1486 5042
1486 5674
1486 6551
1486 6695
1486 7572
1486 7914
1486 8180
1486 8335
1486 9207
1486 9368
1486 9727
1487 1712
1487 2126
1487 3220
1487 4477
1487 4529
1487 5439
1487 5490
1487 5562
1487 5979
1487 7550
1487 9441
1487 9519
1487 9719
1487 9888
1488 2178
1488 2263
1488 2838
1488 2989
1488 4388
1488 4448
1488 5216
1488 5941
1488 6606
1488 7479
1488 8735
1488 9215
1488 9841
1489 1518
1489 1531
1489 1588
1489 2189
1489 2652
1489 8815
1489 8989
1490 1757
1490 2713
1490 2822
1490 4571
1490 7343
1490 8872
1490 9837
1490 9854
1491 2748
1491 6052
1491 6705
1491 8497
1491 9636
1492 1567
1492 1880
1492 3405
1492 3734
1492 6224
1492 6632
1492 7003
1492 8003
1492 8029
1492 8273
1492 8645
1492 9325
1493 2694
1493 6262
1493 6275
1493 8381
1493 9747
1493 9820
1494 1682
1494 2125
1494 3521
1494 5866
1494 7152
1494 7505
1494 9211
1494 9288
1494 9716
1495 1538
1495 1937
1495 3017
1495 3881
1496 2251
1496 2466
1496 2637
1496 4273
1496 4527
1496 5994
1496 6468
1496 7055
1496 7508
1496 8595
1496 9539
1496 9973
1497 2937
1497 3149
1497 4443
1497 5062
1497 5721
1497 5722
1497 6289
1497 7090
1497 7347
1497 7629
1497 9049
1497 9481
1497 9769
1498 1870
1498 2030
1498 2180
1498 2373
1498 2523
1498 2596
1498 4601
1498 5083
1498 5118
1498 6090
1498 7350
1498 8458
1498 8518
1498 9827
1499 2789
1499 3536
1499 4970
1499 5801
1499 9497
1500 1609
1500 2246
1500 3238
1500 3500
1500 6329
1500 6706
1500 7312
1500 7458
1500 9781
1501 1725
1501 3133
1501 3714
1501 4007
1501 4172
1501 5030
1501 5333
1501 6456
1501 6747
1501 6768
1502 1670
1502 3186
1502 3862
1502 5145
1502 5974
1502 9435
1503 2803
1503 4501
1503 5763
1503 7788
1504 1984
1504 2518
1504 7632
1504 7915
1504 8253
1504 9046
1504 9109
1504 9523
1504 9555
1505 1539
1505 2914
1505 3260
1505 4108
1505 6227
1505 6670
1505 8483
1505 8686
1506 1548
1506 1913
1506 3148
1506 4432
1506 5884
1506 6046
1506 6498
1506 7740
1506 8260
1506 8674
1506 8909
1506 9046
1506 9708
1507 1678
1507 1758
1507 2278
1507 2846
1507 4765
1507 4790
1507 4818
1507 5439
1507 7690
1507 9197
1507 9273
1507 9570
1508 1744
1508 7678
1508 7889
1508 8109
1508 8912
1508 9926
1509 1668
1509 2084
1509 2101
1509 2679
1509 2687
1509 3155
1509 4097
1509 5697
1509 6487
1509 8059
1509 8471
1509 9364
1509 9838
1510 1583
1510 2178
1510 2984
1510 4317
1510 4788
1510 4907
1510 5306
1510 6863
1510 8007
1511 3104
1511 3878
1511 3923
1511 5902
1511 6378
1511 7030
1511 7519
1511 7891
1511 8842
1511 8957
1511 9473
1512 2223
1512 3938
1512 4031
1512 4307
1512 5188
1512 5732
1512 6035
1512 7791
1512 7947
1512 8630
1513 2389
1513 2584
1513 3339
1513 5089
1513 5271
1513 6238
1513 9002
1513 9878
1514 2016
1514 2637
1514 2907
1514 3813
1514 5128
1514 5722
1514 6849
1514 9194
1515 1827
1515 2995
1515 5354
1515 5497
1515 6800
1515 7617
1515 8942
1516 3437
1516 3952
1516 4844
1516 5947
1516 6909
1516 8776
1516 8810
1517 1766
1517 3539
1517 3631
1517 4093
1517 5886
1517 6294
1517 7934
1517 9451
1517 9545
1517 9698
1518 4531
1518 4872
1518 6911
1519 2653
1519 2948
1519 3957
1519 4788
1519 7314
1519 8826
1519 8830
1519 9099
1520 3014
1520 5089
1520 6216
1520 8993
1521 1771
1521 3073
1521 4859
1521 6943
1521 8173
1521 8333
1521 9887
1522 1679
1522 4823
1522 4931
1522 6454
1522 7793
1522 9012
1523 1725
1523 2428
1523 3040
1523 3122
1523 5482
1523 6142
1523 7760
1523 8012
1523 9820
1524 2889
1524 3170
1524 3532
1524 5462
1524 5833
1524 6375
1524 7965
1524 8576
1524 9024
1524 9875
1525 2670
1525 3099
1525 3657
1525 4763
1525 5693
1525 6886
1525 8022
1525 8224
1525 8262
1525 8386
1526 1870
1526 2218
1526 2323
1526 3482
1526 3940
1526 4543
1526 7518
1526 9148
1526 9520
1527 2931
1527 4839
1527 5620
1527 6076
1527 6437
1527 7800
1527 8886
1528 2093
1528 3820
1528 3863
1528 3864
1528 4258
1528 4788
1528 5074
1528 6674
1528 7074
1528 8488
1528 8656
1528 9339
1528 9404
1529 2012
1529 4644
1529 9053
1529 9679
1529 9684
1530 1644
1530 1724
1530 2971
1530 3379
1530 3622
1530 4442
1530 5983
1530 7026
1530 7602
1530 8092
1530 8901
1530 9503
1530 9775
1530 9890
1530 9962
1531 1615
1531 2540
1531 3478
1531 5323
1531 5455
1531 5475
1531 5827
1531 6315
1531 6531
1532 1988
1532 3157
1532 9389
1533 1791
1533 3477
1533 4032
1533 5263
1533 5949
1533 6078
1533 6106
1533 7604
1533 8014
1533 9148
1533 9277
1533 9844
1534 2061
1534 2553
1534 3420
1534 3861
1534 4241
1534 6858
1534 8102
1534 8644
1534 8739
1534 8847
1534 8962
1535 4804
1535 5486
1535 5523
1535 6114
1535 6152
1536 2131
1536 2454
1536 3773
1536 3838
1536 6376
1536 6383
1536 7988
1536 8068
1536 8265
1536 8874
1536 9372
1537 3255
1537 4864
1537 5179
1537 7883
1537 9731
1538 2275
1538 2357
1538 3936
1538 5601
1538 6323
1538 6726
1538 7036
1538 7086
1538 7777
1538 8689
1538 9382
1538 9532
1539 1921
1539 6625
1539 7713
1539 7751
1540 1969
1540 2014
1540 3228
1540 4756
1540 7346
1540 8513
1540 8649
1540 9440
1541 1656
1541 2085
1541 2475
1541 2582
1541 2597
1541 4004
1541 4295
1541 5333
1541 5834
1541 6068
1541 7011
1541 7209
1541 7356
1541 7627
1542 1925
1542 3693
1542 4516
1542 6637
1542 6660
1542 9385
1542 9436
1543 2291
1543 3693
1543 4833
1543 5195
1543 7446
1543 8592
1543 9276
1543 9641
1544 2256
1544 2677
1544 4052
1544 4915
1544 6744
1544 7035
1544 8087
1544 9687
1545 5067
1545 6044
1545 6756
1545 6761
1545 7923
1545 9099
1546 4661
1546 4950
1546 5271
1546 5436
1546 6094
1546 7429
1546 8567
1546 9144
1546 9400
1546 9536
1547 2536
1547 5646
1547 7004
1547 7063
1547 9614
1548 1755
1548 1849
1548 2192
1548 3449
1548 4184
1548 5982
1548 6791
1548 8764
1549 2917
1549 5216
1549 5793
1549 6938
1549 8943
1549 9082
1549 9986
1550 1687
1550 2065
1550 2142
1550 4147
1550 5048
1550 6952
1550 7099
1550 9160
1550 9270
1551 2057
1551 4269
1551 5215
1551 7007
1551 8939
1551 9331
1552 1584
1552 2292
1552 5092
1552 6106
1552 6647
1552 6762
1552 8642
1552 9793
1553 3330
1553 3562
1553 4049
1553 5155
1553 5200
1553 6736
1553 7737
1553 7854
1553 8196
1553 8573
1554 2123
1554 3433
1554 4323
1554 5898
1554 6001
1554 6092
1554 6935
1554 7239
1554 7933
1554 9903
1555 2110
1555 2373
1555 3333
1555 5003
1555 5663
1555 5865
1555 7850
1555 8370
1555 8999
1555 9190
1555 9646
1556 1831
1556 2791
1556 3209
1556 3550
1556 3662
1556 5094
1556 6949
1556 9159
1556 9410
1556 9729
1556 9857
1557 2472
1557 2485
1557 6547
1557 6589
1557 7459
1557 8048
1557 8098
1557 8891
1558 3749
1558 4077
1558 4635
1558 7227
1558 7228
1558 7645
1558 7719
1558 7763
1558 8914
1558 9191
1558 9669
1559 2248
1559 3838
1559 4110
1559 4184
1559 5533
1559 7009
1559 7231
1559 7376
1559 7783
1559 8014
1559 8401
1559 8546
1560 2620
1560 3350
1560 3687
1560 4977
1560 5241
1560 7137
1560 7914
1560 8323
1561 2101
1561 2174
1561 2471
1561 4319
1561 6649
1561 6679
1561 7596
1561 8011
1561 8534
1561 9471
1562 1827
1562 4494
1562 4761
1562 5021
1562 7458
1562 7555
1562 7789
1562 8052
1562 8133
1563 3200
1563 4015
1563 4987
1563 6355
1563 6363
1563 7631
1563 8705
1564 2190
1564 3411
1564 4056
1564 4559
1564 5085
1564 6250
1565 1968
1565 2906
1565 3397
1565 3455
1565 3640
1565 4624
1565 5267
1565 6839
1565 7522
1565 9262
1565 9458
1566 2428
1566 2609
1566 2975
1566 3128
1566 3555
1566 3557
1566 4221
1566 4243
1566 5344
1566 7199
1566 7554
1566 7670
1566 8998
1566 9244
1566 9277
1566 9953
1567 2551
1567 3076
1567 3778
1567 4593
1567 5913
1567 7183
1567 8108
1567 8264
1567 8616
1567 9925
1568 1652
1568 2935
1568 3415
1568 3713
1568 5111
1568 8966
1568 9059
1569 3710
1569 4075
1569 4080
1569 5779
1569 9883
1570 2796
1570 3130
1570 4887
1570 5817
1570 6494
1570 7127
1570 7271
1570 8408
1570 9402
1571 2260
1571 2496
1571 2607
1571 3775
1571 3943
1571 5052
1571 7031
1571 7038
1571 7933
1571 9409
1571 9754
1571 9955
1572 2943
1572 3825
1572 4619
1572 4849
1572 4861
1572 6334
1572 7542
1572 7715
1573 2309
1573 3871
1573 4437
1573 5218
1573 5889
1573 6381
1573 6706
1573 7003
1573 8459
1573 9238
1574 1716
1574 4673
1574 5162
1574 6540
1574 7222
1574 8103
1574 9335
1575 2000
1575 2768
1575 3112
1575 3377
1575 3862
1575 5667
1575 6390
1575 7115
1575 7939
1575 8069
1575 8601
1575 8696
1576 1869
1576 2659
1576 3749
1576 4450
1576 7578
1576 8292
1576 8343
1576 9160
1576 9341
1576 9849
1577 1777
1577 4392
1577 5895
1577 7062
1577 7578
1577 7708
1577 7953
1577 9214
1577 9905
1578 1704
1578 2525
1578 2799
1578 2975
1578 3206
1578 4950
1578 9510
1579 2384
1579 3642
1579 5852
1579 6168
1579 6484
1579 7796
1579 8928
1579 9316
1579 9734
1580 2674
1580 2812
1580 5050
1580 5084
1580 5230
1580 5683
1580 5707
1580 7705
1580 7932
1580 8212
1581 1968
1581 2174
1581 7675
1581 8117
1581 9528
1581 9688
1581 9726
1582 1936
1582 2274
1582 3699
1582 4511
1582 4746
1582 4957
1582 6278
1583 2738
1583 4858
1583 5219
1583 6496
1583 6706
1583 6916
1583 7568
1583 8435
1583 8951
1583 9022
1584 2960
1584 3651
1584 3671
1584 5935
1584 6153
1584 7374
1584 9677
1585 2646
1585 3483
1585 3968
1585 4510
1585 5735
1585 5867
1585 7072
1585 7471
1585 8254
1585 8754
1585 8929
1586 2828
1586 4862
1586 7557
1587 2273
1587 2388
1587 6639
1587 6660
1587 7412
1587 8504
1587 8610
1587 9186
1587 9473
1588 2681
1588 3157
1588 4222
1588 4674
1588 4845
1588 5681
1588 6064
1588 6567
1588 7515
1588 9101
1588 9779
1588 9998
1589 2144
1589 3093
1589 3665
1589 5221
1589 5779
1589 7484
1589 7895
1590 1981
1590 4103
1590 4763
1590 6462
1590 7505
1590 8474
1591 1880
1591 2013
1591 2845
1591 3145
1591 4612
1591 4909
1591 7655
1591 8609
1591 8777
1591 8889
1592 2748
1592 5022
1592 6332
1592 7899
1593 1705
1593 1990
1593 3224
1593 5229
1593 5567
1593 6111
1593 7445
1593 8160
1593 8291
1593 8650
1594 2242
1594 3257
1594 3649
1594 4606
1594 5013
1594 5190
1594 5887
1594 5942
1594 9278
1594 9452
1595 3498
1595 4271
1595 4488
1595 4989
1595 8589
1595 8713
1595 9236
1595 9797
1596 3258
1596 6900
1596 7275
1596 7884
1596 8505
1596 8666
1596 8989
1597 2810
1597 4647
1597 6062
1597 6887
1597 8718
1597 9494
1597 9860
1598 2073
1598 3639
1598 4637
1598 5939
1598 6397
1598 6503
1598 6756
1598 8362
1598 8907
1599 2202
1599 2811
1599 5505
1599 5653
1599 5709
1599 6712
1599 6940
1599 6970
1599 7472
1600 1791
1600 1870
1600 3421
1600 3477
1600 5381
1600 6723
1600 7449
1600 8750
1601 1951
1601 2491
1601 3468
1601 4559
1601 5959
1601 7914
1601 8995
1601 9594
1601 9656
1602 2745
1602 3876
1602 4441
1602 5521
1602 5847
1602 7080
1603 3324
1603 4974
1603 5025
1603 5821
1603 8060
1604 2036
1604 2829
1604 3603
1604 3770
1604 5099
1604 6729
1604 7968
1604 9314
1605 3058
1605 5581
1605 7650
1605 7718
1606 1672
1606 2522
1606 2830
1606 7544
1606 8211
1606 9855
1607 4831
1607 4897
1607 5437
1607 8018
1607 9408
1607 9681
1608 2028
1608 2468
1608 2480
1608 2705
1608 4245
1608 4661
1608 4674
1608 8104
1608 8930
1608 9011
1608 9022
1609 2502
1609 3973
1609 5319
1609 5808
1609 5853
1609 6221
1609 8475
1610 2121
1610 2655
1610 3294
1610 3383
1610 4966
1610 5162
1610 6323
1610 6476
1610 7834
1610 8316
1610 8759
1611 1742
1611 3239
1611 5243
1611 5292
1611 5419
1611 6030
1611 6840
1611 9444
1612 2818
1612 5517
1612 5735
1612 6271
1612 7923
1612 8894
1612 9663
1613 2211
1613 3358
1613 4515
1613 4938
1613 5787
1613 8808
1614 1978
1614 3031
1614 3425
1614 3514
1614 3622
1614 5671
1614 5933
1614 6242
1614 6693
1614 7107
1614 8442
1614 8841
1614 8871
1614 9881
1615 2758
1615 5222
1615 5301
1615 5335
1615 6174
1615 6818
1615 7838
1615 9075
1616 2352
1616 2705
1616 2769
1616 3889
1616 4859
1616 5054
1616 6216
1616 6762
1616 7151
1616 7790
1616 7883
1617 1660
1617 3218
1617 4450
1617 4690
1617 5554
1617 6635
1617 7073
1617 7663
1617 8785
1617 9471
1618 1663
1618 1793
1618 2535
1618 3894
1618 4665
1618 5104
1618 6886
1618 8082
1618 8158
1618 9020
1618 9201
1619 3359
1619 4937
1619 4938
1619 5312
1619 6028
1619 6515
1619 7738
1619 8554
1619 8876
1620 7192
1620 7255
1620 7461
1620 7467
1620 7546
1620 8843
1621 1997
1621 2023
1621 2671
1621 3425
1621 3839
1621 4582
1621 4939
1621 5309
1621 5678
1621 6435
1621 8136
1621 8930
1621 9248
1621 9731
1621 9933
1622 1738
1622 2911
1622 4419
1622 5315
1622 5536
1622 7096
1622 7191
1622 7220
1622 7540
1622 7591
1622 8029
1622 8503
1622 9397
1623 4015
1623 5772
1623 7293
1623 7413
1623 8721
1624 1861
1624 3240
1624 3417
1624 3992
1624 4441
1624 4591
1624 7217
1624 9593
1625 6646
1625 7023
1625 8011
1625 8533
1625 9285
1625 9286
1625 9381
1626 2000
1626 4857
1626 5643
1626 6568
1626 7185
1626 7613
1627 1757
1627 1909
1627 2227
1627 2959
1627 3581
1627 4401
1627 5843
1627 6070
1627 6723
1627 6853
1627 8912
1627 9590
1627 9901
1628 2124
1628 2428
1628 2842
1628 4162
1628 4531
1628 4818
1628 7331
1628 9182
1629 1836
1629 2140
1629 2692
1629 2738
1629 3371
1629 3835
1629 4945
1629 5338
1629 6402
1630 2432
1630 4086
1630 8293
1630 8732
1631 1791
1631 4475
1631 5418
1631 7852
1631 9559
1632 1644
1632 1757
1632 4684
1632 5543
1632 6226
1632 6936
1632 7907
1632 9114
1633 1760
1633 2619
1633 3823
1633 4287
1633 5652
1633 8214
1633 8704
1633 8832
1633 9498
1634 2833
1634 3811
1634 4743
1634 6116
1634 7091
1635 4474
1635 5192
1635 5896
1635 9348
1636 2332
1636 2867
1636 4154
1636 5044
1636 7651
1636 7743
1636 8559
1636 9565
1637 3552
1637 3733
1637 5023
1637 5301
1637 7499
1637 7888
1637 8766
1637 9576
1637 9881
1637 9958
1638 2800
1638 3891
1638 7822
1638 8528
1638 8620
1638 8799
1639 3186
1639 6522
1639 7824
1639 9875
1640 2023
1640 2642
1640 3150
1640 3734
1640 3762
1640 7964
1640 8855
1640 9535
1641 1727
1641 2736
1641 3752
1641 4609
1641 6207
1641 6409
1641 6890
1641 7651
1641 8043
1642 2298
1642 2795
1642 3053
1642 3517
1642 5300
1642 5864
1642 6771
1642 8544
1642 8578
1642 8622
1642 9014
1643 2553
1643 3376
1643 4392
1643 4674
1643 7855
1643 8233
1644 3070
1644 3415
1644 4283
1644 5061
1644 5461
1644 5716
1644 7492
1644 7731
1644 9316
1645 2202
1645 3545
1645 4250
1645 4271
1645 7120
1645 8741
1646 2057
1646 4707
1646 4924
1646 5773
1646 8168
1646 8871
1647 3017
1647 3622
1647 4194
1647 4247
1647 4865
1647 5161
1647 7055
1647 7538
1647 8251
1647 9631
1648 2466
1648 2615
1648 2890
1648 2905
1648 4217
1648 4887
1648 5155
1648 6832
1648 8252
1648 8875
1649 1939
1649 2703
1649 2849
1649 3072
1649 4730
1649 5864
1649 6342
1649 6910
1649 8122
1649 9199
1649 9506
1650 3086
1650 4556
1650 4903
1650 6822
1650 8361
1650 9654
1651 1970
1651 2086
1651 2142
1651 4262
1651 4365
1651 4886
1651 7082
1651 7740
1651 8091
1651 8373
1651 8424
1651 8645
1652 2029
1652 2076
1652 6378
1652 6765
1652 8321
1652 8483
1652 9577
1652 9986
1653 3860
1653 6123
1653 6743
1653 7221
1653 7712
1653 8475
1653 8573
1653 9072
1653 9386
1654 2261
1654 3577
1654 5490
1654 5598
1654 6009
1654 9528
1655 2847
1655 3604
1655 7015
1655 8382
1655 8481
1655 9198
1656 1750
1656 1953
1656 2068
1656 2088
1656 2293
1656 2527
1656 2682
1656 4006
1656 4415
1656 6836
1656 8394
1656 9482
1657 2609
1657 2622
1657 2896
1657 3212
1657 5814
1657 7716
1657 8366
1657 9636
1658 4754
1658 4888
1658 5864
1658 6135
1658 6795
1658 7209
1658 9782
1659 2164
1659 2499
1659 6399
1659 6996
1659 8441
1659 9284
1660 1845
1660 2909
1660 3339
1660 3665
1660 3770
1660 4285
1660 4775
1660 6283
1660 7179
1660 7744
1660 7858
1660 8893
1660 8978
1661 4724
1661 5962
1661 7881
1661 8015
1661 8987
1661 9716
1662 2598
1662 3190
1662 3318
1662 7199
1662 8249
1662 8622
1662 9546
1663 3666
1663 5189
1663 6314
1663 7365
1663 9458
1664 2497
1664 2510
1664 3585
1664 3849
1664 3920
1664 4474
1664 5045
1664 6287
1664 7922
1664 8176
1664 8945
1664 9208
1665 2437
1665 2785
1665 4251
1665 6020
1665 9522
1666 1836
1666 3287
1666 4125
1666 4677
1666 5450
1666 5634
1667 1730
1667 1861
1667 1868
1667 2225
1667 2571
1667 2813
1667 5481
1667 5846
1667 6995
1667 8715
1667 8865
1667 9452
1667 9558
1667 9952
1668 1723
1668 2306
1668 5284
1668 5377
1668 5955
1668 6108
1668 8566
1669 2316
1669 2815
1669 2913
1669 3321
1669 4540
1669 6158
1670 1973
1670 3125
1670 4527
1670 4801
1670 4989
1670 6584
1670 8089
1670 8124
1670 8201
1670 8860
1670 9088
1671 2494
1671 3065
1671 4366
1671 5750
1671 6101
1671 7140
1672 1757
1672 2075
1672 2742
1672 3438
1672 4788
1672 5182
1672 5715
1672 5867
1672 7392
1672 7422
1672 7452
1672 9317
1672 9826
1673 1696
1673 1735
1673 2898
1673 3857
1673 4352
1673 5228
1673 5423
1673 5699
1673 6511
1673 7102
1673 8041
1673 9883
1674 1794
1674 2505
1674 2690
1674 5107
1674 5179
1674 7994
1674 8099
1674 8251
1674 8424
1674 8472
1674 9744
1674 9879
1674 9940
1675 2217
1675 3636
1675 4331
1675 5486
1675 5877
1675 8290
1675 8570
1675 9305
1676 1734
1676 2476
1676 3042
1676 3838
1676 4979
1676 5718
1676 5737
1676 5847
1676 7601
1677 2383
1677 4246
1677 5294
1677 7660
1677 8357
1677 8698
1677 8850
1677 9033
1677 9310
1678 1843
1678 2207
1678 2489
1678 3089
1678 3673
1678 5677
1678 6271
1678 6539
1678 7113
1678 8284
1678 9669
1678 9801
1679 3954
1679 5346
1679 5369
1679 5390
1679 6887
1679 7151
1679 7787
1679 9088
1679 9904
1680 3474
1680 4878
1681 5122
1681 5169
1681 8082
1681 9756
1682 4562
1682 5043
1682 5426
1682 6498
1682 6989
1682 7433
1682 8058
1682 9103
1682 9446
1682 9932
1683 2978
1683 3130
1683 3468
1683 5317
1683 7190
1683 7984
1683 9733
1684 1874
1684 2115
1684 2936
1684 3930
1684 4137
1684 6794
1684 7147
1684 8674
1685 2258
1685 2979
1685 3672
1685 4493
1685 4846
1685 5553
1685 5638
1685 6087
1685 7345
1685 7438
1685 7614
1685 8043
1685 8659
1685 8868
1686 1946
1686 2535
1686 3398
1686 3422
1686 3837
1686 4207
1686 6316
1686 8095
1686 8918
1686 9037
1686 9180
1687 3711
1687 3978
1687 7056
1687 8973
1687 9905
1688 3750
1688 4735
1688 4906
1688 5739
1688 6293
1688 6530
1688 7031
1688 7707
1688 8160
1688 8729
1688 9313
1688 9865
1689 2000
1689 3597
1689 3883
1689 4176
1689 4457
1689 5231
1689 5301
1689 6094
1689 6183
1689 7090
1689 7318
1689 7674
1689 7974
1689 8458
1689 8510
1689 9172
1690 2036
1690 2717
1690 4663
1690 5013
1690 5809
1690 6339
1690 7439
1690 8603
1690 8694
1690 8717
1691 1909
1691 2681
1691 3241
1691 5336
1691 5765
1691 7970
1691 8116
1691 9980
1692 1813
1692 5963
1692 6449
1692 7404
1692 7922
1692 8203
1692 8847
1693 2133
1693 2810
1693 3009
1693 3065
1693 4216
1693 5125
1693 6555
1693 6586
1693 8857
1694 2323
1694 3611
1694 4842
1694 5703
1694 7650
1695 4587
1695 4800
1695 6259
1695 6607
1695 6679
1695 6980
1695 7150
1695 7646
1696 3382
1696 3676
1696 3838
1696 4510
1696 4795
1696 5261
1696 7253
1697 3049
1697 3123
1697 7917
1697 8128
1697 8895
1697 9807
1698 1721
1698 2534
1698 2630
1698 4779
1698 4950
1698 5245
1698 5496
1698 6454
1698 7756
1698 8157
1699 1859
1699 2091
1699 3743
1699 4773
1699 5755
1699 5878
1699 5974
1699 7125
1699 9197
1699 9383
1700 1719
1700 2208
1700 3130
1700 4134
1700 4889
1700 6925
1700 8554
1700 8556
1700 8702
1701 2151
1701 2369
1701 2498
1701 2767
1701 3021
1701 4801
1701 6922
1701 7824
1701 8952
1701 9258
1702 2050
1702 2624
1702 2724
1702 3442
1702 3862
1702 6107
1702 6246
1702 6473
1702 7507
1703 3206
1703 3281
1703 4776
1703 7105
1703 7647
1703 9151
1704 2784
1704 2833
1704 5285
1704 5649
1704 6827
1704 8230
1704 8955
1704 9227
1704 9301
1705 1840
1705 3479
1705 3608
1705 4866
1705 7488
1705 7891
1705 9810
1706 2167
1706 4518
1706 4634
1706 6561
1706 9255
1706 9556
1707 1787
1707 3112
1707 3207
1707 3838
1707 5171
1707 6654
1707 7581
1707 8011
1708 3669
1708 3783
1708 4378
1708 5329
1708 6994
1708 7417
1709 2504
1709 4866
1709 5868
1709 8099
1709 8364
1709 9580
1710 3150
1710 4906
1710 6494
1710 7100
1710 8743
1710 9361
1711 4069
1711 4818
1711 5623
1711 7061
1711 7456
1711 7983
1711 8112
1712 5195
1712 7521
1712 8272
1712 8488
1713 1933
1713 2459
1713 5131
1713 5858
1713 7667
1714 2366
1714 2419
1714 3331
1714 4035
1714 4363
1714 4933
1714 7255
1714 7784
1714 8440
1714 9027
1714 9162
1715 1900
1715 2360
1715 3178
1715 3208
1715 4702
1715 6137
1715 6650
1715 8330
1715 9034
1715 9757
1716 6339
1717 2671
1717 2684
1717 2904
1717 3039
1717 3480
1717 3923
1717 3967
1717 4937
1717 5212
1717 5675
1717 9019
1717 9041
1717 9211
1718 2171
1718 3215
1718 3442
1718 3732
1718 4516
1718 4746
1718 6175
1718 6860
1718 9034
1718 9808
1719 2497
1719 2714
1719 3911
1719 4611
1719 9287
1719 9401
1719 9491
1720 2445
1720 3225
1720 3411
1720 4301
1720 4614
1720 5958
1720 6019
1720 7229
1720 8915
1720 8920
1721 2741
1721 2927
1721 3221
1721 4891
1721 6239
1721 7044
1721 7687
1721 8449
1721 9238
1721 9588
1722 1792
1722 5687
1722 8724
1722 8756
1722 8854
1722 8940
1722 8959
1722 9766
1723 3560
1723 6478
1723 8220
1724 2009
1724 2372
1724 3653
1724 4446
1724 4688
1724 4869
1724 4939
1724 5526
1724 5538
1724 6816
1724 9519
1725 2065
1725 3440
1725 4259
1725 4435
1725 8726
1725 9575
1726 1835
1726 2766
1726 3519
1726 3709
1726 5271
1726 6691
1727 1927
1727 3613
1727 4362
1727 4604
1727 5278
1727 7478
1727 8191
1727 8678
1727 9170
1727 9385
1727 9418
1727 9687
1728 1801
1728 2346
1728 4255
1728 5498
1728 6945
1728 6993
1728 7359
1728 7891
1728 8764
1728 8792
1728 9245
1728 9342
1729 2813
1729 2847
1729 5214
1729 5222
1729 6947
1729 7521
1729 8017
1729 8617
1729 8718
1729 9290
1730 1904
1730 2288
1730 2688
1730 3447
1730 4876
1730 5964
1730 8438
1730 9848
1731 4379
1731 5333
1731 6734
1731 6808
1731 7388
1731 7512
1731 7857
1731 7947
1731 9159
1731 9227
1732 2086
1732 2463
1732 3127
1732 3285
1732 4343
1732 4413
1732 4611
1732 4790
1732 5696
1732 5973
1732 6635
1732 9897
1733 1766
1733 2182
1733 2311
1733 2976
1733 2981
1733 3612
1733 4697
1733 4743
1733 5029
1733 5822
1733 9139
1733 9337
1733 9770
1734 3097
1734 4548
1734 5192
1734 6040
1734 6382
1734 6646
1734 6770
1734 7176
1734 7512
1734 7558
1734 7856
1734 9067
1734 9103
1734 9564
1735 3318
1735 3975
1735 5708
1735 6535
1735 6887
1735 7232
1735 8059
1735 8650
1735 8984
1735 9755
1736 3042
1736 3956
1736 4695
1736 5111
1736 6052
1736 6099
1736 6923
1736 7212
1736 7277
1736 7423
1736 7432
1736 7662
1736 8708
1737 4396
1737 4464
1737 6179
1737 6291
1737 7589
1737 7655
1737 9709
1738 1953
1738 4591
1738 7607
1738 8939
1739 2588
1739 3165
1739 4424
1739 5343
1739 5724
1739 6177
1739 6275
1739 9137
1739 9799
1740 2232
1740 2762
1740 3295
1740 3531
1740 3921
1740 4039
1740 4366
1740 4820
1740 5206
1740 6409
1740 6591
1740 7041
1740 8530
1740 9035
1740 9526
1740 9929
1741 4966
1741 7549
1741 8821
1741 9704
1741 9942
1742 2750
1742 2846
1742 3151
1742 3894
1742 4056
1742 4363
1742 6270
1742 6449
1743 6799
1743 7989
1743 8448
1743 8773
1743 8779
1744 1951
1744 2298
1744 2577
1744 3007
1744 4279
1744 5879
1744 5982
1744 9597
1744 9755
1745 2650
1745 4917
1745 6396
1745 6750
1745 7708
1745 9643
1746 3591
1746 3600
1746 3712
1746 4907
1746 5745
1746 5913
1746 7073
1746 8253
1746 9459
1746 9475
1746 9848
1747 1957
1747 2336
1747 6839
1747 8333
1747 9130
1748 2044
1748 2321
1748 4965
1748 7756
1748 9004
1749 2472
1749 2925
1749 4563
1749 5995
1749 6149
1749 6953
1749 9484
1750 3149
1750 3286
1750 3380
1750 5948
1750 5958
1750 6211
1750 9670
1751 2159
1751 3345
1751 3809
1751 5023
1751 5164
1751 6094
1751 6197
1751 6280
1751 6891
1751 9903
1752 1778
1752 1883
1752 3318
1752 3739
1752 4066
1752 5005
1752 5449
1752 5485
1752 6976
1752 6990
1752 7699
1752 9850
1753 2238
1753 2335
1753 2736
1753 4337
1753 6851
1753 9208
1753 9320
1754 3815
1754 3863
1754 4040
1754 4462
1754 4577
1754 5370
1754 6444
1754 7625
1755 2194
1755 2500
1755 2769
1755 3000
1755 4069
1755 5942
1755 6172
1755 9097
1755 9369
1756 2234
1756 2927
1756 5414
1756 5937
1756 6181
1756 7786
1756 8528
1756 8908
1756 9923
1757 3100
1757 4480
1757 4625
1757 4675
1757 5089
1757 7349
1757 7364
1757 7446
1757 8009
1757 8163
1757 8666
1758 1823
1758 2665
1758 4597
1758 5524
1758 5557
1758 6227
1758 8567
1759 2606
1759 4607
1759 5204
1759 6036
1759 7519
1759 7791
1760 2020
1760 2461
1760 4917
1760 5808
1760 7189
1760 8176
1760 8238
1760 9421
1761 2014
1761 2065
1761 2408
1761 3274
1761 3555
1761 3829
1761 4038
1761 4394
1761 6717
1761 7515
1761 7853
1762 4213
1762 6822
1762 7407
1762 8172
1762 9703
1762 9919
1763 3826
1763 4188
1763 4466
1763 4568
1763 6055
1763 7163
1763 7747
1763 8338
1764 1842
1764 3213
1765 2330
1765 5662
1765 5989
1765 6452
1765 7351
1765 9455
1765 9965
1766 4599
1766 5064
1766 5837
1766 6832
1766 7943
1766 9944
1767 2558
1767 5441
1768 4086
1768 4222
1768 4788
1768 5724
1768 6486
1768 7300
1768 8251
1768 9186
1769 3256
1769 3990
1769 4164
1769 6751
1769 9111
1770 2687
1770 2975
1770 3259
1770 3645
1770 4726
1770 7403
1770 9762
1770 9929
1771 1998
1771 2034
1771 2187
1771 3207
1771 3395
1771 4097
1771 5177
1771 7412
1771 8824
1771 9088
1771 9677
1772 1840
1772 2157
1772 2347
1772 2422
1772 5013
1772 6319
1772 8115
1772 9990
1773 2422
1773 4950
1773 5034
1773 6054
1773 6981
1773 7056
1773 9174
1773 9488
1774 2748
1774 2810
1774 4725
1774 4897
1774 4964
1774 5489
1774 6710
1774 7108
1774 8903
1774 9086
1774 9957
1775 2934
1775 5001
1775 7911
1775 8778
1775 9374
1775 9375
1776 3544
1776 3613
1776 4357
1776 7452
1776 8645
1776 9988
1777 2528
1777 5446
1777 6327
1777 6370
1777 6950
1777 7362
1777 8274
1777 9427
1777 9801
1778 2179
1778 2432
1778 3225
1778 3785
1778 4269
1778 4339
1778 4648
1778 5152
1778 6260
1778 6383
1778 7302
1778 9217
1778 9369
1778 9521
1778 9709
1779 2699
1779 3023
1779 3059
1779 3927
1779 6098
1779 6399
1779 6754
1779 6865
1779 6899
1779 6907
1779 8562
1779 9511
1780 2240
1780 2356
1780 2395
1780 2891
1780 3527
1780 4594
1780 6006
1780 8413
1780 9960
1781 2378
1781 3563
1781 3908
1781 4600
1781 8377
1781 9602
1782 2060
1782 2461
1782 2594
1782 3000
1782 5567
1782 5775
1782 6768
1782 8707
1782 9215
1782 9770
1783 2046
1783 2667
1783 3726
1783 4355
1783 5649
1783 6632
1783 6662
1783 6762
1783 8152
1783 8196
1784 2437
1784 2679
1784 3676
1784 4082
1784 4110
1784 5007
1784 7283
1784 8419
1785 4366
1785 4368
1785 5069
1785 5426
1785 5822
1785 9536
1786 2858
1786 5081
1786 6369
1786 6639
1786 7653
1786 7720
1786 8588
1786 8686
1786 8857
1786 9468
1787 3540
1787 3825
1787 4395
1787 6724
1787 7654
1787 8021
1787 8173
1787 8281
1787 9427
1787 9998
1788 2242
1788 2386
1788 2611
1788 3076
1788 3930
1788 5695
1788 5879
1788 8223
1788 9624
1789 1904
1789 1981
1789 2302
1789 2420
1789 2759
1789 2911
1789 3016
1789 4622
1789 6453
1789 7418
1789 7480
1789 9235
1789 9690
1789 9953
1789 9980
1790 7109
1790 8287
1790 8556
1791 2136
1791 2232
1791 2235
1791 3206
1791 3248
1791 4534
1791 4765
1791 4929
1791 5082
1791 5892
1791 6393
1791 6848
1791 7200
1791 7304
1791 8261
1791 9489
1791 9529
1792 1878
1792 2183
1792 2611
1792 3000
1792 3395
1792 5694
1792 7074
1792 8597
1792 9587
1793 2491
1793 3100
1793 3384
1793 4589
1793 5653
1793 5990
1793 6002
1793 6544
1793 6859
1794 1912
1794 2240
1794 3500
1794 4811
1794 4827
1794 5092
1794 9080
1794 9439
1794 9574
1794 9914
1795 2099
1795 2622
1795 2751
1795 4345
1795 5011
1796 1825
1796 1924
1796 2839
1796 3851
1796 4254
1796 5406
1796 5601
1796 6179
1796 6202
1796 7788
1797 3284
1797 3620
1797 4799
1797 6294
1797 7848
1798 1870
1798 3771
1798 4578
1798 6092
1798 7161
1798 7244
1798 7921
1798 9601
1799 2027
1799 2651
1799 6388
1799 9584
1799 9818
1799 9918
1800 3330
1800 3762
1800 3908
1800 7799
1800 9092
1801 2875
1801 2947
1801 3396
1801 3479
1801 4402
1801 4624
1801 4631
1801 5041
1801 5280
1801 5982
1801 7733
1801 8798
1801 8838
1801 9002
1801 9544
1802 1826
1802 2176
1802 2415
1802 3083
1802 3422
1802 5224
1802 6061
1802 6405
1802 7436
1802 8483
1802 9651
1802 9658
1803 3977
1803 4451
1803 5188
1803 8650
1803 8796
1803 9030
1803 9518
1804 3049
1804 3414
1804 8899
1805 2857
1805 3820
1805 5429
1805 5682
1805 6154
1805 6232
1805 6267
1806 3160
1806 4002
1806 4344
1806 6007
1806 6334
1806 8704
1806 9744
1807 1869
1807 3226
1807 4677
1807 5492
1807 6233
1807 6685
1807 7035
1807 8171
1807 8172
1807 8428
1807 9967
1808 2810
1808 3197
1808 4033
1808 5726
1808 8090
1809 3037
1809 3212
1809 4309
1809 4461
1809 5288
1809 6054
1809 6237
1809 7794
1809 8421
1809 9538
1809 9585
1810 2200
1810 4445
1810 4705
1810 5327
1810 6784
1810 6947
1810 7491
1810 8276
1811 1852
1811 3296
1811 3951
1811 4103
1811 4197
1811 5199
1811 6157
1811 7260
1811 9619
1812 2512
1812 2718
1812 3762
1812 6044
1812 6913
1812 7266
1812 7428
1812 8462
1812 9585
1813 2522
1813 4059
1813 4441
1813 5814
1813 6138
1813 8002
1813 8821
1813 8863
1813 9507
1814 3114
1814 3115
1814 3886
1814 4709
1814 5032
1814 5076
1814 5480
1814 5637
1814 5726
1814 7863
1814 8402
1814 9118
1814 9604
1814 9851
1815 3314
1815 4641
1816 5592
1816 8960
1816 9770
1817 2962
1817 3704
1817 4705
1817 5379
1817 7070
1817 7689
1817 8227
1817 8348
1817 9466
1818 2007
1818 2048
1818 2212
1818 2792
1818 2997
1818 3740
1818 4766
1818 5383
1818 6192
1818 6765
1818 7769
1819 2171
1819 2922
1819 3501
1819 4513
1819 5410
1819 6434
1819 6591
1819 9676
1820 1876
1820 3005
1820 3255
1820 4399
1820 5650
1820 6872
1820 7155
1820 9947
1821 2030
1821 3219
1821 4380
1821 7470
1821 9108
1821 9149
1821 9452
1822 2891
1822 3463
1822 3756
1822 3889
1822 3994
1822 4436
1822 5399
1822 6569
1822 6769
1822 9050
1822 9945
1822 9982
1823 2226
1823 4386
1823 4714
1823 4995
1823 5661
1823 6063
1823 9248
1824 2526
1824 3077
1824 3336
1824 3506
1824 5647
1824 5845
1824 8909
1825 2004
1825 3599
1825 4135
1825 4888
1825 6657
1825 8384
1825 8679
1825 8799
1825 8894
1825 8952
1826 2117
1826 2161
1826 4364
1826 4515
1826 4630
1826 5115
1826 5898
1826 6567
1826 8731
1827 3526
1827 4640
1827 5397
1827 6885
1827 6888
1827 8553
1827 9258
1828 4882
1828 5186
1828 7431
1828 7448
1828 9914
1829 4479
1829 5687
1829 6077
1829 6157
1829 6196
1829 7057
1829 7181
1829 9675
1830 2144
1830 2245
1830 6341
1830 6394
1830 6658
1830 7296
1830 8567
1830 9862
1831 3202
1831 3640
1831 4299
1831 4962
1831 7647
1831 9310
1832 1971
1832 2571
1832 4831
1832 6292
1832 7562
1832 7600
1833 2342
1833 2747
1833 4188
1833 5162
1833 6399
1833 7484
1833 7659
1834 2015
1834 2936
1834 3396
1834 3415
1834 5617
1834 7965
1834 8914
1834 9046
1834 9680
1835 2328
1835 2783
1835 2810
1835 3758
1835 3962
1835 4138
1835 4381
1835 4501
1835 5063
1835 5338
1835 5711
1835 6528
1835 6906
1835 7422
1835 8064
1835 9646
1835 9892
1836 3100
1836 4385
1836 4549
1836 4771
1836 6058
1836 6094
1836 7307
1836 7334
1836 7830
1836 8266
1836 9941
1837 2417
1837 3113
1837 5724
1837 6800
1837 7186
1837 7939
1838 1875
1838 5543
1838 8149
1838 8269
1839 2443
1839 3933
1839 4919
1839 5858
1839 6286
1839 7250
1839 8240
1839 8743
1839 9085
1840 1941
1840 3208
1840 4776
1840 6450
1840 6962
1840 7113
1840 7452
1840 9079
1840 9367
1840 9473
1841 2124
1841 2224
1841 2261
1841 3174
1841 5241
1841 5675
1841 8964
1841 9657
1842 2173
1842 2329
1842 2718
1842 7105
1842 9205
1842 9316
1843 2347
1843 3343
1843 4335
1843 6037
1843 6653
1844 3178
1844 4101
1844 5203
1844 6837
1844 7063
1844 7791
1844 8327
1844 8537
1844 9113
1844 9401
1844 9433
1845 2994
1845 3041
1845 3409
1845 3892
1845 4168
1845 4883
1845 5106
1845 5940
1845 6507
1845 7143
1845 9680
1845 9740
1846 3265
1846 4149
1846 4339
1846 5296
1846 5698
1846 6705
1846 7450
1846 8245
1846 8404
1846 8863
1847 2446
1847 3056
1847 3235
1847 7517
1847 8311
1848 2340
1848 3183
1848 3298
1848 3333
1848 3345
1848 5124
1848 5143
1848 5676
1848 8616
1848 8943
1849 1860
1849 2351
1849 3076
1849 3920
1849 4162
1849 6396
1849 6673
1849 7159
1849 8693
1849 9089
1849 9713
1850 2237
1850 2387
1850 2569
1850 3179
1850 3824
1850 4159
1850 4797
1850 5642
1850 5755
1850 5845
1850 7860
1850 8236
1850 8612
1850 9523
1851 2212
1851 2996
1851 3444
1851 4259
1851 6388
1851 6625
1851 7315
1851 7486
1851 8210
1851 8882
1852 1884
1852 2874
1852 3018
1852 3463
1852 3966
1853 4546
1853 4892
1853 5016
1853 7981
1853 9096
1854 2246
1854 4123
1854 5734
1854 8548
1854 9072
1854 9243
1854 9357
1854 9409
1854 9469
1855 2738
1855 4648
1855 4823
1855 5599
1855 6150
1855 6703
1855 8020
1855 8907
1856 4481
1856 6537
1856 7865
1856 7869
1856 7916
1856 8506
1856 8531
1856 8538
1856 8781
1856 9239
1856 9504
1857 4003
1857 4266
1857 4564
1857 5034
1857 5307
1857 8042
1857 8431
1857 9275
1858 2704
1858 2735
1858 3401
1858 4774
1858 5337
1858 5339
1858 5749
1858 5925
1858 6338
1858 6913
1858 7580
1858 7612
1859 2221
1859 2769
1859 4278
1859 8961
1860 2012
1860 3601
1860 4052
1860 5146
1860 5395
1860 5505
1860 6210
1860 7379
1860 7557
1860 7762
1860 8112
1860 9204
1861 2260
1861 3587
1861 4269
1861 4280
1861 6484
1861 6836
1861 7563
1861 7916
1861 8647
1862 2919
1862 4169
1862 6332
1862 6451
1862 7361
1862 9296
1863 2707
1863 3982
1863 6320
1863 6422
1863 8042
1863 9174
1863 9541
1863 9799
1864 1911
1864 4546
1864 4750
1864 5426
1864 6315
1864 6762
1864 9426
1865 2311
1865 2475
1865 4209
1865 7094
1865 8377
1865 9473
1865 9569
1866 1920
1866 5455
1866 5982
1866 7284
1866 7307
1867 2011
1867 2801
1867 3272
1867 3277
1867 3802
1867 4948
1867 5005
1867 5717
1867 6018
1867 6119
1867 6331
1867 6587
1867 7783
1867 8316
1867 8519
1868 1909
1868 2162
1868 2836
1868 4139
1868 4879
1868 5434
1868 6670
1868 6824
1868 6833
1868 7014
1868 9158
1869 2428
1869 5779
1869 7471
1869 8308
1869 8429
1870 6672
1870 8152
1870 8370
1871 2249
1871 2753
1871 3062
1871 3086
1871 5016
1871 8197
1871 8664
1871 8703
1871 9108
1871 9109
1871 9992
1872 3636
1872 3738
1872 3808
1872 4293
1872 4807
1872 5721
1872 8793
1873 1957
1873 3271
1873 3308
1873 4932
1873 5143
1873 7172
1873 8951
1873 9259
1874 2411
1874 3518
1874 4149
1874 4223
1874 4709
1874 4774
1874 5894
1874 7721
1874 7838
1875 4197
1875 4761
1875 5354
1875 5691
1875 5904
1875 6764
1875 7568
1875 7686
1876 2932
1876 3198
1876 3322
1876 3843
1876 4027
1876 4618
1876 5193
1876 8332
1877 3662
1877 4905
1877 6683
1877 7937
1878 7130
1878 7333
1878 8481
1878 9998
1879 1884
1879 2425
1879 3236
1879 3323
1879 4558
1879 7720
1879 8078
1879 8280
1879 9069
1880 1943
1880 2330
1880 5435
1880 5479
1880 5686
1880 7540
1880 7876
1880 8315
1880 8354
1880 8682
1880 8797
1880 8973
1881 1988
1881 2255
1881 4054
1881 4165
1881 5313
1881 7223
1881 9726
1882 2447
1882 3333
1882 3958
1882 4274
1882 4338
1882 6273
1882 6280
1883 3877
1883 4738
1883 5952
1883 6547
1883 8421
1883 9053
1883 9159
1883 9255
1883 9585
1884 2002
1884 3071
1884 3470
1884 3974
1884 4292
1884 6379
1884 6944
1884 9607
1884 9832
1885 4895
1885 5700
1885 7429
1885 7917
1885 8918
1885 9670
1886 7131
1886 7394
1886 7951
1886 8237
1886 8720
1886 9652
1887 4647
1887 4883
1887 6969
1887 7829
1887 8164
1888 3548
1888 4221
1888 5634
1888 8202
1888 9204
1888 9451
1888 9572
1888 9851
1889 2341
1889 2379
1889 2663
1889 5925
1889 6461
1889 6484
1889 7180
1889 7312
1889 7366
1889 7633
1889 7998
1889 8423
1889 9148
1889 9419
1890 2756
1890 3122
1890 3206
1890 4123
1890 5055
1890 6182
1890 6343
1890 9417
1891 3933
1891 5329
1891 5876
1891 5943
1891 5944
1891 8478
1891 8998
1891 9015
1891 9187
1892 3535
1892 3660
1892 3850
1892 4272
1892 4493
1892 4641
1892 6137
1892 6954
1893 2940
1893 4460
1893 5940
1893 6668
1893 6803
1893 7435
1893 9087
1893 9190
1893 9941
1894 2644
1894 3557
1894 3564
1894 4042
1894 4250
1894 7648
1894 8966
1895 3054
1895 3158
1895 3982
1895 4522
1895 6397
1895 8007
1895 8985
1896 3259
1896 7367
1896 8343
1897 1975
1897 2613
1897 3663
1897 3923
1897 4024
1897 4167
1897 5319
1897 6346
1897 6606
1897 7442
1897 7928
1897 9861
1898 6123
1898 6378
1898 6572
1898 8098
1898 9925
1899 6122
1899 7594
1899 7652
1899 8236
1899 8327
1899 8766
1900 1930
1900 2363
1900 2695
1900 3346
1900 5590
1900 5820
1900 6149
1900 6168
1900 9491
1900 9909
1901 2068
1901 2112
1901 2652
1901 2696
1901 4056
1901 4255
1901 4282
1901 5587
1901 6190
1901 7646
1901 9269
1902 2732
1902 3174
1902 4785
1902 5335
1902 5345
1902 7543
1902 8725
1903 2743
1903 4218
1903 4539
1903 5194
1903 6921
1903 8011
1903 8633
1903 9800
1904 2275
1904 2441
1904 3129
1904 3142
1904 4713
1904 5654
1904 7750
1905 2730
1905 3005
1905 3918
1905 6866
1905 8966
1905 9027
1906 1973
1906 3057
1906 3312
1906 5851
1906 6609
1906 6699
1906 6835
1906 8062
1906 8542
1906 8577
1906 9419
1907 4145
1907 4477
1907 4570
1907 4941
1907 5911
1907 7400
1907 7477
1907 7840
1907 9222
1908 3210
1908 4421
1908 5572
1908 7641
1908 7835
1908 8378
1908 9637
1908 9658
1909 2820
1909 4710
1909 5040
1910 1965
1910 3902
1910 4638
1910 6636
1910 7722
1910 8003
1910 8644
1910 9307
1911 2950
1911 3237
1911 4147
1911 4409
1911 4454
1911 4793
1911 5348
1911 5465
1911 5790
1911 6138
1911 8407
1911 9745
1912 4188
1912 5005
1912 5764
1912 5884
1912 5958
1912 6469
1912 7278
1912 8522
1912 8761
1912 9481
1913 3001
1913 6934
1913 9349
1913 9401
1914 2575
1914 3660
1914 5190
1914 6197
1914 6689
1914 8772
1915 2325
1915 3019
1915 3111
1915 5995
1915 6667
1915 9232
1915 9947
1916 2481
1916 4744
1916 7917
1916 9030
1916 9220
1916 9237
1917 2114
1917 3941
1917 4225
1917 5341
1917 6559
1917 7339
1917 7366
1917 8677
1917 9231
1917 9256
1918 1927
1918 2539
1918 4132
1918 4174
1918 4759
1918 9190
1918 9686
1919 2177
1919 3230
1919 3504
1919 3973
1919 5603
1919 5789
1919 5945
1919 7959
1919 9649
1920 3281
1920 4808
1920 5207
1920 7092
1920 7941
1920 8111
1920 8557
1920 9155
1920 9665
1920 9896
1921 2978
1921 3419
1921 5198
1921 5603
1921 7799
1921 9008
1921 9093
1922 2103
1922 3728
1922 6048
1922 6188
1922 7880
1922 8187
1922 8728
1922 9165
1923 3588
1923 3842
1923 3998
1923 5163
1923 5381
1923 7332
1923 8309
1924 3141
1924 3488
1924 4499
1924 5411
1924 5485
1924 8073
1924 8115
1924 9048
1924 9754
1925 2693
1925 3950
1925 7405
1925 8239
1925 8439
1925 8452
1926 2089
1926 3528
1926 3630
1926 3784
1926 5256
1926 5703
1926 5876
1926 6045
1926 6461
1926 7837
1927 3439
1927 4349
1927 4807
1927 5116
1927 5533
1927 7208
1927 7537
1927 8913
1927 9397
1927 9543
1928 4111
1928 5693
1928 8872
1929 2859
1929 4409
1929 4588
1929 5218
1929 5635
1929 7429
1930 3895
1930 4927
1930 9074
1931 2276
1931 2832
1931 3374
1931 7407
1931 7447
1931 8297
1931 9022
1932 2974
1932 3906
1932 5043
1932 5217
1932 8368
1932 9258
1932 9575
1932 9597
1932 9639
1933 2010
1933 2152
1933 3469
1933 3884
1933 4759
1933 5614
1933 7093
1933 7190
1933 9873
1934 2263
1934 3767
1934 4029
1934 4369
1934 6228
1934 6262
1934 6306
1934 7701
1935 2481
1935 3952
1935 4286
1935 4826
1935 6011
1935 7636
1935 8382
1935 9322
1936 2015
1936 3524
1936 4977
1936 6482
1936 6833
1936 7071
1936 7630
1936 7710
1936 8650
1936 9607
1937 2401
1937 4384
1937 5723
1937 6971
1937 8252
1937 9240
1938 2916
1938 3291
1938 3364
1938 5407
1938 5899
1938 7018
1938 7438
1938 8318
1938 8965
1938 9046
1939 2453
1939 2528
1939 3996
1939 5901
1939 6396
1939 7365
1939 7837
1939 8534
1940 4228
1940 4400
1940 5396
1940 6255
1940 7414
1940 8775
1940 8944
1940 9090
1940 9421
1941 2280
1941 3578
1941 4315
1941 4391
1941 4717
1941 5693
1941 5836
1941 6568
1942 2533
1942 2640
1942 3105
1942 4041
1942 4348
1942 4592
1942 4769
1942 5449
1942 6087
1942 6509
1942 7577
1942 8074
1943 2043
1943 3445
1943 3911
1943 3994
1943 4190
1943 4844
1943 5262
1943 5666
1943 6515
1943 6553
1943 7043
1943 9435
1943 9658
1944 3127
1944 4131
1944 7135
1944 8201
1945 2155
1945 4242
1945 4650
1945 5519
1945 8157
1945 8242
1945 8756
1945 9324
1946 3086
1946 3364
1946 3581
1946 3678
1946 4175
1946 6541
1946 6564
1946 6923
1946 7574
1946 8960
1946 9183
1946 9675
1946 9734
1947 2261
1947 3698
1947 3752
1947 4056
1947 6321
1947 6955
1947 9180
1948 2172
1948 2763
1948 4879
1948 5888
1948 6536
1948 6542
1948 6824
1948 8152
1949 2448
1949 3135
1949 3809
1949 4026
1949 4307
1949 4921
1949 5027
1949 5463
1949 5934
1949 6365
1949 7057
1950 2775
1950 4457
1950 4550
1950 6443
1950 7008
1951 2206
1951 3531
1951 3975
1951 4021
1951 4355
1951 6031
1951 7568
1951 7900
1951 8186
1951 8304
1951 9879
1952 4078
1952 5357
1952 6903
1952 6995
1952 7057
1952 8588
1952 8589
1952 9169
1952 9928
1953 2329
1953 5475
1953 5652
1953 7034
1953 8969
1954 5648
1954 6122
1954 8237
1955 3336
1955 4291
1955 6021
1955 6088
1955 6227
1955 6902
1955 8768
1955 9621
1955 9737
1956 2884
1956 3014
1956 3620
1956 4984
1956 7559
1956 7935
1956 8702
1956 8703
1956 8740
1956 9818
1956 9887
1957 2402
1957 2925
1957 3878
1957 3899
1957 3978
1957 4334
1957 8080
1957 9536
1957 9585
1957 9686
1958 7649
1958 9230
1959 2035
1959 2171
1959 4237
1959 4582
1959 5273
1959 5608
1959 6572
1959 6686
1959 9205
1960 1979
1960 3855
1960 4316
1960 4449
1960 7690
1960 8603
1960 8822
1960 9538
1961 2066
1961 5218
1961 5502
1961 6524
1961 7698
1961 8736
1962 2438
1962 2616
1962 3439
1962 6068
1962 6424
1962 7789
1962 8490
1963 2214
1963 2337
1963 2844
1963 3081
1963 3751
1963 3792
1963 6236
1963 6443
1963 6878
1963 7026
1963 7186
1963 8752
1963 9262
1964 2669
1964 3207
1964 6868
1964 7281
1964 7991
1964 8352
1964 8952
1965 4305
1965 4465
1965 5389
1965 8138
1965 8181
1965 8261
1965 8803
1965 9738
1966 2597
1966 2763
1966 4218
1966 4231
1966 7017
1966 7856
1966 7997
1966 8373
1966 8557
1966 9122
1966 9190
1966 9655
1967 2024
1967 4012
1967 4858
1967 5809
1967 6563
1967 7177
1967 9412
1967 9635
1968 2729
1968 2949
1968 3998
1968 4021
1968 4864
1968 5817
1968 6460
1968 7733
1968 8159
1968 8812
1968 8989
1968 9894
1968 9948
1969 2412
1969 2703
1969 3006
1969 3352
1969 4811
1969 4884
1969 5048
1969 7153
1969 9701
1970 5759
1970 5990
1970 6093
1970 6109
1970 7219
1971 2140
1971 3077
1971 5237
1971 5385
1971 5423
1971 6118
1971 6256
1971 6648
1971 7633
1971 7918
1971 9536
1972 2366
1972 4450
1972 5665
1972 7637
1972 8459
1972 8479
1972 8651
1973 4215
1973 5597
1973 7978
1973 9336
1974 4490
1974 5427
1974 7530
1974 8597
1975 2001
1975 3535
1975 3633
1975 4643
1975 4984
1975 5100
1975 6127
1975 8134
1975 8152
1976 4575
1976 4749
1976 6179
1976 7401
1976 8558
1977 4777
1977 4904
1977 6917
1977 9016
1977 9556
1978 2075
1978 4689
1978 7347
1978 8343
1978 9584
1979 2348
1979 4033
1979 4059
1979 5142
1979 5478
1979 6467
1979 7657
1979 8263
1979 8303
1979 9261
1980 2254
1980 2582
1980 2657
1980 3898
1980 3903
1980 4917
1980 5492
1980 7902
1980 8503
1980 8751
1980 8980
1980 9033
1980 9768
1981 2139
1981 2755
1981 3069
1981 4129
1981 4863
1981 5449
1981 7142
1981 7778
1981 8145
1981 8376
1981 9877
1982 2948
1982 3190
1982 4760
1982 5449
1982 6592
1982 7481
1982 8827
1982 9385
1982 9604
1983 3176
1983 4623
1983 6149
1983 7292
1983 7724
1983 8478
1983 9341
1984 5439
1984 7366
1984 8225
1984 8325
1984 9322
1985 2672
1985 2935
1985 3689
1985 5455
1985 6056
1985 6790
1985 7809
1985 8055
1985 8840
1985 9266
1985 9585
1985 9839
1986 2992
1986 3057
1986 3167
1986 4403
1986 5217
1986 6018
1986 8083
1986 8922
1987 4386
1987 4585
1987 4598
1987 4815
1987 5144
1987 5291
1987 5441
1987 6430
1987 7246
1987 9171
1988 2903
1988 3219
1988 4308
1988 4482
1988 5346
1988 5759
1988 7285
1988 8957
1989 4278
1989 5462
1989 5633
1989 5634
1989 6061
1989 6086
1989 6166
1989 6261
1989 8062
1989 8739
1990 3855
1990 4003
1990 4042
1990 4516
1990 6783
1990 7416
1990 9196
1991 2525
1991 2753
1991 3723
1991 3935
1991 4812
1991 4941
1991 8805
1991 8964
1991 9853
1992 2235
1992 2847
1992 3703
1992 4504
1992 7999
1992 9161
1993 2761
1993 5295
1993 6021
1993 6365
1993 7546
1994 2011
1994 2125
1994 2963
1994 4428
1994 4798
1994 5184
1994 6614
1994 6793
1994 7505
1994 7859
1994 9299
1995 2167
1995 6158
1995 6977
1995 7068
1995 7072
1995 9237
1996 2255
1996 2510
1996 4076
1996 4312
1996 5540
1996 6094
1996 6551
1996 9370
1996 9412
1997 2220
1997 2225
1997 3159
1997 3692
1997 4686
1997 4918
1997 5094
1997 6567
1997 7018
1997 8270
1997 9940
1998 2656
1998 4158
1998 6304
1998 6812
1998 7084
1998 8178
1998 8374
1998 8427
1999 2646
1999 4884
1999 6236
1999 7123
1999 7760
1999 8290
1999 9250
1999 9991
2000 2191
2000 3530
2000 4124
2000 5244
2000 5587
2000 6274
2000 6752
2000 8721
2001 2094
2001 2861
2001 4325
2001 7976
2002 3838
2002 4016
2002 4364
2002 4721
2002 4867
2002 5586
2002 5690
2002 9200
2003 2080
2003 4023
2003 4210
2003 5774
2003 6367
2003 9929
2004 2413
2004 3541
2004 4487
2004 4633
2004 5345
2004 5420
2004 5453
2004 5489
2004 6253
2004 8154
2005 4715
2005 5319
2005 5714
2005 6306
2005 7660
2005 8662
2006 2416
2006 2571
2006 4621
2006 5247
2006 5657
2006 5696
2006 7678
2006 7791
2006 8828
2006 9598
2006 9604
2007 2429
2007 3115
2007 3345
2007 3445
2007 3810
2007 3897
2007 4669
2007 5193
2007 6296
2007 6615
2007 7761
2007 8409
2007 8644
2007 9534
2008 2879
2008 2949
2008 4023
2008 4261
2008 4575
2008 4784
2008 4913
2008 5737
2008 7136
2008 7989
2008 9314
2009 2723
2009 3473
2009 4899
2009 6018
2009 6098
2009 6459
2009 6598
2009 6765
2009 7360
2009 8116
2010 2884
2010 3494
2010 5024
2010 5293
2011 2995
2011 4120
2011 6325
2011 9056
2012 3796
2012 3808
2012 4905
2012 4914
2012 5504
2012 6459
2012 6880
2012 6894
2012 7249
2012 8341
2013 2509
2013 3048
2013 3673
2013 9246
2014 2150
2014 2345
2014 2549
2014 4274
2014 6969
2014 7641
2014 8262
2014 9431
2015 2209
2015 5280
2015 5341
2015 5504
2015 6685
2015 7176
2015 8579
2015 9104
2016 3778
2016 4537
2016 8444
2016 8784
2016 9950
2017 2739
2017 4763
2017 7311
2018 2269
2018 2429
2018 2613
2018 3135
2018 4726
2018 5275
2018 5387
2018 7067
2018 7458
2018 7734
2018 8465
2019 3515
2019 5722
2019 5847
2019 7054
2020 2662
2020 5657
2020 5718
2020 6709
2020 7446
2020 8233
2020 9832
2021 3526
2021 3974
2021 7559
2022 2101
2022 3791
2022 7092
2022 8644
2022 9391
2022 9585
2023 3097
2023 3851
2023 4924
2023 6464
2023 6835
2023 8009
2023 8437
2023 8476
2023 9986
2024 2188
2024 3234
2024 7311
2024 9992
2025 2561
2025 2565
2025 3226
2025 4656
2026 2385
2026 2599
2026 3235
2026 4858
2026 5460
2026 8384
2026 8755
2026 9255
2026 9350
2026 9743
2026 9986
2027 4270
2027 6790
2027 8544
2028 3363
2028 4966
2028 6317
2028 7347
2028 7508
2028 9800
2029 2302
2029 2859
2029 4082
2029 4403
2029 5180
2029 5891
2029 6194
2029 6755
2029 8242
2029 8944
2030 5995
2031 2812
2031 2870
2031 4308
2031 4756
2031 5298
2031 6334
2031 7790
2031 9683
2032 3043
2032 3308
2032 4272
2032 4380
2032 5041
2032 5650
2032 5774
2032 5898
2032 5966
2032 6044
2032 6098
2032 7294
2032 7470
2032 7942
2032 8073
2032 8221
2032 8976
2032 9049
2032 9053
2033 2395
2033 3340
2033 4061
2033 5594
2033 7851
2033 9981
2034 3010
2034 3135
2034 3879
2034 4172
2034 4433
2034 7154
2035 2788
2035 5271
2035 5451
2035 6003
2035 6866
2035 9919
2035 9983
2036 3568
2036 7806
2036 8437
2036 9817
2037 2457
2037 2753
2037 2914
2037 3822
2037 4045
2037 4102
2037 7605
2037 7743
2037 8684
2037 8974
2038 2742
2038 3032
2038 4751
2038 4812
2038 5657
2038 6416
2038 6914
2038 8895
2038 8917
2038 9632
2039 2735
2039 2739
2039 5161
2039 5753
2039 6380
2039 7585
2039 9925
2040 2947
2040 4358
2040 4446
2040 7022
2040 7293
2040 7323
2040 7840
2040 8683
2040 9094
2041 3366
2041 4451
2041 4921
2041 7291
2041 8286
2042 3032
2042 3355
2042 4296
2042 4375
2042 6329
2042 6781
2042 6862
2042 8544
2042 9901
2043 2536
2043 3639
2043 4398
2043 4502
2043 4805
2043 7513
2043 7569
2043 8635
2044 4434
2044 4801
2044 5035
2044 6610
2044 6933
2044 9140
2044 9669
2044 9791
2044 9921
2045 4034
2045 6386
2045 7443
2045 7593
2045 8350
2045 8958
2045 9416
2045 9549
2046 2186
2046 2263
2046 3198
2046 3622
2046 3823
2046 4796
2046 6982
2046 7744
2047 2768
2047 4212
2047 5581
2047 5740
2047 6046
2047 6113
2047 6259
2047 6525
2047 8234
2047 8794
2047 9575
2048 3034
2048 3258
2048 3499
2048 4296
2048 4814
2048 6282
2048 6308
2048 8149
2049 2855
2049 2959
2049 6900
2049 7862
2049 7987
2050 2057
2050 2334
2050 3275
2050 3472
2050 4984
2050 5720
2050 6529
2050 6889
2050 7499
2050 7523
2050 8124
2050 8578
2050 9543
2050 9665
2051 2486
2051 5651
2051 5956
2051 6261
2051 6409
2051 7498
2051 9541
2052 2666
2052 3237
2052 4732
2052 6354
2052 8083
2053 5553
2053 6405
2053 7281
2053 7842
2053 9258
2053 9789
2054 3046
2054 3706
2054 3720
2054 4857
2054 5914
2054 6198
2054 8494
2054 9273
2055 3376
2055 5565
2055 7985
2055 8661
2056 2330
2056 2759
2056 4676
2056 5419
2056 7148
2056 8002
2056 8225
2056 9031
2056 9779
2057 2595
2057 2648
2057 6140
2057 6244
2057 6622
2057 6644
2057 9017
2058 3235
2058 4209
2058 4363
2058 5202
2058 5691
2058 7782
2058 8147
2058 8543
2058 8832
2058 9463
2058 9568
2059 4905
2059 7430
2059 7916
2059 9251
2059 9861
2060 2246
2060 3495
2060 4254
2060 4619
2060 4721
2060 5054
2060 5301
2060 5617
2060 7161
2060 8867
2061 3819
2061 4126
2061 4484
2061 6038
2061 6180
2061 6244
2061 6918
2061 7090
2061 8741
2062 2294
2062 3258
2062 4799
2062 5087
2062 5139
2062 6347
2062 7448
2062 8619
2062 9825
2063 2197
2063 3220
2063 3237
2063 4600
2063 5206
2063 6208
2063 6225
2063 6237
2063 7200
2063 7449
2063 8211
2063 8347
2063 9602
2063 9772
2063 9966
2064 2501
2064 2815
2064 3158
2064 4260
2064 5286
2064 8891
2064 8926
2064 9081
2065 3206
2065 4518
2065 5608
2065 9090
2065 9470
2065 9663
2066 4696
2066 4990
2066 5787
2066 7729
2067 2550
2067 2966
2067 5534
2067 5552
2067 7857
2067 9719
2067 9849
2068 2293
2068 3193
2068 3226
2068 5235
2068 8986
2069 2127
2069 2182
2069 3534
2069 4262
2069 4960
2069 5133
2069 5644
2069 9770
2070 2127
2070 4910
2070 5940
2070 5966
2070 7632
2070 8935
2070 8975
2070 9879
2071 2161
2071 2559
2071 5365
2071 6712
2071 7214
2071 8590
2071 8756
2072 2123
2072 2951
2072 3006
2072 4693
2072 6213
2072 6360
2072 8121
2073 2510
2073 2959
2073 5476
2073 6267
2073 6916
2073 6929
2073 7696
2073 8298
2073 8926
2073 8929
2073 9724
2074 2185
2074 3608
2074 4783
2074 6151
2074 6831
2074 7521
2074 7630
2074 8420
2074 9183
2075 3087
2075 5560
2075 7289
2075 8373
2075 8592
2075 8598
2075 9932
2076 2360
2076 3322
2076 3430
2076 3566
2076 4091
2076 4592
2076 5683
2076 8771
2077 2986
2077 5102
2077 5201
2077 5427
2077 9062
2077 9509
2077 9835
2078 2535
2078 4615
2078 9481
2078 9849
2079 4353
2079 6937
2079 6963
2079 8536
2079 8618
2080 2329
2080 4856
2080 5063
2080 7321
2080 8291
2080 8340
2080 9536
2080 9768
2081 3305
2081 5064
2081 5462
2081 6324
2081 6661
2081 6922
2081 8438
2081 8444
2081 9561
2081 9994
2082 4578
2082 5413
2082 7517
2082 9002
2083 2206
2083 3228
2083 3375
2083 6215
2083 6989
2083 8179
2083 9241
2083 9522
2083 9786
2084 5861
2084 5920
2084 6389
2084 8340
2084 8530
2084 9944
2085 2259
2085 2511
2085 3897
2085 5640
2085 8788
2086 2347
2086 3588
2086 4404
2086 5414
2086 5912
2086 6237
2086 9295
2086 9679
2087 2239
2087 3484
2087 3841
2087 4473
2087 5232
2087 5805
2087 6013
2087 6518
2087 8012
2087 9648
2088 3689
2088 5314
2088 6251
2088 7806
2088 8079
2088 9716
2088 9796
2088 9798
2089 2999
2089 5142
2089 6903
2089 7037
2090 3227
2090 3879
2090 4100
2090 4483
2090 7324
2090 8130
2090 8155
2090 8527
2090 9006
2090 9155
2091 2633
2091 2651
2091 2882
2091 3043
2091 3393
2091 3565
2091 4780
2091 5204
2091 6284
2091 7769
2091 9632
2091 9836
2092 3983
2092 4113
2092 5226
2092 7185
2093 3492
2093 3731
2093 6476
2093 6701
2093 9130
2094 2298
2094 4343
2094 5279
2094 5697
2094 5986
2094 6020
2094 6191
2094 7499
2094 8188
2094 8539
2095 3750
2095 3891
2095 3973
2095 4342
2095 4375
2095 4623
2095 5085
2095 5472
2095 5846
2095 7337
2095 7533
2096 2592
2096 2825
2096 3679
2096 4729
2096 5276
2096 6033
2096 8349
2096 9574
2096 9698
2096 9738
2097 2250
2097 2722
2097 6266
2097 7164
2097 7909
2097 8591
2097 9302
2097 9427
2098 2309
2098 2490
2098 2557
2098 3450
2098 3527
2098 4465
2098 5592
2098 6309
2098 6315
2098 7192
2098 7368
2098 8594
2098 8608
2098 9604
2098 9749
2098 9952
2099 2140
2099 3457
2099 3756
2099 4313
2099 4805
2099 5687
2099 6435
2099 7057
2099 8130
2099 8176
2099 8187
2099 9566
2100 3092
2100 3476
2100 3983
2100 5296
2100 5556
2100 6939
2100 7376
2100 8264
2100 8282
2101 4450
2101 4498
2101 5328
2101 6521
2101 6661
2101 7568
2101 8694
2101 9523
2102 3765
2102 5555
2102 6792
2102 6895
2102 7554
2102 9917
2103 3046
2103 3151
2103 3809
2103 4523
2103 5299
2103 9001
2104 4230
2104 4654
2104 5696
2104 6874
2105 2744
2105 5882
2105 6335
2105 6407
2105 6726
2105 7865
2106 2532
2106 3720
2106 3754
2106 3808
2106 3923
2106 4317
2106 7274
2106 8401
2106 8565
2106 9157
2106 9227
2106 9423
2106 9621
2107 2899
2107 3805
2107 3981
2107 7164
2107 7855
2107 7892
2107 9007
2108 3303
2108 3779
2108 4425
2108 4719
2108 5232
2108 8303
2108 8810
2109 4587
2109 6286
2109 7467
2109 7985
2109 8231
2109 8373
2109 8760
2110 3434
2110 3897
2110 4143
2110 5155
2110 5203
2110 8774
2110 8963
2110 9298
2110 9864
2110 9867
2111 2860
2111 2992
2111 3574
2111 4105
2111 4656
2111 4669
2111 5749
2111 6099
2111 7367
2111 9233
2112 4906
2112 6591
2112 6830
2112 7054
2112 7231
2112 8613
2112 8820
2112 9103
2112 9130
2113 3996
2113 5293
2113 6021
2113 6819
2113 7873
2113 8317
2113 8853
2113 9711
2114 2610
2114 2706
2114 3194
2114 3445
2114 3948
2114 4974
2114 6345
2114 6767
2114 7012
2114 8717
2115 2836
2115 2924
2115 4842
2115 5239
2115 5443
2115 8817
2116 2437
2116 3533
2116 4425
2116 5285
2116 5654
2116 6302
2116 7633
2116 9142
2116 9168
2117 2681
2117 2922
2117 3624
2117 5058
2117 5280
2117 8211
2118 5198
2118 5236
2118 5900
2118 6365
2118 8265
2118 9494
2119 2722
2119 3043
2119 3741
2119 4853
2119 4928
2119 4975
2119 5719
2119 5752
2119 6161
2119 8477
2119 9151
2120 2754
2120 5089
2120 6205
2120 6556
2120 8433
2120 9878
2120 9903
2121 3496
2121 3902
2121 4146
2121 5043
2121 5304
2121 5569
2121 9071
2121 9135
2121 9445
2122 2910
2122 4039
2122 7484
2122 7770
2122 8051
2122 8151
2123 2346
2123 4412
2123 4990
2123 5943
2123 6499
2123 9769
2124 2341
2124 2871
2124 8461
2124 9443
2125 4510
2125 5218
2125 6063
2125 8376
2125 9470
2126 2166
2126 3206
2126 4155
2126 4742
2126 5153
2126 5849
2126 6186
2126 6190
2126 6874
2126 6999
2126 7221
2126 7252
2126 7620
2126 7812
2126 7849
2126 8377
2126 8505
2127 2958
2127 5340
2127 8634
2128 2299
2128 2763
2128 5673
2128 6610
2128 7845
2129 4296
2129 4698
2130 4040
2130 5226
2130 6896
2130 7052
2130 7382
2130 8768
2130 9076
2130 9272
2130 9675
2131 3127
2131 3387
2131 3824
2131 4141
2131 4385
2131 4728
2131 5204
2131 7124
2131 7580
2131 7636
2131 9168
2132 2279
2132 2517
2132 3989
2132 4271
2132 4343
2132 4535
2132 8455
2133 2135
2133 3253
2133 3364
2133 3963
2133 4095
2133 5024
2133 6401
2133 6884
2133 8578
2133 9454
2134 4053
2134 5758
2134 7697
2134 7825
2134 8110
2134 8346
2135 2173
2135 2266
2135 5353
2135 6741
2135 7379
2135 7854
2136 6462
2136 6977
2136 8486
2136 8993
2137 2176
2137 2491
2137 4045
2137 6347
2138 3189
2138 8794
2138 9019
2138 9381
2138 9600
2138 9857
2139 2655
2139 3327
2139 5030
2139 5185
2139 5431
2139 6534
2139 6924
2139 7660
2139 8117
2139 8243
2139 9086
2140 2886
2140 3701
2140 4080
2140 4328
2140 4847
2140 5242
2140 5800
2140 5902
2140 6249
2140 7720
2140 9511
2140 9533
2141 6071
2141 6471
2141 8076
2141 8772
2141 9632
2142 2788
2142 4285
2142 5265
2142 7824
2142 8355
2142 9490
2142 9656
2142 9897
2143 3195
2143 4455
2143 5351
2143 5600
2143 5668
2143 5836
2143 6058
2143 6106
2143 6290
2143 6420
2143 6733
2143 6934
2143 9982
2144 2607
2144 2799
2144 2823
2144 2993
2144 3193
2144 3194
2144 4401
2144 5802
2144 6475
2144 9116
2144 9720
2144 9981
2145 2573
2145 2806
2145 3453
2145 4013
2145 6869
2146 2271
2146 4592
2146 7649
2146 9500
2146 9565
2147 2499
2147 5958
2147 6347
2147 7134
2147 7753
2147 9499
2147 9701
2148 2982
2148 3054
2148 4045
2148 5017
2148 5913
2148 9090
2149 2186
2149 3220
2149 4415
2149 5173
2149 6222
2149 6520
2149 7972
2150 2342
2150 3925
2150 4048
2150 4389
2150 4995
2150 5781
2150 6600
2150 6615
2150 9275
2150 9292
2151 2517
2151 4506
2151 4519
2151 5863
2151 5917
2151 7353
2152 3131
2152 3550
2152 3563
2152 4439
2152 5458
2152 5471
2152 5666
2152 5749
2152 6619
2152 8403
2152 8819
2152 9402
2153 2517
2153 2738
2153 3199
2153 4702
2153 6562
2153 6770
2154 2191
2154 5501
2154 6382
2154 6566
2154 6953
2155 2589
2155 4313
2155 4899
2155 6495
2155 6606
2155 9091
2155 9254
2156 2831
2156 3762
2156 3897
2156 5353
2156 6005
2156 6391
2156 6751
2156 6998
2156 7197
2156 7723
2156 9040
2157 5050
2157 7692
2157 9043
2157 9385
2158 3981
2158 4386
2158 4403
2158 5426
2158 7196
2158 7676
2158 8131
2158 8825
2158 9127
2158 9917
2159 3040
2159 3334
2159 3983
2159 4315
2159 4428
2159 5361
2159 5654
2159 5730
2159 6010
2159 7165
2160 3244
2160 8134
2160 9403
2160 9772
2161 2576
2161 2639
2161 4814
2161 5127
2161 7301
2161 7351
2161 7751
2161 7917
2161 8212
2161 8403
2161 8513
2162 3249
2162 3401
2162 5219
2162 5645
2162 5689
2162 6419
2162 9433
2163 2836
2163 3015
2163 3485
2163 4293
2163 8234
2163 8285
2163 8441
2163 8524
2163 9251
2164 2166
2164 2402
2164 3301
2164 4439
2164 4901
2164 5066
2164 6362
2164 7255
2164 7802
2164 8079
2164 8712
2165 2694
2165 2863
2165 4238
2165 5194
2165 8937
2166 2271
2166 2864
2166 3920
2166 6001
2166 7099
2166 7847
2166 7885
2166 8259
2166 9431
2167 2574
2167 3247
2167 4097
2167 4896
2167 6617
2167 7814
2167 7983
2167 8321
2168 4317
2168 5160
2168 5247
2168 6095
2168 7426
2168 8603
2168 9031
2168 9511
2168 9646
2168 9778
2169 2260
2169 2290
2169 6804
2169 6938
2169 6959
2169 7147
2169 7475
2169 8377
2169 8982
2169 9220
2169 9591
2170 2870
2170 7325
2170 7502
2170 9100
2170 9522
2171 2249
2171 2953
2171 4555
2171 6524
2171 7414
2171 8806
2171 8826
2171 9257
2172 2450
2172 2954
2172 3130
2172 3732
2172 6357
2172 7519
2172 7905
2172 8014
2172 8322
2173 2429
2173 3153
2173 4037
2173 4064
2173 6272
2173 9691
2173 9708
2174 4679
2174 7811
2174 8475
2174 8942
2174 9020
2174 9388
2175 3690
2175 3896
2175 4710
2175 4913
2175 9416
2175 9935
2176 2825
2176 3306
2176 3842
2176 5047
2176 5557
2176 8983
2176 9756
2176 9861
2177 2360
2177 2504
2177 2533
2177 3142
2177 4325
2177 5557
2177 5711
2177 6625
2177 7508
2177 7910
2177 8563
2177 8859
2177 9515
2178 3003
2178 3109
2178 3401
2178 3835
2178 4753
2178 6395
2178 7093
2178 7979
2178 8189
2178 8381
2178 8559
2179 6659
2179 9209
2179 9500
2180 2210
2180 3032
2180 3196
2180 4272
2180 4366
2180 5494
2180 5567
2180 6639
2180 7145
2180 8283
2180 8455
2181 2357
2181 3464
2181 3953
2181 5047
2181 5511
2181 5999
2181 7059
2181 7240
2181 8819
2182 5246
2182 7487
2182 8408
2182 9701
2183 2431
2183 2770
2183 5506
2183 5872
2183 6179
2183 7045
2183 9118
2184 3343
2184 8168
2185 2330
2185 2636
2185 2666
2185 2862
2185 3553
2185 4880
2185 6416
2185 7515
2185 7557
2186 2737
2186 2754
2186 6359
2186 6451
2186 8324
2186 8334
2187 3054
2187 3364
2187 4128
2187 4478
2187 5231
2187 6036
2187 8651
2187 8858
2187 9272
2188 2330
2188 2442
2188 4990
2188 6339
2188 7128
2188 7591
2188 8077
2189 2642
2189 3716
2189 4854
2189 7563
2189 8896
2189 9605
2189 9906
2190 2402
2190 2653
2190 4191
2190 7494
2190 8129
2190 9043
2190 9126
2191 2419
2191 3937
2191 4070
2191 5913
2191 6632
2191 7666
2191 7954
2191 7973
2191 9068
2191 9077
2191 9563
2192 2219
2192 2348
2192 2994
2192 3010
2192 4148
2192 4260
2192 5687
2192 6475
2192 8841
2193 2215
2193 2573
2193 2620
2193 4113
2193 7286
2193 8190
2193 8228
2193 8464
2193 9849
2194 2623
2194 3246
2194 4569
2194 4862
2194 5468
2194 6467
2195 4005
2195 5248
2195 5603
2195 5916
2195 6749
2195 8842
2195 9611
2196 4602
2196 6022
2196 6278
2196 7102
2196 7253
2196 8204
2196 8479
2196 8492
2196 8623
2197 2308
2197 2825
2197 4729
2197 4818
2197 4890
2197 6540
2197 7321
2197 7705
2197 7800
2197 8041
2197 8168
2197 8357
2198 2610
2198 6397
2198 6428
2198 8093
2199 4073
2199 4809
2199 5477
2199 6665
2199 9152
2200 2242
2200 3585
2200 6225
2200 6385
2200 7038
2200 7053
2200 7372
2200 7684
2201 2386
2201 2973
2201 3987
2201 4217
2201 4882
2201 5266
2201 5979
2201 7109
2201 7588
2202 5146
2202 5675
2202 6494
2202 6523
2202 6703
2202 6889
2203 2368
2203 3394
2203 5447
2203 7774
2203 8637
2203 8821
2204 3654
2204 3786
2204 3802
2204 3825
2204 5646
2204 6217
2204 7359
2204 8232
2204 9726
2205 2212
2205 2667
2205 2828
2205 3068
2205 3415
2205 6943
2205 7093
2205 7105
2205 9898
2206 4529
2206 4591
2206 4942
2206 5122
2206 6833
2206 8092
2207 3600
2207 3917
2207 3971
2207 5865
2207 9885
2208 3901
2208 3991
2208 4156
2208 4673
2208 5289
2208 5934
2208 6180
2208 9784
2209 3657
2209 4770
2209 6304
2209 6713
2209 6774
2209 8987
2209 9366
2209 9677
2210 5019
2210 5102
2210 6068
2210 6301
2211 2824
2211 3410
2211 3412
2211 5049
2211 5211
2211 5469
2211 7338
2211 9469
2212 3522
2212 4769
2212 6686
2212 9308
2212 9991
2213 3184
2213 4842
2213 5252
2213 5629
2213 6073
2213 6314
2213 6807
2213 7541
2213 7980
2213 9253
2213 9875
2214 3367
2214 4541
2214 4749
2214 5441
2214 6033
2214 6137
2214 6145
2214 6177
2214 7107
2214 7220
2214 9333
2215 2751
2215 3361
2215 4020
2215 4967
2215 5763
2215 7372
2215 8954
2215 9788
2215 9884
2216 2865
2216 3507
2216 5376
2216 5419
2216 8298
2216 9810
2217 2601
2217 3848
2217 4618
2217 6245
2217 6616
2217 6637
2217 6645
2217 7643
2218 2252
2218 5138
2218 6662
2218 7137
2218 7640
2218 7688
2218 8444
2219 2794
2219 4892
2219 6482
2219 7534
2219 8093
2219 8108
2219 8370
2219 8518
2219 8707
2219 9422
2220 2478
2220 3104
2220 3286
2220 4602
2220 4693
2220 4877
2220 5222
2220 7504
2220 8466
2220 8813
2220 9102
2220 9907
2221 2463
2221 2827
2221 3613
2221 4183
2221 4243
2221 4287
2221 4376
2221 4470
2221 4619
2221 4673
2221 5827
2221 8854
2221 9499
2222 2477
2222 2730
2222 3053
2222 5072
2222 5953
2222 6235
2222 7024
2222 7032
2222 7860
2222 8689
2223 3281
2223 4848
2223 5027
2223 6815
2223 6863
2223 7641
2223 8675
2224 3087
2224 3314
2224 3568
2224 4315
2224 4421
2224 4982
2224 5983
2224 8215
2225 3616
2225 3984
2225 4117
2225 4194
2225 4699
2225 4964
2225 6405
2225 8556
2226 2234
2226 2428
2226 4674
2226 7013
2226 7080
2226 7342
2226 8491
2227 2392
2227 2533
2227 2993
2227 3466
2227 3753
2227 4447
2227 4671
2227 4942
2227 8068
2227 8661
2227 9602
2228 2810
2228 4012
2228 5188
2228 5788
2228 6765
2228 8323
2229 2745
2229 4227
2229 4908
2229 5369
2229 7194
2229 7570
2229 8132
2229 9991
2230 2923
2230 3535
2230 5600
2230 7271
2230 8957
2230 9096
2231 2425
2231 3421
2231 4075
2231 5109
2231 7394
2232 2306
2232 2715
2232 2735
2232 3140
2232 3186
2232 6137
2232 8221
2232 9479
2233 3945
2233 5495
2233 6256
2233 6466
2233 8133
2233 8244
2233 8853
2233 8862
2233 8983
2234 3364
2234 4480
2234 5014
2234 6239
2234 6585
2234 9960
2235 2840
2235 3467
2235 3544
2235 4737
2235 4862
2235 6552
2235 7023
2235 8301
2235 8464
2235 8616
2236 2590
2236 2754
2236 3063
2236 3210
2236 5604
2236 5897
2236 8682
2236 8777
2236 8963
2237 2764
2237 2858
2237 3534
2237 3804
2237 7195
2237 7947
2238 2899
2238 2944
2238 4572
2238 6046
2238 6562
2238 6727
2238 7513
2238 7694
2238 8407
2238 9096
2238 9774
2239 2797
2239 3220
2239 3375
2239 5634
2239 6141
2239 8150
2239 8542
2240 5170
2240 5281
2240 8426
2240 9725
2241 3206
2241 7102
2242 2679
2242 3464
2242 4368
2242 4744
2242 5968
2242 7315
2242 8437
2242 8791
2243 4248
2243 4250
2243 4359
2243 5738
2243 6180
2243 6428
2243 6552
2243 6939
2243 7185
2243 9253
2243 9825
2244 3346
2244 4134
2244 4653
2244 4783
2244 5268
2244 6591
2244 8464
2244 9954
2245 4691
2245 6364
2245 6956
2245 7394
2245 7458
2245 7819
2245 8495
2245 8772
2245 9040
2245 9198
2245 9866
2246 2502
2246 3708
2246 3904
2246 4360
2246 4540
2246 4609
2246 4656
2246 7244
2246 7285
2246 8830
2246 9773
2247 2609
2247 2723
2247 2771
2247 3139
2247 3169
2247 4183
2247 5699
2247 5888
2247 7328
2247 7826
2247 8876
2248 2639
2248 3094
2248 3356
2248 4640
2248 5013
2248 6283
2248 6600
2248 6723
2248 7205
2248 7260
2248 7404
2248 8916
2249 3009
2249 3653
2249 5258
2249 6545
2249 8414
2250 4636
2250 5222
2250 5436
2250 8129
2250 8194
2250 9538
2251 2281
2251 2409
2251 3053
2251 4975
2251 6481
2251 6595
2251 7722
2251 9255
2251 9346
2252 2274
2252 3819
2252 3856
2252 5324
2252 6136
2252 7005
2252 7057
2252 7213
2252 8784
2252 9128
2252 9534
2253 3243
2253 4827
2253 6402
2253 6498
2253 7782
2253 7818
2253 8584
2253 9233
2254 3881
2254 4101
2254 4956
2254 6565
2254 7291
2254 7343
2254 7696
2254 9972
2255 2821
2255 3446
2255 3715
2255 3756
2255 4160
2255 4222
2255 4699
2255 4799
2255 5566
2255 8554
2255 9111
2255 9139
2256 3007
2256 4557
2256 4907
2256 5366
2256 5755
2256 5971
2256 7479
2256 7601
2257 2585
2257 4160
2257 4328
2257 5454
2257 5587
2257 6421
2257 6913
2257 7219
2257 8909
2258 2988
2258 3049
2258 3355
2258 3446
2258 5080
2258 5580
2258 5599
2258 7185
2258 8740
2259 6369
2259 8326
2259 9021
2260 2312
2260 4137
2260 5097
2260 6089
2260 7917
2261 2470
2261 5487
2261 7979
2262 3494
2262 3806
2262 4534
2262 5044
2262 5516
2262 5840
2262 6443
2262 7774
2263 2974
2263 3057
2263 3270
2263 4389
2263 5382
2263 6685
2263 8209
2263 9580
2264 3396
2264 4656
2264 9699
2265 2820
2265 3514
2265 5208
2265 5611
2265 6109
2265 6469
2265 7380
2265 8167
2265 8203
2265 8251
2265 9401
2265 9648
2265 9709
2266 4603
2266 5691
2266 6626
2266 8273
2266 8578
2266 9000
2266 9993
2267 3213
2267 3249
2267 3947
2267 4671
2267 5112
2267 6099
2267 6910
2267 7163
2267 7301
2267 8019
2267 8685
2267 9408
2268 3479
2268 4056
2268 4232
2268 4674
2268 5854
2268 6252
2268 7046
2268 8603
2269 5950
2269 7287
2269 9769
2270 4241
2270 4650
2270 4815
2270 5699
2270 5805
2270 8770
2271 2676
2271 4084
2271 5522
2271 7529
2271 7757
2271 8207
2271 8750
2271 9386
2272 2908
2272 4244
2272 6875
2272 7473
2272 7530
2272 8871
2272 9666
2272 9667
2273 2301
2273 2512
2273 2849
2273 5143
2273 5915
2273 5959
2273 6295
2273 8727
2273 9549
2274 3807
2274 4651
2274 7136
2274 8644
2274 9728
2275 2914
2275 2992
2275 3929
2275 6567
2275 7978
2275 8109
2275 8182
2275 9085
2275 9655
2275 9745
2276 2359
2276 4273
2276 5942
2277 3176
2277 3233
2277 4138
2277 4624
2277 5774
2278 5396
2278 5485
2279 2940
2279 5574
2279 7357
2279 9381
2279 9430
2279 9435
2280 4276
2280 4572
2280 4774
2280 6186
2280 8329
2280 9322
2280 9654
2280 9729
2281 2518
2281 2578
2281 3618
2281 4394
2281 5676
2281 7199
2281 8493
2282 2565
2282 3591
2282 3642
2282 4915
2282 6090
2282 6312
2282 8121
2282 8137
2282 8422
2282 9947
2283 2438
2283 2997
2283 3740
2283 5215
2283 5291
2283 6388
2283 7001
2283 7422
2283 8207
2284 2545
2284 4386
2284 5774
2284 5801
2284 7160
2284 8245
2284 8300
2284 9702
2285 2720
2285 3451
2285 4780
2285 6509
2285 7885
2285 8354
2285 9321
2285 9809
2285 9916
2286 2782
2286 3588
2286 3715
2286 7734
2286 8650
2286 9126
2286 9169
2286 9510
2287 3720
2287 5016
2287 5149
2287 6195
2287 6965
2287 9014
2288 4971
2288 5980
2288 6341
2288 8067
2288 9060
2288 9659
2289 3019
2289 3828
2289 4786
2289 5882
2289 6196
2289 7864
2289 8371
2289 9422
2290 3019
2290 3698
2290 7223
2290 7786
2290 8197
2290 8375
2290 8454
2291 2630
2291 3745
2291 7817
2292 2322
2292 5154
2292 6399
2292 6883
2292 6921
2292 8235
2292 9266
2293 2564
2293 4285
2293 5486
2293 6050
2293 6286
2293 6330
2293 7123
2293 7652
2293 8024
2293 8096
2293 9519
2294 3007
2294 5546
2294 6567
2294 6644
2294 8041
2294 8101
2295 3172
2295 3838
2295 4624
2295 4730
2295 6352
2295 7643
2295 7824
2295 7864
2295 7954
2295 8092
2295 8608
2295 8840
2295 9294
2295 9658
2295 9996
2296 2347
2296 3023
2296 3150
2296 4381
2296 4759
2296 6079
2296 6393
2296 7332
2296 7415
2296 7718
2296 7805
2296 9529
2297 2962
2297 3349
2297 3544
2297 4392
2297 4704
2297 4906
2297 5121
2297 6976
2297 7305
2297 8300
2297 9068
2298 5495
2298 6983
2298 7388
2298 7477
2298 8002
2298 8375
2298 9179
2298 9721
2299 2966
2299 4068
2299 4133
2299 4510
2299 4791
2299 5055
2299 5078
2299 5578
2299 7817
2299 8310
2299 8643
2299 9035
2299 9427
2300 2750
2300 3158
2300 3554
2300 6232
2300 6499
2300 6703
2300 8661
2300 9411
2301 2473
2301 6133
2301 6195
2301 6199
2301 6244
2301 6707
2301 7284
2302 4258
2302 5123
2302 5199
2302 5260
2302 6616
2302 8082
2302 9782
2303 2379
2303 2518
2303 3922
2303 4592
2303 4744
2303 4882
2303 5137
2303 6070
2303 6270
2303 7381
2303 7676
2303 8690
2303 8947
2304 3385
2304 5280
2304 6553
2304 6776
2304 7663
2304 8707
2304 9848
2305 2740
2305 4460
2305 5305
2305 7944
2305 8155
2306 3005
2306 3504
2306 4066
2306 5516
2306 5566
2306 7972
2306 8106
2306 8271
2306 9153
2306 9250
2306 9746
2307 3127
2307 3732
2307 5837
2307 6265
2307 6940
2307 7074
2307 8599
2307 8739
2307 9513
2307 9638
2308 2648
2308 2879
2308 3383
2308 4345
2308 4600
2308 4864
2308 5090
2308 7026
2308 9401
2308 9525
2308 9763
2309 6614
2309 7519
2309 8806
2309 9042
2309 9466
2310 2337
2310 2865
2310 3863
2310 5191
2310 5708
2310 6454
2310 7381
2310 8946
2310 9343
2310 9479
2310 9692
2310 9737
2311 2515
2311 4771
2311 4926
2311 5506
2311 6704
2311 6944
2312 3605
2312 3944
2312 5690
2312 8961
2312 9287
2312 9415
2313 7130
2313 7902
2313 8006
2314 3437
2314 5067
2314 5449
2314 5595
2314 5831
2314 6340
2314 6569
2314 8666
2314 9112
2314 9747
2315 5106
2315 6754
2315 9047
2316 2531
2316 3332
2316 3559
2316 3846
2316 4338
2316 6063
2316 6372
2316 7159
2316 7231
2316 7319
2316 7362
2316 7875
2316 9009
2316 9415
2316 9501
2317 2388
2317 3993
2317 4726
2317 7028
2317 7585
2317 8104
2318 2329
2318 2667
2318 6344
2318 6796
2318 8936
2318 8986
2318 9372
2319 2456
2319 2881
2319 2917
2319 3404
2319 5896
2319 6907
2319 7687
2319 8959
2319 9060
2319 9189
2319 9505
2320 3147
2320 3175
2320 3362
2320 4061
2320 4815
2320 5034
2320 5087
2320 5365
2320 7094
2320 7689
2320 8280
2320 9433
2321 2392
2321 4485
2321 5679
2321 6831
2321 7116
2321 7691
2321 7787
2321 8431
2321 8892
2322 2372
2322 2823
2322 3953
2322 4552
2322 5382
2322 8012
2322 9879
2323 3592
2323 5598
2323 5741
2323 6320
2323 6336
2323 6421
2323 7174
2323 7965
2323 7990
2323 8356
2323 9326
2323 9835
2323 9975
2324 3234
2324 4807
2324 5732
2324 6173
2324 7584
2324 8123
2324 8637
2324 9189
2325 3386
2325 3583
2325 3814
2325 4408
2325 5102
2325 8405
2325 8800
2325 8868
2325 9554
2326 2721
2326 4691
2326 6577
2326 7081
2326 7866
2326 8954
2326 9580
2327 2541
2327 3697
2327 4719
2327 5633
2327 6682
2327 9958
2328 2761
2328 2777
2328 2837
2328 2901
2328 2932
2328 3614
2328 3970
2328 4250
2328 4450
2328 5642
2328 5756
2328 6579
2329 6132
2329 6252
2329 7711
2330 3051
2330 4694
2330 7074
2331 2678
2331 3309
2331 3577
2331 3605
2331 4584
2331 6921
2331 7441
2331 9593
2332 3111
2332 3603
2332 4136
2332 4260
2332 4696
2332 4794
2332 5667
2332 5806
2332 6880
2332 7126
2332 8018
2333 3970
2333 5048
2333 7568
2333 8760
2333 9772
2334 2511
2334 3629
2334 5355
2334 5405
2334 5946
2334 6085
2334 6237
2334 6712
2334 7213
2334 8322
2334 8797
2334 8970
2334 9538
2335 2434
2335 3284
2335 3679
2335 3809
2335 3904
2335 4104
2335 7804
2335 7843
2335 9291
2335 9612
2336 2650
2336 3400
2336 3826
2336 5811
2336 5957
2336 7364
2336 7742
2336 8670
2337 3040
2337 3640
2337 3938
2337 4565
2337 5852
2337 5898
2337 6336
2337 7907
2337 8702
2337 9809
2338 4738
2338 5142
2338 6878
2338 7580
2338 8151
2339 6109
2339 7015
2339 7700
2339 8607
2339 9022
2340 2569
2340 3246
2340 4653
2340 4885
2340 6128
2340 6204
2341 3092
2341 3124
2341 3186
2341 4515
2341 4661
2341 6645
2341 8049
2341 8794
2341 9967
2342 3125
2342 3891
2342 5599
2342 6101
2342 6471
2342 6583
2342 6677
2342 6926
2342 7830
2343 3524
2343 4798
2343 5053
2343 6217
2343 7849
2343 8450
2343 8871
2344 3595
2344 3889
2344 5370
2344 6388
2344 8216
2344 8272
2345 5329
2345 5511
2345 6834
2345 7874
2345 9064
2345 9229
2346 2540
2346 3200
2346 3531
2346 4438
2346 5604
2346 5606
2346 8130
2346 9006
2346 9585
2346 9747
2347 2954
2347 4353
2347 5648
2347 6826
2347 9491
2347 9714
2348 2597
2348 3964
2348 4856
2348 5577
2348 5711
2348 5841
2348 6550
2348 7612
2348 9399
2348 9939
2349 3300
2349 3469
2349 4004
2349 4269
2349 4722
2349 8544
2349 9262
2350 3176
2350 3340
2350 3528
2350 5335
2350 9180
2350 9415
2350 9830
2350 9853
2351 2899
2351 3052
2351 4641
2351 6372
2351 6980
2351 7557
2352 3505
2352 3585
2352 3595
2352 3793
2352 3942
2352 4960
2352 5361
2352 5388
2352 6374
2352 6937
2352 8073
2352 8641
2352 8826
2353 3388
2353 4032
2353 4323
2353 4468
2353 4624
2353 7534
2353 7979
2354 3581
2354 4582
2354 5262
2354 6628
2354 7503
2354 7625
2354 7816
2354 7841
2354 8663
2354 9875
2355 2663
2355 4896
2355 6385
2355 6741
2355 8689
2356 2385
2356 4216
2356 4849
2356 5448
2356 5687
2356 6218
2356 7276
2356 7513
2356 9391
2357 2840
2357 2941
2357 3208
2357 4023
2357 4174
2357 7741
2357 9236
2357 9489
2357 9729
2358 2745
2358 3032
2358 3416
2358 4246
2358 4345
2358 4501
2358 6089
2358 6600
2358 7708
2358 7923
2358 9860
2359 2631
2359 2822
2359 2998
2359 4458
2359 4885
2359 6370
2359 7629
2359 8000
2359 8410
2359 8802
2359 8953
2359 9547
2359 9657
2359 9856
2360 3432
2360 5160
2360 6823
2360 7294
2360 7961
2360 8417
2360 8451
2360 9626
2360 9835
2361 2924
2361 3825
2361 4645
2361 5305
2361 7727
2361 7904
2362 2400
2362 3281
2362 3306
2362 4777
2362 6182
2362 6638
2362 6885
2362 7277
2362 7528
2362 7819
2362 9354
2363 3245
2363 6826
2363 7234
2363 8731
2364 2794
2364 3935
2364 4083
2364 4872
2364 9422
2365 3080
2365 5704
2365 7461
2365 7893
2365 8944
2365 8950
2365 9415
2366 2927
2366 5440
2366 6422
2366 8625
2367 2446
2367 3686
2367 3888
2367 5994
2367 6265
2367 6412
2367 9289
2367 9963
2368 3265
2368 3724
2368 4828
2368 4983
2368 5753
2368 6229
2368 6826
2368 7194
2368 7448
2369 5661
2369 6161
2369 6463
2369 6557
2369 8267
2369 9203
2370 2956
2370 3154
2370 3994
2370 4804
2370 5293
2370 5857
2370 7139
2370 7228
2370 7534
2370 7712
2370 7883
2370 8461
2370 8520
2370 8874
2370 9021
2370 9614
2371 2957
2371 3282
2371 5481
2371 7281
2371 8433
2371 8610
2372 3436
2372 9699
2373 4568
2373 4756
2373 6533
2373 7249
2373 7322
2373 8698
2374 2413
2374 4444
2374 5024
2374 7173
2374 7629
2375 2702
2375 3387
2375 7057
2375 7172
2375 7344
2375 7499
2375 9241
2376 4247
2376 5154
2376 6680
2376 7800
2376 9061
2377 5651
2377 6915
2377 7631
2377 8788
2378 3008
2378 3326
2378 3435
2378 3765
2378 4047
2378 4354
2378 5508
2378 5666
2378 6230
2378 7549
2378 7663
2378 8581
2378 9388
2378 9612
2379 2679
2379 2873
2379 4422
2379 7174
2379 7215
2379 8309
2379 9112
2380 2526
2380 2914
2380 3157
2380 4237
2380 5405
2380 5515
2380 7164
2380 8105
2380 9436
2380 9920
2381 3064
2381 3523
2381 3597
2381 7543
2382 3242
2382 4654
2382 6709
2382 7777
2382 8992
2382 9282
2383 6123
2383 6911
2383 6938
2383 7521
2383 7648
2383 7756
2383 7764
2383 8701
2383 8954
2383 9950
2384 3713
2384 5981
2384 6733
2384 8867
2385 2413
2385 2811
2385 3445
2385 4898
2385 5180
2385 6331
2385 7031
2385 7200
2385 7297
2385 8567
2385 8632
2385 8869
2385 9486
2386 2847
2386 3445
2386 4275
2386 4473
2386 6131
2386 6992
2386 7745
2387 5121
2387 6908
2387 7019
2387 9304
2388 2674
2388 3109
2388 6595
2388 8722
2388 9071
2389 2710
2389 2802
2389 4375
2389 5833
2389 8709
2390 6728
2390 7028
2390 9657
2391 2537
2391 3594
2391 4034
2391 4284
2391 4791
2391 4845
2391 6236
2391 6512
2391 7156
2391 7341
2391 9472
2391 9876
2392 3008
2392 3364
2392 4811
2392 5081
2392 5195
2392 5792
2392 8775
2392 9657
2393 3424
2393 5718
2393 6377
2393 7595
2394 2659
2394 3463
2394 4608
2394 5225
2394 6305
2394 6370
2394 9008
2394 9109
2395 2788
2395 3162
2395 3173
2395 4316
2395 6636
2395 6990
2396 2895
2396 3104
2396 3660
2396 5266
2396 5653
2396 5967
2396 6353
2396 6826
2396 7951
2396 8493
2396 9698
2397 3157
2397 6077
2397 6436
2397 7693
2397 7789
2397 7895
2397 8305
2397 9356
2397 9893
2398 2526
2398 4424
2398 4767
2398 5634
2398 6133
2398 6904
2398 8838
2398 8922
2398 9818
2399 3617
2399 7640
2400 2430
2400 2534
2400 4153
2400 6827
2400 7986
2400 9858
2401 3045
2401 3921
2401 4090
2401 4475
2401 5274
2401 6669
2401 6956
2401 7143
2402 2895
2402 3670
2402 3799
2402 6524
2402 7579
2402 9038
2403 3905
2403 4296
2403 5815
2403 6280
2403 7627
2403 7918
2403 8951
2403 9030
2403 9441
2404 2458
2404 3571
2404 3629
2404 6405
2404 6440
2404 8400
2404 9980
2405 2757
2405 3366
2405 4287
2405 5924
2405 6797
2405 6953
2406 2639
2406 6013
2406 7851
2406 9189
2406 9709
2407 4193
2407 5317
2407 5810
2407 6493
2407 7411
2407 7870
2407 9509
2408 2639
2408 2831
2408 3755
2408 5026
2408 5827
2408 6185
2408 6480
2408 6677
2408 7832
2408 7869
2408 9500
2408 9698
2409 4492
2409 6463
2409 8845
2409 9888
2410 2545
2410 2569
2410 2788
2410 4029
2410 4231
2410 4842
2410 6500
2410 7751
2410 8206
2411 4707
2411 4716
2411 5209
2411 6209
2411 6382
2411 7865
2411 9139
2412 2949
2412 3114
2412 4288
2412 5827
2412 6610
2412 6932
2412 7951
2412 8892
2412 9519
2412 9956
2413 2424
2413 4796
2413 5714
2413 6400
2413 7233
2413 9992
2414 2792
2414 2881
2414 4761
2414 4788
2414 5058
2414 6284
2414 6607
2414 7582
2414 8095
2415 2423
2415 2778
2415 2861
2415 3365
2415 4143
2415 4337
2415 4844
2415 5230
2415 6247
2415 7133
2415 7795
2415 8710
2416 3455
2416 3863
2416 4120
2416 4987
2416 5284
2416 6365
2416 8008
2416 8762
2417 5525
2417 6346
2417 7273
2417 7526
2417 8114
2417 8590
2417 8820
2417 9459
2417 9940
2418 3915
2418 4102
2418 4211
2418 4927
2418 5036
2418 5380
2418 6914
2418 8223
2418 8493
2418 8927
2418 9266
2418 9561
2419 3957
2419 4049
2419 4835
2419 5712
2419 5868
2419 6512
2419 7210
2419 7326
2419 7721
2419 8441
2419 8568
2419 8863
2420 3496
2420 6681
2420 6975
2420 7996
2420 8223
2420 8517
2420 9822
2421 4396
2421 4526
2421 5223
2421 5878
2421 6231
2421 6643
2421 7123
2421 8038
2421 8136
2421 8972
2422 2958
2422 3811
2422 6067
2422 6292
2422 7445
2422 8339
2423 6298
2423 7590
2423 9238
2423 9666
2424 3491
2424 3953
2424 5367
2424 6461
2424 7548
2424 8278
2424 8728
2424 9602
2425 3894
2425 6207
2425 6380
2425 7759
2425 9698
2426 3340
2426 3933
2426 6590
2426 7526
2426 7798
2426 8396
2426 9378
2426 9923
2427 3744
2427 5706
2427 6010
2427 8505
2428 2709
2428 3402
2428 3776
2428 5241
2428 5484
2428 5581
2428 6623
2428 7857
2428 9193
2428 9521
2429 4641
2429 4874
2429 7946
2429 8116
2429 8777
2429 9831
2430 5159
2430 5612
2430 6086
2430 7512
2430 8649
2430 9138
2430 9182
2431 4385
2431 5223
2431 6403
2431 6567
2431 7742
2431 9628
2432 2832
2432 4205
2432 5821
2432 6094
2432 7795
2432 9241
2432 9528
2432 9583
2432 9959
2433 2664
2433 2719
2433 3142
2433 3442
2433 3483
2433 3869
2433 5146
2433 6201
2433 7664
2433 8154
2433 8971
2433 9449
2434 4389
2434 5549
2434 5580
2434 7586
2434 7886
2434 7941
2435 2962
2435 4373
2435 5248
2435 5331
2435 6555
2435 9914
2436 5488
2436 5492
2436 5601
2436 6716
2436 6775
2436 7665
2436 8648
2436 9094
2436 9176
2437 2446
2437 4212
2437 4542
2437 4552
2437 4691
2437 4747
2437 5104
2437 5469
2437 5729
2437 5879
2437 6048
2437 9036
2437 9679
2438 4325
2438 4454
2438 5142
2438 5916
2438 7208
2438 7418
2438 8809
2438 9606
2439 3796
2439 6327
2439 8156
2439 8871
2439 8963
2440 3645
2440 4786
2440 5425
2440 6516
2440 6517
2441 8191
2441 9159
2442 3090
2442 3486
2442 4181
2442 4630
2442 5377
2442 5520
2442 5645
2442 6292
2442 7089
2442 7453
2442 8638
2443 2617
2443 2813
2443 3034
2443 3366
2443 3401
2443 4003
2443 4201
2443 4507
2443 5064
2443 6246
2443 6776
2443 7950
2444 6445
2444 7234
2444 9143
2445 2931
2445 2964
2445 4915
2445 7651
2445 9328
2446 3315
2446 3398
2446 5058
2446 7471
2446 7906
2446 9077
2446 9910
2447 4919
2447 5128
2447 6185
2447 6391
2447 6654
2447 6703
2447 6859
2447 6990
2447 9923
2447 9926
2448 2474
2448 3111
2448 3323
2448 3809
2448 3890
2448 3933
2448 4503
2448 4605
2448 6653
2448 8105
2448 9988
2449 2505
2449 2802
2449 3816
2449 4989
2449 5657
2449 6027
2449 6568
2449 7354
2449 8422
2450 4714
2450 5461
2450 6357
2450 8680
2451 3182
2451 7556
2451 7689
2452 3659
2452 4012
2452 4030
2452 6151
2452 6762
2452 7644
2452 9664
2452 9785
2453 3523
2453 3794
2453 3823
2453 6116
2453 6171
2453 7920
2453 8666
2454 3500
2454 4609
2454 5298
2454 5582
2454 7155
2454 7307
2454 8703
2454 8908
2454 9545
2455 5219
2455 5801
2455 5904
2455 6216
2455 7405
2455 8302
2455 9604
2455 9661
2455 9698
2456 2498
2456 3384
2456 4523
2456 8349
2456 8650
2456 8966
2457 2866
2457 4576
2457 5577
2457 6199
2457 6622
2457 6887
2457 7806
2457 9132
2458 2806
2458 4824
2458 5170
2458 7020
2458 8634
2458 9607
2459 3827
2459 5360
2459 7835
2459 8002
2459 8694
2460 4416
2460 4571
2460 5700
2460 6035
2460 6568
2460 6651
2460 7540
2460 8582
2460 8705
2461 2585
2461 5719
2461 7591
2461 7996
2461 8523
2461 9646
2462 2853
2462 3437
2462 5058
2462 7150
2462 7560
2462 8392
2462 8775
2462 9236
2462 9865
2463 3235
2463 4374
2463 5243
2463 7024
2463 7296
2463 7390
2463 7889
2463 8299
2463 9838
2464 3308
2464 4069
2464 5441
2464 6039
2464 6371
2464 6561
2464 8345
2464 8540
2465 2631
2465 3208
2465 3664
2465 4844
2465 5712
2465 9007
2465 9196
2466 4238
2466 5289
2466 7219
2466 8589
2467 3481
2467 4182
2467 5760
2467 5981
2468 2748
2468 4651
2468 5705
2468 8895
2468 8912
2469 3037
2469 3452
2469 4794
2469 5617
2469 5969
2469 8291
2469 8589
2470 3891
2470 4087
2470 5036
2470 6159
2470 6471
2470 7718
2470 8071
2471 5062
2471 6441
2471 6541
2471 6581
2471 8499
2471 8618
2471 8843
2471 9617
2472 2501
2472 3372
2472 4912
2472 4974
2472 5628
2472 5944
2472 6457
2472 7486
2472 9106
2472 9238
2472 9334
2472 9368
2473 2641
2473 2699
2473 3533
2473 6261
2473 7488
2473 7668
2473 8056
2473 8092
2473 8305
2473 9057
2473 9348
2473 9407
2474 4295
2474 6156
2474 6967
2474 8942
2475 2979
2475 3247
2475 3499
2475 3805
2475 4781
2475 5285
2475 5446
2475 5516
2475 6292
2475 9824
2475 9984
2476 3397
2476 3519
2476 4579
2476 6668
2476 6988
2476 8601
2477 5089
2477 7675
2477 8130
2477 8166
2477 9032
2477 9410
2477 9689
2478 3028
2478 3624
2478 6794
2478 7503
2479 2729
2479 3622
2479 5033
2479 5789
2479 8096
2479 8437
2479 8816
2479 9144
2480 3239
2480 5665
2480 5749
2480 6162
2480 6472
2480 6988
2480 9339
2481 2553
2481 3343
2481 6630
2481 6704
2481 6954
2481 8098
2481 8846
2481 9136
2482 3227
2482 4997
2482 5868
2482 6008
2482 6453
2482 6875
2483 2875
2483 5041
2483 5896
2483 7706
2483 8060
2483 9355
2483 9817
2484 2607
2484 5790
2484 7006
2484 7690
2485 5096
2485 5413
2485 5928
2485 6309
2485 6487
2485 7401
2485 9802
2486 2972
2486 3165
2486 5466
2486 6826
2486 7204
2486 7244
2486 7780
2486 7790
2486 8658
2486 9784
2487 2773
2487 4430
2487 4710
2487 4966
2487 5733
2487 6350
2487 8292
2488 4968
2488 4971
2488 5968
2488 6161
2488 6695
2488 6728
2488 7135
2488 9827
2489 3176
2489 3426
2489 3768
2489 4022
2489 4313
2489 5303
2489 5518
2489 6770
2489 7725
2489 8744
2489 9138
2489 9155
2489 9456
2489 9546
2490 3015
2490 4053
2490 5713
2490 7557
2490 9603
2490 9614
2491 3130
2491 5141
2491 5237
2491 6139
2491 6574
2491 6813
2491 6869
2491 7350
2491 9608
2492 3024
2492 4168
2492 4804
2492 5475
2492 5808
2492 6825
2492 7064
2493 2800
2493 2889
2493 3017
2493 4954
2493 7487
2493 8159
2493 9255
2493 9767
2494 2904
2494 5370
2494 5483
2494 7338
2494 7813
2494 8074
2494 8328
2495 5546
2495 5859
2495 7141
2495 7582
2495 9965
2496 2981
2496 3603
2496 4109
2496 4211
2496 4962
2496 5200
2496 8187
2496 8923
2496 8955
2496 9047
2496 9305
2496 9857
2497 5531
2497 5563
2497 6476
2497 6558
2497 6616
2497 6708
2497 8877
2498 2552
2498 4978
2498 5262
2498 7840
2498 8847
2498 9769
2499 3641
2499 6654
2499 7175
2499 8634
2499 8781
2499 9798
2500 3173
2500 3932
2500 4683
2500 5415
2500 5668
2500 9921
2500 9953
2501 2508
2501 2870
2501 4134
2501 4756
2501 6894
2501 8213
2502 3085
2502 3470
2502 3507
2502 4133
2502 5552
2502 6649
2502 7740
2502 7783
2502 7820
2502 9441
2503 3924
2503 4114
2503 4790
2503 6717
2503 7767
2503 8369
2503 9496
2503 9586
2504 4085
2504 4735
2504 5859
2504 6135
2504 7082
2504 7241
2504 7787
2504 7816
2504 8504
2504 8508
2504 9365
2505 3484
2505 8796
2505 9380
2505 9688
2505 9790
2506 3264
2506 3335
2506 4618
2506 5985
2506 6231
2506 8152
2506 8500
2506 9420
2506 9546
2506 9733
2507 2635
2507 4649
2507 4812
2507 4834
2507 5138
2507 5884
2507 8182
2507 9584
2508 3075
2508 3521
2508 4703
2508 6879
2508 7565
2508 7807
2508 8307
2509 3940
2509 4649
2509 7485
2509 8001
2509 8704
2509 8817
2509 9514
2510 2666
2510 3454
2510 4482
2510 5791
2510 7445
2510 7755
2510 8318
2511 2657
2511 3600
2511 3894
2511 4357
2511 4705
2511 5250
2511 5751
2511 8161
2512 2668
2512 3914
2512 6198
2512 8158
2513 2836
2513 3430
2513 4402
2513 5074
2513 5846
2513 6776
2513 7124
2513 7558
2513 7807
2513 7960
2513 8484
2513 9554
2514 3174
2514 3600
2514 5128
2514 6638
2514 7971
2514 8034
2514 8264
2514 8470
2514 8476
2515 3650
2515 3880
2515 4030
2515 5054
2516 3508
2516 6389
2516 7031
2516 8985
2517 3234
2517 3699
2517 4989
2517 7385
2517 7916
2517 8025
2517 8990
2518 2568
2518 2790
2518 3171
2518 4538
2518 5743
2518 7038
2518 9080
2518 9639
2519 3032
2519 3653
2519 4549
2519 5403
2519 5970
2519 7448
2519 7747
2520 2592
2520 5866
2520 7954
2521 4778
2521 5631
2521 7609
2521 9405
2522 2635
2522 2753
2522 3283
2522 5685
2522 5948
2522 6209
2522 6622
2522 6640
2522 6865
2522 7084
2522 8027
2522 9360
2523 2535
2523 2715
2523 2867
2523 3625
2523 9253
2523 9494
2523 9547
2524 2735
2524 3179
2524 7296
2524 8142
2525 2853
2525 3194
2525 4042
2525 4238
2525 4634
2525 5675
2525 7210
2525 7350
2525 8369
2525 8713
2525 9070
2525 9148
2526 2787
2526 3769
2526 4769
2526 7002
2526 7028
2526 8206
2527 4306
2527 5308
2527 5677
2527 5782
2527 7306
2527 7516
2527 9821
2527 9969
2528 2754
2528 6657
2528 7252
2529 4608
2529 6016
2529 6885
2529 7451
2529 8028
2530 2700
2530 3076
2530 5036
2530 6378
2530 6462
2530 7952
2530 9076
2530 9197
2531 4035
2531 5024
2531 5802
2531 5953
2531 7162
2531 7693
2531 8213
2531 8448
2532 2744
2532 4289
2532 5459
2532 5524
2532 6524
2532 8089
2532 9049
2533 2718
2533 3043
2533 4145
2533 4300
2533 4831
2533 5162
2533 6105
2533 6517
2533 6871
2533 7055
2533 7535
2533 8319
2533 8843
2534 2572
2534 3360
2534 3361
2534 3483
2534 3751
2534 4312
2534 4328
2534 4363
2534 4834
2534 4861
2534 5127
2534 5707
2534 6506
2534 7198
2534 7434
2534 7477
2534 9432
2535 4761
2535 4923
2535 6182
2535 6995
2535 9166
2536 2660
2536 5616
2536 7371
2536 8728
2537 4261
2537 5622
2537 5764
2537 6289
2537 8148
2537 9806
2538 2765
2538 2891
2538 4152
2538 6886
2538 6894
2538 7530
2539 2764
2539 3094
2539 3967
2539 4028
2539 4227
2539 7375
2539 7930
2539 8501
2539 8788
2539 9729
2540 2642
2540 4124
2540 4331
2540 4458
2540 5242
2540 6337
2540 6359
2540 6529
2540 7304
2540 8294
2540 8493
2540 8806
2541 3254
2541 4418
2541 4469
2541 5166
2541 5797
2541 7824
2541 8466
2541 8653
2541 9036
2541 9916
2542 3888
2542 4325
2542 5125
2542 7183
2542 7598
2542 7798
2542 8721
2543 3868
2543 5021
2543 5451
2543 5995
2543 6182
2543 6434
2543 7996
2543 8499
2543 8619
2543 8866
2544 3566
2544 5065
2544 5294
2544 5850
2544 6587
2544 7301
2545 3974
2545 5875
2545 6072
2545 7272
2545 8024
2545 8271
2545 8803
2545 8940
2545 9634
2546 3857
2546 4489
2546 5901
2546 8206
2546 8752
2546 9639
2547 3132
2547 4197
2547 6654
2547 6691
2547 7049
2548 3002
2548 3116
2548 3472
2548 4618
2548 5294
2548 5464
2548 5590
2548 5774
2548 6230
2548 6570
2548 6891
2548 7658
2548 8516
2548 8551
2548 9532
2549 2797
2549 4509
2549 6350
2549 7154
2549 8583
2549 9571
2549 9679
2550 3087
2550 3261
2550 4422
2550 4905
2550 5697
2550 5738
2550 6428
2550 6948
2550 8065
2550 9243
2550 9421
2551 3265
2551 4189
2551 5414
2551 7785
2551 7806
2551 9780
2551 9958
2552 5033
2552 7304
2552 8278
2552 9686
2552 9985
2553 4809
2553 5273
2553 7580
2553 7726
2553 8622
2553 9497
2554 3837
2554 4355
2554 4688
2554 5349
2554 6471
2554 6499
2554 6585
2554 6874
2554 7012
2554 8024
2554 8720
2555 3033
2555 3266
2555 3564
2555 4449
2555 4766
2555 5337
2555 5763
2555 6584
2555 8579
2556 4037
2556 4733
2556 4746
2556 6151
2556 6924
2556 7088
2556 7255
2556 7576
2556 7878
2556 9450
2557 4119
2557 5877
2557 6052
2557 6185
2557 7379
2557 8572
2557 9390
2558 3013
2558 3160
2558 4347
2558 4993
2558 5655
2558 8819
2558 9854
2559 4082
2559 6218
2559 7087
2559 7744
2559 9839
2560 2849
2560 5685
2560 7014
2560 7257
2560 7897
2560 8355
2560 8674
2560 8675
2560 8933
2560 9028
2561 2831
2561 3450
2561 4772
2561 7189
2561 7529
2561 9247
2561 9382
2562 4184
2562 5481
2562 6036
2562 6454
2562 6562
2562 8646
2562 9300
2563 3067
2563 4621
2563 7286
2563 8862
2564 2830
2564 3589
2564 4184
2564 4355
2564 5472
2564 7474
2564 9142
2564 9945
2565 4174
2565 9071
2565 9082
2566 2804
2566 3227
2566 4032
2566 5454
2566 6005
2566 6433
2567 2874
2567 5673
2567 5955
2567 8098
2567 9401
2568 2735
2568 2942
2568 6186
2568 7246
2569 2576
2569 3079
2569 6440
2569 7470
2569 7856
2569 9859
2570 3009
2570 3897
2570 4933
2570 6242
2570 6868
2571 5190
2571 6001
2571 6508
2571 9170
2572 8335
2573 3972
2573 5733
2573 6341
2573 6872
2573 6917
2573 7564
2573 7638
2573 7703
2573 7962
2573 8318
2573 8556
2574 5683
2574 6976
2574 7693
2574 8199
2574 8204
2574 8860
2574 8868
2574 9133
2574 9208
2575 4094
2575 4712
2575 5426
2575 5744
2575 7380
2575 8160
2575 8501
2575 8594
2575 9898
2576 3329
2576 3527
2576 4052
2576 9404
2577 3330
2577 3786
2577 4839
2577 5239
2577 5452
2577 7672
2577 8391
2578 2579
2578 4249
2578 4809
2578 5090
2578 5191
2578 5800
2578 5874
2578 6724
2578 7223
2578 8031
2579 3760
2579 4176
2579 5160
2579 5799
2579 7975
2579 8572
2579 8912
2579 9075
2580 2989
2580 3759
2580 5760
2580 7475
2580 7819
2580 9518
2580 9930
2581 8292
2581 8315
2581 9377
2581 9983
2582 2850
2582 3039
2582 5377
2582 5750
2582 6643
2583 3473
2583 6127
2583 6253
2583 8316
2583 8928
2583 9631
2584 3606
2584 3694
2584 3949
2584 4115
2584 4117
2584 7635
2584 8006
2584 8852
2584 9513
2584 9848
2584 9929
2585 2984
2585 3162
2585 3670
2585 4841
2585 6801
2585 7746
2585 9450
2585 9655
2586 3382
2586 6163
2586 8651
2586 8698
2587 2865
2587 4639
2587 5270
2587 5424
2587 5457
2587 6104
2587 6335
2587 6742
2587 7808
2587 8845
2587 9099
2587 9372
2587 9507
2588 2670
2588 3448
2588 4543
2588 5112
2588 8568
2589 3609
2589 4903
2589 4937
2589 7378
2589 7587
2589 8167
2589 8625
2589 8818
2589 9273
2590 2653
2590 3177
2590 7092
2590 7577
2591 3427
2591 4156
2591 5995
2591 6997
2591 7602
2591 7616
2591 8186
2591 9382
2592 3450
2592 4367
2592 4440
2592 4834
2592 4849
2592 5053
2592 5123
2592 6003
2592 7854
2592 9527
2592 9887
2593 3638
2593 3936
2593 4360
2593 4692
2593 4939
2593 5284
2593 5502
2593 5808
2593 7512
2593 8480
2593 9709
2593 9733
2594 2956
2594 4327
2594 6529
2594 6845
2594 7637
2594 8884
2595 3038
2595 3086
2595 3209
2595 4789
2595 6624
2595 7254
2595 8512
2595 9990
2596 5018
2596 6472
2596 7141
2596 8167
2597 3663
2597 3699
2597 4623
2597 7311
2597 7627
2597 8975
2597 9543
2598 3052
2598 3756
2598 4710
2598 5117
2598 5832
2598 6819
2598 7498
2598 8130
2599 3371
2599 5061
2599 5354
2599 5526
2599 5621
2599 7021
2599 8197
2599 8324
2599 8465
2599 8972
2599 9960
2600 3651
2600 4630
2600 5063
2600 6914
2600 7247
2600 8600
2601 2862
2601 3409
2601 3883
2601 3957
2601 4991
2601 5679
2601 6569
2601 8989
2602 3081
2602 3262
2602 3989
2602 4118
2602 4365
2602 5215
2602 6113
2602 7296
2602 9252
2603 3330
2603 4500
2603 5557
2603 6264
2603 8254
2603 8973
2603 9140
2603 9436
2603 9665
2604 4403
2604 4583
2604 5088
2604 5191
2604 5660
2604 8376
2604 9409
2604 9810
2604 9927
2605 5345
2605 5649
2605 6319
2605 7656
2605 7764
2605 8680
2605 8835
2605 8854
2606 3130
2606 4003
2606 4129
2606 4419
2606 8700
2606 8736
2606 9086
2606 9283
2606 9579
2607 2975
2607 6448
2607 7536
2607 8346
2607 9031
2607 9354
2607 9372
2608 2836
2608 5931
2608 6083
2608 7191
2608 8581
2609 3187
2609 3976
2609 5648
2609 6129
2609 7735
2609 8143
2609 8718
2609 9791
2609 9902
2610 2765
2610 3956
2610 8025
2610 8077
2610 8227
2610 8427
2610 9274
2611 4208
2611 5824
2611 6305
2611 6465
2611 8456
2611 8713
2611 9140
2612 3965
2613 2811
2613 6842
2613 7603
2614 2629
2614 3071
2614 4547
2614 7071
2614 7715
2615 3573
2615 4014
2615 4282
2615 4565
2615 6124
2615 8688
2616 4066
2616 5982
2616 6690
2616 6972
2616 7947
2616 9071
2617 2660
2617 4212
2617 5151
2617 5843
2617 7491
2617 7738
2617 9890
2618 3008
2618 4196
2618 7166
2618 7995
2618 8941
2618 9334
2619 2754
2619 3402
2619 4342
2619 4842
2619 5784
2619 7250
2620 3215
2620 3677
2620 4805
2620 7598
2620 8684
2621 3526
2621 4546
2621 4548
2621 6028
2621 6316
2621 6498
2621 7766
2621 8317
2622 2623
2622 4576
2622 4976
2622 5712
2622 6381
2622 6819
2622 6824
2622 7013
2622 7579
2622 7733
2622 8199
2622 8702
2622 8708
2622 8901
2622 9391
2623 3352
2623 3987
2623 6630
2623 6846
2623 7242
2623 9340
2623 9529
2624 3139
2624 3797
2624 3918
2624 5249
2624 5385
2624 5956
2624 6359
2624 6503
2624 6618
2624 8265
2624 8745
2625 2891
2625 3340
2625 3486
2625 5960
2625 6148
2625 6386
2625 6479
2625 7490
2625 7549
2625 7917
2625 8079
2625 8439
2625 8801
2625 9308
2626 3234
2626 3390
2626 4847
2626 5673
2626 5935
2626 7039
2626 8229
2627 3693
2627 3846
2627 5275
2627 6229
2627 7226
2627 7881
2627 8902
2628 3614
2628 3954
2628 5223
2628 5240
2628 5394
2628 5695
2628 6583
2628 6761
2628 6870
2628 8436
2628 8665
2629 2919
2629 4273
2629 4672
2629 5946
2629 6140
2629 6542
2629 6857
2629 7708
2629 7802
2629 8319
2629 8978
2629 9970
2630 4227
2630 4866
2630 5660
2630 6396
2630 7139
2630 8213
2630 8682
2630 9530
2630 9661
2630 9718
2631 2970
2631 3560
2631 3643
2631 4990
2631 5152
2631 6394
2631 6625
2631 7157
2631 7558
2631 9378
2632 2819
2632 5229
2632 5389
2632 6862
2632 7514
2632 8056
2633 3245
2633 5170
2633 5951
2633 6071
2633 6320
2633 7216
2633 9122
2633 9387
2633 9459
2634 3343
2634 3818
2634 4162
2634 4249
2634 4987
2634 5426
2634 6321
2634 6676
2634 7738
2634 9856
2635 3023
2635 3258
2635 3777
2635 4365
2635 5416
2635 5486
2635 7067
2635 8179
2636 2970
2636 5075
2636 7963
2636 8554
2636 9021
2636 9371
2636 9543
2637 4395
2637 4504
2637 4695
2637 5774
2637 8567
2637 9102
2637 9978
2638 3242
2638 3384
2638 4157
2638 4670
2638 7097
2638 8489
2638 9014
2639 4569
2639 4824
2639 4900
2639 5020
2639 6026
2639 7444
2639 7675
2639 8729
2639 9253
2640 2802
2640 4687
2640 6533
2640 6626
2640 7206
2640 7577
2640 7985
2641 4348
2641 6289
2641 7028
2641 7286
2641 7603
2641 8647
2641 9092
2641 9391
2641 9593
2642 2939
2642 3825
2642 4570
2642 8322
2642 8527
2642 8718
2643 2902
2643 3086
2643 3857
2643 7007
2643 8556
2643 9656
2644 4847
2644 6406
2644 6967
2644 7779
2644 8113
2644 8694
2644 9869
2645 4686
2645 6396
2645 7079
2645 7237
2645 8419
2646 3876
2646 4263
2646 4888
2646 7520
2646 8851
2646 9422
2647 3393
2647 5005
2647 7238
2647 7299
2647 8667
2647 9719
2648 3159
2648 4444
2648 5085
2648 6234
2648 9303
2648 9418
2649 2897
2649 2929
2649 4255
2649 5480
2649 6147
2649 6197
2649 6852
2649 8885
2649 9558
2650 2796
2650 2848
2650 3501
2650 3673
2650 4079
2650 4121
2650 4368
2650 4651
2650 4656
2650 5884
2650 6281
2650 6282
2650 6643
2650 7231
2650 7507
2650 9619
2651 2740
2651 2981
2651 3702
2651 4649
2651 4987
2651 6878
2651 7672
2651 8779
2651 9302
2652 4983
2652 6461
2653 3431
2653 4602
2653 5088
2653 5466
2653 6055
2653 6182
2653 6414
2653 7132
2653 7735
2653 8275
2653 8733
2653 9316
2654 2750
2654 3652
2654 3678
2654 6207
2654 6224
2654 6684
2654 6735
2654 7881
2654 7944
2654 8142
2654 8266
2655 3131
2655 3614
2655 3799
2655 3915
2655 4135
2655 5902
2655 6203
2655 8098
2655 9451
2656 4909
2656 4985
2656 6228
2656 8236
2656 8940
2657 3515
2657 6776
2657 7412
2657 7541
2657 7717
2657 7828
2657 8636
2657 9790
2658 3259
2658 4592
2658 4897
2658 4951
2658 7036
2658 7530
2658 8455
2658 9279
2658 9897
2659 2754
2659 4089
2659 5143
2659 5353
2659 7290
2659 9145
2660 3877
2660 4462
2660 5976
2660 6376
2660 8403
2660 9264
2661 4021
2661 5171
2661 5961
2661 6804
2661 7187
2661 8383
2661 9978
2662 4691
2662 4727
2662 4778
2662 5611
2662 9418
2662 9910
2663 2730
2663 2770
2663 3108
2663 3546
2663 4296
2663 4801
2663 6350
2663 6808
2663 8432
2663 9687
2664 2831
2664 4309
2664 5114
2664 5338
2664 5444
2664 6560
2664 6993
2664 8599
2665 3007
2665 3104
2665 3544
2665 6700
2665 7033
2665 7085
2665 7996
2665 8209
2665 8677
2666 3969
2666 6090
2666 6213
2666 8457
2666 9467
2667 5929
2667 6366
2667 7780
2668 3887
2668 4561
2668 5167
2668 8046
2669 6079
2669 6324
2669 6502
2669 7553
2669 8717
2669 9296
2670 2994
2670 4194
2670 4285
2670 5580
2670 6191
2670 6423
2670 8801
2670 9584
2671 2738
2671 5489
2671 6018
2671 7152
2671 7506
2671 8621
2671 8796
2671 8804
2672 3446
2672 3831
2672 6608
2672 7032
2672 7098
2672 7467
2672 7481
2672 7909
2672 8381
2672 9563
2673 5069
2673 6017
2673 6616
2673 7292
2673 7909
2673 8318
2673 9003
2673 9513
2674 4347
2674 4544
2674 5502
2674 5808
2674 8671
2674 8691
2675 3243
2675 3495
2675 4126
2675 4143
2675 7125
2675 7162
2675 7538
2675 8625
2675 8780
2675 8936
2675 9723
2676 2889
2676 2987
2676 5012
2676 5971
2676 8271
2676 8893
2676 9230
2677 2824
2677 4198
2677 4266
2677 4652
2677 4887
2677 5762
2677 6083
2677 7685
2678 3160
2678 3208
2678 5096
2678 5144
2678 6954
2678 8177
2678 8876
2678 9888
2679 2862
2679 4870
2679 5080
2679 7891
2679 9951
2680 2728
2680 3596
2680 4450
2680 5799
2680 5895
2681 3048
2681 3751
2681 4422
2681 4892
2681 7192
2681 9801
2682 6296
2682 7257
2682 7312
2682 9542
2683 3437
2683 3902
2683 6317
2683 6418
2683 8279
2683 8540
2683 8955
2683 9382
2684 2724
2684 2799
2684 2807
2684 3547
2684 7740
2684 8579
2684 9653
2685 3825
2685 3978
2685 4667
2685 6394
2685 6504
2686 3512
2686 4015
2686 4665
2686 5888
2686 6479
2686 7361
2686 8636
2687 3057
2687 3609
2687 4131
2687 6307
2687 7885
2687 9229
2688 3589
2688 4058
2688 4463
2688 4701
2688 5652
2688 7402
2688 7794
2688 8118
2688 8899
2689 2982
2689 3162
2689 5670
2689 8328
2689 8864
2689 9167
2689 9416
2690 3754
2690 4600
2690 7573
2690 8513
2690 8687
2691 2698
2691 4570
2691 4922
2691 7155
2691 9475
2692 2872
2692 3451
2692 3620
2692 4433
2692 4684
2692 5109
2692 5196
2692 5775
2692 5825
2692 6188
2692 6194
2692 6749
2692 6841
2692 9061
2692 9212
2692 9414
2692 9449
2693 3453
2693 4842
2693 6233
2693 9237
2693 9981
2694 2748
2694 3501
2694 5086
2694 7682
2694 7944
2694 8441
2694 8549
2694 8746
2694 8761
2694 9526
2694 9741
2694 9835
2695 3427
2695 4773
2695 6086
2695 7657
2695 8526
2695 8764
2695 8964
2695 9773
2695 9861
2696 2864
2696 3105
2696 4707
2696 6151
2696 8360
2696 8549
2696 8973
2696 8982
2697 4427
2697 4905
2697 5432
2697 7426
2697 7905
2697 8175
2697 9805
2698 2720
2698 3444
2698 3472
2698 4401
2698 6957
2698 7589
2698 9172
2698 9896
2699 4115
2699 5028
2699 5644
2699 6454
2699 6640
2699 8004
2699 9903
2700 3660
2700 4929
2700 5961
2700 7364
2700 7706
2700 7709
2700 7855
2701 3144
2701 3931
2701 5388
2701 5458
2701 5987
2701 9007
2702 3677
2702 4346
2702 4763
2702 5551
2702 5722
2703 2789
2703 3398
2703 4351
2703 4426
2703 9450
2704 2918
2704 5261
2704 6545
2704 9039
2705 3203
2705 4710
2705 5109
2705 6065
2706 4129
2706 4610
2706 5421
2706 7815
2706 8798
2707 4433
2707 5591
2707 9943
2708 3424
2708 4098
2708 4420
2708 5241
2708 5496
2708 6635
2708 7565
2708 9365
2709 5073
2709 6080
2709 6543
2709 8197
2709 9347
2710 4452
2710 5719
2710 7318
2710 7759
2710 8633
2710 8755
2711 2838
2711 2937
2711 3905
2711 4360
2711 5789
2711 6136
2711 7111
2711 7369
2711 8142
2712 7820
2712 7899
2712 8528
2712 9570
2713 3400
2713 3521
2713 4499
2713 4975
2713 7036
2713 7505
2713 9794
2714 2897
2714 4368
2714 4493
2714 7430
2714 9813
2715 2982
2715 4046
2715 6104
2715 6132
2715 6701
2715 9433
2716 2726
2716 4773
2716 4893
2716 5207
2716 6289
2716 7648
2716 9708
2717 5032
2717 5202
2717 5389
2717 7649
2717 8806
2717 8823
2717 9268
2718 5543
2718 6560
2718 8923
2719 3097
2719 3545
2719 3580
2719 4686
2719 6931
2719 8443
2719 9542
2719 9981
2720 3083
2720 6252
2720 6494
2720 7563
2720 9490
2720 9663
2721 2987
2721 3647
2721 4081
2721 4413
2721 5848
2721 6706
2721 7919
2721 9052
2721 9330
2722 3314
2722 3464
2722 5827
2722 6382
2722 6934
2722 7030
2722 7345
2722 8291
2722 9368
2722 9971
2723 3158
2723 5117
2723 6718
2723 6756
2723 7811
2723 9323
2723 9506
2723 9777
2724 4628
2724 5073
2724 6171
2724 8021
2724 8455
2724 9036
2725 4849
2725 6830
2725 7649
2725 8193
2725 9727
2726 3082
2726 4123
2726 8132
2726 8729
2726 9718
2727 4398
2727 6707
2727 7554
2727 8656
2727 8998
2727 9506
2727 9615
2728 3745
2728 6025
2728 7114
2728 8002
2728 8442
2728 8711
2728 9597
2729 2733
2729 3860
2729 4941
2729 6061
2729 6066
2729 6260
2729 7548
2729 7580
2729 7835
2729 8484
2729 8852
2729 8897
2729 9869
2730 7866
2730 7874
2730 9587
2731 4394
2731 4411
2731 5140
2731 7772
2731 9644
2732 4641
2732 4716
2732 4972
2732 5179
2732 6123
2732 6844
2732 7410
2732 7432
2732 9235
2732 9517
2733 3243
2733 4248
2733 4872
2733 6297
2733 6319
2733 6632
2733 7396
2733 8703
2734 3795
2734 4223
2734 5024
2734 5886
2734 6385
2734 6423
2734 6588
2734 8078
2734 8596
2734 9382
2735 3988
2735 5175
2735 5596
2735 5893
2735 6681
2735 6872
2735 9435
2735 9491
2735 9542
2735 9805
2736 2955
2736 3479
2736 4125
2736 7506
2736 8403
2736 9384
2736 9697
2736 9982
2737 3392
2737 4491
2737 5617
2737 6466
2737 6654
2737 8115
2738 4175
2738 4303
2738 5316
2738 5995
2738 7318
2739 4246
2739 4277
2739 4326
2739 4429
2739 4827
2739 4838
2739 5679
2739 5916
2739 7217
2739 7880
2739 7918
2739 8695
2740 3202
2740 3509
2740 3964
2740 6757
2740 7013
2740 8887
2741 3218
2741 4006
2741 4198
2741 4864
2741 7276
2741 7416
2741 7783
2742 3061
2742 3725
2742 4276
2742 5058
2742 5476
2742 5698
2742 5785
2742 7563
2742 7921
2743 2854
2743 2995
2743 8003
2743 9690
2744 3527
2744 8787
2744 8806
2744 8922
2744 8923
2745 3628
2745 3866
2745 4056
2745 5178
2745 5958
2745 6543
2745 7783
2745 9147
2745 9524
2746 3101
2746 6775
2746 7321
2746 7351
2746 7353
2746 8498
2747 3179
2747 5693
2747 7698
2747 8976
2748 3092
2748 4835
2748 5901
2748 7172
2748 8449
2749 3166
2749 4460
2749 4883
2749 5725
2749 5808
2749 6292
2749 7121
2749 9579
2749 9688
2750 3244
2750 4470
2750 5337
2750 6067
2750 6489
2750 7690
2750 9544
2751 2752
2751 3405
2751 8756
2752 4016
2752 4154
2752 4263
2752 4312
2752 4921
2752 4978
2752 5870
2752 7004
2752 8087
2752 8488
2752 8527
2752 8567
2752 8662
2753 5462
2753 5627
2753 5829
2753 7845
2753 7976
2753 8381
2753 8886
2753 9685
2754 3272
2754 4082
2754 7279
2754 9312
2754 9778
2755 7026
2755 7766
2755 9574
2756 2930
2756 3305
2756 4354
2756 4590
2756 6154
2756 6400
2756 6512
2756 7041
2756 8193
2757 2978
2757 3573
2757 5529
2757 6084
2757 6262
2757 6868
2757 7099
2757 7963
2757 7994
2757 8187
2757 8984
2757 9221
2757 9841
2757 9919
2758 7588
2758 7715
2758 9370
2759 2799
2759 2925
2759 3284
2759 3898
2759 6935
2760 3759
2760 5107
2760 5162
2760 5890
2760 5943
2760 7383
2760 7597
2761 3136
2761 3826
2761 4383
2761 5201
2761 5462
2761 7296
2761 7385
2761 9090
2761 9536
2762 3391
2762 3625
2762 3969
2762 5348
2762 6463
2762 7119
2762 7790
2762 8228
2762 8746
2762 9631
2762 9927
2763 3785
2763 4622
2763 5484
2763 6709
2763 7238
2763 9961
2764 9490
2764 9644
2764 9909
2765 3637
2765 6672
2765 6950
2765 7418
2765 8703
2765 9811
2765 9820
2765 9873
2766 3019
2766 4739
2766 5582
2766 7179
2766 7736
2766 8106
2766 8302
2766 9351
2767 3668
2767 5453
2767 6265
2767 9182
2768 5678
2768 6050
2768 6830
2768 8664
2768 9390
2769 3119
2769 3866
2769 5008
2769 6455
2769 7766
2769 7858
2769 8403
2769 9390
2770 3011
2770 5796
2770 5931
2770 8667
2770 9441
2771 3067
2771 3738
2771 3743
2771 4308
2771 4419
2771 5834
2771 6194
2771 6276
2771 7160
2771 7743
2771 8594
2771 9330
2772 3743
2772 4719
2772 4915
2772 5634
2772 6947
2772 8072
2772 8459
2772 9282
2772 9626
2773 2970
2773 5421
2773 5839
2773 6381
2773 7044
2773 7834
2773 9004
2774 4115
2774 4582
2774 4613
2774 5218
2774 5407
2774 9603
2774 9899
2775 5041
2775 6375
2775 6821
2775 7266
2775 8100
2775 8899
2775 9820
2776 3036
2776 4399
2776 5271
2776 5526
2776 5591
2776 5774
2776 6045
2776 7632
2776 8720
2776 9883
2777 4366
2777 5217
2777 5365
2777 6285
2777 6700
2777 7423
2777 7639
2777 9996
2778 4036
2778 5043
2778 6031
2778 6390
2778 6794
2778 6833
2778 7228
2778 7393
2778 7418
2778 9415
2779 3299
2779 3706
2779 7702
2779 7991
2779 8674
2779 9336
2779 9444
2779 9921
2780 3104
2780 4162
2780 4619
2780 7616
2780 8062
2780 8083
2780 8599
2780 8861
2781 4412
2781 4567
2781 4586
2781 4608
2781 4935
2781 6055
2781 6273
2781 8005
2781 8329
2782 2880
2782 3556
2782 3577
2782 4291
2782 4974
2782 6975
2782 8623
2782 9183
2782 9242
2782 9417
2783 2906
2783 4622
2783 5052
2783 9217
2783 9269
2784 3106
2784 3391
2784 3825
2784 4002
2784 4147
2784 6446
2784 6953
2785 3040
2785 4636
2785 5264
2785 5472
2785 9891
2785 9898
2786 3850
2786 4366
2786 4995
2786 6058
2786 6097
2786 6838
2786 6883
2786 7468
2786 8078
2787 3476
2787 3819
2787 4509
2787 5356
2787 5457
2787 5916
2787 7533
2787 8983
2788 4816
2788 7836
2788 8540
2788 8787
2789 5041
2789 5489
2789 5615
2789 5965
2789 7137
2789 7871
2789 8797
2790 4259
2790 4632
2790 5193
2790 6874
2790 7622
2790 9631
2791 3293
2791 3747
2791 5048
2791 8768
2792 3686
2792 4739
2792 7012
2793 3035
2793 4950
2793 5837
2793 6722
2793 6952
2793 7568
2793 9012
2794 3884
2794 5288
2795 3828
2795 4817
2795 5220
2795 6488
2795 6490
2795 7868
2796 4156
2796 5111
2796 6192
2796 7109
2796 7304
2796 7439
2796 7700
2796 8236
2796 8419
2796 8542
2796 8741
2797 2873
2797 4093
2797 4874
2797 6487
2797 7021
2797 7389
2797 7582
2797 7873
2798 6579
2798 7085
2798 7104
2799 3801
2799 3920
2799 4166
2799 9488
2799 9622
2800 3426
2800 3432
2800 3453
2800 3689
2800 5050
2800 6011
2800 6074
2800 8268
2800 8822
2800 8954
2801 3782
2801 5796
2801 6123
2801 6511
2801 7704
2801 7776
2801 7922
2801 8135
2801 8736
2801 9445
2802 2970
2802 3748
2802 4714
2802 4882
2802 6842
2802 6943
2802 7765
2802 7853
2802 9214
2803 5731
2803 6172
2803 7124
2803 7311
2803 7700
2803 9781
2804 3119
2804 3234
2804 3484
2804 4172
2804 4281
2804 5275
2804 5576
2804 6134
2804 7353
2804 8002
2804 9981
2805 4369
2805 5192
2805 5592
2805 6673
2805 7557
2805 8189
2805 8347
2806 4280
2806 5578
2806 5863
2806 6268
2806 7141
2806 9374
2807 3355
2807 3418
2807 5165
2807 6174
2807 7418
2807 7801
2807 9202
2808 4061
2808 4128
2808 5388
2808 6716
2808 6722
2808 7510
2808 8336
2808 9192
2809 2823
2809 2941
2809 2969
2809 4452
2809 7121
2809 9909
2810 3006
2810 5712
2810 6281
2810 6345
2810 6849
2810 6913
2810 6930
2810 9246
2811 5027
2811 5068
2811 5073
2811 5432
2811 9011
2811 9456
2812 3178
2812 4079
2812 4712
2812 7029
2812 7046
2812 9206
2812 9453
2812 9696
2813 4406
2813 4410
2813 4878
2813 5989
2813 9720
2814 3092
2814 3849
2814 5042
2814 8605
2814 9305
2814 9478
2814 9852
2815 2903
2815 3402
2815 3543
2815 5457
2815 6555
2815 7752
2815 9919
2816 3875
2816 6484
2816 6967
2816 7815
2816 8290
2816 8335
2817 4995
2817 5932
2817 7169
2817 8541
2817 8694
2817 9228
2817 9523
2817 9549
2817 9551
2818 4591
2818 5776
2818 6304
2818 7730
2818 8272
2818 8635
2818 8701
2818 9504
2818 9752
2819 4409
2819 6087
2819 6464
2819 7881
2819 8222
2819 9849
2820 3247
2820 4323
2820 4886
2820 7516
2820 9314
2821 3290
2821 3627
2821 4035
2821 4582
2821 4591
2821 4819
2821 6227
2822 2834
2822 3789
2822 8329
2823 4355
2823 4447
2823 4920
2823 6604
2823 6891
2823 6948
2823 9244
2823 9371
2824 3185
2824 3450
2824 6729
2824 8439
2824 9153
2824 9754
2825 4088
2825 7690
2825 8905
2826 4770
2826 5119
2826 6956
2826 7019
2826 9798
2827 3253
2827 3878
2827 7640
2827 9153
2827 9613
2827 9848
2828 3888
2828 4322
2829 4481
2829 5026
2829 6813
2829 8335
2829 9321
2830 4773
2830 7412
2830 9173
2830 9956
2831 4328
2831 4945
2831 7739
2831 8238
2831 8648
2831 9079
2831 9574
2832 2948
2832 4274
2832 5242
2832 5780
2832 8243
2832 8265
2832 9732
2833 4605
2833 6199
2833 6642
2833 6982
2833 7088
2833 8413
2833 9455
2834 3159
2834 3690
2834 3845
2834 4478
2834 5920
2834 6751
2834 7350
2834 7375
2834 7564
2835 4157
2835 5532
2835 8191
2835 8443
2835 8544
2835 9238
2836 3503
2836 5351
2836 5807
2836 8861
2836 9574
2837 2958
2837 3144
2837 4078
2837 7315
2838 3407
2838 3420
2838 3973
2838 5037
2838 7023
2838 7184
2838 7871
2838 7973
2838 8380
2838 8596
2838 8827
2838 9146
2839 3207
2839 5090
2839 5932
2839 6017
2839 7182
2839 8007
2840 4470
2840 4639
2840 6838
2840 8048
2840 8396
2841 3924
2841 4394
2841 4401
2841 6580
2841 6815
2841 9018
2842 3131
2842 4434
2842 4806
2842 6411
2842 6968
2843 3932
2843 4143
2843 4374
2843 4772
2843 4953
2843 5066
2843 5563
2843 7758
2844 3348
2844 4623
2844 6096
2844 6141
2844 7981
2844 9818
2844 9962
2845 2973
2845 4449
2845 6373
2845 6935
2845 8252
2845 9611
2846 3718
2846 4710
2846 6515
2846 6710
2846 8743
2847 3476
2847 5283
2847 5910
2847 6634
2847 7250
2847 7602
2848 3854
2848 6796
2848 6935
2848 7272
2848 7477
2849 9824
2849 9914
2850 3626
2850 3658
2850 5423
2850 9657
2851 3483
2851 4940
2851 5647
2851 5677
2851 7839
2851 7862
2851 8895
2852 3835
2852 3851
2852 5700
2852 6247
2852 7983
2852 8665
2852 8827
2852 9412
2852 9552
2853 3006
2853 3440
2853 3514
2853 3669
2853 3850
2853 4545
2853 5025
2853 5710
2853 6434
2853 7445
2853 7463
2853 8964
2854 3946
2854 4663
2854 5385
2854 6041
2854 6593
2854 6934
2854 7704
2854 8795
2854 8896
2854 8960
2854 9014
2855 4139
2855 5415
2855 5466
2855 6095
2855 6210
2855 8248
2855 8347
2855 8562
2855 8594
2855 9149
2856 3091
2856 4400
2856 5374
2856 6177
2856 6425
2856 9987
2857 2933
2857 3108
2857 3628
2857 3990
2857 6116
2857 6292
2857 7612
2858 3039
2858 3458
2858 4671
2858 5337
2858 6231
2858 6377
2858 9284
2859 4025
2859 6374
2859 7611
2859 7696
2860 3236
2860 3243
2860 4537
2860 4766
2860 5514
2860 5747
2860 6088
2860 8278
2860 9250
2861 4322
2861 5299
2861 5354
2861 5375
2861 6020
2861 6449
2861 6481
2861 6696
2861 9298
2861 9510
2862 4730
2862 5246
2862 7087
2862 7160
2862 7810
2862 7817
2862 8749
2863 3776
2863 4647
2863 8207
2864 3130
2864 4514
2864 6310
2864 8475
2864 8904
2864 9401
2864 9412
2864 9966
2865 3655
2865 7986
2865 8434
2865 8590
2865 8760
2865 9293
2865 9886
2866 4727
2866 5182
2866 9020
2866 9853
2867 3383
2867 9036
2867 9430
2867 9581
2868 4072
2868 5857
2868 6458
2868 9822
2869 3200
2869 3499
2869 4875
2869 8266
2869 9283
2869 9442
2869 9705
2870 3696
2870 4123
2870 6088
2870 6294
2870 6611
2870 7941
2870 8091
2870 8415
2870 8776
2871 4570
2871 5190
2871 5376
2871 5661
2871 5920
2871 7105
2871 7870
2871 8579
2871 9271
2871 9770
2872 4029
2872 5144
2872 6000
2872 7082
2872 7200
2872 7671
2872 7905
2872 9358
2873 3327
2873 4009
2873 4125
2873 4383
2873 6474
2873 6779
2873 7283
2873 8953
2873 9332
2874 4005
2874 4162
2874 7192
2874 8227
2874 8566
2874 9191
2875 2897
2875 6369
2875 7205
2875 8378
2875 9493
2875 9594
2876 3997
2876 5630
2876 5967
2876 6081
2876 7226
2876 9058
2876 9392
2877 3611
2877 3787
2877 4726
2877 4892
2877 5349
2877 6004
2877 6943
2877 8586
2877 9526
2877 9921
2878 3361
2878 4921
2878 6226
2878 6357
2878 9769
2878 9866
2878 9868
2879 3348
2879 5337
2879 7330
2879 7825
2879 9167
2880 3679
2880 4352
2880 4991
2880 6057
2880 6138
2880 6348
2880 7019
2880 7633
2881 4146
2881 5594
2881 5649
2881 7417
2881 7733
2881 8743
2881 8822
2881 9713
2882 2925
2882 5039
2882 6255
2882 8294
2882 9500
2882 9565
2883 3380
2883 5592
2883 6584
2883 6683
2883 8813
2883 8891
2884 3056
2884 3907
2884 4065
2884 5004
2884 5026
2884 5962
2884 6286
2884 6425
2884 8035
2884 9848
2885 3400
2885 3931
2885 4448
2885 6465
2885 8030
2886 2904
2886 3284
2886 5545
2886 6556
2886 7899
2886 8885
2886 9352
2887 3446
2887 4972
2887 6754
2887 7625
2887 7712
2887 8063
2887 8664
2887 9837
2887 9863
2888 5587
2888 6805
2888 7070
2888 7716
2889 5495
2889 5666
2889 7095
2889 9907
2890 3170
2890 3448
2890 6829
2890 7279
2890 8278
2891 2919
2891 3812
2891 3859
2891 4587
2891 7458
2891 7688
2891 8470
2891 8653
2892 3245
2892 3279
2892 5642
2892 6938
2892 7341
2892 7905
2892 7935
2892 8844
2892 9181
2892 9791
2892 9792
2893 3341
2893 3767
2893 4150
2893 5261
2893 7608
2893 8174
2893 9584
2894 8865
2894 9080
2894 9685
2895 4455
2895 5217
2895 5433
2895 6405
2895 7628
2895 8766
2896 3691
2896 4501
2896 5938
2896 6276
2896 6308
2896 8786
2897 4442
2897 4920
2897 6447
2897 6735
2897 7135
2897 7830
2898 3354
2898 3386
2898 4039
2898 5239
2898 5643
2898 5937
2898 6329
2898 6504
2898 7028
2898 9743
2899 4786
2899 5110
2899 5113
2899 6886
2899 7721
2899 9480
2900 3174
2900 3237
2900 4104
2900 4679
2900 5482
2900 6806
2900 7650
2900 8464
2900 8477
2900 8574
2900 8927
2900 9110
2901 3720
2901 4695
2901 5931
2901 7710
2902 4136
2902 5304
2902 6018
2902 8344
2902 8999
2902 9799
2903 4073
2903 4102
2903 4189
2903 6237
2903 6987
2903 7082
2903 7590
2903 8974
2903 9159
2904 3857
2904 4045
2904 4747
2904 5607
2904 6184
2904 6446
2904 6829
2904 7135
2904 7624
2904 7885
2904 9491
2905 6869
2905 7035
2905 7107
2905 7245
2905 7936
2905 8611
2905 8622
2905 8873
2906 3221
2906 3530
2906 4481
2906 5052
2906 5933
2906 6473
2906 6663
2906 6952
2906 7225
2907 3234
2907 3543
2907 8192
2908 3213
2908 4020
2908 5414
2908 6053
2908 6170
2908 7467
2908 7501
2909 5533
2909 5914
2909 6676
2909 7413
2909 7599
2909 8198
2909 9292
2909 9886
2909 9939
2910 4791
2910 5628
2910 5993
2910 6058
2910 6412
2910 7534
2910 7751
2910 7775
2910 8911
2910 9223
2910 9444
2911 4473
2911 4787
2911 6902
2911 7816
2911 8517
2911 9183
2911 9474
2911 9538
2912 3401
2912 4221
2912 7005
2912 7256
2912 8231
2912 8571
2912 8742
2912 8985
2913 6268
2913 6853
2913 7099
2913 8338
2914 3043
2914 3107
2914 3130
2914 4107
2914 4120
2914 4306
2914 6120
2914 7115
2914 9232
2914 9385
2915 4223
2915 6358
2915 6577
2915 9935
2916 5595
2916 7327
2916 7969
2916 9527
2917 3723
2917 4255
2917 7830
2917 9668
2917 9792
2918 3525
2918 6138
2918 8072
2919 3203
2919 5122
2919 6627
2919 6994
2919 7348
2920 3582
2920 4531
2920 5135
2920 6011
2920 7125
2920 8103
2920 9058
2921 4780
2921 5041
2921 5784
2921 6058
2921 6170
2921 6350
2921 6683
2921 6985
2921 7980
2921 9236
2922 3251
2922 3391
2922 4427
2922 5050
2922 5544
2922 6288
2922 8002
2922 8260
2922 8371
2922 8532
2922 9266
2923 3750
2923 5248
2923 5289
2923 6138
2923 6253
2923 7887
2923 9039
2924 6021
2924 7499
2924 9384
2924 9662
2924 9949
2925 4544
2925 5441
2925 6003
2925 6331
2925 7143
2925 7153
2926 4089
2926 5399
2926 6182
2926 8117
2926 8241
2926 8346
2927 4503
2927 4817
2927 5956
2927 6364
2927 6694
2927 7977
2927 9910
2928 3588
2928 4823
2928 5710
2928 6343
2928 6723
2928 7126
2929 5415
2929 6631
2929 8027
2929 8097
2929 8601
2929 8656
2930 4331
2930 5547
2930 5996
2930 6786
2930 6996
2930 7039
2930 8415
2930 8586
2931 3733
2931 4655
2931 7059
2931 8241
2931 9801
2932 2942
2932 6440
2932 6755
2932 8217
2932 9263
2933 3972
2933 4921
2933 6281
2933 6609
2933 6733
2933 6786
2933 8792
2934 4816
2934 8022
2934 8585
2934 8769
2934 9659
2934 9983
2935 3620
2935 5667
2935 6224
2936 3363
2936 4618
2936 4749
2936 5327
2936 5834
2936 6383
2936 7406
2936 7751
2936 8046
2936 8410
2936 9573
2937 4557
2937 5964
2937 6500
2937 7540
2937 9609
2938 3411
2938 4976
2938 7890
2938 8531
2939 3081
2939 4287
2939 5685
2939 6150
2939 6575
2939 6738
2939 8260
2939 9488
2940 3585
2940 4244
2940 6876
2940 7431
2940 9620
2940 9761
2941 3136
2941 4582
2941 4763
2941 4949
2941 5112
2942 3091
2942 3291
2942 4204
2942 5581
2942 6235
2942 8642
2942 8787
2942 9166
2943 3234
2943 3982
2943 5180
2943 8914
2943 9161
2943 9189
2943 9746
2944 3503
2944 3581
2944 4513
2944 4833
2944 4958
2944 5291
2944 5647
2944 9249
2944 9781
2945 5867
2945 9643
2946 6013
2946 7573
2946 8955
2946 9526
2947 4970
2947 5733
2947 6216
2947 7177
2947 7582
2948 3988
2948 6469
2948 7757
2948 7812
2948 8681
2948 9919
2949 3896
2949 5777
2949 5984
2949 6125
2949 8446
2949 9895
2950 6423
2950 7024
2950 7684
2950 7765
2950 8076
2950 9194
2951 6765
2951 6980
2951 7715
2952 3615
2952 4099
2952 4706
2952 4960
2952 5691
2952 5886
2953 3421
2953 4069
2953 5240
2953 6127
2953 6306
2953 6644
2953 6661
2953 8063
2953 8662
2954 3030
2954 4019
2954 5215
2954 5995
2954 9290
2954 9323
2954 9669
2955 3715
2955 4253
2955 4804
2955 5393
2955 5569
2955 6295
2955 6385
2955 6697
2955 6966
2955 9271
2956 5202
2956 5596
2957 3296
2957 4672
2957 6271
2957 7358
2957 8153
2957 8899
2958 4540
2958 4730
2958 5383
2958 6562
2958 6776
2958 8175
2958 8869
2958 9197
2959 4087
2959 5262
2959 5289
2959 6417
2959 7843
2959 7860
2959 7960
2959 8502
2959 9647
2960 3404
2960 7014
2960 8504
2960 9018
2960 9379
2960 9906
2961 4616
2961 4728
2961 5730
2961 6370
2961 9858
2962 3203
2962 8455
2962 9579
2962 9745
2963 3001
2963 3187
2963 4700
2963 4869
2963 5288
2963 6456
2963 9109
2963 9665
2964 4230
2964 5487
2964 5526
2964 7110
2964 7369
2964 8095
2964 8261
2964 8819
2965 4757
2965 5635
2965 6538
2965 9496
2966 3055
2966 4397
2966 4609
2966 4892
2966 5726
2966 5942
2966 6018
2966 8659
2967 3646
2967 4501
2967 5204
2967 5842
2967 6392
2967 7655
2967 8592
2967 9001
2967 9155
2967 9269
2967 9709
2968 5015
2968 6209
2968 6795
2968 6922
2968 7592
2968 9556
2968 9813
2968 9912
2969 7210
2969 7917
2970 4450
2970 5106
2971 3034
2971 4460
2971 5154
2971 5614
2971 6781
2971 7118
2971 7849
2971 8366
2971 8498
2971 9017
2972 3122
2972 3602
2972 4411
2972 5041
2972 6635
2972 6875
2972 7410
2972 7936
2972 8876
2972 9071
2973 5572
2973 6969
2973 7495
2973 8216
2974 4543
2974 4710
2974 5664
2974 7498
2974 8373
2975 4294
2975 5066
2975 5440
2975 5621
2975 6552
2975 6658
2976 3120
2976 3154
2976 3799
2976 3920
2976 5101
2976 7294
2976 8653
2976 9358
2977 3762
2977 4595
2977 6239
2978 3053
2978 5572
2978 7635
2978 8779
2978 9401
2978 9633
2979 3049
2979 3678
2979 5289
2979 6534
2979 6670
2979 7433
2979 7602
2980 3160
2980 5972
2980 6046
2980 8016
2980 8126
2981 5654
2981 6497
2981 6531
2981 7080
2981 7428
2981 7613
2981 7754
2981 7801
2981 8391
2981 8728
2982 4892
2982 5041
2982 5449
2982 7210
2982 7747
2982 8593
2983 3243
2983 3773
2983 6859
2983 7571
2983 8994
2983 9749
2984 3675
2984 4251
2984 4352
2984 4485
2984 6282
2984 6574
2984 6689
2984 9477
2985 5087
2985 5197
2985 9217
2985 9590
2985 9788
2986 3192
2986 3872
2986 5161
2986 5238
2986 5313
2986 7766
2986 8428
2987 3565
2987 4677
2987 4839
2987 5847
2987 6643
2987 9093
2988 3652
2988 6903
2989 3285
2989 6181
2989 6201
2989 6773
2989 7291
2989 7435
2989 7635
2989 7757
2989 7815
2989 9731
2990 3932
2990 4068
2990 6869
2990 7399
2990 8200
2990 8770
2991 4796
2991 5617
2991 7094
2991 7938
2991 8159
2991 9854
2992 7172
2992 8540
2993 4015
2993 4905
2993 6195
2993 6346
2993 6682
2993 6947
2993 7006
2993 8598
2994 3049
2994 4119
2994 6785
2994 7236
2994 9357
2995 5695
2995 7387
2995 8323
2996 3017
2996 3711
2996 3799
2996 4242
2996 5096
2996 5643
2996 7019
2996 7406
2996 9480
2996 9566
2997 3183
2997 3873
2997 4032
2997 5569
2997 5735
2997 8047
2997 8247
2998 3942
2998 6935
2998 8125
2998 8448
2998 9240
2999 4116
3000 3880
3000 4746
3000 5811
3000 8081
3000 8306
3000 9095
3000 9233
3001 3412
3001 3992
3001 4103
3001 4367
3001 4417
3001 5526
3001 6424
3001 9548
3001 9746
3002 3337
3002 3422
3002 4286
3002 5103
3002 8821
3003 3033
3003 3572
3003 4536
3003 5025
3003 5985
3004 3019
3004 3707
3004 4932
3004 5773
3004 6549
3004 7193
3004 8099
3004 9296
3005 3364
3005 3971
3005 5144
3005 5742
3005 6287
3005 6854
3005 7270
3006 3041
3006 4015
3006 5491
3006 5621
3006 6531
3006 7345
3006 7368
3006 7623
3006 8506
3006 9197
3006 9300
3006 9980
3007 5722
3007 5979
3007 8086
3007 8176
3007 8338
3007 8430
3007 9473
3008 4042
3008 4741
3008 5235
3008 5283
3008 7417
3008 7765
3008 8020
3008 8994
3008 9291
3009 3555
3009 3591
3009 4734
3009 7679
3010 3673
3010 4314
3010 4808
3010 4969
3010 5444
3010 5822
3010 5989
3010 6048
3010 6687
3010 9284
3011 4220
3011 4878
3011 6267
3011 7307
3011 7447
3011 7962
3011 9101
3011 9149
3011 9484
3012 4811
3012 5080
3012 5203
3012 5550
3012 5659
3012 5865
3012 6086
3012 7657
3013 4332
3013 5129
3013 5197
3013 6301
3013 6698
3013 6741
3013 7960
3013 8074
3013 9720
3014 6083
3014 6331
3014 7046
3014 7091
3014 7526
3014 8535
3014 9040
3015 3077
3015 4341
3015 4530
3015 5317
3015 6199
3015 6828
3015 7047
3015 7076
3015 7384
3015 7645
3015 8328
3015 9070
3015 9551
3016 3275
3016 4433
3016 5119
3016 5128
3016 7276
3016 7802
3016 9245
3017 5178
3017 5188
3017 5435
3017 5919
3017 8553
3017 9288
3018 3648
3018 4310
3018 5447
3018 6481
3018 7213
3018 7845
3018 9094
3018 9757
3019 3179
3019 5125
3019 7462
3019 8134
3019 9420
3019 9483
3020 3909
3020 5388
3020 7273
3020 8599
3021 3432
3021 4012
3021 4167
3021 4438
3021 5489
3021 5515
3021 5956
3021 8694
3021 8787
3022 3450
3022 5331
3022 5814
3022 7721
3022 8448
3022 9291
3023 3357
3023 3781
3023 5092
3023 6883
3023 8193
3024 3508
3024 3558
3024 3928
3024 5512
3024 6269
3024 6671
3024 7794
3024 8908
3024 9040
3024 9693
3025 3862
3025 4056
3025 5415
3025 6082
3025 9456
3026 3875
3026 4015
3026 4980
3026 7394
3026 7720
3026 7724
3026 8467
3026 8832
3027 4532
3027 5489
3027 5499
3027 5987
3027 6599
3027 6736
3027 9456
3027 9460
3028 3471
3028 5653
3028 7418
3028 7596
3028 8628
3028 9009
3029 4220
3029 4644
3029 4713
3029 5811
3029 5926
3029 5948
3029 6124
3029 8517
3029 9871
3029 9875
3030 3359
3030 3486
3030 5026
3030 7344
3031 4563
3031 5039
3031 5777
3031 5890
3031 6973
3031 8187
3031 9055
3031 9372
3031 9471
3032 3243
3032 3588
3032 3770
3032 5386
3032 5546
3032 6292
3032 6893
3032 7724
3032 8219
3032 9987
3033 3762
3033 7831
3034 3346
3034 4515
3034 5457
3034 5945
3034 6257
3034 6605
3034 6691
3034 6953
3034 7238
3034 7327
3034 9039
3035 6353
3035 6425
3035 6513
3035 8548
3035 9340
3036 3161
3036 3281
3036 4605
3036 6850
3036 8588
3036 8703
3036 9578
3037 3731
3037 4559
3037 6836
3037 7571
3037 7767
3038 3934
3038 4334
3038 5161
3038 7788
3038 7835
3039 5340
3039 5618
3039 5885
3039 6753
3039 6858
3039 7599
3039 7785
3039 7992
3039 8707
3039 9008
3039 9127
3039 9824
3040 3998
3040 5572
3040 5913
3040 5956
3040 7323
3040 7397
3040 7854
3040 8036
3040 8318
3041 3439
3041 3846
3041 4007
3041 4918
3041 6021
3041 7054
3041 8927
3041 9490
3042 4270
3042 4624
3042 6145
3042 6630
3042 6648
3042 6940
3042 6949
3042 7585
3042 7997
3042 8028
3042 8151
3042 8718
3042 9098
3043 6309
3043 7317
3044 3169
3044 3744
3044 4386
3044 5893
3044 6227
3044 6236
3044 8507
3044 9078
3044 9973
3045 3701
3045 5378
3045 5412
3045 5753
3045 7631
3045 8794
3045 8824
3045 8916
3045 9407
3046 3767
3046 3877
3046 6186
3046 7249
3046 8642
3047 3228
3047 3233
3047 3752
3047 4645
3047 5321
3047 6176
3047 8845
3047 9010
3047 9457
3048 3233
3048 3496
3048 3999
3048 5595
3048 6489
3048 7055
3048 7172
3048 8624
3048 8956
3049 3842
3049 5517
3049 6245
3049 6776
3049 7148
3049 7157
3049 7230
3049 8859
3050 4956
3050 5031
3050 5613
3050 5699
3050 6877
3050 9150
3050 9490
3051 3515
3051 3737
3051 3933
3051 4423
3051 6965
3051 7121
3051 7264
3051 7295
3051 7671
3051 8281
3051 8868
3051 9255
3051 9420
3052 3179
3052 3279
3052 3483
3052 6043
3052 8780
3052 9867
3053 3072
3053 3094
3053 3571
3053 3679
3053 3718
3053 4956
3053 5045
3053 5670
3053 6584
3053 8973
3053 9887
3054 4926
3054 5378
3054 9227
3055 3601
3055 4518
3055 6024
3055 7017
3055 7423
3055 7543
3055 9370
3056 5123
3056 5616
3056 6341
3056 6539
3056 9338
3056 9602
3056 9612
3056 9962
3056 9989
3057 4409
3057 9939
3058 3068
3058 3801
3058 4891
3058 5170
3058 5379
3058 5925
3058 6831
3058 7328
3059 3091
3059 3406
3059 4721
3059 5854
3059 6194
3059 7286
3059 7351
3059 8168
3059 9806
3059 9857
3060 5031
3060 7407
3060 9848
3060 9951
3061 4421
3061 6006
3061 7180
3061 8446
3061 9984
3062 4300
3062 4388
3062 4589
3062 5246
3062 6818
3062 7413
3062 7672
3062 8594
3062 8986
3062 9993
3063 3665
3063 3738
3063 3904
3063 4181
3063 4651
3063 4702
3063 4935
3063 6135
3063 7135
3063 7268
3063 7570
3063 7669
3063 7715
3063 8504
3063 9873
3064 3294
3064 3526
3064 3616
3064 6122
3064 6347
3064 7266
3064 7857
3064 7896
3064 9177
3064 9967
3065 3187
3065 3916
3065 4039
3065 4803
3065 6216
3065 7236
3065 8544
3065 8694
3065 9680
3066 3484
3066 4090
3066 4464
3066 5583
3066 5625
3066 5657
3066 6108
3066 6884
3066 7960
3066 7966
3067 6094
3067 8241
3067 8884
3068 3287
3068 3732
3068 3788
3068 3851
3068 3943
3068 4620
3068 6667
3068 7613
3068 8133
3068 8625
3068 9261
3068 9887
3069 5495
3069 5865
3069 6718
3069 7004
3069 9582
3069 9595
3070 7722
3070 8044
3070 8514
3070 8659
3070 9113
3071 3149
3071 3418
3071 3850
3071 4630
3071 6125
3071 6363
3071 7262
3071 7380
3071 8781
3071 9214
3071 9251
3072 3952
3072 4037
3072 5079
3072 6761
3072 7236
3072 8941
3073 3345
3073 3458
3073 4226
3073 4561
3073 5772
3073 5904
3073 6407
3073 9644
3073 9969
3074 5773
3074 6426
3074 6503
3074 6638
3074 7446
3074 8057
3074 8561
3074 9474
3075 4087
3075 5666
3075 5694
3075 5874
3075 6123
3075 6680
3075 7580
3075 7704
3076 3809
3076 5620
3076 6980
3076 7555
3076 8141
3077 3253
3077 3817
3077 6512
3077 6836
3077 8298
3077 8299
3077 9875
3078 3284
3078 4121
3078 4188
3078 4759
3078 5976
3078 6527
3078 6988
3078 7901
3078 7985
3078 8246
3078 8250
3078 8896
3078 8937
3079 3378
3079 3818
3079 4251
3079 4918
3079 5124
3079 5726
3079 6259
3079 7493
3079 7685
3079 9711
3080 3197
3080 3559
3080 4539
3080 4839
3080 4964
3080 5002
3080 6047
3080 6196
3080 6525
3080 8751
3080 9558
3081 4179
3081 5671
3081 7337
3081 7701
3081 8547
3081 8582
3082 3128
3082 3148
3082 3985
3082 4889
3082 5357
3082 7658
3082 8880
3082 9833
3083 3159
3083 4251
3083 5200
3083 6735
3083 7796
3084 3267
3084 3676
3084 6086
3084 9217
3085 3700
3085 5907
3085 6348
3085 7460
3085 8546
3086 3472
3086 3599
3086 3816
3086 7411
3086 8833
3086 9676
3087 3480
3087 4199
3087 4331
3087 5672
3087 5973
3087 6731
3087 8038
3088 4819
3088 5228
3088 6257
3088 6907
3088 9574
3088 9979
3089 4041
3089 4214
3089 4390
3089 7581
3089 8860
3090 3326
3090 3456
3090 5843
3090 5981
3090 6119
3090 6205
3090 7923
3090 8665
3090 9090
3091 5245
3091 6633
3091 7487
3091 7957
3091 8558
3092 3178
3092 6804
3092 8624
3092 8856
3092 9637
3093 3533
3093 4019
3093 4300
3093 6566
3093 7135
3093 7229
3093 8700
3093 9093
3094 6574
3094 9546
3095 3890
3095 3899
3095 4840
3095 5150
3095 5338
3095 7039
3095 8889
3095 8902
3095 9917
3096 3646
3096 5187
3096 6296
3096 6756
3096 7448
3096 7705
3097 6722
3097 7701
3097 8334
3097 9933
3098 4338
3098 4805
3098 5044
3098 5469
3098 5921
3098 9012
3098 9182
3098 9894
3099 4571
3099 4918
3099 6251
3099 7168
3099 8390
3099 8764
3099 9386
3100 4975
3100 5999
3100 7703
3100 8950
3100 9144
3100 9518
3101 4566
3101 6601
3101 7328
3101 8507
3101 9302
3102 8329
3103 5409
3103 6378
3103 7734
3104 4391
3104 5826
3104 6169
3104 6794
3104 7110
3104 7532
3104 8890
3104 9880
3105 6030
3105 7503
3105 8055
3105 8677
3105 9857
3105 9923
3106 4688
3106 5584
3106 5771
3106 6198
3106 7413
3106 7731
3106 7782
3106 8403
3107 4296
3107 4951
3107 5407
3107 5891
3107 6066
3107 6776
3107 8299
3107 8354
3107 9717
3108 3567
3108 4209
3108 9676
3109 7218
3109 8460
3109 9058
3109 9146
3110 3519
3110 5637
3110 6668
3110 8342
3111 3223
3111 3271
3111 4626
3111 4900
3111 5579
3111 6023
3111 7575
3111 8210
3111 9634
3111 9812
3112 6143
3112 7503
3112 7751
3112 8755
3112 9247
3112 9462
3112 9814
3112 9919
3113 6776
3113 7936
3113 9905
3114 5778
3114 7245
3114 9199
3115 3818
3115 4028
3115 5828
3115 6391
3115 8259
3115 8401
3115 9460
3116 4089
3116 6834
3116 7700
3116 8529
3116 9675
3116 9701
3117 3223
3117 4617
3117 6037
3117 7129
3117 9819
3118 3154
3118 3516
3118 6857
3118 9546
3119 3954
3119 3997
3119 4828
3119 6013
3119 6029
3119 6553
3119 7798
3119 7916
3120 3851
3120 5760
3120 7642
3120 8529
3120 9735
3121 4589
3121 4677
3121 6475
3121 6563
3121 9754
3121 9761
3122 5767
3122 9764
3123 3719
3123 3736
3123 5856
3123 6447
3123 6587
3123 7246
3123 9425
3123 9935
3124 3214
3124 3719
3124 4239
3124 4406
3124 6909
3124 8841
3125 6284
3125 6359
3125 7370
3125 8328
3125 8469
3125 9769
3126 3345
3126 4310
3126 5221
3126 6635
3126 6760
3126 7661
3126 8696
3126 9059
3127 3701
3127 3975
3127 7394
3127 8019
3127 8426
3127 9176
3127 9437
3127 9893
3128 4659
3128 6818
3128 6993
3129 3253
3129 3740
3129 4615
3129 5049
3129 5585
3129 5589
3129 5907
3129 6505
3129 6683
3129 7702
3129 7875
3129 8554
3129 9252
3129 9534
3129 9917
3130 4631
3130 5495
3130 5637
3130 6042
3130 6112
3130 6352
3130 8718
3131 3858
3131 3868
3131 4438
3131 4829
3131 5017
3131 6855
3131 6970
3131 7179
3131 7594
3131 7896
3131 9536
3131 9989
3132 3871
3132 4042
3132 4540
3132 5048
3132 6810
3132 9314
3133 3721
3133 6256
3133 7593
3133 7878
3133 7886
3133 8613
3133 8754
3134 3207
3134 3248
3134 3353
3134 3643
3134 4224
3134 4448
3134 4559
3134 4999
3134 5003
3134 5413
3134 6356
3134 7139
3134 7763
3134 8526
3134 8617
3135 3251
3135 4970
3135 6349
3135 6716
3135 6778
3135 7033
3135 8065
3135 8078
3135 8999
3135 9600
3136 3546
3136 3763
3136 4709
3136 4783
3136 4844
3136 5366
3136 6246
3136 6731
3136 6749
3136 8308
3136 8723
3136 9600
3136 9613
3136 9838
3136 9976
3137 3196
3137 4096
3137 4958
3137 6125
3137 6299
3137 7504
3137 8397
3137 8915
3137 9581
3138 3547
3138 5245
3138 6192
3138 6625
3138 7096
3138 7429
3138 9622
3139 5589
3139 5774
3139 5890
3139 6240
3139 6438
3139 6919
3139 7689
3139 8373
3140 3502
3140 4509
3140 4780
3140 5503
3140 6343
3140 6436
3140 7747
3140 8049
3141 3748
3141 4413
3141 5208
3141 8219
3141 9774
3142 3641
3142 3924
3142 5643
3142 6149
3142 6838
3142 7380
3142 7770
3142 7845
3142 8985
3143 4428
3143 4566
3143 6034
3143 6036
3143 6097
3143 6670
3143 7685
3143 7895
3143 9994
3144 4073
3144 4372
3144 5122
3144 5664
3144 5828
3144 6573
3144 6878
3144 9444
3145 5204
3145 7861
3145 8334
3145 9985
3146 3811
3146 4587
3146 4704
3146 5241
3146 6350
3146 6548
3146 8476
3146 8783
3147 3440
3147 3733
3147 4044
3147 4806
3147 4862
3147 5005
3147 5192
3147 5406
3147 6596
3147 6880
3147 8206
3147 9177
3148 4782
3148 5249
3148 5665
3148 6111
3148 6979
3148 7122
3148 7795
3148 8321
3148 8897
3148 9138
3149 3465
3149 4972
3149 5470
3149 5605
3149 6543
3149 7302
3149 8015
3149 8193
3150 3193
3150 3773
3150 4619
3150 5277
3150 7600
3150 7673
3150 8987
3151 3397
3151 3415
3151 3434
3151 5639
3151 6292
3151 6829
3151 7015
3151 8259
3151 8741
3151 8833
3151 9422
3152 4433
3152 6099
3152 6761
3152 8022
3153 3265
3153 6756
3153 7325
3153 7700
3153 7732
3153 9129
3153 9639
3154 3681
3154 4929
3154 5059
3154 5352
3154 5650
3154 7940
3154 8393
3155 3264
3155 3517
3155 5149
3155 5285
3155 5395
3155 5791
3155 6147
3155 6418
3155 7070
3155 9894
3156 3287
3156 4173
3156 4269
3156 4329
3156 6370
3156 6999
3156 7168
3156 7538
3156 8283
3156 9094
3156 9967
3157 4350
3157 6045
3157 6169
3157 6185
3157 9159
3158 3580
3158 5699
3158 5736
3158 6098
3158 6249
3158 8213
3158 9578
3159 4325
3159 5193
3159 6882
3159 7005
3159 7359
3159 8167
3159 8438
3159 8444
3160 7130
3160 7744
3160 9050
3161 3287
3161 4276
3161 4590
3161 6660
3161 7395
3161 8462
3161 9698
3162 4993
3162 5100
3162 6569
3162 6989
3162 7749
3163 3431
3163 4380
3163 7928
3163 8534
3163 8902
3163 8926
3163 9797
3164 7410
3164 8037
3164 8044
3164 8859
3165 3732
3165 4351
3165 5607
3165 6398
3165 7737
3165 8999
3165 9465
3166 3719
3166 4779
3166 5200
3166 7109
3166 7233
3166 8453
3166 8836
3166 9252
3167 3231
3167 6430
3167 7146
3167 8988
3167 9200
3167 9301
3167 9466
3168 3897
3168 4466
3168 4605
3168 7062
3168 7593
3168 9121
3168 9465
3169 3867
3169 5116
3169 5814
3169 7703
3169 7832
3169 8499
3169 9180
3170 3841
3170 5625
3170 7841
3170 8098
3170 8249
3170 9272
3170 9730
3171 4005
3171 4395
3171 5115
3171 5554
3171 9377
3172 3440
3172 4736
3172 8065
3172 8101
3172 9553
3172 9774
3173 3314
3173 4629
3173 6138
3173 7525
3173 9345
3173 9397
3173 9599
3174 4378
3174 5035
3174 5579
3174 6063
3174 6575
3174 6658
3174 6660
3174 6842
3175 4026
3175 4358
3175 4719
3175 5740
3175 6624
3175 6647
3175 7075
3175 7399
3176 3340
3176 3512
3176 4157
3176 4330
3176 4427
3176 4808
3176 5553
3176 5827
3176 5986
3176 6486
3176 7025
3176 7937
3176 8208
3176 8233
3176 8614
3176 8627
3176 9344
3177 5853
3177 6769
3177 8183
3177 8759
3177 9379
3177 9748
3178 3658
3178 3791
3178 4315
3178 4813
3178 4816
3178 5633
3178 6036
3178 6963
3178 9227
3178 9331
3178 9438
3178 9850
3178 9887
3179 3980
3179 6381
3179 6940
3179 7109
3179 7960
3179 8156
3179 9405
3180 3698
3180 5138
3180 5526
3180 6077
3180 7018
3180 7573
3180 8659
3181 3467
3181 6661
3181 6743
3181 8986
3181 9675
3182 3461
3182 3801
3182 7300
3182 8345
3182 8816
3182 9234
3182 9855
3183 4552
3183 6255
3183 7223
3183 7610
3183 7840
3184 5293
3184 6430
3184 6768
3184 8585
3184 8868
3184 8909
3185 5040
3185 8235
3186 3973
3186 7532
3186 7708
3186 7731
3186 8044
3186 8169
3186 8643
3187 3298
3187 4815
3187 5332
3187 6939
3187 7258
3187 7457
3187 8594
3187 9029
3188 6072
3188 7134
3188 7298
3188 8071
3188 8116
3189 4031
3189 4625
3189 5072
3189 6604
3189 6614
3189 7348
3189 7407
3189 9235
3189 9591
3189 9660
3189 9879
3189 9880
3190 6718
3190 6938
3190 8479
3190 9853
3190 9999
3191 3865
3191 4882
3191 5315
3191 6119
3191 7284
3191 7463
3192 3344
3192 3957
3192 4885
3192 4986
3192 9513
3193 3202
3193 4451
3193 5692
3193 8574
3193 8665
3193 9391
3194 6135
3194 9814
3195 4811
3195 7670
3195 8215
3195 8745
3196 5114
3196 6520
3196 8962
3196 9463
3197 3288
3197 3848
3197 7440
3197 7990
3197 9268
3198 4157
3198 6002
3198 9457
3198 9912
3199 3946
3199 5910
3199 6263
3199 7532
3199 8442
3199 9923
3200 6329
3200 6509
3200 7947
3201 3813
3201 4268
3201 6227
3201 6595
3201 8067
3201 9207
3202 3232
3202 3666
3202 4011
3202 7530
3202 8703
3202 9209
3202 9214
3203 4122
3203 5258
3203 5373
3203 6016
3203 7558
3203 7984
3203 8460
3203 8632
3203 9237
3203 9319
3203 9742
3204 4370
3204 6121
3204 6615
3204 7882
3204 8141
3204 8856
3205 3405
3205 5076
3205 5853
3205 6588
3205 7809
3205 9570
3206 4139
3206 5045
3206 5220
3206 6151
3206 6164
3206 7476
3206 7938
3206 8186
3206 8881
3207 4414
3207 6490
3207 7141
3207 8254
3207 8436
3207 8987
3208 4340
3208 4970
3208 7119
3209 4015
3209 4388
3209 4518
3209 6056
3209 6720
3209 7258
3209 7483
3209 7911
3209 9746
3209 9841
3210 4756
3210 5794
3210 6115
3210 6147
3210 6744
3210 7298
3210 8560
3210 9851
3211 4655
3211 5130
3211 6241
3211 6693
3211 7665
3212 3242
3212 4435
3212 6131
3212 9236
3213 5495
3213 6839
3213 6969
3213 8878
3213 9722
3214 3649
3214 3772
3214 6014
3214 6155
3214 7410
3214 8372
3214 9230
3215 4171
3215 5216
3215 5223
3215 5728
3215 7303
3215 8385
3215 8393
3215 8477
3216 6376
3216 6489
3216 7969
3216 8782
3217 4381
3217 6216
3217 6804
3217 7105
3217 8120
3217 8395
3218 3973
3218 5873
3218 6091
3218 7077
3218 7762
3218 8036
3218 8786
3218 9063
3218 9276
3219 3323
3219 4292
3219 4770
3219 7306
3219 7823
3219 9256
3220 3508
3220 5133
3220 5790
3220 6513
3220 6789
3220 7403
3220 7487
3220 7593
3220 8165
3220 8564
3220 8719
3220 9801
3220 9996
3221 4864
3221 5343
3222 4308
3222 5511
3222 5675
3222 5971
3222 7634
3222 8368
3223 3299
3223 5407
3223 6162
3223 7188
3223 7644
3223 8437
3223 9201
3224 4635
3224 6062
3224 8074
3225 3528
3225 3884
3225 4611
3225 4710
3225 5621
3225 6149
3225 9508
3225 9697
3226 4570
3226 5030
3226 5640
3226 6020
3226 6057
3226 6975
3226 9074
3226 9249
3227 3322
3227 5744
3227 5747
3227 6570
3227 7072
3227 7756
3227 9146
3227 9778
3228 4738
3228 5014
3228 5407
3228 5606
3228 5665
3228 6958
3228 7416
3228 9129
3228 9230
3229 3653
3229 6048
3229 6402
3229 8000
3229 8895
3229 9520
3230 3790
3230 4570
3230 4706
3230 4907
3230 5099
3230 5115
3230 5437
3230 6763
3230 6831
3230 7281
3230 8065
3230 8397
3230 8525
3230 8926
3231 3839
3231 7168
3231 8742
3232 3716
3232 4171
3232 5510
3232 7684
3233 4597
3233 5571
3233 5782
3233 6168
3233 6827
3233 6951
3233 7811
3233 9724
3234 7055
3234 7479
3234 8430
3234 8675
3235 5028
3235 5627
3235 6917
3235 7147
3235 8706
3235 9399
3236 5548
3236 7232
3236 7730
3236 7741
3236 9831
3237 3942
3237 6304
3237 6764
3237 6965
3237 7637
3237 8186
3237 8527
3237 9979
3238 4734
3238 6000
3238 6681
3238 8401
3238 8986
3238 9317
3238 9707
3239 4427
3239 5495
3239 7240
3239 7684
3239 7852
3239 8181
3239 8551
3240 3804
3240 4947
3240 5061
3240 7575
3240 7902
3241 4829
3241 6186
3241 6249
3241 8023
3241 8073
3241 8661
3241 9210
3241 9392
3241 9951
3242 4379
3242 4417
3242 5230
3242 6718
3242 6749
3242 8090
3242 8900
3242 9165
3242 9512
3243 3796
3243 4756
3243 5323
3243 5592
3243 6269
3243 6778
3243 7296
3243 9017
3243 9749
3244 4132
3244 6323
3244 9199
3244 9305
3245 3754
3245 4730
3245 5046
3245 5268
3245 8955
3246 3318
3246 3515
3246 3784
3246 3830
3246 5453
3246 6211
3246 6323
3246 6449
3246 6796
3246 7645
3246 8557
3246 9444
3247 5191
3247 5337
3247 6900
3247 8166
3248 3420
3248 4735
3248 4827
3248 5542
3248 8191
3248 8199
3248 9227
3248 9497
3249 5700
3249 5775
3249 7047
3249 7350
3249 7597
3249 8284
3249 8435
3249 8616
3249 9293
3249 9670
3249 9776
3250 3717
3250 5020
3250 8824
3250 9177
3250 9559
3250 9634
3251 3614
3251 4060
3251 4762
3251 5454
3251 5793
3251 5847
3251 5854
3251 6663
3251 8026
3251 8465
3251 9903
3252 3989
3252 4798
3252 6369
3252 6512
3252 7157
3252 7623
3252 8459
3252 9099
3252 9247
3252 9948
3253 3748
3253 4852
3253 6149
3253 6283
3253 6314
3253 7370
3253 7381
3253 7397
3253 7819
3254 4573
3254 4958
3254 5000
3254 6863
3254 7857
3254 7880
3255 4430
3255 4457
3255 4574
3255 6225
3255 7967
3255 8318
3255 8320
3255 8627
3255 8941
3255 9263
3255 9291
3256 3808
3256 5520
3256 6395
3256 6620
3256 8370
3256 8478
3256 9087
3256 9180
3256 9280
3256 9474
3257 6418
3257 6953
3257 9749
3257 9957
3258 3343
3258 3827
3258 4823
3258 5884
3258 5952
3258 6897
3258 7688
3258 7714
3259 3446
3259 5346
3259 5801
3259 7173
3259 8359
3259 9024
3259 9612
3259 9751
3259 9940
3260 3900
3260 5223
3260 5975
3260 8698
3260 9684
3261 3735
3261 4008
3261 7408
3261 7665
3261 8602
3261 9284
3262 4041
3262 4167
3262 4675
3262 4905
3262 7894
3262 9469
3262 9704
3263 4387
3263 5494
3263 5712
3263 6970
3263 9296
3264 3544
3264 4167
3264 5071
3264 6523
3264 6766
3264 7451
3264 7753
3264 8186
3264 8924
3265 3695
3265 3966
3265 3973
3265 4896
3265 5424
3265 5738
3265 6960
3265 7517
3265 7545
3265 9406
3265 9705
3266 4858
3266 5545
3266 7971
3266 8457
3266 9312
3266 9919
3267 3494
3267 3669
3267 7226
3267 8495
3268 3445
3268 3851
3268 4312
3268 5485
3268 8197
3268 8479
3268 9990
3269 3674
3269 4666
3269 4697
3269 5187
3269 9893
3270 3343
3270 3780
3270 3982
3270 4357
3270 4374
3270 4898
3270 6408
3270 7989
3270 8666
3271 3967
3271 4073
3271 4747
3271 5086
3271 5183
3271 5757
3271 7121
3271 7892
3271 7944
3271 8533
3271 9311
3271 9436
3271 9487
3272 4756
3272 5991
3272 6719
3272 7841
3272 8241
3272 8936
3272 9358
3272 9728
3273 3582
3273 3695
3273 7815
3273 7884
3273 8415
3273 9500
3274 4141
3274 7457
3274 8224
3274 8759
3274 9319
3275 4403
3275 5602
3275 7189
3275 7791
3275 9455
3276 4197
3276 4216
3276 4377
3276 4488
3276 5103
3276 5748
3276 7756
3276 7778
3276 7919
3276 7925
3276 8472
3276 9494
3277 3637
3277 5817
3277 6611
3277 8170
3278 6354
3278 9398
3279 7289
3279 8333
3279 8820
3279 9425
3279 9834
3280 6589
3280 7435
3280 8656
3281 5280
3281 6189
3281 6254
3281 6361
3281 7056
3281 8652
3281 9529
3282 3427
3282 3873
3282 4448
3282 6156
3282 6340
3282 6396
3282 8361
3282 9179
3283 5065
3283 5116
3283 6414
3283 7903
3283 8215
3283 8305
3283 8317
3284 4011
3284 4140
3284 4181
3284 4230
3284 4775
3284 6417
3284 6680
3284 7389
3284 7556
3284 8532
3284 8904
3284 9812
3284 9906
3285 4103
3285 6311
3285 7795
3285 8264
3285 8323
3285 8779
3285 9026
3286 3875
3286 4473
3286 4579
3286 8549
3286 8948
3287 3991
3287 4212
3287 7947
3287 9099
3288 3337
3288 4173
3288 4568
3288 5056
3288 6494
3288 6676
3288 7199
3288 8140
3288 8573
3288 8721
3289 4020
3289 6465
3289 8613
3290 3730
3290 4105
3290 4355
3290 4568
3290 6504
3290 8011
3290 8228
3290 9005
3290 9452
3291 3536
3291 3741
3291 6979
3291 7581
3291 8313
3291 8666
3292 3304
3292 3709
3292 4428
3292 4857
3292 6974
3292 7713
3292 8117
3292 8969
3292 9343
3292 9453
3293 3471
3293 3660
3293 4235
3293 4274
3293 4751
3293 5280
3293 5646
3293 6127
3293 7750
3293 7959
3293 8879
3293 9884
3294 4033
3294 4123
3294 4494
3294 4940
3294 5159
3294 6506
3294 6554
3294 6562
3294 7640
3294 8970
3294 9635
3294 9886
3295 6045
3295 7900
3295 8857
3296 4672
3296 6418
3296 8016
3296 8420
3296 8741
3296 9258
3296 9719
3297 4329
3297 5722
3297 8030
3297 8104
3297 8964
3297 9235
3297 9917
3298 3797
3298 5396
3298 6045
3298 6107
3298 6215
3298 7568
3298 8906
3299 4004
3299 4600
3299 6067
3299 6834
3299 7259
3299 7893
3299 8619
3299 8721
3299 9667
3300 3602
3300 4304
3300 4346
3301 5515
3301 5516
3301 5646
3301 5751
3301 6019
3301 8498
3302 4103
3302 4271
3302 7004
3302 7293
3302 7304
3302 7666
3302 7899
3302 8855
3303 3944
3303 7303
3303 7759
3304 3448
3304 3628
3304 3780
3304 3784
3304 3901
3304 3913
3304 5600
3304 6372
3304 6513
3304 6752
3304 7041
3304 8256
3304 8953
3304 9519
3304 9541
3305 5039
3305 6161
3305 6595
3305 7188
3305 8148
3305 9470
3305 9698
3306 7829
3306 8504
3306 8601
3306 9117
3306 9232
3306 9377
3306 9557
3307 4008
3307 5642
3307 6393
3307 7228
3307 9082
3307 9456
3307 9545
3308 3402
3308 3594
3308 7510
3308 9180
3308 9496
3309 6207
3310 3459
3310 3528
3310 6857
3310 7247
3310 7284
3310 8008
3310 8059
3310 8241
3310 8437
3311 3424
3311 6066
3311 7684
3312 3814
3312 4960
3312 7846
3312 7941
3312 8318
3313 5454
3313 6880
3313 7362
3313 7367
3313 7510
3313 9788
3314 3388
3314 3430
3314 3604
3314 4456
3314 5761
3314 6173
3314 6450
3314 6597
3314 6935
3314 7432
3315 3503
3315 4693
3315 6019
3315 7085
3315 8443
3316 3448
3316 3765
3316 3872
3316 4278
3316 5000
3316 5098
3316 6324
3316 7557
3316 7593
3316 8442
3316 8667
3316 9205
3316 9444
3317 4548
3317 5486
3317 9197
3317 9330
3317 9334
3318 3737
3318 3845
3318 3982
3318 3988
3318 5394
3318 8847
3318 8856
3318 9028
3319 3362
3319 3716
3319 6477
3319 8135
3320 7096
3320 7691
3320 9892
3321 4078
3321 5769
3322 6500
3322 6717
3322 7220
3322 7308
3322 8811
3322 9554
3323 4441
3323 5465
3323 6353
3323 6581
3323 7126
3323 7187
3323 7973
3323 8599
3323 9234
3323 9582
3324 3491
3324 5272
3324 7320
3324 7716
3324 8494
3324 9366
3325 3984
3325 4704
3325 7300
3325 7739
3325 8195
3325 9783
3326 3436
3326 4069
3326 4413
3326 5984
3326 6518
3326 7291
3326 8246
3326 8649
3327 4085
3327 4393
3327 5012
3327 5024
3327 5315
3327 6983
3327 7446
3327 7913
3327 9451
3327 9620
3328 4609
3328 5362
3328 6157
3328 8605
3328 9708
3329 4231
3329 4485
3329 4592
3329 6735
3329 7198
3329 8382
3330 4104
3330 5031
3330 5414
3330 6076
3330 7642
3330 7998
3330 8071
3330 8189
3330 8667
3330 9308
3330 9726
3330 9869
3330 9984
3331 4196
3331 4521
3331 5995
3331 6333
3331 9437
3331 9555
3332 3944
3332 4318
3332 5002
3332 7155
3332 9497
3332 9931
3332 9966
3333 4044
3333 5800
3333 8141
3333 8852
3333 9368
3334 3695
3334 3763
3334 6956
3334 9412
3335 4358
3335 5092
3335 8392
3335 9418
3335 9646
3336 4204
3336 5277
3336 6621
3336 7054
3336 7215
3336 8446
3336 9722
3337 3995
3337 4560
3337 4649
3337 7072
3337 7765
3337 9944
3338 3796
3338 4823
3338 6466
3338 8055
3338 8260
3338 8432
3338 8516
3338 9619
3338 9787
3339 4157
3339 4632
3339 4751
3339 6474
3339 6486
3339 6516
3339 6883
3339 7076
3339 7251
3339 7369
3339 7687
3339 8080
3339 8653
3340 3467
3340 7058
3340 7987
3341 5001
3341 7257
3341 8532
3341 9515
3342 3375
3342 3744
3342 4443
3342 5335
3342 7113
3342 9741
3343 3431
3343 4475
3344 4911
3344 4961
3344 5080
3344 6277
3344 6643
3344 8987
3344 9054
3345 4187
3345 4522
3345 4546
3345 4862
3345 6383
3345 7842
3346 3628
3346 3983
3346 4208
3346 4441
3346 7618
3346 8321
3346 8847
3346 8883
3346 9892
3347 3957
3347 6520
3347 6817
3347 9011
3348 3661
3348 4202
3348 6130
3348 6494
3348 8303
3348 9441
3349 3788
3349 5909
3349 8522
3350 3628
3350 3754
3350 4820
3350 6415
3350 8261
3350 9187
3351 4232
3351 5808
3351 9919
3352 3462
3352 4064
3352 5194
3352 6370
3352 7616
3352 9109
3353 4226
3353 4376
3353 5115
3353 5968
3353 8612
3353 9052
3353 9945
3354 4481
3354 5438
3354 5823
3354 6388
3354 6741
3355 6014
3355 6341
3355 6564
3355 7865
3355 8937
3355 9412
3356 3677
3356 3774
3356 4054
3356 6042
3356 8985
3356 9455
3357 4108
3357 5012
3357 5318
3357 9548
3358 3867
3358 4157
3358 5011
3358 6083
3358 6398
3358 9427
3358 9790
3359 3913
3359 3931
3359 5537
3359 8327
3359 8943
3359 9634
3360 3941
3360 5708
3360 6332
3361 3515
3361 3570
3361 3892
3361 4574
3361 5957
3361 6108
3361 6934
3361 7034
3361 7844
3361 8153
3361 9033
3361 9623
3362 4804
3362 5251
3362 7754
3362 7856
3362 8286
3362 8769
3363 3414
3363 5735
3363 5745
3363 6661
3363 7501
3363 7940
3363 8999
3363 9677
3364 4065
3364 9121
3364 9665
3365 4760
3365 6684
3365 7203
3365 7354
3365 7486
3365 7696
3365 8694
3365 9718
3365 9801
3365 9954
3366 4189
3366 4528
3366 4900
3366 7313
3366 7685
3366 8194
3367 3469
3367 4294
3367 5630
3367 6505
3367 6934
3367 8077
3367 9075
3367 9154
3368 3464
3368 4926
3368 5391
3368 6974
3368 7399
3368 7416
3368 8122
3368 8896
3369 3701
3369 4061
3369 5427
3369 5901
3369 6651
3369 6706
3370 5007
3370 5107
3370 6949
3371 3752
3371 4299
3371 5515
3371 5779
3371 6675
3371 8265
3371 9048
3372 3529
3372 4663
3372 5925
3372 8997
3372 9042
3373 3517
3373 3877
3373 4606
3373 5432
3373 6447
3373 7796
3374 4561
3374 4733
3374 5134
3374 5348
3374 5446
3374 5566
3374 6144
3374 6884
3374 7370
3374 7432
3374 7550
3374 8284
3374 8896
3374 9628
3374 9934
3375 5366
3375 6208
3375 7326
3375 9116
3375 9632
3376 4837
3376 5313
3376 5315
3376 5439
3376 5631
3376 5909
3376 6558
3376 6908
3376 7235
3376 7681
3377 4152
3377 5827
3377 5890
3377 7231
3377 9361
3377 9565
3378 4528
3378 6673
3378 6902
3378 7831
3378 9516
3378 9854
3379 6033
3379 9003
3379 9309
3380 3715
3380 4549
3380 7253
3380 7787
3380 8189
3380 9855
3381 3471
3381 4783
3381 5017
3381 6146
3381 7424
3381 7735
3381 8454
3382 3994
3382 4564
3382 6164
3382 6217
3382 7760
3382 7830
3382 9563
3383 3706
3383 4082
3383 4592
3383 4600
3383 6304
3383 7415
3384 4260
3384 6527
3384 7295
3384 9681
3385 8170
3385 9749
3386 4610
3386 5702
3386 6449
3386 6653
3386 8387
3386 8612
3386 8801
3386 8941
3386 9002
3386 9339
3386 9539
3387 3509
3387 6062
3387 6180
3387 9130
3389 3730
3389 4106
3389 4826
3389 4955
3389 5429
3389 6784
3389 7335
3389 7431
3389 7781
3389 9186
3389 9980
3390 3985
3390 4378
3390 4687
3390 5225
3390 6653
3390 8782
3390 9722
3391 3473
3391 4885
3391 5113
3391 7956
3391 8708
3391 9137
3391 9205
3392 5052
3392 6171
3392 7255
3392 7722
3392 9630
3393 3809
3393 5692
3393 5991
3393 6088
3393 7407
3393 8405
3393 8803
3393 8833
3393 9307
3393 9637
3394 4608
3394 5533
3394 5965
3394 6186
3394 7254
3394 8353
3394 9172
3394 9232
3394 9875
3395 4485
3395 4851
3395 5673
3395 5957
3395 6867
3395 6984
3395 7442
3395 7633
3395 7767
3395 8247
3395 9097
3396 4332
3396 5141
3396 5305
3396 5895
3396 6488
3396 7028
3396 7067
3396 7222
3396 7778
3396 7875
3396 8126
3396 9914
3397 3900
3397 9534
3398 3909
3398 4573
3398 5546
3398 6451
3398 6686
3398 7308
3398 7412
3398 7855
3398 7981
3398 9278
3398 9698
3399 4013
3399 4262
3399 4965
3399 5138
3399 5246
3399 5763
3399 7105
3399 8414
3399 9600
3400 4273
3400 5400
3400 5793
3400 6515
3400 6529
3400 8496
3401 3756
3401 5948
3401 7017
3401 8435
3401 8599
3401 9462
3401 9767
3401 9885
3401 9984
3402 3871
3402 4401
3402 4904
3402 5996
3402 6012
3402 7173
3402 7492
3402 7996
3402 8544
3402 9743
3403 3538
3403 4036
3403 4789
3403 5284
3403 6280
3403 6308
3403 8147
3403 8422
3403 8891
3404 3576
3404 5397
3404 6734
3405 3525
3405 4035
3405 5327
3405 8704
3405 9012
3405 9061
3405 9950
3406 4572
3406 5313
3406 5433
3406 6631
3407 5192
3407 5381
3407 5821
3407 5867
3407 6596
3407 8267
3407 8603
3407 8925
3407 9879
3408 4931
3408 9820
3409 3535
3409 3647
3409 4470
3409 5098
3409 7395
3409 7730
3409 8549
3409 9455
3410 5702
3410 6717
3410 7187
3410 7278
3410 9369
3410 9413
3411 3720
3411 4042
3411 5021
3411 6298
3411 7074
3411 7284
3411 8137
3411 8946
3412 3542
3412 4407
3412 4776
3412 5508
3412 6279
3412 9067
3413 5492
3413 6396
3413 6754
3413 8014
3413 8759
3413 8831
3413 9077
3413 9537
3413 9894
3413 9905
3414 4864
3414 5713
3414 5920
3414 8233
3414 8484
3414 8648
3414 9024
3415 4460
3415 4908
3415 6209
3415 7670
3415 8875
3415 9385
3415 9407
3416 4056
3416 4549
3416 4663
3416 5957
3416 6342
3416 7084
3416 7288
3416 8713
3416 9924
3417 3875
3417 3980
3417 4509
3417 6026
3417 6104
3417 7235
3417 7343
3418 3970
3418 4152
3418 8553
3418 8773
3419 3674
3419 4863
3419 4980
3419 6051
3419 7074
3419 7586
3419 7983
3419 8468
3419 9204
3419 9257
3419 9267
3419 9985
3420 3532
3420 3612
3420 5331
3420 6274
3420 7467
3420 8717
3421 3716
3421 4434
3421 4983
3421 5100
3421 5619
3421 5751
3421 5782
3421 5827
3421 6552
3421 7024
3421 7232
3421 7579
3421 8054
3422 3971
3422 7449
3422 7838
3422 8157
3423 3843
3423 3990
3423 4040
3423 4276
3423 4309
3423 5963
3423 6845
3423 6848
3423 7013
3423 8542
3423 8562
3423 8876
3423 9374
3424 3723
3424 4144
3424 4244
3424 5218
3424 5369
3424 7162
3424 8878
3424 9358
3425 3489
3425 5636
3426 3587
3426 4460
3426 5852
3426 6099
3426 6849
3426 6922
3426 6948
3426 6979
3426 7023
3426 7906
3427 4966
3427 5456
3427 6960
3427 7189
3427 7502
3427 7951
3427 8516
3427 9999
3428 5222
3428 5904
3428 7149
3428 7943
3428 9366
3428 9598
3429 3458
3429 5314
3429 7999
3429 8071
3429 8493
3429 9230
3429 9402
3430 4365
3430 4590
3430 4903
3430 5470
3430 7832
3430 8809
3430 8942
3431 6172
3431 6756
3431 6882
3431 8653
3431 9126
3432 4679
3432 5064
3432 5950
3433 3926
3433 5300
3433 5673
3433 6576
3433 7011
3433 8132
3434 7380
3434 7601
3434 8027
3434 8347
3434 9263
3435 3449
3435 3908
3435 4316
3435 4500
3435 4675
3435 5293
3435 5448
3435 6464
3435 6525
3435 7217
3436 3899
3436 4127
3436 4807
3436 6853
3436 7769
3436 8831
3437 4417
3437 5268
3437 5438
3437 5962
3437 7084
3437 7481
3437 7586
3437 8484
3437 8937
3438 5758
3438 7944
3438 9792
3439 4045
3439 6900
3439 7782
3439 7878
3439 8158
3439 8293
3439 9760
3440 5020
3440 6592
3440 9582
3440 9764
3441 5197
3441 5694
3441 6076
3441 8093
3441 8244
3441 8395
3441 9017
3441 9773
3442 3877
3442 4568
3442 4744
3442 5141
3442 8576
3443 3736
3443 4416
3443 6528
3443 7741
3443 8274
3443 9159
3444 4145
3444 5226
3444 5234
3444 7365
3444 8989
3444 9254
3444 9260
3444 9450
3445 4341
3445 4893
3445 5224
3445 5795
3445 5909
3445 6800
3445 7807
3445 8069
3445 8957
3445 9100
3446 5385
3446 5637
3446 6730
3446 7561
3446 7900
3446 8577
3446 8581
3446 9017
3446 9838
3447 6097
3447 6648
3447 6711
3447 7418
3448 4279
3448 4405
3448 5975
3448 8157
3448 9694
3449 3856
3449 4908
3449 5524
3449 7810
3449 8244
3449 8474
3449 9379
3450 3462
3450 3631
3450 4099
3450 5875
3450 6686
3450 7148
3450 7314
3450 8093
3450 9791
3451 3615
3451 3811
3451 7544
3451 8046
3451 8705
3451 8892
3452 4796
3452 4904
3452 5523
3452 6187
3452 6272
3452 7647
3452 9093
3452 9575
3452 9783
3453 9261
3454 4851
3454 5669
3454 6601
3454 6806
3454 8061
3454 9118
3454 9962
3455 3770
3455 4673
3455 7608
3455 8069
3455 8460
3455 9895
3456 4205
3456 4225
3456 4905
3456 8974
3457 5243
3457 6500
3457 6886
3457 7212
3457 9313
3457 9433
3458 4556
3458 5017
3458 6094
3458 8551
3458 9667
3459 3520
3459 3878
3459 5130
3459 5761
3459 6275
3459 7813
3459 9412
3460 4122
3460 6659
3460 6946
3460 7540
3460 7774
3460 8341
3460 8457
3460 9492
3461 3493
3461 6253
3461 7029
3461 7857
3461 7957
3461 9435
3461 9783
3462 3863
3462 4818
3462 4951
3462 5718
3462 5951
3462 6530
3463 4682
3463 4720
3463 7285
3463 7320
3463 7428
3463 7595
3463 7810
3463 8238
3463 8939
3463 8998
3464 3550
3464 4839
3464 5411
3464 5733
3464 5877
3464 6390
3464 8154
3464 8558
3464 9410
3465 3965
3465 4638
3465 5606
3465 6766
3465 7891
3465 8088
3465 8221
3466 4296
3466 7180
3466 8907
3466 9292
3467 3930
3467 7035
3467 7330
3467 9088
3468 4693
3468 5058
3468 5097
3468 6981
3468 7196
3468 7452
3468 8215
3468 8526
3468 8740
3468 9164
3468 9302
3468 9895
3469 4144
3469 4266
3469 4561
3469 4801
3469 4958
3469 5950
3469 6229
3469 6281
3469 6555
3469 6940
3469 7154
3469 7268
3469 7850
3469 7982
3469 8316
3470 4338
3470 4474
3470 4536
3470 4558
3470 4840
3470 5751
3470 6183
3470 6783
3470 6975
3470 7057
3470 7297
3470 8860
3470 9112
3471 3806
3471 6608
3471 7344
3471 7351
3471 7447
3471 8013
3471 9960
3472 3919
3472 5528
3472 6137
3472 7250
3472 7700
3472 8087
3472 9532
3473 4671
3473 4774
3473 6026
3473 6515
3473 6658
3473 7839
3473 8864
3473 9028
3473 9179
3473 9850
3473 9856
3474 5274
3474 5814
3474 7219
3474 8853
3474 9000
3474 9404
3474 9679
3475 4283
3475 7821
3475 8773
3476 3764
3476 3854
3476 4730
3476 5594
3476 6022
3476 6452
3476 7910
3476 7969
3476 8121
3476 9271
3477 3553
3477 4352
3477 4501
3477 4629
3477 5476
3477 7094
3477 7272
3477 7724
3477 8276
3477 9988
3478 4075
3478 8067
3479 3630
3479 4830
3479 4935
3479 4997
3479 5592
3479 5965
3479 6361
3479 6603
3479 7894
3479 8553
3479 9749
3480 4463
3480 4867
3480 5642
3480 5686
3480 7071
3481 4449
3481 4591
3481 5671
3481 6639
3481 9740
3482 4461
3482 4987
3482 5949
3482 6501
3482 6934
3482 7345
3482 9525
3482 9735
3483 3639
3483 4409
3483 5125
3483 5928
3483 8488
3483 8535
3483 8622
3483 9943
3484 6795
3484 8138
3484 8537
3484 8991
3484 9203
3485 3719
3485 7344
3485 8028
3485 9953
3486 3905
3486 5143
3486 5404
3486 8095
3486 8189
3486 8839
3486 8896
3486 9460
3487 3987
3487 5154
3487 7567
3488 5027
3488 5100
3488 5112
3488 5179
3488 6566
3488 8011
3488 9565
3489 3722
3489 3868
3489 7478
3489 8117
3489 8568
3489 8824
3490 3611
3490 6946
3490 9781
3490 9974
3491 3817
3491 5100
3491 6607
3491 8290
3491 9675
3492 4950
3492 5595
3492 6729
3492 7502
3492 7522
3492 8071
3492 8211
3492 8393
3492 9375
3493 3885
3493 4093
3493 5274
3493 6683
3493 8921
3493 8935
3494 3589
3494 4069
3494 4127
3494 5972
3494 6713
3494 6942
3494 7379
3494 8107
3494 8540
3494 8889
3494 9869
3495 4538
3495 4639
3495 5735
3495 6933
3495 7853
3495 8817
3495 9318
3495 9777
3496 3806
3496 4002
3496 4223
3496 5577
3496 5660
3496 7191
3496 8208
3497 6764
3497 6932
3497 9609
3498 3963
3498 4934
3498 5646
3498 5936
3498 7432
3498 8614
3499 3602
3499 3651
3499 3856
3499 6320
3499 8727
3499 9502
3500 6767
3500 8540
3501 3927
3502 3894
3502 6306
3502 6420
3502 7430
3502 8099
3502 8309
3502 9285
3503 4576
3503 6134
3503 6221
3503 7083
3503 8152
3503 8911
3504 4549
3504 5596
3504 5844
3504 6238
3504 6410
3504 7275
3504 8158
3504 9318
3504 9658
3505 3543
3505 3906
3505 6353
3505 6600
3505 6613
3505 7235
3505 7313
3505 7352
3505 9607
3505 9760
3506 4401
3506 5782
3506 6399
3506 7783
3506 8669
3506 8726
3506 8757
3507 4888
3507 6191
3507 6202
3507 6390
3507 8972
3508 3996
3508 5872
3508 6332
3508 6805
3508 6843
3508 7294
3508 9457
3508 9876
3509 5292
3509 5651
3509 7277
3509 8397
3509 9144
3509 9636
3510 4262
3510 9096
3510 9704
3511 4382
3511 4407
3511 5031
3511 5891
3511 6863
3511 8289
3511 8931
3512 5081
3512 5779
3512 6421
3512 7505
3513 4006
3513 4089
3513 4268
3513 4789
3513 4829
3513 5911
3513 7306
3513 7699
3513 8241
3513 8257
3514 5194
3514 5252
3514 7752
3514 9376
3514 9494
3514 9694
3514 9791
3515 5131
3515 5187
3515 6421
3515 7550
3515 7782
3515 7785
3515 8176
3515 8788
3515 9444
3516 4084
3516 4725
3516 5166
3516 5488
3516 6570
3516 8221
3516 8432
3516 8534
3516 9044
3517 3747
3517 4347
3517 4348
3517 5888
3517 9752
3518 3939
3518 6049
3518 6404
3518 6606
3518 7165
3518 7216
3518 7978
3518 9605
3518 9956
3519 3653
3519 3788
3519 3991
3519 4190
3519 4344
3519 5413
3519 6472
3519 7401
3519 8173
3519 8280
3519 8696
3519 8762
3520 3707
3520 4083
3520 5103
3520 6374
3520 6510
3520 6828
3520 9555
3520 9705
3521 3786
3521 4478
3521 5177
3521 5953
3521 6799
3521 7331
3521 7625
3521 8867
3521 9262
3521 9304
3521 9659
3522 4757
3522 8601
3522 9471
3522 9476
3523 4687
3523 4933
3523 7178
3523 8581
3524 4043
3524 5125
3524 5222
3524 6144
3524 7551
3524 8575
3525 4628
3525 5078
3525 6789
3525 6880
3526 4419
3526 4526
3526 4657
3526 7054
3526 7072
3526 9341
3526 9697
3526 9703
3527 3640
3527 6932
3527 7900
3527 7965
3527 9365
3527 9836
3527 9925
3528 4634
3528 5026
3528 6305
3528 6805
3528 7511
3528 7699
3528 7733
3528 7969
3528 8605
3529 4973
3529 6405
3529 7212
3529 9178
3529 9357
3530 4565
3530 4574
3530 5287
3530 5687
3530 5691
3530 7504
3530 7805
3530 8541
3530 8855
3530 9458
3530 9968
3531 4616
3531 4767
3531 8618
3531 8731
3531 8857
3531 9928
3532 8352
3532 8690
3532 9545
3532 9658
3532 9941
3533 3983
3533 5586
3533 5622
3533 7141
3533 9378
3534 4408
3534 4537
3534 9544
3535 4944
3535 5532
3535 6413
3535 6626
3535 7834
3535 8201
3535 8240
3535 8994
3535 9760
3535 9928
3536 3780
3536 4137
3536 4185
3536 4721
3536 5697
3536 5979
3536 6499
3536 7543
3536 8201
3536 9549
3537 4435
3537 4794
3537 5201
3537 6010
3537 7449
3537 8375
3537 9898
3538 4157
3538 5136
3538 7169
3538 8631
3538 9698
3539 4129
3539 4986
3539 5149
3539 8899
3539 9327
3539 9390
3540 4713
3540 5250
3540 6209
3540 7208
3540 7467
3541 3635
3541 4713
3541 5027
3541 5536
3541 6723
3541 6805
3541 9751
3542 4192
3542 4555
3542 5369
3542 5988
3542 6489
3542 7190
3542 8517
3543 3603
3543 4361
3543 5230
3543 5435
3543 5549
3543 6672
3543 6926
3543 7202
3543 7259
3543 9224
3543 9288
3543 9301
3544 4707
3544 5834
3544 6642
3545 7347
3545 7403
3545 9747
3546 4396
3546 8418
3546 8709
3547 5262
3547 6260
3547 7576
3547 8001
3547 8324
3547 8821
3548 3818
3548 5980
3549 4241
3549 4498
3549 4953
3549 5107
3549 7458
3549 8223
3549 8289
3549 9399
3550 3703
3550 4797
3550 5150
3550 5793
3550 6012
3551 4766
3551 6106
3551 8067
3551 8361
3551 8427
3552 4454
3552 4475
3552 4871
3552 5541
3552 5613
3552 7487
3552 8055
3552 8413
3553 3928
3553 5106
3553 6818
3553 7263
3553 7344
3553 8637
3553 9147
3553 9463
3554 4973
3554 6888
3554 7297
3554 8067
3554 9165
3555 4339
3555 4726
3555 4980
3555 5881
3555 6048
3555 6177
3555 6595
3555 7530
3555 9668
3556 4501
3556 4710
3556 7065
3556 7815
3556 8454
3556 9942
3557 3558
3557 4001
3557 6380
3557 8276
3558 4000
3558 4971
3558 5726
3558 6276
3558 7450
3558 8347
3558 8411
3558 9196
3559 4233
3559 5996
3559 7079
3559 7495
3559 7892
3559 8069
3559 8780
3559 8879
3560 6277
3560 7329
3560 7861
3560 7884
3561 4223
3561 5010
3561 5067
3561 5531
3561 6033
3561 6266
3561 6451
3561 6545
3561 7808
3561 8347
3561 8705
3562 3590
3562 4777
3562 5494
3562 6182
3562 6752
3562 7759
3563 6019
3563 6339
3563 7290
3563 7589
3563 7846
3563 7953
3563 8053
3563 8152
3563 8912
3563 9535
3564 4351
3564 6420
3564 6667
3564 6861
3564 9488
3565 4317
3565 4810
3565 5085
3565 6053
3565 6346
3565 6424
3565 7610
3565 9729
3566 4186
3566 5046
3566 5165
3567 6005
3567 7789
3567 9532
3568 3571
3568 5323
3568 5357
3568 6727
3568 7198
3568 9042
3569 4559
3569 4612
3569 4688
3569 5257
3569 6206
3569 7315
3569 9564
3570 3814
3570 3945
3570 4551
3570 5331
3570 8038
3570 8652
3570 8752
3570 9723
3570 9930
3571 4164
3571 7762
3571 8950
3571 9869
3572 4033
3572 4686
3572 5245
3572 6628
3572 8026
3572 8395
3572 8601
3573 3723
3573 3900
3573 4142
3573 4293
3573 4311
3573 5100
3573 5907
3573 6762
3573 8380
3573 9683
3574 4264
3574 4533
3574 6009
3574 8850
3574 9402
3575 4488
3575 4725
3575 5598
3575 6031
3575 6101
3576 3649
3576 4140
3576 4443
3576 4652
3576 5621
3576 6327
3576 7615
3576 7851
3576 9467
3577 4758
3577 5345
3577 5950
3577 6632
3578 7806
3578 8266
3578 9027
3578 9032
3579 3780
3579 7333
3580 4182
3580 5206
3580 6076
3580 7060
3580 9207
3580 9424
3581 5080
3581 5326
3581 7864
3582 4519
3582 4843
3582 5179
3582 7239
3582 7802
3582 8630
3583 4512
3583 7061
3583 7117
3583 8055
3583 9629
3584 6505
3584 7780
3584 8024
3584 8600
3584 9932
3585 4677
3585 4963
3585 5662
3585 5683
3585 6928
3585 7153
3585 8194
3586 4458
3587 5002
3587 5299
3587 5447
3587 5884
3587 8123
3587 8717
3587 9231
3587 9690
3587 9858
3588 4606
3588 7236
3588 9482
3589 4976
3589 4990
3589 7617
3589 7865
3590 3978
3590 4542
3590 4583
3590 5647
3590 5787
3590 6516
3590 7498
3590 7991
3590 8476
3590 8677
3590 9391
3591 4282
3591 6204
3591 6292
3591 6741
3591 7563
3591 7607
3591 7718
3591 8750
3591 9542
3592 3876
3592 4251
3592 4629
3592 7861
3592 8914
3592 9166
3593 5208
3593 5379
3593 6024
3593 6253
3593 7108
3593 8005
3593 8198
3593 8962
3593 9166
3594 3689
3594 5680
3594 6708
3594 7469
3594 8135
3594 8225
3594 9711
3594 9932
3595 3881
3595 7614
3595 7760
3596 3957
3596 4466
3596 4896
3596 6025
3596 6461
3596 6693
3596 6925
3596 8143
3597 3726
3597 3905
3597 4880
3597 5164
3597 5307
3597 7891
3597 8006
3597 8779
3597 9724
3598 4285
3598 5932
3598 6252
3598 9311
3599 3610
3599 6998
3599 8975
3599 9982
3600 3902
3600 4571
3600 4982
3600 5212
3600 5947
3600 7297
3601 5176
3601 8454
3601 9901
3602 5221
3602 6595
3602 7158
3602 9000
3602 9021
3603 4914
3603 5388
3603 6285
3603 6373
3604 3831
3604 4982
3604 5607
3604 7731
3604 9507
3605 3921
3605 6612
3605 8288
3605 8938
3605 9361
3605 9703
3605 9894
3606 3892
3606 3955
3606 4301
3606 4551
3606 4679
3606 5449
3606 5923
3606 6878
3606 8807
3607 4082
3607 4692
3607 6412
3607 6803
3607 7097
3607 7237
3607 9262
3608 3978
3608 5447
3608 7366
3608 8304
3608 8862
3609 3932
3609 4421
3609 7769
3609 8006
3609 9445
3610 4544
3610 5011
3610 5233
3610 7306
3610 9577
3611 5689
3611 6497
3611 6524
3611 7461
3612 4465
3612 4736
3612 5193
3612 7211
3612 8214
3612 9467
3613 4451
3613 4631
3613 5067
3613 5950
3613 6211
3613 6914
3613 8379
3613 9554
3614 4805
3614 4817
3614 5902
3614 5932
3614 6114
3614 8663
3614 8814
3614 9331
3614 9879
3615 4724
3615 5888
3615 6663
3615 7478
3615 7560
3615 7599
3615 8182
3616 7545
3616 8408
3616 8458
3616 8958
3616 9670
3617 3655
3617 5757
3617 8605
3617 8630
3617 9105
3618 3698
3618 3746
3618 4546
3618 5777
3618 6041
3618 8687
3618 9275
3619 4495
3619 8035
3620 3745
3620 3903
3620 4341
3620 8637
3620 8931
3620 9015
3620 9750
3621 4737
3621 5088
3621 5199
3621 6286
3621 7662
3621 9110
3621 9276
3622 4167
3622 4411
3622 4588
3622 5326
3622 6114
3622 7499
3622 7995
3622 8866
3622 9187
3622 9516
3623 4570
3623 7041
3623 8095
3623 8489
3623 8945
3624 3639
3624 3716
3624 4512
3624 5385
3624 7362
3624 7406
3624 8181
3624 8516
3624 9466
3624 9688
3625 6306
3625 7395
3625 7526
3625 9334
3626 4438
3626 4830
3626 5146
3626 5994
3626 7450
3626 8387
3626 9699
3627 4311
3627 4602
3627 8522
3627 9952
3628 4534
3628 4770
3628 4850
3628 5889
3628 6456
3628 8409
3628 9530
3629 4390
3629 6771
3629 7446
3629 8243
3629 8361
3629 8892
3629 9573
3630 3866
3630 4721
3630 5311
3630 5396
3630 6557
3630 7644
3630 8379
3630 9022
3631 3907
3631 4969
3631 7709
3631 8417
3631 9860
3632 5376
3632 6944
3633 3744
3633 4395
3633 4751
3633 6453
3633 7027
3633 7763
3633 8002
3633 8855
3633 9204
3633 9369
3634 3834
3634 5903
3634 6224
3634 8579
3634 9008
3634 9314
3634 9835
3635 3652
3635 4386
3635 5941
3635 6070
3635 6420
3635 7165
3635 8535
3635 8561
3635 8878
3636 4242
3636 4327
3636 5727
3636 7102
3636 7311
3636 9092
3637 4582
3637 6667
3637 8259
3637 9494
3638 6956
3638 8550
3638 8579
3638 9128
3639 5508
3639 6935
3639 8189
3639 8928
3640 5364
3640 5385
3640 5652
3640 6047
3640 7067
3640 7138
3640 7444
3640 8629
3640 8671
3640 9848
3640 9932
3641 3808
3641 6423
3641 7164
3641 7923
3641 9158
3641 9403
3642 4106
3642 7925
3642 8954
3643 4301
3643 4350
3643 5792
3643 8813
3643 9093
3644 3660
3644 4370
3644 7833
3645 3794
3645 4487
3645 5835
3645 6674
3645 6839
3647 4482
3647 5116
3647 5339
3647 6194
3647 6328
3647 7425
3647 7994
3647 8082
3647 8083
3647 9686
3648 4013
3648 5319
3648 5363
3648 5519
3648 5832
3648 7322
3648 7435
3648 8131
3649 4272
3649 4632
3649 5846
3649 6835
3649 7188
3649 7409
3649 7783
3649 9797
3649 9964
3650 4174
3650 5726
3650 6888
3650 8795
3650 9016
3650 9153
3650 9795
3651 3850
3651 3990
3651 5418
3651 5595
3651 8294
3651 9294
3651 9520
3652 3856
3652 4490
3652 4945
3652 5803
3652 6977
3652 7904
3652 8795
3652 9495
3652 9604
3653 5614
3653 7240
3653 7609
3653 8032
3653 9568
3653 9850
3654 4458
3654 5130
3654 6087
3654 6971
3654 7026
3654 8141
3655 3798
3655 3819
3655 3916
3655 4678
3655 5441
3655 8185
3655 8421
3655 9234
3655 9393
3656 4040
3656 4539
3656 5445
3656 6352
3656 6717
3656 6731
3656 7244
3656 8201
3657 3810
3657 5802
3657 8933
3657 9115
3658 4328
3658 6027
3658 9867
3659 4128
3659 4332
3659 6848
3659 7589
3659 8335
3659 9505
3660 3988
3660 4726
3660 9780
3661 4109
3661 4116
3661 6214
3661 6431
3661 6600
3661 6688
3661 7670
3661 8253
3661 9344
3662 3851
3662 3965
3662 4470
3662 6536
3662 6800
3662 7698
3662 8417
3662 9132
3663 4741
3663 5039
3663 5621
3663 6096
3663 6422
3663 7692
3663 8011
3663 8683
3663 9589
3664 4871
3664 6469
3664 8687
3664 8990
3664 9401
3665 3890
3665 6320
3665 7485
3665 8363
3666 5812
3666 6589
3666 8309
3666 9227
3667 4283
3667 5016
3667 6431
3667 8268
3668 4870
3668 5579
3668 6314
3668 6609
3668 7176
3668 7295
3668 7310
3668 7742
3668 8554
3668 9369
3668 9926
3669 5471
3669 5517
3669 7155
3669 7426
3669 7717
3670 5169
3670 7929
3670 9035
3670 9280
3670 9439
3671 3921
3671 4125
3671 6592
3671 7438
3671 9783
3671 9917
3672 3718
3672 3980
3672 6320
3672 6530
3672 7137
3672 7864
3672 9759
3672 9939
3673 5659
3673 6091
3673 6430
3673 9300
3674 3768
3674 5061
3674 6198
3674 7751
3674 9277
3674 9755
3675 3893
3675 5287
3675 5515
3675 6301
3675 6448
3675 7692
3675 7827
3675 7971
3675 8267
3676 6719
3676 7665
3677 3785
3677 4108
3677 4200
3677 4643
3677 5531
3677 5545
3677 7222
3677 8561
3677 8858
3677 9062
3678 5730
3678 6425
3678 7109
3678 7865
3678 8461
3679 4230
3679 4422
3679 5007
3679 5552
3679 5855
3679 7434
3679 7656
3680 4674
3680 4678
3680 5055
3680 7974
3680 8063
3680 8340
3680 8666
3681 4068
3681 4157
3681 4573
3681 4589
3681 4800
3681 5769
3681 7333
3681 8297
3682 4489
3682 5143
3682 6572
3682 7012
3682 7397
3682 7909
3682 9495
3683 6269
3683 6822
3683 7356
3683 8176
3683 9183
3684 5677
3684 5910
3684 7206
3684 7661
3684 9796
3685 6081
3685 7744
3685 9069
3686 3687
3686 3829
3686 4270
3686 4797
3686 5482
3686 5698
3686 6796
3686 8414
3687 6244
3687 7372
3687 7734
3687 8277
3687 8966
3687 9113
3687 9724
3687 9959
3689 3881
3689 4782
3689 6049
3689 7038
3689 8371
3689 8373
3690 4291
3690 6436
3690 7487
3690 8901
3690 8949
3690 9043
3690 9201
3690 9477
3691 3883
3691 4876
3691 4921
3691 4930
3691 5383
3691 5414
3691 5680
3691 6282
3691 6638
3691 7049
3691 7245
3691 7401
3691 8286
3691 8326
3691 9001
3691 9198
3692 3697
3692 4942
3692 4981
3692 5102
3692 6101
3692 6148
3692 6422
3692 6680
3692 8299
3692 9311
3693 4292
3693 5143
3693 7548
3693 8830
3693 8953
3693 9123
3694 4342
3694 4725
3694 7207
3694 7699
3694 9379
3694 9479
3694 9505
3695 4139
3695 4659
3695 4765
3695 5828
3695 6252
3695 6471
3695 6494
3695 6665
3695 7819
3695 8105
3695 8851
3696 5981
3696 6131
3696 6918
3696 8353
3696 8732
3696 8939
3696 9566
3696 9632
3697 3759
3697 6472
3697 7532
3697 8040
3697 8203
3697 8419
3697 8432
3697 8897
3697 9741
3697 9783
3698 4104
3698 4901
3698 5341
3698 5623
3698 5951
3698 6563
3698 7634
3698 7927
3698 9322
3699 5933
3699 7018
3699 7042
3699 7246
3699 7600
3699 9864
3700 5056
3701 4233
3701 4942
3701 4994
3701 6455
3701 6648
3701 6996
3701 7253
3701 7544
3701 7792
3701 8917
3701 9175
3701 9576
3701 9720
3702 4047
3702 4066
3702 4677
3702 5573
3702 7540
3702 8331
3702 8407
3703 4393
3703 5755
3703 5914
3703 7361
3703 7546
3703 8003
3704 4157
3704 4875
3704 4914
3704 6187
3704 6632
3704 9045
3704 9327
3705 4560
3705 4825
3705 5933
3705 7520
3705 7694
3706 4020
3706 4901
3706 6661
3706 6863
3706 7292
3706 7651
3706 7733
3706 8570
3706 9545
3706 9811
3707 3846
3707 5170
3707 7550
3707 8306
3707 9149
3707 9737
3707 9904
3707 9928
3707 9972
3708 4159
3708 4941
3708 6782
3708 7232
3708 7259
3708 7499
3708 7603
3708 9020
3708 9753
3709 3795
3709 7374
3710 5647
3710 8325
3710 8470
3710 8764
3711 4125
3711 4981
3711 5096
3711 7785
3712 4623
3712 4803
3712 5700
3712 8211
3712 9970
3713 4050
3713 6601
3713 6819
3713 6865
3713 6877
3713 6984
3713 7021
3713 7022
3713 8300
3714 4143
3714 4170
3714 5229
3714 5589
3714 5983
3714 7281
3714 7394
3714 9836
3715 4030
3715 4828
3715 5927
3715 6006
3715 6128
3715 7007
3715 7756
3715 7987
3715 8306
3715 8315
3715 8353
3716 4229
3716 7511
3716 9196
3717 5382
3717 5622
3717 8561
3717 8588
3717 8667
3718 6972
3718 7704
3718 8635
3718 8879
3719 3729
3719 4036
3719 4199
3719 4679
3719 5113
3719 6137
3719 7462
3720 3734
3720 4568
3721 6143
3721 6778
3721 8854
3722 4821
3722 5299
3722 8747
3722 8914
3723 7267
3723 7698
3723 8511
3723 9244
3724 4390
3724 4759
3724 5372
3724 6008
3724 7417
3724 8841
3725 3775
3725 4131
3725 4874
3725 4994
3725 5093
3725 5284
3725 7450
3725 8715
3725 9082
3726 4525
3726 4895
3726 7392
3726 7671
3726 7831
3726 9441
3727 3926
3727 4786
3727 4908
3727 5517
3727 7407
3727 8471
3727 9473
3728 4170
3728 4218
3728 4816
3728 5603
3728 5908
3728 6351
3728 6380
3728 6486
3728 7279
3728 8558
3728 9183
3728 9675
3729 5064
3729 6076
3729 6355
3729 7459
3729 8223
3729 9467
3730 4215
3730 5676
3730 6007
3730 7832
3731 5343
3731 5665
3731 8739
3732 3989
3732 4334
3732 4823
3732 5558
3732 7000
3732 8909
3732 9489
3733 4113
3733 5494
3733 6562
3734 5120
3734 5225
3734 6298
3734 6559
3734 7067
3734 7636
3734 9445
3734 9749
3735 4302
3735 4839
3735 7634
3735 7638
3735 8440
3736 4400
3736 5247
3736 5629
3736 5743
3736 6001
3736 6793
3736 8228
3736 9319
3736 9936
3737 4576
3737 4626
3737 5522
3737 5766
3737 8011
3737 9015
3738 3761
3738 4382
3738 5828
3738 6675
3738 7241
3738 7760
3738 8034
3738 8565
3738 9606
3739 3854
3739 4520
3739 5290
3739 5990
3739 6606
3739 7243
3739 7252
3739 7598
3740 5497
3740 7554
3740 7724
3740 9344
3741 6211
3741 6452
3741 7429
3741 7837
3741 8963
3741 9628
3742 4048
3742 5237
3742 7184
3742 7544
3742 8662
3742 9352
3743 5715
3743 6592
3743 7458
3743 9620
3743 9626
3744 3751
3744 4169
3744 4915
3744 5154
3744 5913
3744 6435
3744 6909
3744 7742
3744 7962
3744 9914
3745 4568
3745 4600
3745 5782
3745 9180
3746 3754
3746 5775
3746 6248
3746 6964
3746 8926
3746 9560
3747 3777
3747 4542
3747 6864
3747 8109
3747 8309
3747 8519
3747 9815
3747 9870
3748 4904
3748 4995
3748 5577
3748 5894
3748 6117
3748 7175
3748 8611
3748 9546
3749 3770
3749 4531
3749 5193
3749 5920
3749 6572
3749 8994
3750 5662
3750 6063
3750 7520
3750 8169
3750 8429
3750 8431
3750 8563
3751 4055
3751 4562
3751 5595
3751 6697
3751 6919
3751 7194
3751 7950
3751 8893
3751 9038
3751 9227
3752 3780
3752 4243
3752 4630
3752 4684
3752 5472
3752 6906
3752 7259
3752 8172
3752 8596
3752 9785
3753 4024
3753 4483
3753 7289
3754 4069
3754 5047
3754 5162
3754 8144
3754 9173
3755 4250
3755 4808
3755 5575
3755 5797
3755 6443
3755 7149
3756 4299
3756 5962
3756 7035
3756 7647
3756 7878
3756 8440
3757 5009
3757 5042
3757 6322
3757 7411
3758 4009
3758 4062
3758 5337
3758 6068
3758 8020
3758 9249
3759 4458
3759 6053
3759 7465
3759 7854
3759 7941
3759 8327
3759 9507
3760 3888
3760 4108
3760 6205
3760 7040
3760 7417
3760 8159
3760 9311
3761 4281
3761 4583
3761 5481
3761 6458
3761 6782
3761 8159
3761 8243
3761 8822
3761 8838
3761 9784
3762 4168
3762 5690
3762 5927
3762 6217
3762 7554
3762 8199
3762 9778
3763 3886
3763 7099
3763 7211
3763 7877
3763 8949
3764 3954
3764 4077
3764 5905
3764 5924
3764 6422
3764 6475
3764 6934
3764 7195
3764 7232
3764 8794
3764 9453
3765 5090
3765 6621
3765 9049
3766 6570
3766 9653
3767 7270
3767 9608
3768 4015
3768 5020
3768 5666
3768 6154
3768 8243
3768 8246
3768 9069
3768 9987
3769 8037
3770 4305
3770 6516
3770 7863
3770 8315
3770 8433
3770 9077
3770 9526
3771 4358
3771 4465
3771 5499
3771 6743
3771 6891
3771 7421
3771 8514
3771 8686
3771 9277
3772 4478
3772 4758
3772 6339
3772 6601
3772 7760
3773 6136
3773 7679
3774 4123
3774 5996
3774 8144
3774 8734
3774 9613
3775 8573
3776 4021
3776 5420
3776 5521
3776 5529
3776 5955
3776 8838
3776 9527
3777 5112
3777 6152
3777 6193
3777 7389
3777 9187
3778 4208
3778 4348
3778 4853
3778 5463
3778 6051
3778 6224
3778 6735
3778 7004
3778 7891
3778 8257
3778 9021
3778 9390
3778 9555
3779 4056
3779 4696
3779 4748
3779 4913
3779 6157
3779 6158
3779 6541
3779 7205
3779 7658
3779 9345
3780 3803
3780 4753
3780 5607
3780 5864
3780 7135
3780 8343
3781 3811
3781 3889
3781 4360
3781 5522
3781 6060
3781 6633
3781 7453
3781 7799
3781 8523
3781 8728
3781 8836
3781 9902
3782 4805
3782 7322
3782 8122
3783 4536
3783 4769
3783 4935
3783 6419
3783 8050
3783 8339
3783 9550
3783 9668
3783 9728
3784 3829
3784 4471
3784 7198
3784 7579
3784 7763
3784 8580
3784 9423
3784 9454
3785 5381
3785 6346
3785 6555
3785 6728
3785 6901
3785 8328
3785 9950
3786 4533
3786 5708
3786 7816
3787 4735
3787 4999
3787 5671
3787 6208
3787 6925
3787 7309
3787 8791
3787 9126
3788 7247
3788 7327
3788 8760
3789 4069
3789 5611
3789 6314
3789 6369
3790 4990
3790 5293
3790 5447
3790 5539
3790 6762
3790 8259
3790 8296
3791 3820
3791 5376
3791 6593
3791 6636
3791 7621
3791 9470
3792 7488
3792 7805
3792 7867
3792 7913
3792 8149
3792 9981
3793 3843
3793 5097
3793 5724
3793 6742
3794 4224
3794 4723
3794 4817
3794 4841
3794 6698
3794 7747
3795 5911
3795 6456
3795 7372
3795 7479
3795 8523
3797 4069
3797 4668
3797 6556
3797 7564
3797 7951
3797 8490
3797 8638
3797 8989
3798 4278
3798 5399
3798 7116
3798 8240
3798 8406
3798 8689
3799 4372
3799 4467
3799 4969
3799 6887
3799 7064
3799 7472
3799 8291
3799 8829
3799 9640
3799 9905
3800 4110
3800 4488
3800 6176
3800 8894
3800 9323
3801 4982
3801 5042
3801 5617
3801 6380
3801 7496
3801 7999
3802 6933
3802 7181
3802 7897
3802 9681
3802 9753
3803 3866
3803 4777
3803 5186
3803 6629
3803 6860
3803 7259
3803 8458
3803 8874
3803 9469
3803 9499
3803 9741
3804 4115
3804 4716
3804 6425
3804 9021
3804 9271
3805 3878
3805 4535
3805 8023
3805 9209
3805 9259
3806 4965
3806 5152
3806 5328
3806 5352
3806 5492
3806 5614
3806 5995
3806 6042
3806 7756
3806 8799
3806 8817
3806 9185
3806 9492
3806 9915
3807 3886
3807 7033
3807 7678
3807 9113
3807 9134
3807 9742
3808 4595
3808 5032
3808 5845
3808 6323
3808 6397
3808 7629
3808 8318
3808 9071
3808 9940
3809 4066
3809 5062
3809 5326
3809 6773
3809 7066
3809 8367
3809 9624
3810 4403
3810 5351
3810 6526
3810 6540
3810 8061
3810 8178
3810 9064
3811 4847
3811 4974
3811 5007
3811 5081
3811 5533
3811 6373
3812 4394
3812 5024
3812 6540
3812 7986
3812 9992
3813 6145
3813 7697
3813 7748
3813 8914
3814 3914
3814 4057
3814 5145
3814 5223
3814 6805
3814 7915
3814 9951
3815 4420
3815 6119
3815 6845
3816 4069
3816 4192
3816 5416
3816 6168
3816 6861
3816 6901
3816 8069
3816 9158
3817 7329
3817 7633
3817 8699
3817 8791
3817 8868
3817 9433
3817 9536
3817 9628
3817 9732
3817 9907
3818 4779
3818 7529
3818 8370
3818 9432
3818 9672
3819 5073
3819 5268
3819 8063
3819 8423
3819 8532
3820 5563
3820 6514
3820 6777
3820 9636
3821 4034
3821 4154
3821 5829
3821 6096
3821 7547
3821 8023
3821 8295
3821 8626
3821 8722
3821 8771
3821 9235
3821 9395
3822 6840
3822 7141
3822 7311
3823 4880
3823 5488
3823 5597
3823 6329
3823 8388
3824 5219
3825 8726
3825 9384
3825 9601
3826 4335
3826 6759
3826 7029
3826 7188
3826 7488
3826 7668
3826 8253
3826 8712
3826 9306
3827 4152
3827 6270
3827 6417
3828 5812
3828 6082
3828 6129
3828 7888
3828 9013
3829 4241
3829 4461
3829 5626
3829 8230
3829 8669
3830 4992
3830 5108
3830 5584
3830 6413
3830 6663
3830 9302
3831 6632
3831 7905
3831 8432
3831 9022
3831 9443
3832 7243
3832 7349
3832 7499
3832 7555
3833 5532
3833 6308
3833 6670
3833 6851
3833 7067
3833 7477
3833 9061
3833 9970
3834 5266
3834 5685
3834 5846
3834 6705
3834 8316
3835 3889
3835 3996
3835 6699
3835 6818
3835 7712
3835 8356
3835 8848
3836 4140
3836 6612
3836 7382
3836 9457
3837 4634
3837 5269
3837 7592
3837 7844
3837 9108
3837 9293
3838 4441
3838 4888
3838 6310
3838 6614
3838 6738
3838 7456
3838 7975
3838 9377
3839 5168
3839 5283
3839 7763
3839 8451
3839 8955
3840 4119
3840 4297
3840 4749
3840 4818
3840 5131
3840 5761
3840 6008
3840 8224
3840 8342
3840 8456
3840 8768
3841 3893
3841 4566
3841 4585
3841 5883
3841 6376
3841 7554
3841 8193
3841 8707
3841 9899
3842 4325
3842 4335
3842 6071
3842 6443
3842 7642
3842 8669
3842 8752
3842 9879
3843 5287
3843 6234
3843 6405
3843 6464
3843 6550
3843 6882
3843 9531
3844 4080
3844 4875
3844 6094
3844 7198
3844 9292
3844 9412
3844 9459
3844 9574
3844 9867
3845 4586
3845 4750
3845 5242
3845 5522
3845 6517
3845 7741
3845 7756
3845 9756
3846 4986
3846 6392
3846 8468
3846 9149
3847 6222
3847 8962
3847 9076
3848 5028
3848 5404
3848 5908
3848 6165
3848 7027
3848 8387
3848 8654
3848 8847
3848 9093
3848 9667
3848 9793
3848 9982
3849 7079
3849 7194
3849 8179
3849 8992
3850 4433
3850 4453
3850 4523
3850 5331
3850 5628
3850 6600
3850 6660
3850 7735
3850 9745
3851 3870
3851 4171
3851 4438
3851 4493
3851 5632
3851 5767
3851 5937
3851 6288
3851 6623
3851 7923
3852 4574
3852 5286
3852 6835
3852 7775
3852 8723
3852 9140
3852 9684
3853 3868
3853 4368
3853 5716
3853 6647
3853 7588
3853 7641
3853 8592
3853 9484
3854 4227
3854 5257
3854 7827
3855 4926
3855 5378
3855 6563
3855 7594
3855 7984
3855 8787
3855 9555
3856 3984
3856 5040
3856 5108
3856 5220
3856 6034
3856 6832
3856 7467
3856 7943
3856 9337
3857 4848
3857 4921
3857 5729
3857 8045
3857 8321
3857 8390
3857 8977
3858 5603
3858 5624
3858 5937
3858 8023
3858 8402
3858 8908
3859 5677
3859 5705
3859 7892
3859 8940
3860 7048
3860 7092
3860 7808
3860 8708
3860 9408
3860 9763
3861 6350
3861 9053
3861 9204
3862 4886
3862 5337
3862 6500
3862 6680
3862 6846
3862 7952
3862 8109
3862 8224
3862 9474
3863 5799
3863 6190
3863 7115
3863 7168
3863 9295
3863 9703
3864 4277
3864 4716
3864 5999
3864 7139
3864 7167
3864 7675
3864 7742
3864 8865
3865 4508
3865 7439
3865 9599
3865 9625
3866 6648
3866 6989
3866 9078
3866 9410
3867 4019
3867 5381
3867 5911
3867 8562
3867 9282
3867 9658
3867 9678
3867 9884
3867 9984
3868 9429
3868 9490
3868 9539
3869 5547
3869 5725
3869 8430
3870 4353
3870 5072
3870 5338
3870 5823
3870 5923
3870 6253
3870 9566
3871 5728
3871 6045
3871 6081
3871 6477
3871 6957
3871 9175
3872 8803
3872 9211
3872 9226
3873 3910
3873 4147
3873 4484
3873 4697
3873 6156
3873 8453
3873 8921
3873 9366
3874 4497
3874 6430
3874 8414
3875 5493
3875 5720
3875 7544
3875 9434
3876 3945
3876 4431
3876 4465
3876 6306
3876 6638
3876 6667
3876 8223
3877 4767
3877 4914
3877 6288
3877 6795
3877 7002
3877 9485
3878 3940
3878 4136
3878 5040
3878 5247
3878 5370
3878 6162
3878 6749
3878 8361
3878 8596
3878 8791
3878 9945
3879 4678
3879 5208
3879 5304
3879 5932
3879 9961
3880 4135
3880 5538
3880 5762
3880 6673
3880 7083
3880 7445
3880 7715
3880 7723
3880 8473
3880 9279
3881 4033
3881 5078
3881 6807
3881 7288
3881 7444
3881 9664
3881 9999
3882 4639
3882 5892
3882 6320
3882 6935
3882 7064
3882 8318
3883 4990
3883 5293
3883 5499
3883 8165
3883 8994
3883 9889
3884 7891
3885 3977
3885 6184
3885 8072
3885 8235
3885 9130
3886 5018
3886 8051
3887 4140
3887 4459
3887 4527
3887 4900
3887 4956
3887 5027
3887 5911
3887 6467
3887 8548
3887 9211
3887 9259
3887 9942
3888 3977
3888 4274
3888 5499
3888 6667
3888 6752
3888 6950
3888 8535
3888 8786
3888 9750
3889 5559
3889 5567
3889 5633
3889 7812
3889 9403
3890 4557
3890 5032
3890 6326
3890 6945
3890 8222
3890 9228
3891 4345
3891 6728
3892 4894
3892 5123
3892 9446
3893 5156
3893 7290
3893 8797
3893 8992
3894 4114
3894 5162
3894 6008
3894 7674
3894 8825
3895 4747
3896 5464
3896 6745
3896 8379
3896 8938
3896 9211
3897 4075
3897 6350
3897 8599
3897 9030
3897 9561
3898 4144
3898 6050
3898 6221
3898 7228
3898 7908
3898 8050
3899 3901
3899 6531
3899 7102
3899 7291
3899 8368
3899 9886
3900 6887
3900 7472
3900 7913
3900 8392
3900 9824
3901 4235
3901 5449
3901 5601
3901 5772
3901 5791
3901 7326
3901 7579
3902 4297
3902 4301
3902 5560
3902 6332
3902 8547
3903 4598
3903 4627
3903 8276
3903 9783
3904 4520
3904 4781
3904 5191
3904 6003
3904 6017
3904 6559
3904 9300
3905 4293
3905 7557
3905 8434
3905 8885
3905 9595
3906 5383
3906 5670
3906 6936
3906 7280
3906 8040
3906 8493
3906 9150
3907 4585
3907 5983
3907 6152
3907 6546
3907 6663
3907 7154
3907 8351
3908 5384
3908 7632
3908 8773
3908 9816
3909 4295
3909 5364
3909 6991
3909 8578
3909 9641
3910 5960
3910 7051
3910 9826
3910 9921
3910 9997
3911 5832
3911 8011
3911 8246
3911 8579
3911 9348
3911 9413
3911 9679
3912 5031
3912 5574
3912 7604
3912 8859
3912 8978
3912 9512
3912 9518
3912 9670
3912 9911
3913 4227
3913 6042
3913 6227
3913 7955
3913 8103
3913 9205
3913 9229
3914 4453
3914 4708
3914 4780
3914 6337
3914 7316
3914 8611
3914 8732
3914 9037
3914 9293
3914 9525
3915 5279
3915 6160
3915 7647
3915 8011
3915 9020
3916 4459
3916 5579
3916 5772
3916 6710
3916 6789
3916 9399
3917 4963
3917 6338
3917 7117
3917 7407
3917 7900
3917 8103
3917 9038
3917 9232
3918 3990
3918 4610
3918 8279
3918 8845
3918 9462
3918 9802
3919 4082
3919 5131
3919 5562
3920 3945
3920 6204
3920 6750
3920 7042
3920 8884
3921 5557
3921 6537
3921 7008
3921 7032
3921 7339
3921 7483
3921 8612
3921 9235
3921 9439
3922 4445
3922 4459
3922 6374
3922 7682
3923 4464
3923 5339
3923 8018
3923 9041
3923 9634
3924 4375
3924 4599
3924 4927
3924 5111
3924 5706
3924 6324
3924 6367
3924 6531
3924 7729
3924 8685
3924 9000
3925 4195
3925 4250
3925 4352
3925 6118
3925 7138
3925 8503
3925 8566
3925 8967
3927 4224
3927 5322
3927 7663
3927 8225
3927 8663
3927 9101
3927 9337
3927 9352
3927 9648
3927 9728
3928 5587
3928 6715
3928 7475
3929 6197
3929 7555
3929 7862
3929 7984
3930 5427
3930 5902
3930 6950
3930 7874
3930 8909
3931 4328
3931 4420
3931 5888
3931 5929
3931 6830
3931 7655
3931 7916
3931 8550
3932 5602
3932 5828
3932 6412
3932 7486
3932 8710
3932 8713
3932 8909
3933 5798
3933 5842
3933 6308
3933 6443
3933 6885
3933 7696
3933 9112
3933 9203
3934 4101
3934 5663
3934 6590
3934 6802
3935 5931
3935 8106
3936 6477
3936 6773
3936 8780
3937 7287
3937 7554
3937 7849
3937 8029
3937 9179
3937 9657
3937 9977
3938 5285
3938 5485
3938 5912
3938 7049
3938 7726
3938 7849
3938 8688
3939 4226
3939 5999
3939 6729
3939 8603
3940 4361
3940 4792
3940 4953
3940 6020
3940 7619
3940 8592
3940 9673
3941 4582
3941 5010
3941 5866
3941 6468
3941 6545
3941 9758
3941 9928
3942 4483
3942 6883
3942 6916
3942 9594
3943 4890
3943 5136
3943 6489
3943 7131
3943 7366
3943 7729
3943 8091
3943 9088
3943 9089
3943 9915
3944 4027
3944 4796
3944 4989
3944 5291
3944 6738
3944 8814
3945 4923
3945 5512
3945 5812
3945 5951
3945 5964
3945 6791
3945 8531
3946 4326
3946 4823
3946 8240
3947 4763
3947 6907
3947 7115
3947 7257
3947 8095
3947 8920
3948 3986
3948 4078
3948 4246
3948 5060
3949 6764
3949 7027
3949 7651
3949 8224
3949 9092
3950 6085
3950 6735
3950 8699
3951 4230
3951 5005
3951 5120
3951 7009
3951 7852
3951 8881
3952 5983
3952 6039
3952 6646
3952 8075
3953 4532
3953 7225
3953 7807
3953 9088
3954 5822
3954 6555
3954 8632
3954 9507
3955 4159
3955 6147
3955 6295
3955 6526
3955 6853
3955 7736
3955 8394
3955 9583
3956 4608
3956 4736
3956 5080
3956 5954
3956 9486
3956 9529
3956 9942
3957 7428
3957 7487
3957 7687
3958 5618
3958 6191
3958 6963
3958 7032
3958 7347
3958 7705
3958 8482
3959 5201
3959 5219
3959 5355
3959 7847
3960 5067
3960 5847
3960 6710
3960 9301
3960 9524
3960 9788
3960 9858
3960 9963
3961 4411
3961 6684
3962 4387
3962 5515
3962 5716
3962 6141
3962 6249
3962 7328
3962 8041
3962 9489
3963 5157
3963 5943
3963 6495
3963 8234
3964 4287
3964 5370
3964 9761
3965 5406
3965 7541
3965 8164
3965 8931
3965 9871
3966 4249
3966 7894
3966 8740
3966 9052
3966 9131
3966 9681
3966 9948
3967 4542
3967 4635
3967 5737
3967 5738
3967 6742
3967 6901
3967 8369
3967 9553
3968 4487
3968 4585
3968 5286
3968 5645
3968 7178
3968 7226
3968 7902
3968 8949
3969 4517
3969 5218
3969 5725
3969 6324
3969 7847
3969 8551
3969 8769
3969 8879
3969 9520
3970 4158
3970 4264
3970 5035
3970 6199
3970 6582
3970 6929
3970 7471
3970 8614
3970 9639
3970 9697
3971 5074
3971 6572
3971 7107
3971 7884
3971 9722
3971 9976
3972 4213
3972 4234
3972 5097
3972 5609
3972 5772
3972 7148
3972 9899
3973 4173
3973 4412
3973 5418
3973 5429
3973 5463
3973 8323
3973 9414
3974 4645
3974 4994
3974 6229
3974 6681
3974 6743
3974 7745
3974 7942
3974 8462
3975 5248
3976 4047
3976 4052
3976 4540
3976 4975
3977 4021
3977 4349
3977 6887
3977 7374
3977 8308
3977 9364
3977 9983
3978 4623
3978 5170
3978 5805
3978 6002
3978 9048
3978 9237
3978 9665
3979 5699
3979 5788
3979 6055
3979 6211
3979 6885
3979 7335
3979 7368
3979 8113
3979 8115
3980 4183
3980 4295
3980 4688
3980 4787
3980 5362
3980 5804
3980 6772
3980 7721
3980 9356
3980 9812
3981 4625
3981 5164
3981 6726
3981 6964
3981 7343
3981 7353
3981 8463
3981 8672
3981 9690
3982 4196
3982 5198
3982 5380
3982 5494
3982 5713
3982 9868
3983 7834
3984 3989
3984 6333
3984 6610
3984 6906
3984 9232
3985 4332
3985 5068
3985 5352
3985 5437
3985 5679
3985 6821
3985 7209
3985 7942
3986 4581
3986 4984
3986 6896
3986 8391
3986 8587
3986 9198
3987 4758
3987 5352
3987 6275
3987 6362
3987 6487
3987 7380
3987 9277
3988 4439
3988 8226
3988 8761
3988 9442
3988 9563
3989 4510
3989 5116
3989 5931
3989 7335
3989 8011
3990 5509
3990 5839
3990 6763
3990 6955
3990 7128
3991 4072
3991 5181
3991 5505
3991 6451
3991 7375
3991 7849
3991 7942
3991 8757
3991 8965
3991 9127
3991 9160
3991 9442
3991 9602
3992 5472
3992 5531
3992 8330
3992 8332
3992 8527
3993 4592
3993 6763
3993 7251
3993 7430
3993 7432
3993 8177
3993 8395
3993 9711
3994 5227
3994 5257
3994 5778
3994 8855
3995 6213
3995 6984
3995 7139
3995 7284
3995 8019
3995 8719
3995 8752
3996 5538
3996 7005
3996 7714
3996 8935
3997 5210
3997 5473
3997 6078
3997 6150
3997 6857
3997 7348
3997 7463
3997 9644
3997 9887
3998 8499
3998 9054
3998 9383
3999 4499
3999 6057
3999 8187
3999 8474
3999 8785
3999 8887
4000 4065
4000 5327
4000 5616
4000 5659
4000 5720
4000 6025
4000 7612
4000 9877
4001 4796
4001 5177
4001 5728
4001 6796
4001 7416
4001 7810
4001 8987
4001 9097
4002 4386
4002 4915
4002 6627
4002 7736
4002 8110
4002 8448
4002 8709
4002 8753
4003 5538
4003 5824
4003 8141
4003 8402
4003 8855
4003 9437
4004 4650
4004 6208
4004 7307
4004 7380
4004 8495
4005 7875
4005 7890
4005 7961
4005 8372
4005 8590
4005 9603
4006 4444
4006 5207
4006 5332
4006 6429
4006 6975
4007 5578
4007 6301
4007 6369
4007 7430
4007 8453
4007 8852
4007 9023
4007 9375
4008 4188
4008 4346
4008 5097
4009 4550
4009 5277
4009 7203
4009 8667
4009 8922
4010 7606
4010 7864
4010 8499
4010 8695
4010 9024
4011 4083
4011 4327
4011 5610
4011 6571
4011 6986
4012 4868
4012 5619
4012 6954
4012 7409
4012 9821
4013 5638
4013 7271
4013 8743
4013 8990
4014 5773
4014 6350
4014 9498
4014 9903
4015 5331
4015 5764
4015 7416
4015 7684
4015 8467
4015 9163
4016 5512
4016 5618
4016 5954
4016 7238
4016 7867
4017 5656
4017 6123
4017 6677
4017 6777
4017 7876
4017 9179
4018 4801
4018 4906
4018 6105
4018 6172
4018 6534
4018 6712
4018 6928
4019 5053
4019 5727
4019 7843
4019 8902
4020 4324
4020 4805
4020 4843
4020 5399
4020 7310
4020 7914
4020 9903
4021 4246
4021 4978
4021 5062
4021 5384
4021 6058
4021 6800
4021 7562
4021 7827
4021 8034
4021 8599
4022 5143
4022 9370
4022 9385
4022 9426
4023 4766
4023 5178
4023 5720
4023 5846
4023 7986
4023 9842
4024 4710
4024 6244
4024 6482
4024 7026
4024 7468
4024 8314
4024 8668
4024 9242
4024 9288
4025 4839
4025 6260
4025 6628
4025 9100
4026 5330
4026 6623
4026 9070
4027 5371
4027 5662
4027 7342
4027 7485
4027 9042
4028 4212
4028 4473
4028 6704
4028 9968
4029 8277
4029 9494
4030 4207
4030 5199
4030 6171
4030 7486
4030 7787
4030 8021
4030 8537
4030 9011
4031 4548
4031 4867
4031 5665
4031 7162
4031 7509
4031 7566
4031 7623
4031 7688
4031 7787
4032 4469
4032 5076
4032 7565
4032 7631
4032 9000
4033 5378
4033 5735
4033 7486
4033 8222
4033 9449
4034 7790
4034 8428
4034 8448
4035 5181
4035 6811
4035 7530
4035 7628
4035 9032
4036 5281
4036 5707
4036 6944
4036 8413
4037 4118
4037 5374
4037 5910
4037 5920
4037 7622
4037 7682
4037 7684
4037 7687
4037 8052
4037 9060
4037 9112
4037 9472
4038 4835
4038 5057
4038 6136
4038 8125
4038 8192
4038 8341
4038 8770
4039 4138
4039 5003
4039 5591
4039 7207
4039 7314
4039 7740
4040 5200
4040 5444
4040 5477
4040 7347
4040 7442
4040 8278
4040 8448
4040 8463
4040 9058
4041 5267
4041 6334
4041 6975
4041 7423
4041 8002
4042 5273
4042 5350
4042 6757
4042 7342
4042 9022
4043 4563
4044 4988
4044 9092
4044 9631
4045 4340
4045 6841
4045 7383
4045 7494
4045 8302
4045 8897
4046 4541
4046 4756
4046 5317
4046 5877
4046 5990
4046 6016
4046 6197
4046 9361
4047 4400
4047 4967
4047 5983
4047 6531
4047 7041
4048 4146
4048 7106
4048 7218
4048 7267
4048 8810
4048 9506
4049 4226
4049 6175
4049 8696
4049 9201
4050 5214
4050 5749
4050 6812
4050 7565
4050 9352
4051 4435
4051 5528
4051 6583
4051 6717
4051 9274
4051 9986
4052 4199
4052 4640
4052 5316
4052 7335
4052 8599
4052 8601
4053 6602
4053 6640
4054 5500
4054 5969
4054 8235
4054 8382
4054 8542
4055 7368
4055 7534
4055 8319
4056 4063
4056 5113
4056 5982
4056 6210
4056 6624
4056 9528
4057 5162
4057 8061
4057 9444
4058 4376
4058 4394
4058 5789
4058 5972
4058 8107
4058 8673
4058 9250
4059 6022
4059 6236
4059 6382
4059 6802
4059 7345
4059 8294
4059 8314
4059 9092
4059 9128
4060 5962
4060 6755
4060 7194
4060 7349
4060 8069
4060 8075
4060 8301
4060 8481
4060 9329
4060 9433
4061 4281
4061 5487
4061 5524
4061 7668
4061 8229
4061 9142
4062 4785
4062 5940
4062 7719
4062 8413
4062 8882
4062 9317
4063 5967
4063 6669
4063 6720
4063 8489
4063 8710
4063 9016
4064 4518
4064 7900
4064 8340
4065 5126
4065 5849
4065 5975
4065 6237
4065 6250
4065 6949
4065 7444
4065 7689
4065 9296
4065 9431
4066 4135
4066 4175
4066 4373
4066 5348
4066 7706
4066 8080
4066 8941
4067 5073
4067 5769
4067 6143
4067 6395
4067 6806
4067 7334
4067 7527
4067 8056
4067 8313
4067 8604
4067 8842
4068 5176
4068 5554
4069 5483
4069 5568
4069 7206
4069 7934
4069 8644
4069 9392
4069 9413
4070 6296
4070 7373
4070 7533
4070 9696
4070 9736
4070 9758
4071 4266
4071 4917
4071 5314
4071 6039
4071 6262
4071 8885
4072 7331
4072 8475
4072 9644
4073 4140
4073 6099
4073 7458
4073 7801
4073 8075
4073 8181
4074 4990
4074 8600
4075 4201
4075 4303
4075 4899
4075 5709
4075 5761
4075 5911
4075 6208
4075 6402
4075 6683
4075 7271
4075 7501
4075 8248
4075 8740
4075 9815
4076 7127
4076 7463
4076 9317
4076 9449
4077 5843
4077 6299
4077 8725
4077 9008
4078 4411
4078 5468
4078 5525
4078 5877
4078 7079
4079 6106
4079 6748
4079 6825
4079 7827
4080 4502
4080 4908
4080 6234
4080 6660
4080 7699
4080 8041
4080 8527
4081 5633
4081 6031
4082 5013
4082 7154
4082 7595
4082 7987
4082 8951
4083 4203
4083 4777
4083 5627
4083 8650
4083 8856
4084 4726
4084 5238
4084 5560
4084 5827
4084 7304
4085 6795
4085 6828
4085 8952
4085 9509
4086 9914
4087 5672
4087 6439
4087 8533
4087 9593
4088 4352
4088 7008
4088 7498
4088 7838
4088 9363
4088 9550
4088 9669
4089 4467
4089 8400
4089 9609
4090 4569
4090 4880
4090 5241
4090 5493
4090 7204
4090 8739
4091 4296
4091 5084
4091 5299
4091 5908
4092 4127
4092 4844
4092 4881
4092 5949
4092 9603
4093 5094
4093 6708
4093 7320
4093 9497
4094 5741
4094 6074
4094 8536
4094 9114
4095 4438
4095 5168
4095 5470
4095 5990
4095 8186
4095 8756
4095 8945
4095 9503
4095 9753
4096 4404
4096 4819
4096 5309
4096 5363
4096 6344
4096 6407
4096 6436
4096 6667
4097 6445
4098 5753
4098 6287
4098 6841
4098 8468
4098 8670
4099 6207
4099 6972
4099 8886
4099 9855
4100 6158
4100 6522
4100 6647
4100 6933
4100 7594
4100 7819
4100 8900
4100 9343
4101 6193
4101 8004
4102 5881
4102 6633
4102 7571
4102 8087
4102 8157
4102 8392
4102 8536
4103 5099
4103 6674
4103 8461
4103 9899
4104 5343
4104 6290
4104 6978
4104 7411
4104 7765
4104 9186
4105 4739
4105 6596
4105 6605
4105 8685
4105 9596
4106 4936
4106 5303
4106 6138
4106 6363
4106 6734
4106 8688
4106 9381
4107 4115
4107 5239
4107 6367
4107 6445
4107 7491
4107 7544
4107 7673
4107 7760
4108 4700
4108 5357
4108 5422
4108 5879
4108 5900
4108 7070
4108 7129
4108 8030
4108 8550
4108 9036
4108 9086
4109 4374
4109 4473
4109 5255
4109 5518
4109 8452
4109 9820
4110 6192
4110 7575
4111 4291
4111 4534
4111 5062
4111 5427
4111 5531
4111 5807
4112 4821
4112 5441
4112 6045
4112 7232
4112 7880
4112 8795
4112 8817
4112 8922
4113 4309
4113 4739
4113 4967
4113 5203
4113 6641
4113 7438
4113 7842
4113 9043
4114 4152
4114 5261
4114 6505
4114 7303
4114 8492
4114 9171
4114 9498
4115 4223
4115 6521
4115 8323
4115 9610
4116 4904
4116 7849
4116 7857
4116 8494
4116 8642
4116 8923
4117 5228
4117 5534
4117 6293
4117 6624
4117 9297
4118 4274
4118 4812
4118 5831
4118 6423
4118 6492
4118 7335
4118 7581
4118 9441
4119 4756
4119 5640
4119 6936
4119 8009
4119 8735
4120 4902
4120 5247
4120 5312
4120 6045
4120 7541
4120 7944
4120 8705
4120 9682
4120 9876
4121 6492
4121 7203
4121 7975
4121 9511
4121 9529
4122 4143
4122 4582
4122 5310
4122 6147
4122 7160
4122 7952
4122 9395
4122 9699
4123 4652
4123 7467
4123 7951
4124 4508
4124 6101
4124 6911
4124 7206
4124 8203
4124 9478
4125 6110
4125 6492
4125 6724
4125 6844
4125 7147
4125 8567
4125 9304
4125 9587
4125 9826
4126 5197
4126 6214
4126 6499
4126 7662
4126 8283
4126 9271
4127 5152
4127 6309
4127 6689
4127 7049
4127 7486
4127 7710
4127 7881
4127 8475
4127 9423
4128 4692
4128 6399
4128 6540
4128 6819
4128 6822
4128 7023
4129 4292
4129 4408
4129 4828
4129 8215
4129 8406
4129 9118
4129 9403
4129 9721
4130 4664
4130 5108
4130 5779
4130 5907
4130 7395
4130 7940
4130 7949
4130 8064
4130 8619
4130 8675
4131 4547
4131 5030
4131 7938
4131 9012
4131 9300
4131 9877
4132 4189
4132 5770
4132 7025
4132 7847
4132 8800
4132 9171
4132 9705
4133 4566
4133 4633
4133 5023
4133 6232
4133 7730
4133 7918
4133 8546
4133 8883
4133 9716
4134 4631
4134 7739
4134 8979
4134 9664
4135 4188
4135 4735
4135 7254
4135 8996
4136 4467
4136 5028
4136 5513
4136 6530
4136 8888
4136 9385
4137 5593
4137 7378
4137 8013
4137 8259
4137 8646
4138 4431
4138 4997
4138 5198
4138 5407
4138 5578
4138 5733
4138 5935
4138 7224
4138 7534
4138 8001
4138 8357
4138 9244
4139 7090
4139 7229
4139 8875
4139 9111
4139 9600
4139 9661
4140 5475
4140 9079
4140 9592
4141 5888
4141 6149
4141 6958
4141 7015
4141 8622
4141 9274
4141 9729
4141 9917
4142 4499
4142 5001
4142 7095
4142 7475
4142 7755
4142 8266
4142 9401
4143 4211
4143 6753
4143 6780
4143 6932
4143 7034
4143 7730
4144 7107
4144 8974
4145 5864
4145 6481
4145 7425
4145 8190
4145 8469
4145 9629
4146 4153
4146 4565
4146 5726
4146 5785
4146 6254
4146 9519
4147 5860
4147 6083
4147 6115
4147 6929
4147 9898
4147 9983
4148 4270
4148 5110
4148 5548
4148 5617
4148 8522
4148 8991
4149 4540
4149 4598
4149 4909
4149 5308
4149 5699
4149 9811
4150 4884
4150 5826
4150 7811
4150 8108
4150 8794
4150 9229
4150 9550
4151 6133
4151 7561
4151 8881
4151 9894
4152 4154
4152 4650
4152 6846
4152 7622
4152 8079
4152 8374
4152 8543
4152 9863
4153 4247
4153 7098
4153 7250
4153 7812
4153 9498
4154 4936
4154 4944
4154 5008
4154 5094
4154 6093
4154 6420
4154 6639
4154 8355
4154 8919
4154 9126
4154 9257
4154 9405
4155 4843
4155 5255
4155 5815
4155 7327
4155 8333
4156 4993
4156 5229
4156 8100
4156 8473
4156 8777
4156 9072
4156 9646
4157 5129
4157 6863
4157 6919
4157 7063
4157 7580
4157 8221
4157 9451
4158 7402
4158 8921
4158 9965
4159 5113
4159 5260
4159 6498
4159 7035
4159 8107
4159 8586
4159 8847
4159 9916
4160 4940
4160 5111
4160 5436
4160 7804
4160 8181
4160 8944
4160 9823
4161 6029
4161 6798
4161 7055
4161 7479
4161 7930
4161 8498
4161 9772
4162 4735
4162 5059
4162 5566
4162 6576
4162 7492
4163 4833
4163 5445
4163 6351
4163 9252
4163 9775
4164 5429
4164 5660
4164 6818
4164 8713
4164 8735
4165 4299
4165 4442
4165 5159
4165 5605
4165 5909
4165 7606
4165 7790
4165 8986
4165 9960
4166 4913
4166 5902
4166 6130
4166 6168
4166 6243
4166 7209
4166 7218
4166 8319
4166 8524
4166 9097
4167 4321
4167 7184
4167 7906
4167 9537
4167 9700
4168 6102
4168 6256
4168 6623
4168 9143
4169 4724
4169 6538
4169 7019
4169 8380
4170 5474
4170 6316
4170 6618
4170 9544
4171 8868
4171 9565
4172 4751
4172 7109
4172 7185
4172 9372
4173 4697
4173 4944
4173 5647
4173 7967
4173 8919
4174 5440
4174 6391
4174 8169
4174 8399
4174 8512
4174 8779
4175 5714
4175 6881
4175 9192
4175 9218
4176 4707
4176 5010
4176 6533
4176 7041
4176 7240
4176 7338
4176 9352
4176 9667
4177 4188
4177 4283
4177 7240
4177 7450
4177 8586
4177 8725
4178 4947
4178 5099
4178 5668
4178 5924
4178 7784
4179 4600
4179 9272
4179 9493
4179 9704
4180 4637
4180 7092
4180 8713
4180 9530
4180 9605
4180 9908
4181 4413
4181 4809
4181 5326
4181 5995
4181 6141
4181 7186
4181 7410
4181 7957
4181 8226
4181 8702
4181 9085
4182 4197
4182 5960
4182 6643
4182 6888
4182 7718
4183 4408
4183 4441
4183 4938
4183 8172
4183 9284
4183 9673
4184 4758
4184 6721
4184 7494
4184 7788
4184 7861
4184 8946
4184 9135
4184 9161
4185 5345
4185 6651
4185 7310
4185 8295
4186 4527
4186 5168
4186 6651
4186 8257
4186 9711
4187 5059
4187 5221
4187 5518
4187 6321
4187 8020
4187 8181
4187 9090
4187 9443
4187 9876
4188 4217
4188 4272
4188 5371
4188 6069
4188 7161
4188 7697
4188 9886
4189 5788
4189 6201
4189 6970
4189 8136
4190 4836
4190 7188
4190 7203
4190 8566
4190 8775
4191 4975
4191 6684
4191 7589
4191 9181
4191 9638
4192 5062
4192 6395
4192 6948
4192 8028
4192 8033
4192 8314
4193 5560
4193 5571
4193 6086
4193 6767
4193 8873
4193 9697
4193 9760
4194 6678
4194 7462
4195 4422
4195 4682
4195 5537
4195 5622
4195 6341
4195 6804
4196 5380
4196 5634
4196 5726
4196 9221
4197 5190
4197 5319
4197 7268
4197 7559
4197 8564
4197 8750
4198 5118
4198 5271
4198 5326
4198 5455
4198 6018
4198 6558
4198 7269
4198 7512
4198 8141
4198 8572
4198 9716
4199 5115
4199 5955
4199 6311
4199 7410
4199 8936
4199 8980
4199 9690
4200 4457
4200 4669
4200 5163
4200 5347
4200 5422
4200 8511
4200 8830
4200 9165
4200 9605
4201 4582
4201 4595
4201 4795
4201 5118
4201 5291
4201 8670
4201 9949
4202 4407
4202 4629
4202 7382
4202 8590
4203 5475
4203 6323
4203 7388
4203 7686
4203 9035
4203 9045
4203 9328
4203 9732
4204 4443
4204 5512
4204 6187
4204 6219
4204 6768
4204 9440
4205 5949
4205 5974
4205 7104
4205 7167
4205 7516
4205 9630
4206 5762
4206 6151
4206 7433
4206 7636
4206 7667
4206 8366
4206 9115
4206 9407
4206 9772
4207 4944
4207 5673
4207 6756
4207 6818
4207 7793
4207 8339
4207 9282
4208 7333
4208 7922
4208 9169
4208 9640
4209 4821
4209 4885
4209 5088
4209 6873
4209 9230
4209 9807
4210 4597
4210 4731
4210 5817
4210 6536
4210 6760
4210 7366
4210 8350
4210 9009
4210 9593
4211 4837
4211 6153
4211 6235
4211 7144
4212 4377
4212 4843
4212 5722
4212 6227
4212 7189
4212 7395
4212 8189
4212 8683
4213 5915
4213 6230
4213 6747
4213 9051
4213 9370
4214 5665
4214 7602
4214 8460
4214 8518
4214 9047
4215 6666
4215 7744
4215 8029
4215 9593
4216 4462
4216 4727
4216 5026
4216 6331
4216 7766
4217 5567
4217 8435
4217 8501
4217 9348
4218 4641
4218 5762
4218 6581
4218 8577
4219 7922
4219 8418
4220 4901
4220 5655
4220 6801
4220 7091
4221 4297
4221 4519
4221 4578
4221 5558
4221 5681
4221 7086
4221 9349
4222 4353
4222 5239
4222 5595
4222 6987
4222 9203
4223 5625
4223 8535
4223 8973
4223 9177
4223 9954
4224 5076
4224 5442
4224 6782
4225 4862
4225 5096
4225 5978
4225 7821
4225 8926
4225 9022
4225 9534
4225 9964
4226 5578
4226 6666
4226 6872
4226 8446
4227 4893
4227 5774
4227 6269
4227 7700
4227 8812
4228 4867
4228 5094
4228 7319
4228 7613
4228 9006
4229 4253
4229 4977
4229 7463
4229 7845
4229 8250
4229 8415
4229 8671
4229 8950
4230 4486
4230 6892
4230 7556
4230 7874
4230 8808
4231 4399
4231 4993
4231 6993
4231 8231
4231 9913
4232 4611
4232 7742
4232 8466
4232 8908
4232 9532
4232 9879
4233 4449
4233 7396
4233 8900
4233 9245
4234 5439
4234 6324
4234 6690
4234 6902
4234 8174
4235 5296
4235 6836
4235 8732
4235 9332
4235 9515
4236 8051
4236 8735
4236 8919
4237 4408
4237 4470
4237 5074
4237 6041
4237 6942
4237 8329
4237 8660
4237 8771
4237 9842
4238 5481
4238 5526
4238 7296
4238 7741
4238 8632
4239 4305
4239 4970
4239 5813
4239 6005
4239 6148
4239 6646
4239 8455
4239 9072
4239 9137
4240 4624
4240 4667
4240 6623
4240 9206
4240 9319
4240 9538
4241 4436
4241 6928
4241 7880
4241 8180
4241 8582
4241 8604
4241 9526
4242 6069
4242 6165
4242 6396
4242 7367
4242 9008
4243 6447
4243 6634
4243 7189
4243 7518
4243 9418
4243 9862
4243 9943
4244 4823
4244 5354
4245 5169
4245 6215
4245 6780
4245 7124
4245 7746
4245 8327
4245 8868
4245 9502
4246 4855
4246 6768
4246 6917
4246 9205
4246 9567
4247 4381
4247 4458
4247 4497
4247 4610
4247 5256
4247 5784
4247 7143
4247 7204
4247 8231
4247 8717
4247 8822
4247 9408
4248 5203
4248 5936
4248 8200
4248 8696
4248 8839
4248 9163
4248 9179
4248 9530
4248 9544
4249 5660
4249 6726
4249 6736
4249 7715
4249 7912
4249 8388
4249 8402
4250 5029
4250 5818
4250 6767
4250 7257
4250 7910
4250 8357
4250 8394
4250 9456
4250 9709
4251 5313
4251 7049
4251 7190
4251 7710
4251 8427
4251 8752
4251 9741
4252 4472
4252 6577
4252 8459
4252 8539
4252 9802
4253 6144
4253 6379
4253 6471
4253 6986
4253 9339
4254 7325
4255 4451
4255 4720
4255 5686
4255 6238
4255 6995
4255 9174
4255 9480
4255 9734
4256 5272
4256 5558
4256 6539
4256 6826
4256 7940
4256 8714
4256 9493
4257 4360
4257 6424
4257 6632
4257 7905
4258 6838
4258 8640
4258 9454
4258 9587
4259 8221
4260 4863
4260 4903
4260 5606
4260 5634
4260 6619
4260 6950
4260 7487
4260 8623
4260 9011
4260 9958
4261 6494
4261 7480
4261 7886
4261 8215
4262 4599
4262 6750
4262 7761
4263 5407
4263 6772
4263 7110
4263 7326
4263 8434
4263 8450
4263 9071
4264 4870
4264 5425
4264 6467
4264 6734
4264 6873
4264 8634
4265 4600
4265 5340
4265 8812
4265 9420
4266 4956
4266 5628
4266 6565
4266 7278
4266 7342
4266 8144
4266 8294
4266 8442
4266 9444
4267 5270
4267 6489
4267 7548
4267 7822
4268 5195
4268 7442
4268 7649
4269 5267
4269 6356
4269 7312
4270 4867
4270 5384
4270 6114
4270 6633
4270 6692
4270 7118
4270 7554
4270 7622
4270 8758
4271 4407
4271 4957
4271 5447
4271 6237
4271 6310
4271 6477
4271 7710
4271 8189
4271 8356
4271 9312
4271 9807
4272 5422
4272 6135
4273 4521
4273 8339
4273 8710
4273 9975
4274 7652
4274 7882
4274 7981
4274 7987
4274 9503
4274 9631
4275 4338
4275 5473
4275 6734
4275 7407
4275 9264
4275 9663
4275 9860
4276 4341
4276 5339
4276 5482
4276 5648
4276 7611
4276 7727
4276 7872
4276 8664
4276 9290
4276 9604
4277 5491
4277 5678
4277 5949
4277 6497
4277 6699
4277 6736
4277 7642
4278 5633
4278 5703
4278 6093
4278 8187
4278 9986
4279 4623
4279 6445
4279 8308
4279 9468
4279 9628
4280 4299
4280 6431
4280 7032
4280 8002
4280 8110
4280 8861
4280 8924
4280 9243
4280 9381
4280 9730
4281 5444
4281 5556
4281 5948
4281 6561
4281 6642
4281 6864
4281 9171
4281 9338
4281 9822
4282 4617
4282 5615
4282 6409
4282 7387
4282 7817
4282 9386
4283 5250
4283 5394
4283 5681
4283 6601
4283 6770
4283 6866
4283 7342
4283 8990
4284 4736
4284 5814
4284 6546
4284 7920
4284 8008
4284 8097
4284 8331
4284 8448
4284 8547
4284 8696
4285 4719
4285 4885
4285 5060
4285 6195
4285 6759
4285 9149
4285 9619
4286 4747
4286 6292
4286 7661
4286 9289
4286 9321
4286 9916
4287 5499
4287 6003
4287 7790
4287 8865
4287 9530
4287 9803
4287 9998
4288 5236
4288 6106
4288 7173
4288 7818
4288 9780
4289 5742
4289 8391
4289 8729
4289 9497
4290 5242
4290 5479
4290 5637
4290 9532
4291 5392
4291 6254
4291 6446
4291 7929
4291 8523
4292 7860
4292 7867
4292 9786
4293 5717
4293 5881
4293 7061
4293 8523
4293 8851
4293 9616
4294 4467
4294 4812
4294 5207
4294 7401
4294 7507
4294 7508
4294 8063
4294 8410
4294 8428
4294 8865
4294 9476
4295 4302
4295 7886
4295 9888
4296 6439
4297 4422
4297 4991
4297 5743
4297 6571
4297 9168
4297 9708
4298 5109
4298 5113
4298 7675
4298 8981
4298 9587
4298 9678
4299 6247
4299 7651
4299 7845
4299 8366
4299 8754
4299 9913
4300 5777
4300 5832
4300 5954
4300 6363
4300 6538
4300 7425
4300 8631
4301 6747
4301 7003
4301 7533
4301 7782
4301 7824
4301 8118
4301 9021
4301 9194
4301 9956
4302 6180
4302 8556
4302 8871
4303 4924
4303 5723
4303 5744
4303 6560
4303 7004
4304 4451
4304 5031
4304 5277
4304 5527
4304 7228
4304 7412
4304 9885
4305 4383
4305 4410
4305 4706
4305 4964
4305 6549
4305 6926
4305 8001
4305 9122
4305 9893
4306 4698
4306 6079
4306 6562
4306 7006
4306 7282
4306 8356
4307 4519
4307 4815
4307 5083
4307 7777
4307 8327
4307 8389
4307 8461
4307 9872
4308 5093
4308 5547
4308 6460
4308 7044
4308 7822
4308 8262
4308 9162
4308 9429
4308 9761
4309 4373
4309 4392
4309 5708
4309 6323
4309 7638
4309 7945
4309 8002
4309 8806
4309 9002
4310 5321
4310 7547
4310 7553
4311 6581
4311 7933
4311 8172
4312 7163
4312 7650
4312 8443
4313 5640
4313 7602
4313 8236
4313 8689
4313 8821
4313 9454
4314 4966
4314 5121
4314 5880
4314 9172
4314 9858
4314 9945
4315 7421
4315 8184
4315 8850
4315 8949
4316 6230
4316 6355
4316 7614
4316 7789
4316 8850
4317 4648
4317 5674
4317 7376
4317 7568
4317 8231
4318 4634
4318 5392
4318 7128
4318 9200
4319 4860
4319 6461
4319 6704
4319 7707
4319 8686
4319 9285
4319 9573
4320 4557
4320 4983
4320 5297
4320 5587
4321 5417
4321 5636
4321 6223
4321 6234
4322 4958
4322 5535
4322 6484
4322 7053
4322 7180
4322 7989
4322 9448
4323 4350
4323 4481
4323 4881
4323 5019
4323 5787
4323 5837
4323 5880
4323 6009
4323 7399
4324 4403
4324 5239
4324 7781
4324 9377
4325 4818
4325 5231
4325 6105
4325 6170
4325 6179
4325 6229
4325 7501
4326 6090
4326 7315
4326 8308
4327 4607
4327 4942
4327 5090
4327 5590
4327 5960
4327 7331
4327 8195
4327 9633
4328 6352
4328 6803
4328 7451
4328 7800
4328 8082
4328 8626
4328 9832
4329 5121
4329 5326
4330 5092
4330 5198
4330 6595
4331 5767
4331 6412
4331 9636
4332 4486
4332 4594
4332 9657
4333 4787
4333 6376
4333 9755
4334 4589
4334 7541
4334 8961
4334 9061
4334 9090
4334 9725
4335 6691
4335 6953
4335 8889
4336 4548
4336 6323
4336 6478
4336 6697
4336 6803
4336 7033
4336 7491
4336 7508
4336 8135
4336 9273
4337 5852
4337 6159
4337 6458
4337 7716
4337 8054
4337 8816
4337 9570
4338 4565
4338 8208
4338 9233
4338 9764
4339 4928
4339 6648
4339 6747
4339 7912
4339 8635
4339 9204
4340 5962
4340 6238
4340 9413
4341 4499
4341 4678
4341 5723
4341 5762
4341 6093
4341 6820
4341 7046
4341 8141
4341 8142
4342 6386
4342 7450
4342 8280
4342 8779
4342 9458
4343 4586
4343 6089
4343 6217
4343 8607
4343 8773
4343 8864
4343 9157
4343 9183
4343 9353
4343 9696
4343 9801
4343 9921
4344 4557
4344 5464
4344 5712
4344 6801
4344 7194
4344 8266
4344 8655
4344 9163
4344 9381
4344 9422
4345 5150
4345 5815
4345 6558
4345 6727
4345 7827
4345 7873
4345 8421
4345 9052
4345 9507
4346 4447
4346 5057
4346 5300
4346 5773
4346 6092
4346 7424
4346 8762
4346 8768
4347 5101
4347 5663
4347 5964
4347 6834
4347 7292
4347 7744
4348 5391
4348 5481
4348 6232
4348 9229
4348 9560
4349 6173
4349 6557
4349 9847
4350 6168
4350 7309
4351 6667
4351 6909
4351 7220
4351 9169
4352 7063
4352 8619
4354 4856
4354 6578
4354 6727
4354 7728
4354 8278
4354 8483
4354 8831
4354 9278
4355 4670
4355 5042
4355 5081
4355 6320
4355 8616
4356 4918
4356 6259
4356 6759
4356 7811
4356 9964
4357 4485
4357 4528
4357 5256
4357 5320
4357 5579
4357 7706
4358 4799
4358 4934
4358 5317
4358 5809
4358 8334
4358 8521
4359 5440
4359 7127
4359 8975
4359 9185
4360 5481
4360 6222
4360 8027
4360 8254
4360 8367
4360 9447
4361 4696
4361 4934
4361 5530
4361 8214
4361 8625
4361 8772
4361 9485
4362 4427
4362 5502
4362 5920
4362 8852
4362 9182
4362 9188
4363 4615
4363 7607
4363 7920
4363 8298
4363 8595
4364 4732
4364 5170
4364 5623
4364 5935
4364 7160
4364 7415
4364 8073
4364 8249
4364 8722
4365 5072
4365 7096
4365 9363
4365 9473
4366 4558
4366 5024
4366 5557
4366 5784
4366 7482
4366 7770
4366 7880
4366 8353
4366 8875
4366 9723
4366 9897
4367 5241
4367 6279
4367 6933
4367 7607
4367 8430
4367 8517
4368 4533
4368 5034
4368 6042
4368 8048
4368 9589
4369 6290
4369 6981
4369 8398
4370 4891
4370 5453
4370 6279
4370 6629
4370 9948
4371 4943
4371 5625
4371 5823
4371 6542
4371 7874
4371 9503
4371 9915
4372 6029
4372 8470
4372 8967
4373 4965
4373 4997
4373 5166
4373 7360
4373 8437
4374 4644
4374 4788
4374 6269
4374 6866
4374 7766
4374 7847
4374 8538
4374 8691
4374 8865
4374 9544
4375 4797
4375 6527
4375 7758
4375 9487
4375 9748
4377 4400
4377 4430
4377 6245
4377 6578
4377 8448
4377 8581
4377 9341
4378 5820
4378 8131
4378 8149
4378 8746
4378 9014
4378 9076
4379 4521
4379 5999
4379 6312
4379 6764
4379 9663
4379 9761
4380 4780
4380 6907
4380 8506
4380 9654
4381 7868
4381 9539
4382 4476
4382 5251
4382 6253
4382 7647
4382 7945
4382 8543
4382 8779
4382 8905
4382 9446
4383 5340
4383 8111
4383 8522
4383 8833
4383 9019
4383 9071
4383 9852
4384 4560
4384 4902
4384 5369
4384 5463
4384 6147
4384 6984
4384 7082
4384 7865
4384 8103
4384 9496
4384 9912
4385 4741
4385 6279
4385 6611
4385 9370
4386 5036
4386 6136
4386 8028
4386 9041
4386 9748
4387 5212
4387 5399
4387 8143
4387 8872
4387 9253
4387 9516
4387 9996
4388 4652
4388 5286
4388 8210
4388 8352
4388 9960
4389 5959
4389 6206
4389 6452
4389 7160
4389 9663
4390 5087
4390 5168
4390 8364
4390 9297
4391 4663
4391 4938
4391 5094
4391 6179
4391 6915
4391 7269
4392 5353
4392 7825
4392 8537
4392 8712
4392 9091
4392 9485
4393 6136
4393 6634
4393 8545
4393 9687
4394 4553
4394 4894
4394 5106
4394 5321
4394 5798
4394 9382
4394 9811
4395 5228
4395 5626
4395 8104
4395 8241
4395 9112
4395 9338
4396 4475
4396 4508
4396 6519
4396 7090
4396 7397
4396 7454
4396 7866
4397 4804
4397 5403
4397 5848
4397 5892
4397 6280
4397 6825
4397 7375
4397 7846
4397 8398
4397 8504
4397 9420
4397 9825
4398 4488
4398 4981
4398 5127
4398 5844
4398 6422
4398 6869
4398 8792
4399 5227
4399 5327
4399 9356
4399 9668
4399 9788
4400 4797
4400 6174
4400 8457
4400 8540
4401 5607
4401 8062
4401 9507
4402 4576
4402 5560
4402 7492
4402 7996
4402 8123
4402 8744
4402 9475
4402 9496
4404 6390
4404 8483
4405 4858
4405 4975
4405 5502
4405 6121
4405 7000
4405 7972
4405 8902
4405 8965
4405 9106
4406 4734
4406 5486
4406 5616
4406 6958
4406 7753
4406 8071
4406 9629
4406 9968
4407 5435
4407 7789
4407 8755
4407 9228
4408 5080
4408 8260
4408 9940
4409 5503
4409 5578
4409 5760
4410 5831
4410 7165
4410 7681
4410 7976
4410 8111
4410 8309
4410 9661
4411 4906
4411 7610
4411 7950
4411 8366
4411 8770
4411 9755
4411 9847
4412 8071
4412 9797
4413 4497
4413 6786
4413 8515
4413 8957
4413 9089
4413 9655
4413 9944
4414 4484
4414 4665
4414 5337
4414 5661
4414 7190
4414 7872
4414 7965
4414 9218
4415 4481
4415 6085
4415 6329
4415 6843
4415 7455
4415 7669
4415 8018
4415 8502
4415 9470
4416 5849
4416 6414
4416 6577
4416 7011
4416 8778
4416 9182
4416 9598
4417 6998
4417 7984
4417 8249
4417 8257
4418 4454
4418 4541
4418 5030
4418 6214
4418 9385
4419 8164
4419 9138
4419 9310
4419 9571
4420 5009
4420 5953
4420 7022
4420 8632
4420 8717
4421 5213
4421 6796
4421 7903
4421 9526
4421 9626
4422 4771
4422 5677
4422 6976
4422 7208
4422 7458
4422 8032
4423 4908
4423 5813
4423 8035
4424 5391
4424 5977
4424 8256
4424 9899
4424 9901
4425 4850
4425 4920
4425 5476
4425 5810
4425 6736
4425 7184
4425 7490
4425 7787
4425 9029
4425 9506
4426 4430
4426 9842
4427 5729
4427 8224
4427 8611
4427 8702
4427 9018
4427 9622
4428 5352
4428 5929
4428 6338
4428 6720
4428 7458
4428 8150
4428 8956
4428 9713
4429 4430
4429 4491
4429 4632
4429 4935
4429 4948
4429 5425
4429 5502
4429 6459
4429 6528
4429 7945
4429 8223
4429 8394
4429 9800
4429 9856
4430 4875
4430 7761
4430 8398
4430 8824
4430 9372
4430 9542
4430 9733
4430 9952
4431 5114
4431 5573
4431 6073
4431 6625
4431 7816
4431 9176
4431 9439
4431 9710
4432 5092
4432 7182
4432 7481
4432 7523
4432 9192
4432 9767
4433 4564
4433 5593
4433 6753
4433 8388
4433 9134
4434 6818
4435 4889
4435 4936
4435 5437
4435 6537
4435 6836
4435 7561
4435 7788
4435 8397
4436 5773
4436 6159
4436 6647
4436 8571
4437 5919
4437 6650
4437 7070
4437 7459
4437 7840
4437 8968
4437 9128
4437 9960
4438 5710
4438 5752
4438 6503
4438 8474
4438 8918
4438 9356
4439 4747
4439 4790
4439 4796
4439 5977
4439 7091
4439 7316
4439 7823
4439 9207
4440 7760
4440 9944
4441 4811
4441 6386
4441 7258
4441 7424
4441 8583
4441 9063
4441 9125
4442 5569
4442 6386
4442 8315
4442 9674
4442 9954
4442 9958
4443 5001
4443 5758
4443 5830
4443 7044
4443 7646
4443 7969
4443 8003
4444 5032
4444 5733
4444 6646
4444 7294
4444 7393
4444 7957
4444 9434
4444 9665
4445 4447
4445 5391
4445 6418
4445 7046
4445 7243
4445 9814
4446 5207
4446 6488
4446 7352
4446 7484
4446 7845
4446 9288
4447 5979
4447 8658
4447 8788
4447 9426
4448 5747
4448 6299
4448 7460
4448 7525
4449 4761
4449 6445
4449 7161
4449 7628
4449 8359
4449 8378
4450 5471
4450 5763
4450 7738
4450 8016
4451 5098
4451 5159
4451 5300
4451 6654
4451 7616
4451 7923
4451 8729
4451 8943
4451 9175
4452 5329
4452 5537
4452 6046
4452 7904
4452 8031
4452 9203
4453 5351
4453 5577
4453 7099
4453 7157
4453 7864
4453 8838
4453 8996
4454 4979
4454 5141
4454 5275
4454 5698
4454 7538
4454 7634
4454 8271
4454 8880
4454 9065
4454 9720
4455 4874
4455 7303
4455 8253
4455 8965
4455 9180
4456 6650
4456 6716
4456 7219
4456 9905
4457 7807
4457 7923
4458 4638
4458 5598
4458 6161
4458 7118
4458 8682
4458 9548
4458 9967
4459 5880
4459 7173
4459 7500
4460 4892
4460 5027
4460 5585
4460 5938
4460 6513
4460 7668
4460 9216
4460 9414
4461 4840
4461 6835
4461 7081
4461 7445
4462 5858
4462 9949
4463 5698
4463 7401
4463 7695
4463 9067
4464 4843
4464 6594
4464 8588
4464 8771
4464 9005
4465 5164
4465 5210
4465 5411
4465 6793
4465 7155
4465 9205
4466 5300
4466 6651
4466 7484
4467 5271
4467 6365
4467 9893
4468 4751
4468 6561
4468 6660
4468 7109
4468 7175
4468 7762
4468 8260
4469 6064
4469 7027
4469 7292
4470 4558
4470 5368
4470 5450
4470 6587
4470 7510
4470 8042
4470 8255
4470 8354
4470 8625
4470 9275
4470 9890
4471 8362
4471 9147
4471 9952
4472 4550
4472 6004
4472 7031
4472 7121
4472 7385
4472 7406
4472 8493
4473 7052
4473 8098
4473 8771
4473 9231
4474 8170
4474 8374
4474 8495
4474 8625
4474 9946
4475 6256
4475 6419
4475 7641
4475 7926
4475 8254
4475 8428
4475 9790
4476 5208
4476 5963
4476 6992
4476 7093
4476 7842
4476 9539
4477 4570
4477 4982
4477 5609
4477 6373
4477 6685
4477 6844
4477 7822
4477 9664
4478 5386
4478 5614
4478 8829
4479 5282
4479 5441
4479 6539
4479 6544
4479 6737
4479 6878
4479 9075
4479 9846
4480 5684
4480 7651
4480 9217
4481 6203
4482 6584
4482 8455
4482 8749
4482 9346
4483 4593
4483 4835
4484 5563
4484 6576
4484 7245
4484 7639
4484 8174
4484 9791
4485 4795
4485 5548
4485 5775
4485 7795
4485 9193
4485 9991
4486 5021
4486 7962
4486 8344
4487 4657
4487 4763
4487 6137
4487 7299
4487 8137
4487 8812
4487 9513
4487 9608
4488 6632
4488 6964
4488 7449
4488 8109
4488 9656
4488 9760
4489 4710
4489 7191
4489 7644
4489 8298
4489 9098
4489 9452
4489 9728
4489 9852
4489 9994
4490 8169
4490 8680
4491 5064
4491 5182
4491 6545
4491 8935
4492 5423
4492 6223
4492 8291
4492 8693
4492 8801
4492 9319
4492 9624
4493 4659
4493 4839
4493 5855
4493 6277
4493 6612
4493 7616
4493 9362
4494 5541
4494 6538
4494 6598
4494 9269
4494 9403
4495 4777
4495 4824
4495 5597
4495 6765
4495 7931
4495 8211
4495 8325
4495 9384
4496 5450
4496 7466
4496 7681
4496 9504
4497 5053
4497 7292
4497 7495
4497 8217
4497 9041
4498 7510
4498 7991
4499 4970
4499 7748
4499 8077
4499 8734
4499 9133
4500 4972
4500 5797
4500 7486
4500 9250
4501 7212
4501 7596
4501 8459
4501 8913
4502 6488
4502 6893
4502 8128
4502 8407
4502 8554
4502 8562
4502 9171
4502 9735
4503 6746
4503 6776
4503 6835
4503 9279
4504 4783
4504 5871
4504 6144
4504 9213
4505 4906
4505 5494
4505 6425
4505 9984
4506 4717
4506 4767
4506 6125
4506 7559
4506 9051
4507 4637
4507 6118
4507 6597
4507 7635
4507 8337
4507 8648
4507 8863
4507 9311
4508 5374
4508 5558
4508 6348
4508 8656
4508 8764
4508 8844
4509 4924
4509 5030
4509 5316
4509 8487
4509 8917
4509 9636
4510 6758
4510 7989
4511 4958
4511 5280
4511 5345
4511 5732
4511 7643
4511 8191
4512 4962
4512 6030
4512 7373
4512 8253
4512 8635
4512 9577
4513 5748
4513 7752
4513 7779
4513 8355
4514 4750
4514 6700
4514 8560
4514 9524
4514 9573
4514 9817
4514 9872
4515 4720
4515 5333
4515 5433
4515 7076
4515 8887
4515 9520
4516 4631
4516 4825
4516 7201
4517 4936
4517 7058
4517 7279
4517 8191
4517 9578
4517 9584
4517 9605
4517 9916
4518 6352
4518 7405
4518 7437
4518 8009
4518 9711
4519 5030
4519 6833
4519 8444
4519 8453
4519 8770
4519 8928
4520 5566
4520 7051
4520 7403
4520 8537
4520 8834
4520 9063
4520 9740
4521 7150
4521 8284
4521 8287
4521 8353
4522 4594
4522 6213
4522 8102
4523 6124
4523 7123
4523 8300
4523 8315
4523 8805
4524 5476
4524 5537
4524 5752
4524 6059
4524 6219
4524 7661
4524 8352
4524 9333
4524 9403
4525 5201
4525 5748
4525 5963
4525 6115
4525 7764
4525 8613
4525 9435
4526 6817
4526 8411
4526 8752
4526 8824
4527 6642
4527 6909
4527 7650
4527 8518
4527 8602
4527 8960
4527 9914
4528 4546
4528 5012
4528 5341
4528 5436
4528 6148
4528 6644
4528 7520
4528 8109
4528 8123
4528 8488
4528 8902
4529 7400
4529 7963
4529 8470
4529 9008
4530 4547
4530 5043
4530 5227
4530 6757
4530 7712
4530 9219
4530 9250
4531 4773
4531 5518
4531 5634
4531 5730
4531 6006
4531 8281
4531 8665
4531 8873
4531 9310
4532 4665
4532 4796
4532 5429
4532 7190
4532 8518
4532 8717
4533 5121
4533 5199
4533 5523
4533 5978
4533 6873
4533 7031
4533 8524
4533 9335
4533 9551
4534 4916
4534 7983
4534 8364
4535 5613
4535 7828
4535 8879
4536 4769
4536 5911
4536 7131
4536 7793
4537 4590
4537 4811
4537 4951
4537 6612
4537 9662
4537 9729
4538 4549
4538 5533
4538 8674
4538 9340
4538 9694
4539 6367
4539 8083
4539 8267
4539 8544
4539 8608
4539 9621
4539 9961
4540 4626
4540 4847
4540 5639
4540 6381
4540 6659
4540 6881
4540 6883
4540 7379
4541 5655
4541 7255
4541 7822
4541 9934
4542 4867
4542 5408
4542 5502
4542 7808
4542 8043
4542 8702
4542 9684
4543 5892
4543 6061
4543 6639
4543 6706
4543 7116
4543 9045
4544 5269
4544 6276
4544 6439
4544 7204
4544 8297
4544 8905
4545 6402
4545 7406
4545 8216
4545 8765
4545 9860
4546 8545
4546 8748
4546 8780
4546 9090
4547 8144
4547 8596
4547 8779
4547 9217
4548 5916
4548 6268
4548 6647
4548 6730
4548 7032
4548 8378
4548 8689
4548 9441
4549 6821
4549 8063
4549 9795
4549 9869
4550 5383
4550 5567
4550 6098
4550 6831
4550 6841
4550 8354
4551 4691
4551 4932
4551 5201
4551 5945
4551 6534
4551 7771
4552 5026
4552 5752
4552 7834
4553 6534
4553 6789
4553 7043
4553 7837
4553 8729
4553 8839
4554 6172
4554 6467
4554 6621
4554 8101
4554 8431
4554 9172
4554 9847
4555 7476
4555 8542
4556 5795
4556 8197
4556 8295
4556 8823
4557 4968
4557 6949
4557 7682
4557 9244
4557 9573
4558 5539
4558 5703
4558 5998
4558 6843
4558 8406
4559 6310
4559 6472
4559 6950
4559 8808
4559 9191
4560 4797
4560 5435
4560 5990
4560 6319
4560 6832
4560 8152
4560 9118
4560 9266
4561 4937
4561 6525
4561 7003
4561 7447
4561 7532
4562 5229
4562 9523
4562 9683
4563 4985
4563 5352
4563 5527
4563 9581
4564 5442
4564 5689
4564 9926
4565 5451
4565 7578
4565 8716
4566 4952
4566 5956
4566 6391
4566 8121
4566 8782
4567 4712
4567 4826
4568 5395
4568 6581
4568 7022
4568 8038
4568 8450
4568 9007
4569 4980
4569 5778
4569 8395
4569 8726
4569 9803
4570 5096
4570 5777
4570 6194
4570 7197
4570 8831
4570 9286
4570 9368
4571 5691
4571 5936
4571 7065
4571 8526
4571 8651
4571 9181
4571 9765
4572 4786
4572 5458
4572 9340
4572 9520
4573 8111
4573 8599
4573 8644
4573 8941
4573 9490
4573 9635
4573 9853
4574 5073
4574 5151
4574 5908
4574 9986
4575 4912
4575 5446
4575 5627
4575 7404
4575 8724
4576 4608
4576 4872
4576 5580
4576 6178
4576 6336
4576 6627
4576 7241
4576 7316
4576 7707
4576 8493
4576 8517
4576 8748
4577 5205
4577 5281
4577 8875
4577 9339
4577 9345
4578 5020
4578 5266
4578 5455
4578 5809
4578 6113
4578 6714
4578 7709
4578 8360
4578 8453
4578 8610
4579 4665
4579 5985
4579 7217
4579 7240
4579 9675
4580 5335
4580 5356
4580 8411
4580 9272
4581 4885
4581 5046
4581 6439
4581 6876
4581 8865
4581 9526
4582 5272
4582 6308
4582 6376
4582 6498
4582 8428
4582 8592
4583 6526
4583 6529
4583 8416
4583 8483
4583 8675
4583 9743
4583 9806
4584 4649
4584 4726
4584 6000
4584 7119
4584 7554
4584 7604
4584 8734
4585 5618
4585 8645
4585 9732
4586 4682
4586 4861
4586 5475
4586 5525
4586 7481
4586 8247
4586 8632
4586 8939
4586 9111
4586 9295
4586 9445
4587 6997
4587 7326
4587 8064
4588 6004
4588 7248
4588 7536
4588 8200
4588 8477
4589 5298
4589 5698
4589 9442
4589 9496
4590 5440
4590 7162
4590 7212
4590 7325
4590 8369
4590 8957
4590 9052
4590 9527
4591 5364
4591 6459
4591 6675
4591 8401
4591 8716
4592 6202
4592 6688
4592 7683
4592 9653
4592 9914
4593 4757
4593 5222
4593 7306
4593 7609
4593 8305
4593 8443
4593 8724
4593 9474
4594 6453
4594 8196
4594 9969
4595 5501
4595 5622
4595 7494
4595 8878
4596 4676
4596 6357
4596 6965
4596 9538
4596 9638
4597 5471
4597 5833
4597 7718
4598 4849
4598 7175
4598 7805
4598 8337
4598 8893
4598 9789
4599 6912
4599 6914
4599 8342
4599 8946
4599 9885
4600 4612
4600 4863
4600 5604
4600 6869
4600 7072
4600 7712
4600 7799
4600 9413
4600 9693
4601 4751
4601 4783
4601 5163
4601 6577
4601 7381
4601 8580
4601 8588
4602 4663
4602 7993
4602 8091
4602 9815
4603 5011
4603 5438
4603 6789
4603 8836
4603 9367
4604 6738
4604 7361
4604 7637
4604 8114
4604 8554
4605 7365
4605 7800
4605 9232
4605 9810
4606 4905
4606 5832
4606 7286
4606 8185
4607 4806
4607 9063
4607 9707
4607 9925
4608 4990
4608 5996
4608 6354
4608 6801
4608 6885
4608 7007
4608 9564
4609 5897
4609 5985
4609 6620
4609 7464
4609 9273
4610 5389
4610 5392
4610 8457
4610 9691
4611 5014
4611 5229
4611 5747
4611 5891
4611 6510
4611 6627
4611 6679
4611 8240
4611 9451
4611 9475
4612 6703
4612 7222
4612 7473
4612 7599
4612 9110
4612 9899
4613 6190
4613 6599
4613 8212
4613 9202
4613 9977
4614 4703
4614 4768
4614 5378
4614 5884
4614 7547
4614 8422
4614 8482
4614 9815
4615 5453
4615 6008
4615 7593
4615 7897
4615 9150
4616 4732
4616 5176
4616 6237
4616 6555
4616 7118
4616 7241
4616 7247
4616 7309
4616 7618
4616 7753
4616 7966
4616 8230
4617 4664
4617 4876
4617 5393
4617 7581
4617 7986
4617 8032
4617 8204
4617 9687
4618 4689
4618 4935
4618 5619
4618 6134
4618 6596
4618 6786
4618 8147
4618 8453
4618 8600
4618 9149
4618 9429
4619 4875
4619 5023
4619 5047
4619 5805
4619 8349
4619 9039
4619 9142
4619 9681
4620 4699
4620 7624
4620 8228
4620 8347
4620 9255
4621 4878
4621 5229
4621 5593
4621 5648
4621 6334
4621 6495
4621 6534
4622 4828
4622 5497
4622 6035
4622 7514
4622 7950
4622 9216
4623 4727
4623 4995
4623 5620
4623 6113
4623 6841
4623 6915
4623 7850
4623 8533
4623 8865
4624 5058
4624 5382
4624 7130
4624 8287
4625 7512
4626 5622
4626 7774
4626 8009
4627 5398
4627 5443
4627 5709
4627 6234
4627 8134
4627 8476
4627 9314
4627 9318
4628 4920
4628 5223
4628 6330
4628 9927
4629 4765
4629 4795
4629 5047
4629 6343
4629 7069
4629 8450
4630 5883
4630 7759
4630 7917
4630 9266
4631 5512
4631 6679
4631 7387
4632 5570
4632 5768
4632 8143
4632 9728
4632 9818
4632 9845
4633 4828
4633 4936
4633 5122
4633 6441
4633 7025
4633 7551
4633 7571
4633 8581
4633 8601
4633 9303
4633 9787
4634 4810
4634 7634
4634 9568
4635 5685
4635 7239
4635 8113
4635 9412
4636 5011
4636 8925
4636 9747
4637 5208
4637 6507
4637 7793
4637 9638
4637 9961
4638 6055
4638 7465
4638 7985
4638 8444
4638 8574
4638 8858
4639 5180
4639 5755
4639 7244
4639 9063
4640 6383
4640 6838
4640 7077
4640 7265
4640 7541
4640 8156
4640 8659
4640 9162
4641 4965
4641 5180
4641 7064
4641 7616
4641 8315
4642 4982
4642 5624
4642 6355
4642 7357
4642 7672
4642 8867
4643 6521
4643 6782
4643 6994
4643 7165
4643 7452
4643 8428
4643 8691
4643 8930
4643 9100
4643 9933
4644 4994
4644 5521
4644 5522
4644 6184
4644 7032
4644 7277
4645 4975
4645 5585
4645 6570
4645 9319
4645 9621
4646 5563
4646 5766
4646 8363
4647 4720
4647 6142
4647 6149
4647 7812
4647 8707
4647 9054
4647 9679
4648 4772
4648 6857
4648 7940
4648 7946
4648 8986
4648 9927
4649 4721
4649 5368
4649 5915
4649 6314
4649 9885
4650 7771
4650 8613
4650 9183
4651 5358
4651 5448
4651 6451
4651 6614
4651 8433
4651 8983
4651 9837
4652 4938
4652 5344
4652 5974
4652 6639
4652 7502
4653 4746
4653 5390
4653 6169
4653 6514
4653 7831
4653 8189
4653 8268
4654 4674
4654 4721
4654 4897
4654 5491
4654 5533
4654 5873
4654 7879
4654 8226
4654 8345
4654 9872
4655 4928
4655 6399
4655 6405
4655 8565
4656 6342
4656 7056
4656 7642
4656 8354
4656 8668
4656 9225
4657 7038
4657 7778
4657 8152
4657 8674
4657 9676
4657 9700
4658 4898
4658 5991
4658 6082
4658 8525
4659 4943
4659 5003
4659 7946
4659 8063
4659 8123
4660 4845
4660 5260
4660 5899
4660 6979
4660 8721
4660 8990
4660 9556
4661 5236
4661 5389
4661 5765
4662 4747
4662 6037
4662 7929
4662 8296
4662 8526
4662 8536
4663 5072
4663 5143
4663 8260
4663 8392
4664 4869
4664 6842
4664 7114
4664 7325
4664 9365
4664 9446
4664 9721
4664 9889
4665 4819
4666 5099
4666 6866
4666 8019
4666 8803
4666 8840
4666 9051
4667 5737
4667 5784
4667 6141
4667 8209
4667 8356
4667 8669
4667 8686
4667 8806
4668 5781
4668 6211
4668 7952
4668 9439
4669 5137
4669 5191
4669 8691
4670 6235
4670 7677
4670 8031
4670 9420
4670 9894
4671 4707
4671 7818
4671 8581
4671 8685
4671 9218
4672 7096
4672 7482
4672 8073
4673 4772
4673 5838
4673 6296
4673 6442
4673 8234
4674 4800
4675 6245
4675 9139
4676 5082
4676 6387
4676 6574
4676 6696
4676 8339
4676 8506
4676 8567
4676 8750
4676 8852
4676 8863
4676 9165
4676 9647
4676 9714
4677 5214
4677 6318
4677 6329
4677 6605
4677 7897
4678 5407
4678 5570
4678 6913
4678 7218
4678 9609
4679 5000
4679 6043
4679 6111
4679 6381
4679 6909
4679 7382
4679 8211
4679 9357
4680 6089
4680 7072
4681 5807
4681 6737
4681 8647
4681 9003
4681 9227
4682 4796
4682 6099
4682 6811
4682 9355
4682 9466
4683 5036
4683 5312
4683 9069
4683 9175
4683 9204
4683 9712
4684 4687
4684 7032
4684 7156
4684 7292
4684 7582
4684 7761
4684 7998
4684 8635
4684 8873
4684 9526
4685 8830
4686 5130
4686 5271
4686 5703
4686 5919
4686 7763
4686 8938
4686 9029
4687 8506
4688 6238
4688 6619
4688 6905
4688 7676
4688 7738
4688 8951
4689 6436
4689 7222
4689 7427
4689 7914
4689 8154
4689 8189
4690 5100
4690 6895
4690 6962
4690 8531
4690 8881
4690 9065
4690 9803
4690 9851
4690 9976
4691 4710
4691 4921
4691 8224
4691 9609
4691 9979
4692 6967
4692 7019
4692 7260
4692 7893
4692 9733
4693 4736
4693 5361
4693 5494
4693 5619
4693 5708
4693 5986
4693 6277
4693 7179
4693 7410
4693 7563
4693 8156
4693 9026
4694 5092
4694 5218
4694 7503
4694 7527
4694 7808
4694 7948
4694 9126
4694 9285
4695 6150
4695 6216
4695 6905
4695 7676
4695 8813
4695 9417
4696 5310
4696 5762
4696 5881
4696 5987
4696 8015
4696 8414
4697 4823
4697 5283
4697 5823
4697 9251
4697 9829
4697 9958
4698 5905
4698 7823
4699 4815
4699 5665
4699 6056
4699 6532
4699 6672
4699 6895
4699 7321
4699 8816
4700 6038
4700 8196
4700 8607
4700 9769
4701 8220
4701 8900
4701 8954
4701 9572
4701 9710
4702 5369
4702 6436
4702 7640
4702 8262
4702 8970
4703 6094
4703 6830
4703 7806
4704 4857
4704 6490
4704 8113
4704 8872
4705 5849
4705 6780
4705 6846
4705 6883
4705 6956
4705 8233
4705 8847
4706 5039
4706 5067
4706 5520
4706 5824
4706 6254
4706 6569
4706 8353
4706 9844
4707 4968
4707 5793
4707 6111
4707 6915
4707 7092
4707 7562
4707 7860
4707 8267
4708 4783
4708 6428
4708 6858
4708 6958
4708 7846
4708 8172
4708 9832
4709 5681
4709 6501
4709 7471
4709 9724
4709 9909
4709 9926
4710 6389
4710 7111
4710 7526
4710 9029
4710 9045
4710 9744
4711 4808
4711 4844
4711 5670
4711 6393
4711 7527
4711 7542
4711 7690
4712 5001
4712 5041
4712 5990
4712 6417
4712 6486
4712 7378
4712 8124
4713 6286
4713 6937
4713 7386
4713 7810
4713 7887
4713 8325
4714 5568
4714 6107
4714 6500
4714 7324
4714 7375
4714 8526
4715 4800
4715 5021
4715 5395
4715 7276
4715 9544
4716 4889
4716 9465
4717 6439
4717 6620
4717 7375
4717 7900
4717 8055
4717 9356
4717 9482
4718 7199
4718 8512
4718 9138
4719 4814
4719 5060
4719 5199
4719 5767
4719 6362
4719 6375
4719 6587
4719 7129
4719 8188
4719 8933
4719 9109
4720 4743
4720 5524
4720 6450
4720 7537
4720 8198
4720 8268
4720 8510
4720 8818
4720 9477
4721 5088
4721 5240
4721 7066
4721 7624
4721 8973
4721 9578
4721 9764
4722 5957
4722 9129
4722 9756
4723 5340
4723 5348
4723 5784
4723 6388
4723 7421
4723 7968
4723 8254
4723 8286
4723 8360
4723 8488
4723 8762
4723 9072
4723 9487
4723 9589
4724 4754
4724 6022
4724 6785
4724 7904
4724 8256
4725 7450
4725 8288
4725 8700
4726 5196
4726 5223
4726 5513
4726 6027
4726 6392
4726 6714
4726 6803
4726 7415
4726 8671
4726 8676
4727 6038
4727 6170
4727 7643
4727 9700
4728 5306
4728 5953
4729 4736
4729 4866
4729 6145
4729 6838
4729 7624
4729 8235
4729 8415
4729 8447
4730 6537
4730 8540
4730 8835
4730 9595
4731 5231
4731 5271
4731 7391
4731 8313
4731 9028
4731 9801
4732 5357
4732 5776
4732 5889
4732 6873
4732 7599
4732 8704
4733 4985
4733 5334
4733 6226
4733 6262
4733 7785
4733 8917
4733 9095
4734 5109
4734 5807
4734 6793
4734 7031
4734 7525
4734 7844
4734 9600
4735 5048
4735 5632
4735 6101
4735 6638
4735 6676
4735 8020
4735 8880
4735 9605
4736 4756
4736 5528
4736 5542
4736 8247
4736 8423
4736 8769
4736 9220
4737 4951
4737 5044
4737 6039
4737 8024
4737 9786
4738 5593
4738 5742
4738 6352
4738 6402
4738 6625
4739 5402
4739 6090
4739 6453
4739 8219
4739 8221
4739 8567
4740 7150
4740 7745
4740 7821
4740 8829
4740 9136
4740 9880
4740 9912
4741 5157
4741 5516
4741 5861
4741 7168
4741 7638
4741 8761
4741 9077
4741 9997
4742 4854
4742 5923
4742 6074
4742 8089
4742 8738
4742 9278
4742 9938
4743 5539
4743 6070
4743 6176
4743 6570
4743 7125
4743 8394
4743 8918
4743 8927
4744 5106
4744 6085
4744 7344
4744 7811
4744 9412
4745 6599
4745 8210
4745 9988
4746 6976
4746 8036
4746 9219
4746 9374
4746 9987
4747 5853
4747 5929
4747 6661
4747 7189
4747 9337
4748 4913
4748 7280
4748 9245
4749 5103
4749 5538
4749 6827
4749 6992
4749 7019
4750 5259
4750 6183
4750 6199
4750 6357
4750 6461
4750 6556
4750 7059
4750 7243
4750 8186
4750 8484
4751 7171
4751 7626
4751 7834
4751 9298
4752 5415
4752 5997
4752 7376
4752 7679
4752 9063
4753 5274
4753 6882
4753 8266
4753 8297
4753 8722
4753 8815
4754 5805
4754 8395
4754 9009
4754 9144
4754 9581
4754 9678
4755 5476
4755 6847
4755 7884
4755 8355
4756 5123
4756 6256
4756 7798
4756 8030
4756 8621
4756 8957
4757 7027
4757 8374
4757 8614
4757 9509
4757 9925
4758 8204
4758 8270
4759 5207
4759 6194
4759 7074
4759 7153
4759 7896
4760 5743
4760 6213
4760 6284
4760 7558
4760 8933
4761 4819
4761 5272
4761 5457
4761 6676
4761 7069
4761 7258
4761 7593
4761 8194
4761 9397
4761 9514
4761 9829
4762 5075
4762 6228
4762 6444
4762 7228
4762 7313
4762 7811
4762 8481
4763 5026
4763 6158
4763 6911
4763 7524
4763 8445
4763 9196
4763 9321
4763 9456
4763 9877
4764 6051
4764 8205
4765 4844
4765 6177
4765 7824
4765 8875
4765 9199
4766 5289
4766 7113
4766 8265
4766 8929
4766 9694
4767 5046
4767 7114
4767 7230
4767 7246
4767 8281
4767 8891
4767 8966
4768 5436
4768 5782
4768 9301
4769 5172
4769 8088
4769 9764
4770 9026
4770 9109
4770 9173
4770 9432
4771 5745
4771 5908
4771 6356
4771 6939
4771 9049
4771 9811
4771 9999
4772 6180
4772 6229
4772 7317
4772 9428
4772 9576
4773 6712
4773 6823
4773 8001
4773 8131
4773 8635
4773 9906
4774 5258
4774 5323
4774 6219
4774 7504
4774 9761
4775 5490
4775 7155
4775 8587
4775 9200
4775 9220
4776 6537
4776 6921
4776 7362
4776 8151
4776 8248
4776 9909
4777 5879
4777 5967
4777 6165
4777 6725
4777 7871
4777 8557
4777 8870
4777 9504
4777 9894
4777 9951
4778 4825
4778 7064
4778 8516
4778 8839
4778 9604
4779 4841
4779 6515
4779 7984
4779 8193
4780 5596
4780 6985
4780 7756
4780 8538
4780 9833
4781 5832
4781 8005
4781 8155
4781 9223
4782 4925
4783 5323
4783 7980
4783 9464
4784 5594
4784 7838
4784 8361
4784 9826
4784 9874
4785 6415
4785 7049
4785 7057
4785 7749
4785 9068
4785 9301
4785 9553
4786 7704
4786 8328
4786 8906
4786 9929
4787 6401
4787 6896
4787 9006
4787 9958
4788 5063
4788 9003
4788 9266
4789 5115
4789 5277
4789 7730
4789 7875
4789 8273
4789 8394
4789 8990
4790 4923
4790 5072
4790 5925
4790 6743
4790 9814
4791 7339
4791 8613
4791 9354
4792 4998
4792 5227
4792 5721
4792 5932
4792 6570
4792 7220
4792 8103
4792 8671
4792 9228
4792 9654
4793 5193
4793 5853
4793 7083
4793 8871
4793 8976
4794 5064
4794 5617
4794 6062
4794 6967
4794 7490
4794 7591
4794 8168
4794 9330
4795 4815
4795 5620
4795 7800
4795 7922
4795 8113
4795 8823
4796 6586
4796 9728
4796 9789
4797 5050
4797 5369
4797 5866
4797 7260
4797 7271
4797 8273
4797 8334
4797 8434
4798 5296
4798 5636
4798 6595
4798 7532
4798 8387
4798 8669
4798 9065
4799 5449
4799 7007
4799 7971
4799 8960
4799 9414
4800 5527
4800 9196
4801 5269
4801 5354
4801 7176
4801 7631
4801 7707
4801 8426
4802 5351
4802 6664
4802 7519
4802 7754
4802 8016
4802 8569
4802 9394
4803 4834
4803 6602
4803 6992
4803 7001
4803 7566
4803 7667
4803 7895
4803 8190
4803 8804
4803 9489
4804 6196
4804 6812
4804 8000
4805 5035
4805 6014
4805 6456
4805 7001
4805 8611
4805 9100
4806 5061
4806 5983
4806 6244
4806 7736
4807 4928
4807 5289
4807 6756
4807 6885
4807 8423
4807 8791
4807 9478
4807 9551
4808 5120
4808 5292
4808 5459
4808 7356
4808 9476
4808 9682
4808 9712
4809 5156
4809 6611
4809 6925
4809 7862
4809 8664
4809 8731
4809 9736
4810 5942
4810 6645
4810 6985
4810 7319
4810 8679
4810 8832
4810 8982
4810 9687
4811 5551
4811 5954
4811 9009
4811 9222
4811 9391
4811 9937
4812 6028
4812 6559
4812 6681
4812 7270
4812 9096
4812 9254
4813 5172
4813 6494
4813 6498
4813 6708
4813 7701
4813 9197
4814 6691
4814 7615
4814 8480
4815 5357
4815 6412
4815 6501
4815 7077
4815 7104
4815 7205
4815 9193
4816 5054
4816 5822
4816 6766
4816 7628
4816 9039
4817 9890
4818 6545
4818 7417
4818 9382
4819 4882
4819 5514
4820 5767
4820 6729
4821 5376
4821 6228
4821 7446
4821 8759
4821 9650
4822 5314
4822 6247
4822 6334
4822 7357
4822 8220
4822 8824
4823 4995
4823 6111
4823 7198
4823 7426
4823 7630
4823 7988
4824 6637
4824 7043
4824 7649
4824 8871
4824 9421
4825 6637
4825 7330
4825 7553
4825 9093
4826 6046
4826 7828
4826 8300
4827 6677
4827 8255
4827 8586
4827 9223
4827 9416
4828 9300
4828 9850
4828 9897
4829 7762
4829 7775
4830 6147
4830 6323
4830 8350
4830 9431
4830 9834
4831 5113
4831 6415
4831 7050
4831 7136
4831 7196
4831 7398
4831 8266
4831 9053
4832 4924
4832 5382
4832 5865
4832 8244
4832 9197
4833 5352
4833 7379
4833 7498
4833 9514
4833 9711
4834 5959
4834 6682
4834 8247
4834 8407
4834 8883
4834 9175
4835 7247
4835 7511
4835 7942
4835 9483
4835 9862
4836 4925
4836 5698
4836 7092
4836 7464
4836 8662
4836 9044
4836 9255
4836 9730
4837 4925
4837 5922
4837 7167
4837 8718
4837 8788
4838 6728
4838 8511
4838 9924
4839 5840
4839 7833
4839 7973
4839 9356
4839 9554
4840 4848
4840 5636
4840 8015
4840 9798
4841 5169
4841 5220
4841 5479
4841 5522
4841 5545
4841 7291
4842 5703
4842 5994
4842 6238
4842 6951
4842 8238
4842 8787
4843 5101
4843 6937
4843 7700
4843 7824
4843 8608
4843 9749
4844 5524
4844 6814
4844 7039
4844 7506
4844 8447
4844 9030
4844 9390
4845 5156
4845 5623
4845 8695
4845 9791
4846 6165
4846 7077
4846 7104
4846 7117
4847 5272
4847 7272
4847 7799
4847 7819
4847 7905
4847 8439
4847 8844
4847 9165
4847 9506
4849 4860
4849 5248
4849 8060
4849 8345
4849 9515
4850 5215
4850 6761
4850 9076
4851 5305
4851 6379
4852 4928
4852 6281
4852 6296
4852 7600
4852 8695
4852 9902
4853 6130
4853 7002
4853 9425
4854 4996
4854 7129
4854 7286
4854 8006
4854 8658
4854 8803
4854 8902
4855 5577
4855 6081
4855 6421
4855 6849
4855 7270
4855 8429
4855 9360
4855 9727
4855 9913
4856 5644
4856 6028
4856 6598
4856 9725
4857 5067
4857 5530
4857 5641
4857 7831
4857 8184
4857 8516
4857 9038
4857 9222
4857 9381
4858 5104
4858 5229
4858 5358
4858 6730
4858 6998
4858 8626
4858 8835
4859 5728
4859 6475
4859 6567
4859 7547
4859 8635
4859 9039
4859 9828
4860 7422
4860 8146
4860 8976
4860 9730
4860 9830
4861 6406
4861 6772
4861 9004
4861 9509
4862 4916
4862 5172
4862 5666
4862 5701
4862 5958
4862 7798
4862 8710
4863 8960
4863 9190
4864 5117
4864 5377
4864 7502
4864 8882
4864 9137
4864 9210
4864 9894
4865 5987
4865 6110
4865 6932
4865 9455
4866 6056
4866 6466
4866 7164
4866 7468
4866 7556
4866 7695
4866 8248
4867 6645
4867 6987
4867 8371
4868 4869
4868 6131
4868 6245
4868 6917
4868 7056
4868 7400
4868 8212
4868 9433
4869 5175
4869 5501
4869 6236
4869 6252
4869 9266
4869 9324
4869 9617
4870 5082
4870 5163
4870 6114
4870 7487
4870 9026
4871 5768
4871 6369
4871 7573
4871 8357
4871 9059
4872 7404
4872 7947
4872 8747
4873 5611
4873 6759
4873 8211
4874 6047
4874 6372
4874 6574
4874 6977
4874 8086
4874 9495
4874 9652
4875 5092
4875 6111
4875 9108
4876 5133
4876 5778
4876 6881
4876 9765
4876 9776
4877 6718
4877 7446
4877 7700
4877 8235
4877 9552
4877 9939
4878 4976
4878 6037
4878 6682
4878 6923
4878 7478
4879 5063
4879 5420
4879 7455
4879 7470
4879 8301
4879 9184
4879 9964
4880 7170
4880 7794
4880 8693
4881 5537
4881 9321
4882 5940
4882 7905
4882 7949
4882 8348
4882 9715
4883 5336
4883 7905
4884 6281
4884 6948
4884 6967
4884 8543
4884 9041
4884 9413
4885 7631
4885 7917
4885 8171
4885 8305
4885 9154
4886 6497
4886 7432
4886 7637
4886 7736
4887 5068
4887 5258
4887 5513
4887 5864
4887 6286
4887 6713
4887 8953
4888 6337
4889 5323
4889 5825
4889 5843
4889 6422
4890 4934
4890 5294
4890 5547
4890 6233
4890 7394
4890 8234
4890 8437
4891 5315
4891 6285
4891 7086
4891 7306
4891 8030
4892 9510
4893 5041
4893 5188
4893 5379
4893 5729
4893 7398
4893 8966
4893 9229
4893 9845
4894 7868
4895 4993
4895 5497
4895 6141
4895 8012
4895 8507
4895 9616
4896 5759
4896 8214
4897 4955
4897 5499
4897 5969
4897 8077
4897 8264
4897 8675
4897 9015
4898 7773
4898 8240
4898 8552
4898 9493
4898 9736
4899 7124
4899 7570
4899 8288
4899 9865
4900 4918
4900 7881
4900 8018
4900 8156
4901 5622
4901 6142
4901 6426
4901 6731
4901 6794
4901 9359
4902 5846
4902 5930
4902 7189
4902 8597
4902 8953
4902 9560
4903 7155
4903 8096
4903 9904
4904 5845
4904 6972
4904 7626
4904 8915
4905 5255
4905 5615
4905 5746
4905 7634
4905 7768
4906 6807
4906 6886
4906 7678
4906 8000
4906 8093
4906 9700
4907 5730
4907 6263
4907 7078
4907 7239
4907 8407
4907 8804
4907 8975
4908 5963
4908 6695
4908 6939
4908 7143
4908 7830
4909 5081
4909 7066
4909 8890
4909 8907
4910 5559
4910 5603
4910 6152
4910 7031
4910 7703
4910 8006
4910 8918
4910 8995
4911 5329
4911 6482
4911 7532
4911 8408
4912 5491
4912 8972
4912 9074
4912 9752
4912 9917
4913 5392
4913 6465
4913 7478
4913 7714
4913 9330
4913 9516
4914 5011
4914 5505
4914 5595
4914 7882
4914 9828
4915 5086
4915 5492
4915 8871
4915 9882
4916 5203
4916 5388
4916 5728
4916 8508
4916 8523
4916 9874
4917 5854
4917 6741
4918 4972
4918 6978
4918 9601
4919 4969
4919 9216
4919 9276
4919 9482
4919 9905
4920 5333
4920 6149
4920 6993
4921 5267
4921 6289
4921 6315
4921 7116
4921 8008
4921 8076
4921 8189
4921 8776
4921 8785
4922 6201
4922 8986
4922 9783
4923 4973
4923 5090
4923 7024
4923 9550
4924 5356
4924 6494
4924 7554
4924 9402
4924 9552
4925 5579
4925 6326
4925 6439
4925 7982
4925 8439
4925 9385
4925 9603
4925 9625
4925 9664
4926 5028
4926 5095
4926 6093
4926 6427
4926 7939
4926 9605
4927 6179
4927 7545
4927 9299
4928 5662
4928 6247
4928 6738
4928 8556
4928 8597
4929 6000
4929 6219
4929 6395
4929 7793
4929 9178
4929 9870
4930 5214
4930 5891
4930 6129
4930 6247
4930 6637
4930 7016
4930 7551
4930 7818
4931 4990
4931 5115
4931 5123
4931 5832
4931 6323
4931 6355
4931 9638
4932 5512
4932 7683
4932 7886
4932 9260
4933 6678
4933 7295
4933 8816
4933 9987
4934 6269
4934 7315
4934 9749
4935 5311
4935 6255
4935 6462
4935 6557
4935 7572
4935 9037
4935 9044
4935 9883
4936 5187
4937 8341
4937 9319
4937 9492
4938 6005
4938 6136
4938 6459
4938 7320
4938 7409
4938 7800
4938 8029
4938 9515
4939 5476
4939 5970
4939 9423
4940 4950
4940 6287
4940 8438
4940 9377
4941 6804
4941 8145
4941 9219
4941 9340
4941 9835
4942 5529
4942 6271
4942 6887
4942 8138
4942 9651
4942 9680
4942 9832
4943 5236
4943 6516
4943 6620
4943 7486
4943 9089
4944 5662
4944 7142
4944 7633
4944 9977
4945 6063
4945 7522
4945 8569
4945 9945
4946 4958
4946 5121
4946 6466
4946 7929
4946 8221
4946 8580
4946 8638
4946 8782
4946 9905
4947 6179
4947 6930
4947 7593
4947 9764
4948 5000
4948 6437
4948 6558
4948 7410
4948 8021
4948 8138
4948 9750
4948 9771
4949 6198
4949 6504
4950 5350
4950 5627
4950 7332
4950 8731
4950 8978
4950 9440
4950 9889
4951 6251
4951 6681
4951 7121
4951 7201
4951 8622
4951 9134
4952 5524
4952 5843
4952 8642
4952 8803
4952 9190
4952 9410
4952 9941
4953 5074
4953 6590
4953 7314
4954 6340
4954 7400
4954 7767
4954 7964
4954 8527
4954 8582
4954 9365
4954 9617
4955 5622
4955 5808
4955 6065
4955 7035
4955 7264
4955 9358
4955 9566
4956 6083
4956 7442
4956 7826
4956 8240
4956 8422
4956 8435
4957 5004
4957 8535
4957 9179
4958 5020
4958 6492
4958 7812
4958 8060
4958 8888
4958 9480
4959 5279
4959 6946
4959 6999
4959 7146
4959 9619
4960 5235
4960 5244
4960 6199
4960 6285
4960 7103
4960 7124
4960 7966
4960 8544
4960 8599
4960 8914
4960 8985
4960 9745
4961 5022
4961 5379
4961 7434
4961 8703
4961 8783
4961 9247
4962 5636
4962 6201
4962 6930
4962 6941
4962 7880
4962 7903
4962 9375
4963 5634
4963 5955
4963 6818
4963 7568
4963 8918
4963 9237
4963 9250
4963 9752
4964 5680
4964 6424
4964 9415
4965 5536
4965 6106
4965 7232
4965 7398
4965 8740
4965 9526
4966 5814
4966 6263
4966 7202
4966 8521
4966 8597
4966 9423
4966 9526
4967 6403
4967 8663
4967 9195
4967 9231
4968 6354
4968 6970
4968 7539
4968 8453
4968 9478
4968 9839
4969 5313
4969 6038
4969 8069
4969 8866
4969 9485
4970 5910
4970 6081
4970 6389
4970 7291
4970 9911
4971 5358
4971 5437
4971 9526
4972 6516
4972 6755
4972 8683
4972 9291
4972 9395
4972 9714
4973 7040
4973 8158
4973 8534
4973 8872
4974 5296
4974 5939
4974 7126
4974 8510
4975 5133
4975 5257
4975 6142
4975 7588
4975 7676
4975 8408
4975 9026
4976 5496
4976 5718
4976 8200
4976 8888
4976 9329
4976 9590
4977 5179
4977 7375
4977 8354
4977 9484
4978 5497
4978 5639
4978 6550
4978 7402
4979 6562
4979 9353
4980 5375
4980 5585
4980 6330
4980 8798
4981 6871
4981 6953
4982 5859
4982 5960
4982 6401
4982 9013
4982 9299
4982 9450
4983 6169
4983 8031
4983 9126
4984 6147
4984 6967
4984 7898
4984 8107
4984 8968
4985 6775
4985 8093
4986 5093
4986 6002
4986 7438
4986 7516
4986 7581
4986 9060
4986 9544
4987 5264
4987 5852
4987 6765
4987 7398
4987 9579
4988 6771
4988 7467
4988 8257
4988 8394
4988 9623
4989 5967
4989 8693
4989 9642
4990 5058
4990 5614
4990 6659
4990 7945
4990 8501
4990 9208
4991 8708
4992 5657
4992 8910
4993 5712
4993 7735
4994 6201
4995 5152
4995 5328
4995 6382
4996 8149
4996 9666
4997 5041
4997 5652
4997 6432
4997 9369
4997 9692
4998 6912
4999 5209
4999 6337
4999 7232
4999 8713
4999 9725
4999 9903
5000 5620
5000 5999
5000 7170
5000 9210
5000 9488
5001 5655
5001 6701
5001 9174
5001 9585
5002 5422
5002 6202
5002 9079
5003 6488
5003 6522
5003 9858
5004 6590
5004 6624
5004 7893
5004 8724
5004 8799
5004 9028
5004 9645
5005 8563
5005 9500
5005 9617
5005 9680
5006 5454
5006 8036
5007 8023
5007 8398
5007 8698
5007 9054
5008 5169
5008 5703
5008 6173
5008 6207
5008 7211
5008 7349
5008 8456
5008 9234
5009 5593
5009 5640
5009 6184
5009 6448
5009 6993
5009 7423
5010 6316
5010 8692
5010 9028
5011 5733
5011 6114
5011 8985
5011 9916
5012 5394
5012 5757
5012 6464
5012 7079
5012 8654
5012 9638
5012 9766
5012 9860
5013 5824
5013 6188
5013 6379
5013 7150
5013 7635
5013 7815
5013 7875
5013 9194
5014 6072
5014 9856
5015 8744
5016 5583
5016 6268
5016 6583
5016 6694
5016 7978
5017 5695
5017 7302
5017 8103
5017 8640
5017 9008
5017 9423
5018 6032
5018 7268
5018 8168
5018 8451
5018 8573
5018 9382
5019 5344
5020 5621
5020 8075
5020 9396
5020 9474
5021 8137
5021 9017
5021 9563
5021 9578
5021 9645
5022 5495
5022 5652
5022 6906
5022 7239
5022 7426
5022 7823
5022 7844
5022 8718
5023 6459
5023 6501
5023 6774
5023 7099
5023 7323
5023 8549
5023 9740
5024 5200
5024 6344
5024 6686
5024 6715
5025 5444
5025 6275
5025 6757
5025 6885
5025 6980
5025 6991
5025 8238
5025 9425
5025 9930
5026 5290
5026 7873
5026 8260
5026 8483
5027 6142
5027 7279
5027 7338
5027 8985
5027 9018
5028 5943
5028 9222
5029 5058
5029 5621
5029 6343
5029 7015
5029 7536
5029 8985
5029 9003
5029 9184
5029 9379
5029 9819
5030 5116
5030 6101
5030 7416
5030 8441
5030 8550
5030 9771
5031 7009
5032 6032
5032 7719
5032 7987
5033 5111
5033 6012
5033 6219
5033 6229
5033 6530
5033 6861
5033 7800
5033 8865
5034 5112
5034 5488
5034 5610
5034 5636
5034 7585
5034 7629
5034 7883
5034 9244
5035 5244
5035 7155
5035 7659
5035 8533
5035 8815
5035 9520
5035 9659
5035 9850
5036 7256
5036 7698
5036 8738
5036 8861
5036 9466
5037 5401
5037 7427
5037 8533
5037 9293
5037 9946
5038 5317
5038 5758
5038 8262
5038 8626
5038 8760
5038 9354
5038 9399
5039 6680
5039 6993
5039 8957
5039 9260
5039 9528
5039 9749
5040 5702
5040 6801
5040 7391
5041 5256
5041 5424
5041 7490
5041 7923
5042 5081
5042 5470
5042 6759
5042 7606
5043 5051
5043 8386
5043 8455
5044 6596
5044 6882
5044 9760
5045 8821
5045 9597
5045 9647
5046 5080
5046 8083
5046 8990
5046 9825
5046 9842
5047 6256
5047 6527
5047 8918
5047 9301
5047 9580
5047 9894
5048 5537
5048 6716
5048 7792
5048 8069
5048 8376
5048 8828
5048 9936
5049 5476
5049 7616
5049 9383
5050 5189
5050 6256
5050 6964
5050 7318
5051 5209
5051 5635
5051 5721
5051 6566
5051 7724
5051 8970
5052 8008
5052 8544
5052 8649
5052 8822
5053 5289
5053 5777
5053 6144
5053 7041
5053 9353
5054 5286
5054 5769
5054 9869
5055 5782
5055 8493
5055 9487
5055 9835
5056 5106
5056 6099
5056 6102
5056 8459
5056 9728
5057 7004
5057 7330
5057 7373
5057 7569
5057 7972
5057 8984
5057 9501
5058 5945
5058 7430
5058 7970
5058 8614
5058 8995
5059 5347
5059 6347
5059 7952
5059 7953
5059 8123
5059 9549
5060 5875
5060 6775
5061 6596
5061 9161
5061 9389
5061 9945
5062 5188
5062 5251
5062 6663
5062 7518
5062 7855
5062 8039
5062 8407
5062 9128
5062 9920
5063 9949
5064 5424
5064 6995
5065 7012
5066 5197
5066 7214
5066 7448
5066 7459
5066 8401
5066 8533
5066 8765
5066 8795
5066 9081
5066 9459
5066 9780
5067 5094
5067 5618
5067 6524
5067 7069
5067 7657
5067 8205
5067 9380
5068 5516
5068 6422
5068 7948
5068 8952
5068 9388
5069 6080
5069 8236
5070 5577
5070 6199
5070 9831
5071 5820
5071 9090
5072 7295
5072 7810
5072 8233
5072 8331
5072 8680
5072 9453
5073 8446
5073 9077
5073 9273
5074 5668
5074 6778
5074 6850
5074 6972
5074 8005
5074 9453
5075 5118
5075 5236
5075 5792
5075 8802
5075 9623
5075 9914
5076 6545
5076 9597
5077 5257
5077 5757
5077 9186
5077 9379
5078 5598
5078 5995
5078 7022
5078 7452
5078 8937
5079 5275
5079 5845
5079 6017
5079 7245
5079 7278
5079 8333
5079 8431
5079 8847
5079 9532
5080 6011
5080 6308
5080 6463
5080 6589
5080 7245
5080 7417
5080 9450
5080 9469
5081 6756
5081 7451
5081 7869
5081 9726
5082 6347
5082 9212
5082 9757
5083 6041
5083 6863
5083 7049
5083 8004
5083 8456
5083 8854
5083 9009
5083 9298
5083 9878
5084 5232
5084 6186
5084 6421
5084 8334
5084 8660
5085 7249
5085 7810
5085 8288
5085 9382
5086 5223
5086 5474
5086 5861
5086 6246
5086 8545
5086 8730
5087 5295
5087 6856
5087 7695
5087 7723
5087 8172
5087 8621
5088 5799
5088 6779
5088 6946
5088 7422
5088 8384
5089 7945
5089 8268
5089 9440
5090 8389
5090 8842
5090 9313
5091 5209
5091 5601
5091 8913
5091 9762
5092 5546
5092 7302
5092 7385
5092 9701
5093 5887
5093 6715
5093 8916
5093 9781
5094 5484
5094 5539
5094 5684
5094 6067
5094 6088
5094 8057
5094 8349
5094 8550
5094 8932
5095 5618
5095 5647
5095 6762
5095 7554
5096 6203
5096 6678
5096 7261
5096 7632
5096 7847
5097 5410
5097 6920
5097 7252
5097 8776
5098 5156
5098 5288
5098 7422
5098 8087
5098 9987
5099 5793
5099 5830
5099 7279
5099 9885
5100 6184
5100 6958
5100 7675
5100 8154
5100 9454
5101 9300
5102 7824
5102 9655
5104 5972
5104 6460
5105 5285
5105 6612
5105 6705
5105 8538
5105 9541
5105 9589
5105 9696
5106 5257
5106 5813
5106 7154
5106 8345
5107 7010
5107 9023
5108 5532
5108 6705
5108 7642
5109 5143
5109 8186
5109 9018
5110 5592
5110 9226
5110 9510
5110 9809
5111 7803
5111 8916
5111 9969
5112 6539
5112 7142
5112 7195
5112 7432
5112 7658
5112 7839
5112 8152
5112 9331
5112 9384
5113 6195
5113 7192
5113 8939
5113 9639
5114 6057
5114 7119
5115 5804
5115 7938
5115 8438
5115 9439
5116 5314
5116 5506
5116 5607
5116 5677
5116 5810
5116 7109
5116 7151
5116 8031
5116 9593
5117 5262
5117 7829
5117 8097
5117 9407
5118 5932
5118 6167
5118 6368
5118 7129
5118 7133
5119 5151
5119 5501
5119 6146
5119 7352
5119 9870
5119 9921
5120 6188
5120 6285
5120 6632
5120 6741
5120 7338
5120 7429
5120 8222
5121 5652
5121 6423
5121 6493
5121 6736
5121 7242
5121 7983
5121 8606
5122 5996
5122 6754
5122 7047
5122 7159
5122 7533
5122 7700
5122 8038
5123 5326
5123 5520
5123 6173
5123 7273
5123 7376
5123 8816
5123 9069
5123 9819
5124 5972
5124 9084
5125 5827
5125 7461
5125 7490
5125 9003
5126 5237
5126 7377
5126 8052
5126 8251
5126 8501
5126 8509
5126 8855
5126 9143
5127 7540
5127 9064
5127 9696
5128 5170
5128 5267
5128 5399
5128 5438
5128 7414
5128 7533
5128 8067
5128 8306
5128 9051
5128 9224
5129 5199
5129 6006
5129 6930
5129 7810
5130 6155
5130 7325
5130 8300
5131 6015
5131 6029
5131 8095
5131 8526
5131 8666
5132 5980
5132 8539
5132 8973
5133 5442
5133 5752
5133 9410
5134 5261
5134 6604
5134 6755
5134 7235
5134 8777
5134 9079
5135 5558
5135 5582
5135 6117
5135 6527
5135 6619
5135 6944
5135 7024
5135 8036
5135 9201
5136 5452
5136 5479
5136 8983
5136 9492
5137 6344
5137 8557
5137 9942
5138 8203
5139 7835
5139 7912
5139 8560
5139 8663
5139 9355
5140 8691
5141 5783
5141 5955
5141 6181
5141 6769
5141 6934
5141 8213
5141 8543
5142 5526
5142 5946
5142 6701
5142 6873
5142 6932
5142 7207
5142 8239
5142 8987
5143 5507
5143 9381
5144 5173
5144 5719
5144 6636
5144 7529
5144 9219
5145 5776
5145 7529
5145 7985
5145 8016
5145 8553
5146 5507
5146 6535
5146 8956
5147 7519
5147 8146
5147 8621
5147 9024
5147 9377
5148 5529
5148 7539
5148 8001
5148 9133
5148 9623
5149 6134
5149 6316
5149 6466
5149 7698
5149 8703
5149 8714
5150 6632
5150 6814
5150 7739
5151 6324
5151 7110
5151 8923
5151 9138
5152 5799
5152 9932
5153 7031
5153 7303
5153 7321
5153 8027
5153 8349
5154 7644
5154 8035
5154 8300
5154 9176
5154 9801
5155 5204
5155 6051
5155 7608
5155 9189
5155 9370
5155 9691
5156 5264
5156 5445
5156 5550
5156 6582
5156 9338
5156 9651
5157 6847
5157 8454
5157 8786
5157 9972
5158 5264
5158 6536
5158 7766
5158 8669
5158 8831
5158 9443
5158 9536
5159 7025
5159 7680
5160 5847
5160 7420
5160 7896
5161 6770
5161 9744
5162 6715
5162 8038
5162 8137
5162 9211
5163 6527
5163 6701
5163 9325
5164 5844
5164 5859
5164 6652
5164 7832
5165 6028
5165 7976
5165 8918
5165 9804
5166 8163
5166 9395
5166 9435
5167 5533
5167 5693
5167 6648
5167 9860
5168 5486
5168 7605
5168 8039
5168 8128
5168 8963
5169 5660
5169 6526
5169 8571
5169 9272
5169 9355
5170 5938
5170 6896
5170 7033
5170 7445
5170 7503
5170 8115
5170 8440
5170 9129
5170 9953
5171 5588
5171 5859
5171 8290
5171 9440
5172 8292
5172 8886
5172 9939
5173 7015
5173 7863
5173 8370
5173 9299
5173 9738
5174 8171
5174 8403
5174 9734
5174 9957
5175 5770
5175 5949
5175 7500
5175 8683
5175 9995
5176 5368
5176 5704
5176 6685
5176 7271
5176 7473
5176 8468
5176 8656
5176 9005
5176 9657
5176 9812
5177 6150
5177 6249
5177 6939
5177 7542
5177 7565
5177 7841
5177 8035
5177 9189
5178 6070
5178 6183
5178 6377
5178 6395
5178 6536
5178 6954
5178 9251
5178 9887
5179 8207
5179 8944
5179 9308
5179 9750
5180 5938
5180 7126
5180 8895
5180 9394
5181 7503
5181 8084
5181 9786
5182 5910
5182 7717
5182 9362
5182 9807
5183 7369
5184 7692
5184 8540
5185 6408
5185 6839
5185 7857
5185 8006
5185 8123
5186 6774
5186 8171
5186 8737
5186 9862
5187 5371
5187 5869
5187 7926
5188 5629
5188 5823
5188 6161
5188 6337
5188 6873
5188 6886
5188 8156
5189 5757
5189 7217
5189 7750
5189 8844
5189 9331
5190 6096
5190 7632
5190 9338
5191 5286
5191 7883
5192 6688
5192 8294
5192 8385
5192 8503
5192 9479
5193 6563
5193 7257
5193 8509
5193 9200
5194 7937
5195 5616
5195 8904
5195 9440
5196 5316
5196 7562
5196 7966
5196 8892
5196 9454
5197 5803
5197 6661
5197 6663
5197 7043
5197 7311
5197 9135
5198 7852
5198 8190
5198 9847
5199 5493
5199 5625
5199 6468
5199 6559
5199 9196
5199 9309
5199 9688
5199 9858
5200 5716
5200 7314
5201 5455
5201 6202
5201 6481
5201 7485
5201 8747
5202 5227
5202 6925
5202 8572
5202 9206
5203 5716
5203 6166
5203 9098
5204 5896
5204 6176
5204 7006
5204 9829
5205 5488
5205 6511
5205 7687
5206 6313
5206 6387
5206 7999
5206 9070
5206 9271
5207 5407
5207 5905
5207 7502
5207 8325
5208 5695
5208 6344
5208 7872
5208 8465
5208 9029
5208 9508
5208 9595
5208 9750
5209 6781
5209 8090
5209 9480
5209 9968
5210 6349
5210 7365
5210 8727
5210 9104
5211 6194
5211 7347
5211 7793
5211 7971
5211 8649
5211 8774
5211 9712
5212 6489
5212 7037
5212 7498
5212 8600
5213 5329
5213 5732
5213 6536
5213 7848
5213 8738
5213 9198
5213 9449
5214 5872
5214 7712
5214 8953
5215 6004
5215 6852
5215 6997
5215 7255
5215 7286
5215 9308
5215 9377
5215 9766
5215 9836
5216 7028
5216 7358
5216 7380
5216 7472
5216 7624
5216 8637
5217 5547
5217 6089
5217 6310
5217 7332
5217 7434
5217 8967
5217 9393
5217 9941
5218 7906
5218 8476
5218 8867
5219 5339
5219 5701
5219 7039
5219 8974
5219 9035
5220 7556
5220 9167
5220 9302
5221 5265
5221 5887
5221 6439
5221 6757
5221 6960
5221 9021
5221 9539
5222 5406
5222 6397
5222 7302
5222 8379
5223 7023
5223 7157
5223 7725
5223 9091
5224 6071
5224 6073
5224 7790
5224 9549
5225 7014
5225 8021
5225 8791
5226 5568
5226 6278
5226 8584
5226 8681
5227 5325
5227 5418
5227 6552
5227 7254
5227 9374
5228 5543
5228 7087
5228 7633
5228 9728
5229 6317
5229 7250
5229 7287
5229 8040
5229 8714
5230 7886
5230 8092
5230 8849
5230 8955
5231 5820
5231 6039
5231 7485
5231 8210
5231 8426
5231 9099
5231 9133
5231 9863
5232 5748
5232 6464
5232 6836
5232 7355
5233 5363
5233 5383
5233 6596
5233 7877
5233 9635
5233 9939
5234 5833
5234 5996
5234 6349
5234 6768
5234 8319
5234 9200
5234 9722
5235 5598
5235 6808
5235 6857
5235 8547
5235 9948
5236 7577
5236 7740
5236 8385
5236 9536
5237 6838
5237 7084
5237 9679
5238 5924
5238 9734
5239 5408
5239 6346
5239 6427
5239 6726
5239 7346
5239 8194
5239 8241
5239 9236
5239 9528
5240 5363
5240 7936
5240 9022
5240 9966
5241 5718
5241 5818
5241 6064
5241 6632
5241 6803
5241 9051
5241 9225
5241 9363
5241 9768
5242 5304
5242 6134
5242 6550
5242 7720
5242 9576
5243 5781
5243 7857
5243 8401
5243 8627
5243 9855
5244 7327
5244 8206
5245 5891
5245 6847
5245 7853
5245 8252
5245 9201
5245 9460
5246 8144
5246 8933
5247 7215
5247 7500
5247 9106
5247 9651
5248 6553
5248 7958
5248 8763
5248 8860
5249 5849
5249 5972
5249 6022
5249 6803
5249 6886
5249 9211
5250 5845
5250 6252
5250 8482
5250 9308
5250 9467
5250 9562
5252 6032
5252 8034
5253 7381
5253 8074
5254 5285
5254 5434
5254 5931
5254 6334
5254 8402
5254 9972
5255 5261
5255 5305
5255 6151
5255 6856
5255 7241
5255 7442
5255 7508
5255 7750
5255 7811
5255 7948
5255 8173
5255 8559
5256 5430
5256 6820
5256 8080
5256 8680
5256 9499
5256 9753
5257 5507
5257 6433
5257 7158
5257 7563
5257 7644
5257 8213
5258 7312
5258 9654
5260 6255
5260 8313
5260 8314
5260 9854
5261 5741
5261 7396
5261 7649
5262 5935
5262 6192
5262 6555
5262 8750
5263 5758
5263 5853
5263 6707
5263 6889
5263 7212
5263 7995
5263 8300
5263 8813
5263 9218
5264 5534
5264 6355
5264 8047
5265 5306
5265 6049
5265 6468
5265 7049
5265 8756
5266 6691
5266 7008
5266 8198
5266 9540
5267 5377
5267 6559
5267 6616
5267 7748
5267 7961
5267 8316
5267 8712
5268 6333
5268 6770
5268 8023
5268 8604
5268 9018
5269 5380
5269 6934
5269 7012
5269 7340
5269 7751
5269 9557
5270 6368
5270 6917
5270 8692
5270 8828
5270 9763
5271 5941
5271 7698
5271 9299
5272 8148
5272 9387
5273 5701
5273 5835
5273 5882
5273 7223
5273 7450
5273 7798
5273 8577
5273 9327
5274 5542
5274 5759
5274 6687
5275 5366
5275 5973
5275 6338
5275 7007
5275 7240
5275 7519
5276 7299
5276 8046
5276 8913
5276 9481
5276 9833
5277 5349
5277 6026
5277 6125
5277 6931
5277 7070
5277 7130
5277 7729
5278 8491
5278 9103
5279 5834
5279 8169
5279 9123
5279 9955
5280 7003
5280 8907
5280 9491
5281 5331
5281 5512
5281 6377
5281 6862
5281 7115
5281 7253
5281 8625
5282 7277
5282 7940
5282 8252
5282 8615
5282 8720
5282 9855
5283 5640
5283 5870
5283 9745
5283 9994
5284 5632
5284 6716
5284 7569
5284 7593
5284 8661
5284 8848
5284 9574
5285 5696
5285 5750
5285 5967
5285 6197
5285 6560
5285 7488
5286 5652
5286 6079
5286 7151
5286 7277
5286 8114
5287 5404
5287 5946
5287 6456
5287 9253
5287 9667
5287 9892
5288 8841
5289 6399
5289 6482
5289 6516
5289 8459
5289 9315
5289 9766
5290 5787
5290 6135
5290 6140
5290 8684
5291 6505
5291 7936
5291 8439
5291 8525
5291 9891
5292 5740
5292 5858
5292 7184
5292 7733
5293 6333
5293 6920
5293 6947
5293 7345
5293 7539
5293 7977
5293 8304
5293 8562
5293 9227
5293 9343
5294 5529
5294 7317
5294 7899
5294 8550
5294 9067
5295 8303
5295 8382
5296 6147
5296 6172
5296 8059
5296 8829
5296 9309
5297 5732
5297 5930
5297 6192
5297 8005
5297 8447
5297 8489
5298 8247
5298 8771
5298 8845
5298 9254
5298 9318
5299 6180
5299 6340
5299 9800
5300 6635
5300 6763
5300 7428
5300 7562
5300 8402
5300 8544
5301 6042
5301 7057
5301 7149
5301 7452
5301 7727
5301 7893
5301 8241
5301 8693
5301 8919
5302 5772
5302 7260
5303 6722
5303 7300
5304 5335
5304 8204
5305 6677
5305 7147
5305 8018
5305 8265
5305 8633
5306 5969
5306 7258
5306 9808
5307 5418
5307 5958
5307 5994
5307 6778
5307 8430
5307 9617
5307 9991
5308 5964
5308 6902
5308 7807
5308 8923
5308 9436
5309 5335
5309 5397
5309 5439
5309 6314
5309 6918
5309 7958
5309 9550
5310 5984
5310 7685
5311 7110
5311 7505
5311 7662
5311 8136
5311 8745
5311 9172
5312 7972
5312 9929
5313 5644
5313 7528
5313 7726
5314 6084
5314 6757
5314 8450
5314 9084
5314 9156
5315 6732
5315 7362
5315 7797
5315 7798
5316 9150
5316 9928
5317 5713
5317 7366
5317 8208
5317 9519
5318 6000
5318 6852
5318 8160
5318 8983
5318 9251
5319 6466
5319 6702
5319 6894
5319 7016
5319 8559
5319 9096
5319 9162
5320 6585
5320 6792
5320 7260
5320 7528
5320 7685
5320 8088
5320 8520
5320 8877
5320 8934
5320 8990
5320 9708
5321 5665
5321 5928
5321 6172
5321 6366
5322 5753
5322 5868
5322 6468
5322 7399
5322 7833
5322 9061
5323 5531
5323 6163
5323 8449
5324 5877
5324 6542
5324 8884
5324 9454
5325 6850
5325 7756
5325 9365
5326 6859
5326 6967
5326 8258
5326 8292
5326 8435
5326 8859
5326 8981
5326 9531
5326 9727
5326 9853
5327 5535
5327 6601
5328 5850
5328 5937
5328 6224
5328 6369
5328 6552
5328 6783
5328 7103
5328 8331
5328 9122
5329 5388
5329 5458
5329 8200
5329 8867
5329 8998
5329 9129
5329 9484
5329 9524
5330 5855
5330 6225
5331 6126
5331 6394
5331 6817
5331 7500
5331 7845
5331 8316
5331 8744
5331 9072
5331 9736
5332 6478
5332 7274
5332 7473
5332 7662
5332 7806
5332 8336
5332 8540
5333 5843
5333 6696
5333 7422
5333 7842
5333 9762
5334 5616
5334 7265
5334 8766
5334 9923
5335 5483
5335 5916
5335 6022
5335 6598
5336 8312
5336 9791
5337 6604
5337 6712
5337 7303
5337 9955
5338 5423
5338 5435
5338 7872
5338 8329
5339 7169
5339 7373
5339 7521
5339 9531
5340 6331
5340 7301
5340 8015
5340 9232
5341 8510
5341 8560
5341 8648
5341 9070
5341 9487
5341 9818
5342 5564
5342 7524
5342 7644
5342 7758
5342 7817
5342 9248
5342 9649
5343 8213
5343 9013
5344 6320
5344 6627
5344 7627
5344 7860
5344 8893
5344 9021
5345 6509
5345 7108
5345 7915
5345 8253
5345 9716
5345 9892
5345 9946
5347 7375
5347 8787
5347 9443
5348 6198
5348 6655
5348 7798
5348 7950
5349 6847
5349 9009
5350 5523
5350 8045
5350 8263
5350 8655
5350 8803
5350 9308
5350 9820
5351 5548
5351 6084
5351 7366
5351 8696
5351 8740
5351 8907
5351 9295
5351 9457
5352 6761
5352 9275
5353 5407
5353 7021
5353 7471
5353 8377
5353 8613
5353 8794
5354 7034
5354 8705
5354 9361
5354 9461
5355 5584
5355 6471
5355 7815
5356 5820
5356 6257
5356 6279
5356 6522
5356 7837
5356 8491
5356 9714
5357 6870
5357 8720
5358 5383
5358 5537
5358 5839
5358 6516
5358 7427
5358 8481
5359 5449
5359 6753
5359 7358
5359 7820
5359 7959
5359 8600
5360 5390
5360 7231
5360 7471
5360 8093
5360 9860
5361 5603
5361 5884
5361 6138
5361 6654
5361 7197
5361 7347
5361 9950
5362 5545
5362 5871
5362 6469
5362 7020
5362 8239
5362 8493
5362 9872
5363 7517
5363 8834
5363 9176
5363 9285
5363 9411
5363 9638
5363 9661
5363 9914
5364 5479
5364 5705
5364 5846
5364 6169
5364 6536
5364 6582
5364 9009
5364 9582
5365 6741
5365 7076
5365 7151
5365 7266
5365 7433
5365 8158
5365 8398
5365 9171
5366 5985
5366 6930
5366 7964
5366 8461
5366 9406
5366 9654
5366 9776
5367 6753
5367 8689
5367 9831
5368 5484
5368 6160
5368 6231
5368 6881
5368 7023
5368 8465
5368 9461
5369 6690
5369 6791
5369 8276
5369 8413
5369 8557
5369 9466
5370 5526
5370 5546
5370 7379
5370 7625
5371 5495
5371 6371
5371 6395
5371 9544
5372 7080
5372 7428
5372 7809
5372 7939
5372 8000
5372 8982
5372 9335
5372 9339
5373 5462
5373 6532
5373 7161
5373 9320
5374 5847
5374 7772
5374 8583
5375 6677
5375 6832
5375 6891
5375 7383
5375 8208
5375 8675
5375 8779
5376 6063
5376 6409
5376 9078
5376 9419
5377 5417
5377 6063
5377 6907
5377 7968
5377 8784
5377 8951
5378 5752
5378 6035
5378 6264
5378 9636
5379 5746
5379 6071
5379 6461
5379 6547
5379 6579
5379 6654
5379 6828
5379 8304
5379 8464
5380 5945
5380 8785
5380 9360
5380 9905
5381 5708
5381 6592
5381 8325
5381 8723
5382 5530
5382 5767
5382 6546
5382 7094
5382 8789
5383 6803
5383 7808
5383 8768
5383 9648
5384 5515
5384 6356
5384 6541
5384 7265
5384 7411
5384 7994
5384 8113
5384 8897
5385 5942
5385 7393
5385 8047
5386 6210
5386 6826
5386 9957
5387 6976
5387 7791
5387 9194
5387 9608
5388 5430
5388 6167
5388 6618
5388 9421
5388 9731
5389 5454
5389 5805
5389 6759
5389 7358
5389 8040
5389 9119
5389 9674
5390 5911
5390 6072
5390 7566
5390 7588
5391 5999
5391 6318
5391 7911
5391 8692
5391 9132
5392 6485
5392 8037
5392 8042
5392 8161
5392 8917
5392 9378
5393 5507
5393 6507
5393 6929
5394 7109
5394 8675
5394 8734
5394 8747
5395 6906
5395 8234
5395 9328
5395 9406
5396 6815
5396 7058
5396 9273
5397 7171
5397 9284
5398 6402
5398 7581
5399 6427
5399 6794
5399 8373
5399 9868
5399 9910
5400 5567
5400 6057
5400 6311
5400 7502
5400 8175
5400 9188
5400 9672
5400 9719
5401 5836
5401 5939
5401 7045
5401 7178
5401 7387
5401 8439
5401 8536
5402 6289
5402 7093
5402 7216
5402 8531
5403 5648
5403 5681
5403 6359
5403 6970
5403 7699
5403 9988
5404 6195
5404 6501
5405 5758
5405 6781
5405 8269
5405 8410
5405 9683
5406 6051
5406 6886
5406 7392
5406 8210
5406 8483
5406 8732
5406 9792
5407 6529
5407 7226
5407 8038
5407 8054
5407 8847
5407 9257
5407 9339
5408 5811
5408 7186
5408 7452
5408 8357
5409 7005
5409 7283
5409 8660
5409 9044
5409 9342
5409 9474
5410 6628
5410 8943
5410 8986
5411 6659
5411 7294
5411 8022
5411 8704
5411 9506
5412 7416
5412 9628
5413 6652
5413 8169
5413 9506
5413 9885
5414 6351
5414 6954
5414 7695
5414 8353
5414 8515
5414 8541
5414 9084
5415 6626
5415 7424
5415 7596
5415 8064
5415 8379
5415 8479
5416 6539
5417 5602
5417 6561
5417 7579
5417 8508
5417 8622
5417 9972
5418 5964
5418 6526
5418 8812
5418 9528
5418 9662
5419 5724
5419 5812
5419 6410
5419 6436
5419 7547
5419 9504
5419 9520
5420 7989
5420 8282
5420 8436
5420 9132
5420 9719
5421 6480
5421 8917
5421 9971
5422 5630
5422 6576
5422 6822
5422 7684
5422 8401
5422 9364
5422 9458
5422 9585
5422 9915
5423 6838
5423 7200
5423 8141
5424 6376
5424 7041
5424 8417
5424 8725
5424 8977
5425 6804
5425 6960
5425 7054
5425 7973
5425 8871
5425 8874
5426 7658
5426 9364
5426 9962
5427 6669
5427 6997
5427 7450
5427 8067
5427 8228
5427 8756
5427 9063
5427 9369
5428 6878
5428 7145
5428 7521
5428 9423
5429 6047
5429 7886
5429 9731
5430 8613
5430 9039
5431 6905
5431 7016
5431 7478
5431 8019
5431 9661
5432 9019
5433 9376
5434 6200
5434 6369
5434 9172
5435 5496
5435 5683
5435 8484
5436 5765
5436 6433
5436 8013
5436 8965
5437 5802
5437 7822
5437 8469
5438 6326
5438 7928
5438 9822
5439 9449
5439 9672
5439 9837
5440 5657
5440 5716
5440 6016
5440 6659
5440 9545
5441 7373
5441 9516
5442 5690
5442 6454
5442 6545
5442 6957
5442 6974
5442 9303
5442 9383
5442 9480
5442 9643
5443 5613
5443 6936
5443 8068
5444 5655
5444 8531
5445 6830
5445 6917
5445 6957
5445 7027
5445 7665
5445 8771
5445 9603
5445 9855
5446 6946
5446 8031
5446 8357
5446 9528
5447 5962
5447 7142
5447 7457
5447 7587
5447 8880
5448 5612
5448 7865
5448 8600
5449 6451
5449 7453
5449 7920
5449 7970
5449 8922
5451 5742
5451 6350
5451 7461
5452 5976
5452 6095
5452 7533
5452 7674
5452 8621
5452 9050
5452 9924
5453 6164
5453 8918
5453 9112
5453 9668
5454 5998
5454 6258
5454 7038
5454 8353
5454 8391
5454 9407
5454 9961
5455 5822
5455 6105
5456 6441
5456 7163
5456 7367
5456 7774
5456 9600
5456 9868
5457 5611
5457 6699
5457 7061
5458 6893
5458 6997
5458 7358
5458 7908
5458 8731
5460 5729
5460 5750
5460 5948
5460 6665
5460 6666
5460 6855
5460 7864
5460 8806
5460 9790
5461 8119
5461 8960
5461 9872
5462 5955
5462 8628
5462 8749
5463 5627
5463 7807
5464 5641
5464 8315
5464 9122
5465 5937
5465 6124
5465 6454
5465 6771
5465 6792
5465 7320
5465 7976
5465 8185
5466 6693
5466 8433
5466 8979
5467 5936
5467 7193
5467 7900
5467 7931
5468 6432
5468 7429
5469 6705
5469 7251
5469 8660
5469 9253
5469 9400
5470 5953
5470 6014
5470 6148
5470 7922
5470 8142
5470 8485
5470 9504
5470 9538
5471 5533
5471 5804
5471 7658
5471 8450
5471 9183
5472 5833
5472 5843
5472 7428
5472 7954
5472 8362
5472 8917
5472 9740
5472 9791
5473 6178
5473 6771
5473 6927
5473 7338
5473 7710
5473 7920
5473 8547
5474 5884
5474 6027
5475 5538
5475 6398
5475 6664
5475 7066
5475 7102
5475 8646
5476 6026
5476 6072
5476 6203
5476 6250
5476 6504
5476 8591
5476 9851
5477 6444
5477 7643
5477 8809
5477 9158
5478 5828
5478 8083
5478 9403
5478 9944
5479 5588
5479 6745
5479 8731
5479 8919
5480 6774
5481 6478
5481 9604
5481 9763
5482 6271
5482 8169
5483 5998
5483 6553
5483 6666
5483 6778
5483 7470
5483 9841
5484 6120
5484 6516
5484 7745
5484 8692
5484 9137
5484 9291
5484 9906
5485 6002
5485 7206
5485 8557
5485 8911
5485 9202
5486 5759
5486 5970
5486 7190
5486 7353
5486 8557
5486 8673
5487 5580
5487 8337
5487 8836
5487 8923
5487 9470
5488 6319
5488 6439
5488 8475
5488 9619
5488 9885
5489 8742
5490 7122
5490 7960
5490 8293
5490 8875
5490 9327
5490 9884
5491 6657
5491 6853
5491 7054
5491 9330
5491 9559
5492 8414
5493 6158
5493 7142
5493 7252
5493 7255
5493 7878
5493 7907
5493 8154
5493 8715
5494 5786
5494 5844
5494 8189
5494 8287
5494 8545
5494 9404
5494 9784
5494 9869
5495 6521
5495 7055
5495 7925
5495 7991
5495 8032
5495 9241
5496 5835
5496 6378
5496 6666
5496 6940
5496 7129
5496 8087
5496 8506
5496 8942
5496 9372
5496 9781
5497 5901
5497 5974
5497 6444
5497 6558
5497 7041
5497 8120
5497 8169
5497 8869
5497 8951
5497 9372
5497 9858
5498 5581
5498 5868
5498 5913
5498 6442
5498 6522
5498 6903
5498 7105
5498 7241
5498 7720
5498 7774
5498 8107
5498 8352
5498 8370
5498 8745
5499 5861
5499 6228
5499 8060
5499 8987
5500 5605
5500 7441
5500 9389
5501 5717
5501 7905
5501 7954
5501 8355
5503 5958
5503 6951
5503 7146
5503 7221
5503 7309
5503 9169
5503 9980
5504 6538
5504 8302
5504 8984
5504 9818
5504 9910
5505 5684
5505 6032
5505 6604
5505 7010
5505 8417
5505 8730
5505 8925
5505 9472
5505 9794
5506 5766
5506 5806
5507 7298
5507 7594
5507 7685
5507 8475
5508 6177
5508 9258
5509 5765
5509 5922
5509 6706
5509 7293
5509 8154
5509 8427
5509 9628
5510 6259
5510 7435
5510 7437
5510 9672
5511 6075
5511 6549
5511 6860
5511 7122
5511 7410
5511 9162
5512 5522
5512 5806
5512 7589
5512 9280
5513 6254
5513 8100
5513 8667
5513 9724
5514 5963
5514 6771
5514 7128
5514 8020
5514 9279
5515 6497
5515 6990
5516 9308
5517 5709
5517 5839
5517 6101
5517 6542
5517 8809
5517 8986
5517 9063
5518 6236
5518 8824
5518 9822
5519 7277
5519 7825
5519 8100
5520 5830
5520 6707
5520 7105
5520 7322
5520 8278
5520 8431
5520 8645
5520 9461
5520 9590
5521 5581
5521 5625
5521 6908
5521 7457
5521 8377
5521 8728
5522 7526
5522 8194
5522 9614
5523 6421
5523 8487
5523 8931
5524 6246
5524 6889
5524 9184
5524 9308
5525 5922
5525 6756
5525 9088
5525 9577
5526 5961
5526 6079
5526 6107
5526 8052
5527 5820
5527 5931
5528 6966
5528 8004
5528 8144
5529 5556
5529 6448
5529 7624
5529 9439
5529 9620
5530 5898
5530 6436
5530 7786
5530 7845
5530 8715
5531 5830
5531 6203
5531 7489
5531 7593
5531 8872
5532 6249
5532 6302
5532 6962
5532 8823
5533 6369
5533 7092
5533 8393
5533 8909
5534 6052
5534 8662
5534 9358
5534 9520
5535 6660
5535 7118
5535 7120
5536 5729
5536 7035
5536 9452
5536 9460
5536 9485
5536 9505
5537 6085
5537 6393
5537 6830
5537 8645
5537 8897
5537 9724
5538 6655
5538 7519
5538 8273
5538 9188
5538 9423
5539 5658
5539 8840
5539 8890
5539 9666
5540 7053
5540 7283
5540 8217
5540 8552
5540 9484
5540 9880
5541 6950
5541 8200
5541 9163
5541 9868
5542 6876
5542 8074
5542 9210
5542 9438
5542 9603
5543 7849
5544 5680
5544 6122
5544 6739
5544 6960
5544 8027
5544 9589
5544 9715
5545 5796
5545 6961
5546 5632
5546 7067
5546 8456
5546 8646
5546 9117
5547 5709
5547 6016
5547 7688
5548 5864
5548 6556
5548 7596
5548 8498
5549 7529
5549 7704
5550 5891
5550 6687
5550 8034
5550 8788
5551 7296
5551 7578
5551 8883
5551 9974
5552 5707
5552 5736
5552 9466
5553 6333
5553 7443
5553 8398
5553 8736
5553 9099
5553 9519
5554 7558
5554 7724
5554 8280
5554 8516
5554 9098
5555 8404
5556 5660
5556 7009
5556 7084
5556 8230
5557 6084
5557 6311
5557 7224
5557 7994
5557 8349
5557 9548
5558 5740
5558 6852
5558 7211
5558 8191
5558 9040
5558 9488
5558 9756
5559 5708
5559 6862
5559 9328
5559 9911
5560 5625
5560 5633
5560 7511
5560 8355
5560 8662
5560 8749
5560 9629
5561 6042
5561 6507
5561 7918
5561 8698
5561 8742
5561 9153
5561 9502
5562 7395
5562 7551
5562 7953
5562 9431
5562 9900
5563 5764
5563 6463
5563 6577
5563 8253
5564 6604
5564 6651
5564 7023
5564 7314
5564 8099
5565 6278
5565 6845
5565 7163
5565 8263
5565 8504
5565 8670
5565 9107
5565 9433
5565 9516
5565 9713
5565 9961
5566 6261
5566 7489
5566 7539
5566 9514
5567 6076
5567 7353
5567 8504
5568 6532
5568 7078
5568 7237
5568 7617
5568 9903
5568 9969
5569 7331
5569 8948
5569 9965
5570 5674
5570 7672
5570 7905
5570 8100
5570 8640
5571 6690
5571 8970
5571 9481
5571 9616
5572 6298
5572 6438
5572 8100
5572 9371
5572 9878
5573 6199
5573 6737
5573 7663
5573 9729
5574 5922
5574 8212
5574 9274
5575 5754
5575 5918
5575 7634
5575 9208
5576 6836
5576 8406
5576 9309
5577 6094
5577 7924
5577 8119
5577 9360
5577 9382
5577 9664
5578 7281
5578 7513
5578 7567
5578 7843
5578 7982
5578 9113
5579 5640
5579 5969
5579 9279
5579 9310
5580 7361
5580 7564
5580 9090
5581 5895
5581 5911
5581 9187
5582 6027
5582 6036
5582 7783
5582 9359
5582 9409
5584 6264
5584 6691
5584 7806
5585 6085
5585 6350
5585 6720
5585 6734
5585 6848
5585 6987
5585 9548
5586 7003
5586 8144
5586 9566
5586 9792
5587 6227
5587 7126
5587 7437
5587 7537
5587 8834
5587 9338
5588 6488
5588 8255
5588 8774
5589 5630
5589 6899
5589 7018
5589 7376
5590 5800
5590 6682
5590 7658
5590 7873
5590 8507
5590 9884
5590 9985
5591 6368
5591 6401
5591 7432
5591 8482
5592 6920
5592 8047
5592 8372
5592 8680
5592 9434
5592 9983
5593 8127
5593 8522
5594 7682
5594 8341
5594 9072
5595 6127
5595 7524
5595 7581
5596 7387
5596 8313
5597 5627
5597 6255
5597 8527
5597 9339
5597 9508
5597 9671
5598 6050
5598 8721
5599 6074
5599 6099
5599 7443
5599 7482
5599 8624
5599 9734
5599 9772
5600 7151
5601 5761
5601 6858
5601 7989
5601 8262
5601 8582
5602 7189
5602 8125
5603 5611
5603 6830
5603 7006
5604 7342
5604 7742
5604 7925
5604 8863
5605 8508
5605 9572
5606 5646
5606 6146
5606 6161
5606 6205
5606 6643
5606 8504
5606 8991
5606 9118
5607 8137
5608 7304
5608 9931
5609 5813
5609 7943
5609 8179
5609 8416
5609 9438
5610 6338
5610 6872
5610 8482
5610 8512
5610 9325
5610 9543
5611 5645
5611 8860
5612 5633
5612 6479
5612 9431
5613 6153
5613 6372
5613 8932
5614 7220
5614 8202
5614 8558
5614 8573
5614 9350
5614 9845
5615 6331
5615 7628
5615 7669
5615 8294
5615 8754
5616 5963
5616 6222
5616 6815
5616 7468
5616 7855
5616 8643
5616 9093
5617 5849
5617 8005
5617 8300
5617 8517
5618 5625
5618 6965
5618 7628
5618 7657
5619 5924
5619 5994
5619 6566
5619 8116
5620 6110
5620 7430
5620 8542
5621 7540
5621 7806
5621 8023
5622 5624
5622 6666
5622 7717
5622 8026
5622 8337
5622 8470
5622 9736
5623 7150
5623 7156
5623 8426
5623 9543
5624 6831
5624 7004
5624 9254
5624 9360
5625 7579
5625 8095
5625 9764
5625 9913
5626 5968
5626 6879
5626 7870
5626 8242
5626 9368
5627 8272
5628 6577
5628 7876
5628 8361
5628 9400
5629 6454
5629 6665
5629 8784
5629 9278
5629 9734
5630 5960
5630 6089
5630 7340
5630 8018
5630 8292
5630 8877
5630 9204
5630 9319
5631 9991
5632 6061
5632 6638
5632 6943
5632 7980
5632 9275
5633 5922
5633 6388
5633 6586
5633 6691
5633 7414
5633 8507
5633 9507
5633 9644
5634 5948
5634 7392
5634 8282
5634 8403
5634 8822
5635 6516
5635 8408
5635 8488
5636 5858
5636 6014
5636 6641
5636 7436
5636 7777
5636 7940
5636 8873
5637 5659
5637 6862
5637 7087
5637 7543
5637 9881
5638 5705
5638 6707
5638 7431
5638 7432
5638 8250
5638 8853
5638 9042
5638 9062
5638 9683
5639 7295
5639 7722
5639 8123
5639 9945
5640 5690
5640 6305
5640 8269
5640 8399
5640 8444
5640 9052
5640 9823
5641 6602
5641 6759
5641 9255
5642 9121
5642 9823
5643 5834
5643 6362
5643 6395
5643 8504
5643 9337
5643 9857
5644 6303
5644 7439
5644 7620
5644 7822
5644 8515
5644 9107
5645 6120
5645 9361
5646 5883
5646 6483
5646 6737
5646 7401
5646 7429
5646 8919
5646 9113
5646 9393
5647 5687
5647 8203
5647 9697
5648 5777
5648 6325
5648 8448
5648 8650
5648 8800
5648 9052
5648 9054
5648 9619
5649 6782
5649 7804
5649 8001
5649 9940
5650 6852
5650 7351
5650 7483
5650 7681
5651 6920
5651 6940
5652 7815
5653 5662
5653 5712
5653 6078
5653 6724
5653 7671
5653 8819
5653 9343
5654 5881
5654 8854
5654 9117
5655 6803
5655 9003
5655 9874
5656 8538
5656 8831
5657 7511
5657 9057
5657 9863
5657 9982
5658 6142
5658 6560
5658 7336
5658 7704
5658 9663
5659 6066
5659 6465
5659 6598
5659 6965
5659 7924
5659 8001
5659 9583
5660 6311
5660 6382
5660 9870
5660 9979
5661 6951
5661 7014
5661 7073
5661 7343
5661 7848
5661 9165
5662 6080
5662 8073
5663 5900
5663 8538
5664 5756
5664 5842
5664 6393
5664 6534
5664 7114
5665 5977
5665 6080
5665 7218
5665 7650
5665 9556
5666 6245
5666 6971
5666 7213
5666 9753
5667 8230
5667 8961
5668 8114
5668 8440
5668 8463
5669 6309
5669 7217
5669 8280
5670 5834
5670 7093
5670 8476
5670 9235
5671 5709
5671 6360
5671 7224
5671 7784
5671 7981
5671 8585
5671 9242
5672 5927
5672 6450
5672 7814
5672 8034
5672 8222
5673 6418
5673 6787
5673 7037
5673 8360
5673 8723
5673 9299
5674 5690
5675 7359
5675 8669
5675 8744
5676 6733
5676 9096
5676 9191
5676 9785
5677 5758
5677 6287
5677 7161
5678 7817
5678 9031
5678 9249
5678 9663
5679 7787
5679 8670
5679 9498
5680 5801
5680 7211
5680 8604
5680 8753
5680 9270
5680 9430
5681 6841
5681 8054
5681 8469
5681 9569
5682 6629
5682 7760
5682 8503
5682 8921
5682 9846
5682 9977
5683 8194
5683 9658
5684 6232
5684 6694
5684 7317
5684 8052
5685 6465
5685 8005
5686 7103
5686 7698
5686 7982
5687 5757
5687 8133
5688 7209
5688 8820
5688 9238
5689 7281
5689 9124
5689 9259
5689 9780
5690 6282
5690 9237
5691 8592
5691 8615
5692 6939
5692 7017
5692 8323
5692 9193
5692 9383
5693 6336
5693 6853
5693 7505
5693 9063
5693 9798
5694 7677
5694 8662
5694 8922
5694 9200
5694 9875
5695 6291
5695 7266
5695 8414
5696 5773
5696 7692
5696 8061
5696 8417
5696 9099
5696 9366
5697 5732
5697 5955
5697 6005
5697 6468
5697 6726
5697 7808
5697 8107
5697 9262
5697 9385
5697 9596
5698 7036
5698 7754
5698 7916
5698 8285
5698 8498
5698 8677
5698 9720
5699 6315
5699 7220
5699 7294
5699 7680
5699 7681
5699 8460
5699 8532
5700 6375
5700 7270
5700 8063
5700 9352
5701 6007
5701 6653
5701 8127
5701 8480
5702 6332
5702 6790
5702 6812
5702 7704
5702 9986
5703 7017
5703 7452
5703 9071
5704 6202
5704 8542
5704 8928
5704 9673
5705 7888
5705 8364
5705 9121
5705 9509
5705 9583
5706 5728
5706 7093
5706 7128
5706 7481
5706 7921
5706 9405
5707 5970
5707 6975
5707 8561
5707 8615
5707 8949
5707 9059
5708 6840
5708 6929
5708 7823
5708 8220
5708 8541
5708 8702
5708 9036
5709 7147
5709 8988
5709 9199
5710 5717
5710 6183
5710 7267
5710 7722
5710 8175
5710 9479
5711 7119
5711 7781
5711 7931
5712 7467
5712 7995
5712 8945
5712 9046
5713 7443
5713 8471
5713 9752
5714 6036
5714 9805
5715 5863
5715 6352
5715 6431
5715 6942
5715 8021
5715 8077
5715 8569
5715 9029
5715 9316
5716 7231
5716 8754
5717 6817
5717 6861
5717 7039
5717 8136
5717 8730
5717 9022
5717 9438
5718 6040
5718 6163
5718 7000
5718 7982
5718 8777
5718 9528
5718 9816
5720 5789
5720 8200
5720 8479
5720 8519
5720 9299
5721 6205
5721 6945
5721 7223
5721 7320
5721 7468
5721 7665
5721 8072
5722 6254
5722 8103
5722 8528
5722 9851
5723 6027
5723 6468
5723 7133
5723 8382
5724 7204
5724 8269
5725 6211
5725 6338
5725 6521
5725 6969
5725 8558
5725 8737
5725 9077
5725 9218
5726 6915
5726 7510
5726 7637
5726 7828
5726 8699
5726 8753
5726 8772
5726 9029
5726 9366
5726 9675
5727 6336
5727 8605
5728 6882
5728 8875
5729 6083
5729 6576
5729 9844
5730 7028
5730 7910
5730 8065
5730 9631
5730 9907
5731 6232
5731 7025
5731 7622
5731 8718
5731 8734
5731 9130
5732 8330
5732 9401
5732 9875
5733 5907
5733 6920
5733 7042
5733 7615
5733 9195
5733 9426
5733 9559
5733 9697
5734 8363
5735 6381
5735 6947
5735 8151
5735 8286
5735 8844
5735 9772
5736 7539
5736 7703
5736 9014
5736 9121
5736 9849
5737 6520
5737 7921
5737 9109
5737 9168
5738 7293
5738 8097
5738 8752
5738 9628
5738 9932
5739 6120
5739 6487
5739 7076
5739 7424
5740 6190
5740 7489
5740 9204
5740 9708
5741 6356
5741 8386
5741 8744
5741 8960
5741 9391
5742 6078
5742 6404
5742 9994
5743 7691
5743 9090
5743 9293
5743 9846
5744 6326
5744 6515
5744 8956
5744 9108
5745 7679
5746 7767
5746 8376
5746 9220
5747 6172
5747 6323
5747 7559
5747 8816
5748 7551
5748 7722
5748 8197
5748 8984
5749 6222
5749 7185
5749 7810
5749 7865
5750 6430
5750 7048
5750 8398
5750 8432
5750 8907
5750 9449
5751 6842
5751 7313
5751 9264
5752 5911
5752 8281
5752 8690
5752 9490
5753 5965
5753 6966
5754 7290
5754 7889
5754 7948
5754 9753
5755 5823
5755 6091
5755 8051
5755 8212
5755 8902
5756 7549
5756 9394
5757 7039
5757 7130
5757 9881
5758 6473
5758 8317
5758 8530
5758 8716
5759 6354
5759 6490
5759 6975
5759 7068
5759 9307
5759 9867
5760 6047
5760 6094
5760 6436
5760 8118
5760 9928
5761 7689
5762 7907
5762 8803
5762 9524
5762 9674
5763 5879
5763 6496
5763 7220
5763 8098
5763 9427
5764 7663
5764 8179
5764 9080
5764 9528
5765 5821
5765 5950
5765 6971
5765 8797
5766 6264
5766 6732
5766 7295
5766 7442
5766 7724
5766 8281
5766 9052
5767 6614
5767 7155
5767 8945
5767 9281
5768 6662
5768 7986
5768 8304
5768 8922
5769 6061
5769 6529
5769 6748
5769 8530
5769 9438
5770 6769
5770 7581
5770 7730
5770 7829
5770 9639
5770 9748
5771 6116
5771 7216
5771 7363
5771 7625
5771 7907
5772 7632
5772 7762
5772 8014
5772 9904
5773 7835
5774 7322
5774 8060
5774 8543
5774 8732
5775 5911
5775 6817
5775 8704
5775 9284
5776 6129
5776 7348
5776 8887
5777 6070
5777 7072
5777 8125
5777 8644
5777 8763
5777 9322
5778 6023
5778 6151
5778 7060
5778 7547
5778 9830
5779 6034
5779 7522
5779 8165
5779 8287
5779 8460
5779 9016
5779 9780
5779 9906
5780 6111
5780 6947
5780 7015
5780 7679
5780 8059
5780 9288
5780 9340
5781 5841
5781 6018
5781 6439
5781 6750
5781 7639
5781 7969
5781 8499
5781 9718
5782 5790
5782 6309
5782 7875
5782 9721
5783 5889
5783 6410
5783 7844
5783 8215
5783 8944
5783 9258
5784 6100
5784 6616
5784 7044
5784 7152
5784 7574
5785 6428
5785 6770
5785 7430
5786 6686
5786 6899
5786 6988
5786 7356
5786 7718
5786 8294
5787 8885
5787 9622
5787 9720
5788 5915
5788 6057
5788 6429
5788 7244
5788 7911
5788 9782
5789 6098
5789 8606
5789 9005
5789 9441
5789 9575
5790 6001
5790 6165
5790 6717
5790 7001
5790 7735
5790 8956
5790 9121
5790 9235
5790 9599
5790 9623
5790 9724
5791 8770
5791 9325
5792 8470
5793 5992
5793 6037
5793 7087
5793 8148
5793 8183
5793 8725
5793 9022
5793 9624
5794 6240
5794 6328
5794 6698
5794 7217
5794 8898
5794 8955
5794 9150
5795 7919
5795 8317
5795 8373
5795 8579
5795 8675
5795 9043
5795 9157
5795 9187
5796 9149
5796 9236
5797 6162
5797 7253
5797 8084
5797 8588
5797 9591
5798 5861
5798 7248
5798 8355
5798 8533
5798 8875
5798 8904
5799 5849
5799 6091
5799 7722
5799 8104
5799 8296
5799 8404
5799 9009
5799 9084
5799 9384
5799 9659
5800 5830
5800 6156
5800 7457
5801 7067
5801 8128
5801 9242
5801 9585
5801 9998
5802 6916
5803 7491
5803 8387
5803 9168
5803 9799
5803 9955
5804 6502
5804 6705
5804 6893
5804 7437
5804 7541
5804 8258
5804 8425
5805 8918
5805 8987
5805 9688
5806 7864
5807 6289
5807 8108
5808 6301
5808 6510
5808 7955
5808 7989
5808 8988
5809 6439
5809 6496
5809 8575
5809 9401
5810 8316
5810 8671
5810 9349
5811 5928
5811 6673
5811 7368
5811 8127
5811 8292
5811 9724
5812 6056
5812 6295
5812 7018
5812 7857
5812 9042
5813 6580
5813 6866
5813 7593
5813 8296
5813 9422
5814 6706
5814 6986
5814 7625
5814 8398
5814 8824
5815 7024
5815 7677
5815 8288
5815 8486
5815 8515
5815 8984
5816 6375
5816 7272
5816 7655
5816 8819
5816 9332
5816 9770
5817 6127
5817 7195
5817 9397
5818 6627
5818 6757
5818 8194
5818 8388
5818 8547
5818 8869
5819 5851
5819 6561
5819 7797
5819 9294
5819 9809
5820 6461
5820 9319
5820 9526
5821 6533
5821 9110
5822 6493
5822 7411
5822 7692
5822 8497
5822 9415
5822 9761
5823 5861
5823 7338
5823 8396
5823 9564
5824 6305
5824 7633
5824 8221
5824 8359
5825 5826
5825 6379
5825 7208
5825 7259
5825 7791
5825 9829
5826 6035
5826 8786
5826 9505
5827 6146
5827 6275
5827 6333
5827 6763
5827 7456
5827 8084
5827 8149
5827 9093
5827 9254
5827 9655
5827 9750
5827 9819
5829 7691
5830 7976
5830 8388
5830 9654
5831 6917
5831 7551
5831 9797
5832 6540
5833 6323
5833 7349
5833 7611
5834 6074
5834 6423
5834 6905
5834 9273
5834 9967
5835 6859
5835 8479
5835 8745
5835 8966
5836 6944
5836 9028
5836 9636
5837 7829
5837 9095
5838 6177
5838 6863
5838 7882
5838 8380
5838 9203
5838 9610
5839 9506
5840 7125
5840 8422
5840 9088
5841 6126
5841 8538
5842 6712
5842 7871
5842 9243
5842 9244
5842 9932
5843 6461
5843 7235
5843 7698
5843 8549
5843 9396
5843 9694
5844 6920
5845 5876
5845 9697
5845 9807
5847 6575
5847 9432
5848 9705
5848 9970
5849 6354
5849 6829
5849 8955
5850 6729
5850 7382
5850 7984
5850 8328
5850 8940
5851 6061
5851 6159
5851 6753
5851 8117
5851 8235
5851 8543
5851 9309
5851 9881
5852 5895
5852 7455
5852 7730
5852 8811
5852 9010
5853 6733
5853 8599
5854 5982
5854 6172
5854 6749
5854 7386
5854 8379
5855 8852
5856 5970
5856 8149
5856 8418
5856 8893
5857 6584
5857 6790
5857 7232
5857 7613
5857 8083
5857 9007
5858 8485
5858 9241
5859 6056
5859 7693
5859 8641
5859 8766
5859 9279
5860 6402
5860 6874
5860 7055
5860 8037
5861 6294
5861 7465
5861 7695
5861 8159
5861 8392
5861 9459
5861 9842
5862 6451
5862 6755
5862 6818
5862 8650
5862 8812
5863 7216
5863 9275
5863 9591
5863 9985
5865 6478
5865 8276
5865 8377
5865 8817
5866 8163
5867 6532
5867 8175
5867 8713
5867 8985
5868 6604
5868 9982
5869 6272
5869 7001
5869 7499
5869 7829
5869 8747
5869 9554
5870 6683
5870 7022
5870 8495
5870 9200
5870 9632
5870 9940
5871 6159
5871 6434
5871 6850
5871 7271
5871 7353
5871 7504
5871 9454
5872 6427
5872 9223
5873 7719
5873 9413
5874 7102
5874 7111
5874 7270
5874 7347
5875 6403
5875 7045
5875 7416
5875 7538
5875 8004
5875 8410
5875 9402
5876 9039
5876 9846
5876 9865
5877 6142
5877 6854
5877 8025
5878 7009
5878 7722
5878 8245
5878 9696
5879 6014
5879 6173
5879 6265
5879 6433
5879 7770
5879 8049
5879 9202
5880 7887
5880 8640
5880 9165
5881 7329
5881 9138
5881 9790
5882 7889
5882 8440
5883 6342
5883 6602
5883 6821
5883 7569
5883 9411
5883 9987
5885 6199
5885 6279
5885 8793
5885 9681
5886 9137
5886 9184
5887 6329
5887 6452
5887 6505
5887 9666
5887 9682
5888 6652
5888 8672
5888 9185
5888 9424
5888 9464
5888 9671
5889 6495
5889 8005
5889 8244
5889 8756
5889 9133
5889 9405
5889 9435
5889 9826
5890 6188
5890 6273
5891 6405
5891 6599
5891 7698
5892 6036
5892 6295
5892 9202
5892 9269
5892 9282
5893 6017
5893 7977
5893 9151
5894 7655
5894 8351
5894 9592
5895 6869
5895 8985
5895 9271
5895 9437
5896 7276
5897 6158
5897 6226
5897 7298
5897 7669
5897 7691
5897 8254
5898 7054
5898 7588
5898 7992
5899 6919
5899 7303
5899 7569
5899 8494
5899 8933
5899 9494
5899 9962
5900 6103
5900 6190
5900 6340
5900 9091
5900 9137
5900 9186
5900 9455
5901 8739
5901 9825
5902 6113
5902 6549
5902 7328
5902 7997
5902 8403
5902 9015
5903 7815
5903 9262
5903 9355
5903 9517
5904 6410
5904 6766
5904 9753
5904 9794
5905 7636
5905 8414
5905 8545
5905 9496
5906 5973
5906 6112
5906 6261
5906 6744
5906 7013
5906 7032
5906 8880
5906 8962
5906 9409
5907 6164
5907 6382
5907 6463
5907 7153
5907 7354
5907 8211
5907 9173
5907 9397
5907 9729
5908 6142
5908 6162
5908 8430
5909 7070
5909 7560
5909 8294
5909 9969
5910 9583
5911 6371
5911 7159
5911 8547
5911 9099
5911 9231
5912 7086
5912 9303
5912 9939
5913 7329
5913 8779
5913 9155
5914 6041
5914 6340
5914 6810
5914 7400
5914 8718
5914 9739
5914 9939
5915 5991
5915 8026
5915 8210
5915 8333
5916 6248
5916 6825
5916 6899
5916 8233
5917 6250
5917 6256
5917 7201
5917 9720
5917 9832
5918 6464
5918 8122
5918 8151
5918 9216
5919 8384
5920 6209
5920 8066
5920 9274
5921 6299
5921 6974
5921 7931
5922 7248
5922 7370
5922 7747
5922 8578
5923 6275
5923 6817
5923 8887
5923 9893
5924 6666
5924 7511
5924 7519
5924 8550
5924 8727
5924 8766
5924 9196
5924 9605
5925 6152
5925 6299
5925 7285
5925 7541
5925 7809
5925 8556
5925 9470
5925 9627
5926 7412
5926 7836
5926 8107
5926 8269
5926 8342
5926 9001
5927 6303
5927 9569
5927 9777
5927 9863
5928 6943
5929 6344
5929 8852
5929 9013
5929 9896
5930 7852
5931 6034
5931 7287
5932 6973
5932 7589
5932 8725
5932 9432
5933 6878
5934 6596
5934 6777
5934 7935
5934 8733
5934 8949
5934 9430
5935 9693
5936 6644
5936 8374
5936 8747
5936 8769
5937 6255
5937 7025
5937 7735
5937 8655
5937 9206
5938 6029
5938 6544
5938 6878
5938 7104
5938 8271
5938 8945
5938 9294
5939 6488
5939 6590
5939 6693
5939 6790
5939 6954
5939 8547
5939 9256
5940 6557
5940 8618
5941 6268
5941 7075
5942 8250
5942 8773
5943 6028
5943 7260
5943 7294
5943 7845
5943 9260
5943 9772
5944 6919
5944 6967
5945 6067
5945 6673
5945 6763
5945 7604
5945 8950
5945 9538
5946 6683
5946 7269
5946 7675
5946 9106
5947 6045
5947 6212
5947 7372
5947 7945
5947 8090
5947 9181
5947 9352
5947 9583
5948 6344
5948 6703
5948 7417
5948 7541
5948 7900
5948 8687
5948 9740
5948 9962
5949 6063
5949 6825
5949 7029
5949 8418
5949 9645
5950 6614
5950 6892
5950 6903
5950 7444
5950 8410
5950 8429
5950 8703
5950 9007
5951 6052
5951 6359
5951 6650
5951 7752
5952 6435
5952 7000
5952 7934
5952 8178
5952 8345
5953 6065
5953 6146
5953 6943
5953 7619
5953 8587
5954 6585
5954 6962
5954 7361
5954 7668
5954 7942
5954 7978
5954 8532
5954 8703
5955 9026
5956 6715
5956 8529
5956 9161
5957 7212
5957 9660
5957 9820
5958 7884
5958 8471
5958 9423
5959 6642
5959 8279
5959 8926
5959 9805
5960 6862
5960 7629
5960 8380
5962 6482
5962 8559
5962 8941
5962 9118
5963 6509
5963 7472
5964 6056
5964 6373
5964 7055
5964 9341
5965 6280
5965 6702
5965 8337
5965 9882
5966 7547
5966 8992
5966 9830
5967 8766
5967 9275
5968 6307
5968 7632
5968 8369
5968 8396
5968 9228
5969 8068
5969 8247
5969 8438
5969 8886
5969 9939
5970 6296
5970 6475
5970 7145
5970 7565
5970 7907
5970 9610
5970 9996
5971 8719
5971 9569
5971 9810
5972 6379
5972 6903
5972 7778
5972 9488
5973 6026
5973 6043
5973 7203
5973 7842
5973 8066
5974 7115
5974 7512
5974 7753
5974 8246
5974 8711
5975 8045
5975 8789
5975 9514
5976 8539
5976 9429
5977 6383
5977 7578
5977 9569
5977 9719
5978 6209
5978 6433
5978 6725
5978 8695
5978 8939
5978 9478
5978 9925
5979 6513
5979 6869
5979 7107
5979 9734
5979 9835
5980 6825
5980 9089
5980 9739
5980 9922
5981 9433
5981 9666
5982 5997
5982 9844
5983 6036
5983 6732
5983 7273
5983 9308
5985 6582
5985 7906
5985 8871
5985 9700
5985 9855
5986 7809
5986 8157
5987 6015
5987 6586
5988 6335
5988 7113
5988 9774
5989 7200
5989 7267
5989 7353
5989 8589
5989 9598
5990 8432
5991 9468
5992 6607
5992 7612
5992 7964
5992 8577
5993 7692
5993 8161
5994 6120
5994 6355
5994 7304
5994 7586
5994 8122
5994 9869
5995 6171
5995 8571
5996 6193
5996 6941
5996 8792
5996 9935
5996 9974
5997 6886
5997 8803
5998 6156
5998 6369
5998 8170
5999 7536
5999 7618
5999 8042
5999 9602
5999 9778
6000 6053
6000 6503
6000 6774
6000 6829
6000 7925
6000 8175
6001 6437
6001 7372
6001 7595
6001 7814
6001 8354
6001 8872
6002 6096
6002 6787
6002 7417
6002 7963
6002 8169
6003 6095
6004 6955
6004 7781
6004 8055
6004 8138
6004 8416
6005 7409
6005 7413
6006 7979
6006 9379
6006 9798
6007 6286
6007 7504
6007 7997
6007 8168
6007 9890
6008 6865
6008 8057
6009 7301
6009 8244
6009 9093
6009 9127
6009 9607
6010 9652
6011 6113
6011 6975
6011 9734
6011 9964
6013 6102
6013 8043
6013 8531
6013 8733
6013 9001
6013 9723
6014 7259
6014 7961
6014 8030
6014 8602
6014 8893
6014 9062
6014 9125
6014 9316
6014 9405
6015 7886
6015 8009
6015 9353
6016 8318
6016 9211
6017 6850
6017 7343
6017 7583
6017 7887
6017 9696
6017 9868
6018 7025
6018 8999
6019 7157
6019 7160
6019 7744
6019 8954
6020 6591
6020 6660
6020 7111
6020 7258
6020 8255
6021 6235
6021 6319
6021 7781
6021 9340
6021 9652
6021 9899
6022 6234
6022 6975
6022 7911
6022 8871
6022 9689
6023 7134
6023 7561
6023 8305
6023 9294
6023 9414
6025 6504
6025 6767
6025 6985
6025 7715
6025 7947
6025 8906
6025 9161
6026 6279
6026 6596
6026 6997
6026 8070
6026 8504
6026 8594
6027 6580
6027 7467
6027 8180
6027 9723
6028 8078
6028 8521
6028 8998
6028 9847
6029 6468
6029 6843
6030 6233
6030 6694
6030 8188
6030 9181
6030 9775
6031 7069
6032 6627
6033 7164
6033 9496
6034 6196
6034 7589
6034 8222
6034 9237
6034 9296
6034 9832
6035 6353
6035 7037
6035 8448
6035 8471
6036 6523
6036 8313
6036 9903
6037 6336
6037 6721
6037 7290
6037 8859
6037 9160
6037 9500
6038 7661
6038 8024
6038 9385
6039 6124
6039 6274
6039 6459
6039 6879
6039 8611
6039 9707
6040 8318
6040 8378
6040 8857
6040 9660
6041 6142
6041 6541
6041 7924
6041 8391
6041 9951
6042 6112
6042 6343
6042 7055
6042 7963
6042 8252
6042 9194
6042 9427
6043 6406
6043 7137
6043 8123
6043 9327
6043 9599
6043 9967
6044 6192
6044 7329
6044 7582
6044 9562
6045 6968
6045 7301
6045 8828
6046 6444
6046 7431
6046 8776
6047 6822
6047 7896
6047 9348
6047 9418
6048 7884
6049 6674
6049 7166
6049 7243
6049 7312
6049 8071
6050 8456
6051 7190
6051 7301
6051 9575
6052 6870
6052 7231
6052 8058
6052 8354
6052 8589
6053 6580
6053 7030
6053 7264
6053 7563
6053 8040
6053 8545
6054 6271
6054 6721
6054 7161
6054 7825
6054 8154
6055 7052
6055 7507
6055 7510
6055 7880
6055 7940
6055 8185
6055 8521
6055 8976
6055 9203
6056 6124
6056 6373
6056 6757
6056 7208
6056 7776
6056 8266
6056 9197
6056 9718
6056 9885
6057 7417
6057 8043
6057 8406
6057 8796
6057 9664
6058 6138
6058 7888
6058 8442
6058 8526
6058 9608
6059 6076
6059 6270
6059 6568
6059 7021
6059 8632
6059 8684
6060 6404
6060 6884
6060 7774
6060 7790
6060 8386
6060 9791
6060 9858
6061 6684
6061 7691
6062 6879
6062 7053
6062 7869
6062 8705
6062 9822
6063 7868
6063 9004
6063 9514
6063 9665
6063 9902
6064 6700
6064 7053
6064 8242
6064 8859
6064 8969
6065 7385
6065 7440
6065 8096
6065 8960
6065 9524
6066 8758
6066 9710
6067 6315
6067 6546
6067 8923
6068 7238
6068 9656
6069 6293
6069 6954
6069 7982
6069 8150
6069 9515
6070 6754
6070 7389
6070 7494
6070 8135
6070 8759
6071 7923
6072 6254
6072 6569
6072 6650
6072 6939
6072 8498
6072 8513
6072 8833
6072 8996
6073 8099
6073 9051
6073 9437
6074 7173
6074 7211
6074 7817
6074 9857
6075 6630
6075 7931
6075 9353
6076 6220
6076 7057
6076 7425
6076 7930
6077 6615
6077 8241
6077 8401
6077 8433
6078 7646
6078 7847
6078 8692
6079 6204
6079 8144
6079 9215
6079 9309
6079 9329
6080 6469
6080 7547
6080 9556
6081 8456
6081 9935
6082 6179
6082 6476
6082 6750
6082 6835
6082 9302
6082 9349
6083 6361
6083 7643
6083 9631
6083 9715
6084 6560
6084 9787
6085 6413
6085 6718
6085 6815
6085 7073
6085 7349
6085 8148
6085 8506
6085 8901
6085 9298
6086 8493
6086 9435
6086 9443
6087 6415
6087 8483
6087 9091
6088 6983
6088 7471
6088 8650
6088 8738
6088 9375
6089 6666
6089 7263
6089 8228
6089 9774
6089 9797
6090 6526
6090 8005
6090 8314
6090 8528
6091 6792
6091 7466
6091 8794
6092 7537
6092 8032
6092 8751
6093 7216
6093 7294
6093 7931
6094 6145
6094 6175
6094 6477
6094 7972
6094 8022
6094 8190
6095 6559
6095 8790
6096 6371
6096 6980
6096 7000
6096 7639
6096 7781
6096 8073
6096 8720
6097 6258
6097 7530
6097 7806
6097 7930
6098 7342
6099 6525
6099 8277
6099 8305
6099 8629
6099 8952
6099 9395
6099 9881
6100 8622
6100 9731
6101 6486
6101 7725
6102 6553
6102 6641
6102 8862
6102 9209
6103 6369
6103 6806
6103 9135
6103 9385
6103 9891
6104 6800
6104 6978
6104 7988
6104 9280
6105 6612
6105 9700
6105 9723
6105 9808
6106 6504
6106 6982
6106 7380
6107 6169
6107 6959
6107 7526
6107 8011
6107 8115
6107 8316
6108 7576
6108 9091
6108 9319
6109 9169
6109 9450
6109 9831
6110 6361
6110 7583
6110 8671
6110 8956
6110 9132
6111 7917
6111 7971
6111 8221
6112 9577
6113 6854
6113 9689
6114 6774
6114 7141
6114 7353
6115 6287
6115 8010
6115 8659
6115 9208
6115 9740
6116 7992
6116 8025
6117 7022
6117 7538
6117 7814
6117 9007
6118 7431
6118 8391
6118 9436
6118 9847
6119 6974
6119 7592
6119 8287
6119 8580
6119 9610
6120 6962
6120 7270
6120 7882
6120 8006
6120 8371
6120 8620
6120 9087
6121 6133
6121 6977
6122 6427
6122 6480
6122 6899
6122 7320
6122 7732
6122 7937
6122 9510
6124 6149
6124 8595
6125 7173
6125 7692
6125 7823
6125 7870
6125 9624
6125 9913
6126 9907
6127 6192
6127 7567
6127 7726
6128 8026
6128 8780
6128 9227
6129 6833
6129 6904
6129 8443
6129 8466
6129 9381
6129 9421
6129 9882
6130 6343
6130 6432
6130 6503
6130 6604
6130 6829
6130 7832
6130 8964
6130 9378
6131 7345
6131 7887
6131 8001
6131 9270
6132 7744
6133 7484
6133 7991
6133 9007
6133 9647
6134 6288
6134 7381
6134 7442
6134 8366
6134 8916
6134 9299
6135 6774
6136 6314
6136 7877
6136 8881
6137 7810
6137 8650
6137 9976
6138 8634
6138 9009
6138 9444
6139 8268
6139 8864
6139 9344
6140 7248
6140 8334
6140 8372
6140 9227
6140 9838
6140 9961
6141 6616
6141 7682
6141 9163
6141 9437
6141 9641
6142 7926
6142 8152
6142 8505
6142 8529
6142 9647
6143 6150
6143 6573
6143 6626
6143 7213
6143 9584
6144 6862
6144 7707
6144 7843
6144 8335
6145 6488
6145 6695
6145 6734
6145 8696
6145 9567
6146 6531
6146 7401
6146 7424
6147 9091
6148 6951
6148 7079
6148 7778
6148 7961
6148 8200
6148 8944
6149 6388
6149 8101
6149 8700
6149 8705
6149 9304
6149 9349
6149 9892
6150 6752
6150 7449
6150 8096
6152 7310
6152 9152
6152 9639
6153 6314
6153 6875
6153 8797
6154 8607
6154 9652
6155 6411
6155 7223
6155 8733
6156 6340
6156 6489
6156 6639
6156 8693
6157 6332
6157 6574
6157 8293
6157 8362
6157 9463
6157 9492
6157 9560
6158 7141
6158 7397
6158 8712
6159 6937
6159 8310
6159 9830
6160 6971
6160 7123
6160 7672
6160 9576
6161 6742
6161 7412
6161 8672
6162 7856
6162 7985
6162 7999
6163 6540
6163 6820
6163 8933
6163 9121
6163 9381
6164 7361
6164 7721
6164 8097
6164 8180
6164 9278
6164 9513
6165 7196
6165 7238
6165 9605
6165 9930
6166 8043
6166 8154
6166 8333
6166 8534
6166 9076
6166 9560
6167 7791
6167 7881
6167 8471
6167 9781
6168 6202
6168 6319
6168 6335
6168 6412
6168 8023
6168 8588
6169 6773
6169 7886
6169 8079
6169 8835
6169 9305
6170 7533
6170 7657
6170 9463
6170 9474
6170 9981
6171 6715
6171 6865
6171 7677
6171 8787
6171 9908
6171 9949
6172 8503
6173 6197
6173 8673
6173 9776
6173 9870
6174 6528
6174 7619
6174 8160
6174 8793
6174 9100
6175 6737
6175 8408
6175 8964
6175 9548
6176 8985
6177 9072
6177 9672
6178 7985
6178 8069
6178 8664
6178 9579
6179 7639
6179 9155
6179 9406
6180 7682
6180 9098
6181 6518
6181 7163
6181 7841
6181 9486
6182 6185
6182 6459
6182 6895
6182 8910
6182 9511
6182 9595
6183 6587
6183 6941
6183 7791
6183 8806
6183 9027
6183 9361
6184 8594
6184 8766
6184 9115
6185 6316
6185 6740
6185 7135
6185 7631
6185 7745
6185 9262
6185 9277
6185 9309
6185 9583
6186 6404
6186 6510
6186 9094
6186 9118
6187 7296
6187 7308
6187 8290
6187 8376
6187 8985
6188 7226
6188 7247
6189 6620
6189 6630
6189 6875
6189 7891
6189 8342
6189 9181
6190 6930
6191 7141
6191 8693
6191 8817
6191 9381
6192 6910
6192 8302
6192 8711
6193 6656
6193 6677
6193 8051
6193 9076
6194 6881
6194 6909
6194 7164
6194 7733
6194 8999
6195 7859
6195 8733
6195 9642
6195 9707
6196 6499
6196 8298
6197 7260
6197 7373
6197 8239
6197 8507
6197 8650
6197 9207
6198 7294
6198 9682
6199 6203
6199 7361
6199 7917
6199 8695
6200 6964
6200 7795
6200 9141
6201 7484
6201 8219
6201 8935
6201 9152
6202 6807
6202 6876
6202 8282
6203 8651
6203 9615
6204 7136
6204 8437
6204 8560
6204 9509
6205 6343
6205 7675
6205 8097
6205 9441
6206 6525
6206 6837
6206 8316
6207 8228
6207 9079
6207 9572
6208 6517
6208 6619
6208 6715
6208 8288
6208 8334
6208 9428
6209 6473
6209 6908
6209 7664
6209 9913
6210 6353
6210 6501
6210 6923
6210 8114
6210 8164
6210 8428
6210 8627
6210 9951
6211 8348
6212 8042
6213 6623
6213 7109
6213 8463
6215 6692
6215 6944
6215 7185
6215 7853
6215 8029
6215 8370
6215 8940
6215 8979
6215 9107
6216 8628
6216 8869
6217 7474
6217 7811
6217 8661
6218 6221
6218 6559
6218 6776
6218 7248
6218 7579
6218 7845
6218 7879
6218 8377
6218 8501
6219 6919
6219 9488
6219 9996
6220 7073
6220 7367
6220 7378
6221 6590
6221 7667
6221 8339
6222 7390
6222 8677
6222 8696
6222 9165
6222 9734
6223 6881
6224 8549
6224 8862
6224 9478
6225 6283
6225 6514
6225 6831
6225 7059
6225 7728
6225 8280
6225 9337
6226 6379
6226 8370
6226 8419
6226 9164
6226 9353
6227 7580
6227 9876
6228 6536
6228 7672
6228 7736
6228 9494
6229 6590
6229 9590
6230 6868
6230 7833
6230 7941
6230 8078
6230 8859
6230 9494
6230 9987
6231 6654
6231 7491
6231 8579
6231 9464
6232 6510
6232 6743
6232 7070
6232 7518
6232 8026
6232 9173
6233 7187
6233 7674
6233 8272
6233 9665
6233 9970
6234 7840
6235 7661
6235 8369
6235 8540
6235 8931
6235 9181
6235 9209
6236 7403
6236 8557
6236 8753
6236 8973
6237 8141
6237 8421
6237 8814
6238 6507
6238 6617
6238 8158
6239 6703
6239 8459
6239 8479
6239 8763
6239 8932
6239 8995
6240 6440
6240 7915
6241 6419
6241 7831
6241 9072
6241 9624
6242 6998
6242 7853
6242 8663
6242 9377
6243 8810
6243 9411
6244 6557
6244 6725
6244 9473
6244 9871
6245 6348
6245 6441
6245 9250
6246 7005
6246 7387
6246 8521
6247 7895
6247 8536
6247 8660
6248 7343
6248 7344
6248 7843
6248 8242
6248 9083
6249 6701
6249 7880
6249 9812
6250 6407
6250 7361
6250 7712
6251 6900
6251 8476
6251 8600
6251 8796
6251 8995
6252 6339
6252 8177
6252 8203
6252 9077
6252 9222
6253 6891
6253 7243
6253 7897
6253 8047
6253 8477
6253 9391
6254 7044
6254 7795
6254 8911
6255 6404
6255 8506
6255 9352
6255 9568
6255 9828
6256 6287
6256 6634
6256 7971
6256 9191
6256 9385
6257 6510
6257 6865
6257 7939
6257 8111
6257 8325
6257 8328
6257 9178
6257 9437
6259 6628
6259 6848
6259 6991
6259 7157
6259 8224
6259 8586
6259 9275
6260 6622
6260 6674
6260 8072
6260 9565
6260 9819
6261 6349
6261 8069
6261 8511
6261 8820
6261 9923
6262 6429
6262 6620
6262 7899
6262 8118
6262 8297
6262 8347
6262 8467
6262 9238
6263 6298
6263 6994
6264 7108
6264 8192
6264 8735
6264 8910
6264 9224
6265 7083
6265 7345
6265 9507
6265 9921
6266 6885
6266 7182
6266 8244
6266 8468
6266 8597
6266 8730
6267 8603
6267 9575
6268 7298
6268 9865
6269 7251
6269 7372
6269 7936
6269 9839
6270 7032
6270 7745
6270 8124
6270 8166
6270 8243
6270 9081
6270 9977
6271 7010
6271 8521
6271 9817
6272 6394
6272 7190
6273 8473
6273 9469
6273 9571
6273 9872
6274 6781
6274 8324
6274 9438
6274 9535
6275 7553
6275 8021
6276 6993
6276 7680
6276 9719
6277 6371
6277 7303
6277 7304
6277 8073
6277 8697
6277 8954
6277 9208
6277 9239
6278 6306
6278 7177
6278 8042
6278 9290
6279 8618
6279 9633
6280 7106
6280 7605
6280 8679
6280 9430
6281 7297
6281 7659
6281 8200
6282 7364
6282 7926
6282 9084
6283 8185
6283 9236
6283 9595
6283 9633
6284 9403
6284 9934
6285 6339
6285 6482
6285 8467
6285 8554
6285 8808
6285 9510
6285 9597
6286 6438
6286 8287
6286 8488
6286 8985
6286 9350
6286 9887
6287 7367
6287 7550
6287 9139
6287 9311
6288 6603
6288 7515
6288 8721
6289 7179
6289 8638
6289 8992
6290 8634
6290 8759
6290 9289
6291 7653
6291 7952
6291 8920
6291 9870
6292 6503
6292 6567
6292 6707
6292 7065
6292 7721
6292 8062
6292 9619
6293 6362
6293 9531
6294 7362
6294 8626
6295 7753
6295 8061
6295 9839
6296 6517
6296 9825
6296 9947
6297 6914
6297 7688
6297 8034
6298 6332
6298 8115
6298 8549
6298 8801
6299 6854
6299 8045
6299 8629
6299 8961
6299 9384
6300 6390
6300 6750
6300 7412
6300 8950
6300 9044
6300 9459
6300 9652
6301 6493
6301 7021
6301 8857
6301 9322
6301 9997
6302 7709
6302 8084
6302 8136
6303 6532
6303 6576
6303 6823
6303 8333
6303 9325
6304 6866
6304 7925
6304 9311
6305 9122
6306 6830
6306 9343
6306 9441
6308 6696
6308 8230
6309 6909
6309 6981
6310 6711
6310 7560
6310 8290
6310 8965
6310 9039
6311 6743
6311 8076
6311 8168
6311 9290
6312 7351
6312 8385
6312 8540
6312 9372
6312 9460
6313 8537
6313 9147
6313 9302
6314 6345
6314 8109
6314 8222
6314 8727
6314 9474
6314 9974
6315 6492
6315 7102
6315 9578
6316 7703
6316 8369
6316 9549
6316 9673
6317 7779
6317 8016
6317 8697
6317 9958
6318 6959
6318 7260
6318 7875
6318 8344
6318 8865
6318 9797
6319 7785
6319 8359
6319 8552
6319 8864
6319 8967
6319 9830
6320 7894
6320 7942
6320 8106
6320 8280
6320 9607
6320 9728
6321 7175
6321 7556
6321 7911
6321 9304
6323 9130
6323 9152
6324 7579
6325 6822
6325 7174
6325 8939
6325 9063
6325 9637
6325 9792
6325 9833
6326 7419
6326 7849
6326 7943
6327 8366
6327 8938
6327 8981
6327 9589
6327 9648
6328 7997
6328 8011
6328 8422
6329 6338
6329 7223
6329 9833
6329 9960
6331 6652
6331 7538
6331 7735
6331 8106
6331 8357
6332 7535
6332 8604
6333 7022
6333 7297
6333 7832
6333 7858
6333 7867
6333 8325
6334 6897
6334 7889
6334 9234
6334 9371
6334 9383
6335 7259
6335 7683
6335 9670
6336 6488
6336 7845
6336 7916
6336 8442
6336 8947
6337 7359
6337 9686
6338 6424
6338 6485
6338 7165
6338 7266
6338 8400
6338 8421
6338 9388
6338 9594
6338 9663
6339 6704
6339 7406
6339 7408
6339 8466
6339 9435
6340 6435
6340 6440
6340 6509
6340 6734
6340 7133
6340 7134
6340 9608
6340 9692
6341 8401
6341 9481
6342 6625
6342 7721
6342 8867
6342 9054
6342 9692
6343 9662
6343 9744
6343 9862
6344 6748
6344 8197
6344 9436
6344 9471
6345 6758
6345 7298
6345 7854
6345 8951
6345 9135
6345 9301
6345 9797
6346 6450
6346 7201
6346 7967
6346 8990
6346 8996
6346 9290
6346 9929
6346 9957
6347 8273
6347 8483
6347 9935
6348 7842
6348 9126
6349 7874
6349 8316
6349 9031
6349 9062
6350 6522
6350 6820
6351 7683
6351 8080
6351 8093
6351 8304
6351 9386
6351 9772
6351 9943
6353 7963
6353 8650
6354 6721
6354 6826
6354 7137
6354 7212
6354 9679
6355 6773
6355 9297
6355 9409
6357 7103
6357 7826
6357 9174
6358 9595
6358 9986
6359 7401
6359 7721
6359 9646
6359 9703
6359 9885
6360 7464
6360 8757
6361 8665
6361 9081
6361 9695
6361 9960
6361 9975
6362 6648
6362 7673
6362 8537
6363 6666
6363 6751
6363 7512
6363 8138
6363 8802
6363 9321
6364 7676
6365 7685
6365 7707
6365 7744
6365 8120
6365 8528
6366 8189
6366 8578
6366 8584
6367 7276
6367 7850
6367 8819
6368 6698
6368 7683
6369 7324
6369 7638
6370 6652
6370 6658
6370 7310
6370 7975
6370 9479
6371 7520
6371 7854
6371 8360
6372 6628
6372 6800
6372 8988
6372 9670
6373 7372
6373 7701
6373 8157
6374 7779
6374 8077
6374 8517
6374 9641
6375 8099
6375 9027
6375 9043
6376 6800
6376 7024
6376 7218
6376 7581
6376 7917
6376 8754
6376 9304
6376 9871
6377 6669
6377 8003
6379 8598
6379 9821
6379 9911
6379 9973
6380 6994
6380 7206
6380 7220
6380 7856
6380 8336
6380 8955
6380 9057
6380 9832
6381 7381
6381 7516
6381 8020
6382 8088
6382 8475
6382 9998
6383 6427
6383 8070
6383 9119
6383 9958
6384 6401
6384 6497
6384 7969
6384 9989
6385 7403
6385 7420
6385 7816
6385 8501
6385 9276
6386 7328
6386 7341
6386 7529
6386 7590
6386 9660
6387 6395
6387 7446
6387 9037
6388 6480
6388 7146
6388 7448
6388 8354
6388 8512
6388 8535
6389 7011
6389 7170
6389 7229
6389 8514
6389 8594
6389 8796
6390 6558
6390 6653
6390 7023
6390 7739
6390 7891
6390 8538
6390 8944
6390 8993
6390 9191
6390 9436
6390 9695
6391 7162
6391 7890
6391 8219
6391 9978
6391 9988
6392 8691
6392 8862
6392 9700
6393 7087
6393 8736
6393 9460
6394 6565
6394 7596
6394 8644
6394 8696
6394 9496
6395 6520
6395 7411
6395 7464
6395 7554
6395 7966
6395 8477
6395 9241
6396 7355
6396 7760
6396 7765
6396 9607
6396 9638
6397 6800
6397 8645
6397 8761
6398 7146
6398 7685
6398 7694
6398 8176
6398 8457
6398 8550
6398 8840
6398 9602
6399 7130
6399 7395
6399 7708
6399 8159
6399 9938
6400 6426
6400 8178
6400 8421
6400 8501
6400 9678
6401 8546
6401 8746
6401 9426
6401 9545
6401 9714
6402 6476
6402 7485
6402 9014
6402 9345
6403 6485
6403 6920
6403 8197
6404 7503
6404 7765
6404 8651
6404 9609
6404 9621
6404 9877
6405 7965
6405 9364
6405 9380
6406 6981
6406 8935
6406 9416
6407 7039
6407 8975
6407 9411
6407 9635
6408 7140
6408 7582
6409 7021
6409 7517
6409 9120
6410 7385
6410 9414
6411 9037
6411 9350
6411 9983
6412 8194
6412 8800
6412 9470
6413 7194
6413 9823
6414 6848
6414 9391
6414 9500
6415 9175
6415 9711
6416 7292
6416 8367
6417 8881
6418 6953
6418 8059
6418 8587
6418 9974
6419 6599
6419 6960
6419 7742
6419 9305
6420 8051
6420 9278
6420 9529
6421 6593
6421 7359
6421 9585
6422 8131
6422 8855
6422 8918
6422 9500
6423 7429
6423 7752
6423 8332
6423 9410
6423 9743
6424 9396
6424 9884
6425 6502
6425 7418
6425 8398
6425 8620
6426 7180
6427 6944
6427 6994
6427 7351
6427 7519
6427 7542
6427 7763
6427 8525
6428 6586
6428 8425
6428 8515
6428 9377
6429 6673
6429 7112
6429 7930
6429 8370
6429 9316
6429 9583
6430 6482
6430 9128
6430 9359
6431 7325
6431 9448
6433 7208
6433 7228
6434 7145
6434 8266
6434 9423
6434 9486
6434 9853
6435 6693
6435 8197
6435 8695
6435 8826
6435 9585
6436 8483
6436 8493
6436 8631
6436 8746
6436 8803
6436 9319
6436 9733
6437 7579
6437 8751
6437 8976
6437 9442
6438 6882
6438 7375
6438 8391
6438 9313
6439 6633
6439 7422
6439 9118
6439 9455
6439 9739
6440 9096
6440 9518
6441 6947
6441 7992
6442 6476
6442 6654
6442 9090
6443 6757
6443 7466
6443 8365
6443 9457
6443 9970
6444 7162
6444 7167
6444 7730
6444 8204
6444 9124
6444 9243
6444 9510
6445 6802
6445 7957
6445 8416
6446 8511
6447 6537
6447 6874
6447 7640
6447 8936
6448 7141
6448 7903
6448 8003
6448 9506
6450 6960
6450 8506
6450 9388
6451 6649
6451 6783
6451 7953
6451 8135
6452 6793
6452 6957
6452 7528
6452 8187
6452 8450
6452 9215
6452 9842
6453 6599
6453 7506
6453 7957
6453 8699
6453 9412
6454 7441
6454 7872
6454 8176
6454 8532
6454 9093
6455 8004
6455 9395
6456 6797
6456 7312
6456 8185
6456 8682
6456 8712
6456 9657
6457 6721
6457 7729
6457 8961
6458 7022
6458 7140
6459 6952
6459 7193
6459 7671
6459 9275
6459 9383
6459 9912
6460 6833
6460 6922
6461 6781
6461 8149
6462 7456
6462 8232
6462 8647
6462 8661
6462 8951
6462 9058
6463 6799
6463 8564
6463 9237
6463 9293
6463 9687
6464 6890
6464 7732
6464 8340
6464 8566
6464 8589
6464 8702
6464 9709
6465 7585
6465 8296
6465 9569
6466 6762
6466 7593
6466 8310
6466 8545
6466 8799
6466 9172
6467 6666
6467 7683
6468 7877
6468 8064
6469 6904
6469 7068
6469 8635
6470 6608
6470 6785
6470 8176
6470 9221
6471 6540
6471 6889
6471 7398
6471 8514
6471 9659
6471 9886
6472 7766
6472 9094
6472 9230
6473 7773
6473 9559
6474 7037
6474 7180
6474 7215
6474 7526
6474 8052
6474 8136
6474 8170
6474 9572
6475 7588
6475 8580
6476 6571
6476 9224
6476 9512
6477 6981
6477 8301
6477 8433
6477 9273
6477 9714
6478 6522
6478 7048
6478 8613
6479 8295
6479 8735
6479 9803
6481 7036
6481 7512
6481 9599
6481 9778
6482 6766
6482 7442
6482 7591
6482 8363
6482 8691
6482 9243
6483 6590
6483 6939
6483 8509
6483 9719
6483 9920
6484 7874
6484 7888
6484 8025
6484 8529
6484 8798
6485 7244
6485 9575
6486 7487
6486 7777
6486 7786
6486 8190
6486 9063
6487 6502
6487 7246
6487 8263
6487 8694
6487 8831
6487 8921
6487 8957
6487 9244
6487 9548
6488 7455
6488 7726
6488 7765
6488 9638
6489 7203
6489 7624
6489 8067
6489 8082
6489 8316
6489 8391
6489 9185
6489 9649
6490 7763
6490 7798
6490 8097
6490 8362
6490 8388
6490 9383
6490 9589
6491 7520
6491 8825
6491 9002
6492 7156
6492 7593
6492 7922
6492 8242
6492 9607
6493 7170
6494 8111
6494 8540
6494 8759
6494 9508
6494 9944
6495 6811
6495 7434
6495 7575
6495 8546
6495 9470
6495 9578
6496 7552
6496 8889
6496 8899
6496 9423
6496 9771
6497 6986
6497 7596
6497 8149
6497 9974
6498 8627
6500 7092
6500 7958
6501 6669
6501 7397
6502 6617
6502 8834
6502 9077
6503 6568
6503 6675
6503 7888
6503 8013
6503 8245
6503 9218
6503 9947
6504 7343
6504 8260
6504 9023
6505 7930
6505 8261
6505 9436
6505 9684
6505 9926
6506 6703
6506 6738
6506 7182
6506 7184
6506 9336
6507 8400
6507 8470
6507 8764
6507 9817
6508 7377
6508 9366
6509 6682
6509 7858
6509 8093
6509 8417
6509 8951
6509 9833
6510 8716
6510 9177
6510 9288
6511 8434
6511 8882
6511 9303
6511 9893
6511 9941
6513 6819
6513 7663
6513 7876
6513 8054
6513 9451
6513 9949
6514 7647
6514 8225
6514 9402
6515 6548
6515 7614
6515 9243
6515 9476
6515 9695
6515 9976
6516 7278
6516 7351
6516 8241
6516 8529
6516 8742
6516 8956
6516 9049
6516 9312
6516 9327
6516 9886
6517 6756
6517 7305
6517 7500
6517 8842
6517 9275
6518 7861
6518 8746
6518 9790
6519 6553
6519 7220
6519 7881
6519 9427
6520 7094
6520 7581
6520 8655
6520 8806
6521 7379
6521 7686
6521 8345
6522 7016
6522 7071
6522 7713
6522 8182
6522 8925
6522 9601
6523 7437
6523 8562
6523 9614
6524 6694
6524 8771
6525 7372
6525 7580
6525 8547
6525 9119
6526 8193
6526 8559
6526 8804
6527 6931
6527 7457
6527 8203
6527 9612
6528 7078
6528 7725
6528 9464
6529 7550
6529 8668
6530 6625
6530 7062
6530 7629
6530 7670
6530 8396
6530 8674
6530 8687
6530 9803
6531 6596
6531 6910
6531 9409
6532 8278
6532 9078
6532 9661
6533 8861
6533 9988
6534 7026
6534 7359
6534 7895
6536 9245
6536 9315
6536 9940
6537 6711
6537 7572
6537 8005
6537 8670
6537 9706
6538 6611
6538 7374
6538 8892
6538 9955
6539 6665
6539 7467
6539 7908
6540 6653
6540 7018
6540 8555
6540 8749
6540 9727
6541 6660
6541 7123
6541 7779
6541 8104
6541 8231
6541 9892
6542 7272
6542 7776
6542 7904
6543 6694
6543 7058
6543 7282
6543 7429
6543 7756
6543 9964
6544 6588
6544 6971
6544 7486
6544 7757
6544 7897
6545 7183
6545 7521
6545 8151
6545 9822
6546 6847
6546 7656
6546 8311
6546 8870
6546 9346
6547 7588
6547 8094
6547 8314
6547 9622
6548 6716
6548 6771
6548 8543
6548 8878
6548 8906
6548 9475
6548 9541
6548 9710
6549 6969
6549 7173
6549 9088
6549 9355
6549 9476
6549 9529
6550 7907
6550 8053
6550 8256
6550 9201
6551 7205
6552 6646
6552 7168
6552 8484
6552 9290
6553 7570
6553 8345
6554 6690
6554 6994
6554 8096
6554 9532
6555 6663
6555 8266
6555 9889
6556 7885
6556 8341
6556 9149
6556 9840
6557 7709
6557 7909
6557 8052
6557 8094
6557 9351
6558 7076
6558 7314
6558 7725
6559 7923
6559 8008
6559 8547
6559 8598
6560 7039
6560 7539
6560 8764
6560 9212
6560 9342
6561 7209
6561 7767
6561 8733
6562 6650
6562 7883
6563 7278
6563 8589
6564 7467
6564 7788
6565 9356
6565 9469
6567 7151
6567 8449
6567 8720
6568 7086
6568 8550
6568 9175
6569 9347
6569 9976
6570 6582
6570 7300
6571 6574
6571 7570
6572 7881
6572 8722
6572 9108
6572 9428
6573 6746
6573 7075
6573 8952
6573 9017
6573 9695
6573 9746
6574 7339
6574 7894
6574 8170
6574 9536
6574 9607
6575 7556
6575 8092
6575 9564
6575 9590
6576 7290
6576 9366
6577 8458
6577 8955
6577 9295
6577 9537
6578 8237
6578 8919
6579 6857
6579 8509
6579 8607
6579 8868
6580 9473
6581 8153
6581 8226
6581 9018
6581 9248
6581 9373
6581 9911
6582 6583
6583 8184
6583 9792
6584 7905
6585 7719
6585 8326
6585 8526
6586 6892
6586 7509
6586 7723
6587 6924
6587 7423
6587 7731
6587 8340
6587 9525
6588 9057
6589 6841
6589 7023
6589 9111
6590 8283
6590 9467
6590 9619
6590 9865
6591 6595
6591 7840
6591 8458
6591 8856
6591 8863
6592 6756
6592 6950
6592 7063
6592 7974
6592 8924
6592 8995
6593 8135
6593 8522
6593 9820
6594 6924
6594 7347
6594 7568
6594 8144
6595 8680
6596 8132
6596 9978
6597 9214
6598 6901
6598 7614
6598 9281
6598 9416
6599 7187
6599 7878
6599 8188
6599 9387
6600 8229
6600 8453
6600 9248
6601 7085
6601 8429
6601 9557
6602 7338
6602 7753
6602 8148
6602 8878
6602 9471
6603 9375
6604 6629
6604 6653
6604 7404
6604 8098
6605 9416
6605 9670
6606 7062
6606 7085
6606 7193
6606 9993
6607 7219
6607 7986
6607 9026
6607 9864
6608 6860
6608 7393
6608 7488
6608 9838
6609 7123
6609 7218
6609 7728
6609 7856
6609 8165
6609 8632
6609 8694
6609 8857
6609 9527
6610 7436
6610 8162
6610 9369
6610 9636
6611 8773
6612 7036
6612 9027
6613 6911
6613 7528
6613 8705
6614 6826
6614 7295
6614 7544
6616 7223
6617 7929
6617 8122
6617 9317
6619 7337
6619 8472
6619 8549
6619 8681
6619 9723
6620 6697
6620 6829
6620 8897
6620 9004
6620 9048
6621 9718
6622 7088
6622 7398
6622 9688
6623 7803
6623 8971
6623 9359
6624 8925
6624 9141
6624 9339
6625 7285
6625 7331
6625 9260
6625 9714
6626 6803
6626 7017
6626 7641
6626 7734
6626 8643
6626 9256
6627 6780
6627 7459
6627 9958
6628 9314
6628 9340
6629 6858
6629 6916
6629 7343
6629 7559
6629 8698
6629 8840
6629 9091
6630 7195
6630 7277
6630 7853
6630 9669
6631 7615
6631 8484
6632 7087
6632 7689
6632 8113
6632 9349
6633 7893
6633 8272
6633 9249
6634 6890
6634 7682
6634 8109
6634 9111
6635 6869
6635 8430
6635 8641
6635 9429
6636 8066
6636 9075
6636 9513
6637 6921
6637 7336
6637 7636
6638 7470
6638 8337
6638 8477
6638 9569
6638 9584
6639 7419
6639 7870
6639 8587
6639 9978
6640 7003
6640 7428
6640 8167
6640 8222
6640 8544
6640 9065
6641 7658
6641 7850
6641 8310
6641 8371
6642 6677
6642 6946
6642 7598
6642 7955
6643 7840
6643 9597
6643 9950
6644 7088
6644 7546
6644 8495
6644 8660
6645 7935
6645 9965
6646 7988
6646 9387
6647 7796
6647 7808
6647 8266
6648 7231
6648 7724
6649 6821
6649 6839
6649 7046
6649 7412
6649 7667
6650 7971
6651 7272
6652 6720
6652 6962
6652 8724
6652 8788
6653 7407
6653 7724
6653 9779
6654 7479
6654 7740
6655 6806
6655 9504
6655 9663
6656 7241
6656 7876
6656 7953
6656 8417
6656 8743
6656 8870
6657 8878
6657 9128
6658 7274
6658 7909
6658 8838
6659 7476
6659 8570
6659 8803
6660 7402
6660 9841
6661 6946
6661 7296
6661 8490
6661 9466
6662 7559
6662 8347
6662 8723
6663 7692
6663 7720
6663 7866
6663 8154
6663 9292
6663 9725
6664 7111
6664 7674
6664 8107
6665 7244
6665 9624
6665 9682
6666 8278
6667 9170
6668 9336
6668 9993
6669 6798
6669 6828
6670 7773
6670 9465
6671 6913
6671 8816
6671 9355
6672 6860
6672 7369
6672 8151
6672 9547
6672 9685
6673 7822
6674 7474
6674 7786
6674 8209
6674 8348
6675 7053
6675 7827
6675 9057
6676 6692
6676 7166
6676 7765
6676 9614
6676 9799
6677 7134
6678 6913
6678 7675
6678 8679
6679 7269
6679 8321
6679 8920
6680 8583
6680 9429
6681 7193
6681 9659
6682 6708
6682 7729
6682 8491
6682 9129
6682 9412
6682 9964
6683 8046
6683 8131
6683 8694
6683 8717
6684 7147
6684 7376
6684 7932
6684 9686
6685 7690
6685 8251
6685 8680
6685 9221
6686 7124
6686 7796
6686 8323
6687 7090
6687 7285
6687 7502
6687 9521
6688 7031
6688 7300
6688 8289
6688 8406
6688 8473
6689 7055
6689 7216
6689 9103
6690 7318
6690 8458
6691 6962
6691 7541
6691 7856
6691 9971
6692 6996
6692 7272
6692 7547
6692 9852
6693 7036
6693 7123
6693 7274
6694 7110
6694 7574
6694 7683
6694 9232
6695 8145
6695 8408
6695 9299
6696 7114
6696 7535
6696 8730
6696 8793
6696 9317
6696 9910
6697 7398
6697 7406
6698 7807
6698 7942
6698 8169
6698 8830
6698 9436
6699 7617
6699 7848
6699 9753
6700 7691
6700 9257
6700 9480
6701 6777
6701 8170
6701 9857
6702 6851
6702 7242
6702 8020
6703 7363
6703 9279
6704 6787
6704 6822
6704 6934
6704 7378
6704 7414
6704 7486
6704 9311
6705 8451
6705 9184
6705 9368
6707 7287
6707 7351
6707 9269
6708 7702
6708 8073
6710 6909
6710 8344
6710 8593
6710 9720
6711 7149
6711 7388
6711 7825
6711 8124
6711 8794
6711 9799
6712 7294
6712 9424
6713 8033
6713 8835
6713 9079
6714 7500
6714 8300
6714 9237
6715 7032
6716 6911
6716 7371
6716 8202
6716 8818
6716 9728
6717 6892
6718 8149
6718 8658
6719 7122
6719 7699
6719 8176
6719 8693
6720 7122
6720 8254
6720 9207
6720 9559
6721 6828
6721 7659
6721 7739
6721 8078
6722 6798
6722 7277
6722 8518
6722 8628
6722 9822
6723 6872
6723 6940
6723 6965
6723 7919
6723 7933
6723 8262
6724 8331
6724 8549
6724 9075
6724 9804
6725 6794
6725 7165
6725 7282
6725 7573
6725 9013
6725 9962
6726 6836
6726 7116
6726 8153
6726 8967
6726 9173
6727 7229
6727 8528
6727 8818
6727 9341
6727 9775
6728 7333
6728 8133
6728 8656
6728 9294
6728 9663
6729 9389
6730 7396
6730 9249
6731 8724
6731 8906
6732 8296
6732 8860
6732 9069
6733 8587
6733 9426
6733 9621
6733 9716
6733 9888
6734 6789
6734 7038
6734 7183
6734 7945
6734 9464
6734 9610
6734 9791
6735 9062
6735 9316
6735 9487
6735 9668
6736 6780
6736 7770
6736 9625
6736 9960
6737 7870
6737 8656
6737 9369
6737 9632
6738 6967
6738 8370
6738 9002
6739 9351
6741 8431
6741 9913
6742 7480
6742 8559
6742 9035
6742 9177
6742 9681
6742 9845
6743 7255
6743 7518
6743 9759
6744 8410
6744 8508
6744 8659
6745 7852
6745 7932
6745 7935
6745 8416
6745 8920
6745 9383
6746 7141
6746 7227
6746 7341
6746 9144
6746 9334
6746 9919
6746 9935
6747 6927
6747 9064
6747 9126
6748 9970
6748 9974
6749 7035
6749 7651
6749 7823
6749 9396
6750 8158
6751 8787
6752 7329
6752 8792
6752 8839
6752 9862
6753 7109
6753 8669
6753 8893
6754 7659
6754 8159
6754 8674
6755 7333
6755 8207
6755 8818
6755 9974
6756 7512
6756 8413
6756 9658
6757 7003
6757 7113
6757 9852
6758 7851
6759 7097
6759 7869
6759 8200
6760 8533
6760 9521
6761 7121
6761 7428
6761 8175
6761 9477
6762 7077
6762 7098
6763 6862
6763 9176
6763 9263
6764 7760
6765 7466
6765 7602
6765 8604
6765 9404
6766 7267
6766 8231
6767 7447
6767 9386
6768 6938
6768 7504
6768 8772
6768 9097
6769 8592
6770 7559
6770 9791
6771 7557
6771 7847
6771 8072
6771 8743
6772 7122
6772 7387
6772 8117
6772 9396
6772 9937
6773 7731
6773 8051
6773 9311
6773 9707
6773 9727
6774 8287
6775 7608
6775 8076
6775 8204
6775 8789
6775 9424
6775 9986
6776 7181
6776 8741
6776 9338
6776 9701
6776 9873
6777 8490
6778 7654
6778 8653
6778 9953
6779 9336
6779 9747
6779 9886
6780 6848
6780 8830
6780 9628
6781 8113
6781 8153
6781 8548
6781 8821
6782 8088
6782 8429
6782 9624
6783 7102
6784 8193
6784 8547
6784 8560
6784 8650
6784 8838
6784 9380
6785 6878
6785 9316
6785 9731
6785 9919
6785 9930
6786 6895
6786 7796
6786 8265
6786 8293
6786 8506
6786 9331
6787 7167
6787 8310
6788 8537
6788 9979
6789 7357
6789 7641
6789 7845
6789 8416
6789 8854
6789 9450
6790 7061
6790 7539
6790 7605
6790 7624
6790 8041
6790 9217
6791 7487
6791 7632
6791 8204
6791 8691
6791 8755
6791 8915
6792 7030
6792 7464
6792 8014
6793 7976
6794 8075
6794 8694
6794 8846
6794 9703
6794 9841
6795 7212
6795 7251
6796 7648
6796 8379
6796 9505
6797 8638
6797 9873
6798 6829
6798 7971
6799 7355
6799 7486
6799 7572
6799 7811
6799 8544
6799 9014
6800 6881
6800 7344
6800 8704
6801 6839
6801 7276
6801 7320
6801 9849
6802 7800
6803 7110
6803 7882
6803 9017
6804 7428
6804 7887
6804 9176
6805 8044
6806 8744
6807 6931
6807 7044
6807 8870
6807 8882
6807 9015
6807 9226
6807 9572
6808 7320
6808 8792
6808 9321
6809 7368
6809 8063
6809 9451
6809 9536
6810 7013
6810 8049
6810 9277
6811 6892
6811 8993
6812 7480
6812 7517
6812 8905
6812 9665
6813 7822
6813 8961
6813 9235
6814 6912
6814 7175
6814 7531
6814 9858
6815 8068
6815 9003
6816 7523
6816 9774
6817 7160
6817 8185
6817 8809
6818 7890
6818 8062
6818 8098
6818 8172
6818 9168
6819 7084
6819 7535
6819 7961
6820 8315
6820 9734
6820 9892
6821 7289
6821 7335
6821 7379
6821 8277
6822 6939
6822 8196
6822 9912
6823 7021
6823 7048
6823 7148
6823 8985
6824 6920
6824 7068
6824 7072
6824 9354
6824 9795
6825 8191
6826 6986
6826 8178
6826 8660
6827 7107
6827 7229
6827 7514
6827 7765
6827 8435
6827 8803
6828 7527
6828 7912
6828 8399
6828 8469
6828 9129
6829 7689
6829 7894
6829 9862
6829 9966
6829 9978
6830 8065
6830 8219
6830 9618
6830 9817
6831 7015
6831 7215
6831 7387
6831 8188
6831 8205
6831 8321
6831 8324
6831 9005
6832 8117
6832 9440
6832 9536
6832 9596
6833 8592
6833 9648
6833 9957
6834 7172
6835 8571
6836 8013
6836 8667
6836 8880
6836 8898
6836 9234
6837 8260
6838 7037
6839 7854
6839 7952
6839 8324
6839 8612
6840 6931
6840 7695
6840 8156
6840 8467
6840 8914
6841 8100
6841 8130
6841 8732
6841 9087
6842 8494
6842 8575
6842 8641
6842 9111
6843 7007
6843 8569
6843 8624
6843 9440
6843 9775
6843 9982
6844 8344
6846 8005
6847 7619
6847 8155
6847 9452
6847 9686
6848 7621
6849 9199
6850 7229
6850 8369
6850 8474
6850 8615
6851 9178
6851 9580
6852 8135
6852 8403
6852 8755
6853 8522
6854 6958
6854 8014
6855 7673
6855 8372
6855 9119
6856 9054
6856 9687
6856 9702
6857 7726
6857 7963
6857 8615
6857 8747
6858 7541
6858 7968
6858 8154
6858 8348
6858 8567
6858 8671
6858 9422
6859 7265
6859 7380
6859 8461
6859 8811
6859 9999
6860 7157
6860 7790
6860 8372
6860 8730
6860 8750
6860 9116
6861 7356
6862 7702
6862 8035
6862 8708
6862 8984
6863 7655
6863 9486
6863 9768
6864 7276
6864 7889
6864 8259
6864 8707
6864 8946
6864 9737
6865 7253
6865 8383
6865 8808
6866 7632
6866 7821
6866 7843
6866 8293
6866 9155
6866 9586
6867 8855
6867 9962
6868 7338
6868 7818
6868 8243
6868 8822
6869 6918
6869 7532
6870 6893
6870 7193
6870 7391
6870 9085
6871 6943
6871 8659
6871 8727
6872 7846
6872 8814
6873 7858
6874 8841
6874 9457
6875 8786
6875 9079
6875 9737
6875 9861
6876 8554
6876 8566
6876 8991
6877 6879
6877 7489
6877 7600
6877 7750
6877 7882
6877 8482
6878 9631
6879 8608
6880 7224
6880 8059
6880 9068
6881 7253
6882 7050
6882 7646
6882 7981
6882 9956
6883 6989
6883 7002
6883 7024
6883 7094
6884 7559
6885 7175
6885 7455
6886 7478
6887 8255
6888 7950
6889 8155
6890 7018
6890 7089
6890 7132
6890 7216
6890 9839
6891 7632
6891 9575
6892 7499
6892 7651
6892 8018
6892 9246
6893 7146
6893 8343
6893 9362
6893 9492
6894 7076
6894 8319
6894 8708
6894 9366
6895 6991
6895 7866
6895 8309
6896 7904
6896 8765
6897 7481
6898 7741
6898 9888
6899 8226
6899 9008
6899 9014
6899 9257
6900 7639
6900 7919
6900 7937
6900 8573
6900 8853
6900 8857
6900 8998
6900 9780
6901 7807
6901 9084
6901 9648
6901 9821
6902 8594
6902 9528
6903 8024
6903 8672
6903 9918
6903 9956
6904 7900
6904 8007
6904 8329
6904 8593
6904 9333
6905 7691
6905 7805
6906 7633
6906 8087
6906 8683
6907 7297
6907 7435
6907 9974
6908 7258
6908 7364
6908 9416
6909 6953
6909 8036
6909 8690
6909 9571
6909 9764
6910 7698
6910 8222
6910 8232
6913 7384
6913 9212
6914 9243
6915 7231
6915 7603
6915 7758
6915 9125
6915 9161
6916 8965
6916 9614
6916 9663
6917 7109
6917 7139
6917 7291
6917 7740
6917 9512
6918 8581
6919 7734
6919 8791
6919 9020
6919 9041
6919 9163
6919 9986
6920 7738
6920 8260
6920 8616
6921 7055
6921 7647
6921 8256
6921 8791
6921 8938
6921 9041
6921 9139
6922 8343
6922 8524
6922 9334
6922 9752
6922 9876
6923 9033
6924 7233
6925 9306
6926 8779
6927 9055
6928 7444
6928 7752
6928 8282
6928 9500
6929 9569
6930 8628
6930 9613
6931 8641
6931 8705
6931 9341
6931 9677
6931 9920
6932 7612
6932 8664
6933 7190
6933 7401
6933 7767
6933 8545
6933 9746
6933 9989
6934 8453
6935 7860
6935 9487
6936 6962
6936 7836
6936 8637
6936 9564
6937 7410
6937 7741
6937 8602
6937 9483
6937 9545
6938 7032
6938 7062
6938 8577
6939 8299
6940 7464
6940 7487
6940 7709
6941 7033
6941 8058
6941 8673
6941 8680
6941 9091
6941 9406
6941 9967
6942 7409
6942 7470
6942 7551
6943 8265
6943 8388
6944 7871
6944 7881
6944 9398
6945 7894
6945 8560
6947 7011
6947 7377
6947 7761
6948 7677
6948 8218
6948 8621
6948 8861
6949 9044
6950 7892
6950 8920
6950 9018
6951 7052
6951 7552
6951 9131
6952 7263
6952 9466
6952 9502
6953 7361
6953 8128
6953 8858
6953 9366
6954 8252
6954 8258
6954 8692
6954 9687
6956 7839
6956 8280
6956 8452
6957 7668
6957 7695
6957 7828
6957 8181
6958 7123
6958 8025
6958 8469
6958 9714
6959 8066
6959 9262
6960 7043
6960 7057
6960 7291
6960 7615
6960 7992
6960 8987
6960 9546
6961 7560
6961 8178
6961 9506
6962 7457
6962 7635
6962 7845
6962 8843
6962 9890
6963 7083
6963 7439
6963 8323
6963 9253
6963 9822
6964 8252
6964 9874
6965 8965
6965 9838
6966 7592
6966 7801
6966 8119
6966 8183
6966 8763
6966 8765
6967 7384
6967 7786
6967 7950
6967 8830
6968 7127
6968 9190
6969 7637
6969 7893
6970 7397
6970 7464
6970 7558
6970 8800
6971 7520
6971 7665
6971 7695
6971 7743
6971 8712
6972 9605
6972 9725
6973 7382
6973 7641
6974 7096
6974 7574
6974 9778
6975 8798
6977 9611
6978 8470
6978 9226
6978 9976
6979 9212
6979 9280
6980 7015
6980 7556
6980 7636
6980 8387
6980 8881
6981 8103
6981 9057
6981 9083
6982 7968
6982 8003
6982 9412
6983 7847
6984 6995
6984 8041
6984 9970
6985 8135
6985 9628
6986 8346
6986 8612
6987 7779
6987 9136
6988 8364
6989 7372
6989 8355
6989 8734
6990 8794
6990 9050
6991 7464
6991 7827
6991 8314
6991 9370
6992 7229
6992 9922
6993 7299
6993 7407
6993 9181
6993 9243
6994 8529
6994 9660
6994 9909
6995 7052
6995 9913
6996 7117
6996 7123
6996 7733
6997 8538
6998 7907
6999 7592
6999 8083
6999 8139
7000 7786
7000 9299
7001 9076
7001 9792
7002 8877
7003 8052
7003 9098
7003 9893
7004 7599
7004 7623
7004 8831
7004 9522
7005 7475
7005 9007
7005 9517
7005 9685
7006 7208
7006 9464
7007 8351
7008 7686
7008 7714
7009 8292
7009 9372
7009 9805
7010 8527
7010 8772
7011 7262
7011 8179
7011 9807
7012 7950
7012 9485
7012 9916
7013 7388
7013 7880
7013 9021
7013 9390
7013 9550
7014 8577
7014 8676
7014 8701
7014 8987
7014 9352
7015 7525
7015 7560
7015 9567
7015 9667
7015 9801
7016 9461
7017 7106
7017 7243
7017 7458
7017 7708
7018 7383
7018 7675
7018 8197
7018 8542
7018 9357
7019 7780
7019 7844
7019 8141
7019 9454
7020 7413
7020 7604
7021 8041
7021 8346
7021 8489
7021 8846
7021 9193
7022 9197
7022 9738
7022 9909
7023 7280
7023 8601
7023 9187
7024 7890
7025 7488
7025 7986
7025 8773
7026 7484
7026 7986
7026 8638
7027 7537
7027 9108
7028 7292
7028 7616
7028 7733
7029 8825
7030 9189
7030 9596
7030 9763
7031 8777
7031 8795
7031 9065
7032 7393
7032 8710
7032 8851
7032 9757
7033 7235
7033 8017
7033 8628
7033 9297
7034 7962
7034 8412
7034 8901
7034 9536
7035 7983
7035 9660
7036 7271
7036 7805
7037 7160
7038 7166
7038 7908
7038 9159
7038 9985
7039 7638
7039 8158
7040 7047
7040 8354
7040 9610
7040 9687
7041 7579
7041 9207
7041 9487
7041 9800
7042 7065
7042 9087
7042 9587
7043 7485
7043 9273
7044 7198
7044 8812
7045 7436
7045 7645
7045 7900
7045 9307
7045 9340
7046 7345
7046 8403
7047 7868
7047 7871
7047 8027
7047 8457
7048 9468
7048 9646
7049 8301
7049 9388
7050 7658
7050 8620
7050 9655
7050 9694
7051 7353
7051 9390
7052 7818
7052 8137
7052 8536
7052 9788
7053 7635
7053 8295
7053 9115
7054 7866
7054 8957
7055 7271
7055 7723
7055 8140
7055 8348
7055 8424
7055 9015
7056 8092
7057 7124
7057 8813
7057 9013
7058 7689
7058 7962
7059 8128
7059 8340
7059 8708
7059 9373
7059 9395
7059 9509
7060 7088
7060 7212
7060 8029
7060 8177
7060 8392
7060 9110
7061 7109
7061 7276
7061 8639
7061 8722
7061 9922
7062 7892
7062 9356
7062 9455
7063 9571
7063 9644
7063 9695
7064 7524
7064 8857
7065 9986
7066 7349
7066 7687
7066 9057
7067 8541
7067 8641
7067 8794
7067 9621
7068 7500
7068 7501
7068 8013
7068 8825
7068 9123
7068 9181
7068 9389
7069 7331
7069 7381
7069 7519
7069 7779
7069 7786
7069 8841
7070 7687
7070 8338
7070 8759
7070 9757
7071 7568
7071 8719
7072 7485
7072 7660
7072 9911
7073 7912
7074 7653
7074 8200
7075 7994
7076 8418
7076 9759
7077 7548
7077 7911
7077 8775
7078 7834
7078 8313
7078 8983
7079 7494
7079 7517
7079 8179
7080 8116
7080 9081
7080 9483
7080 9609
7080 9908
7081 7084
7082 7246
7082 9217
7083 7367
7083 7473
7083 8476
7083 9157
7083 9812
7084 7142
7084 7703
7084 7813
7084 9711
7084 9982
7085 7785
7085 8230
7085 8587
7085 8923
7085 9022
7085 9892
7086 8538
7086 8664
7086 8830
7087 7635
7087 9326
7088 7757
7088 9653
7089 7842
7089 8035
7090 8301
7090 9361
7090 9634
7091 8081
7091 9087
7091 9598
7092 7975
7092 8442
7092 8680
7092 9087
7093 8152
7093 8509
7093 9455
7094 7286
7094 9203
7095 8212
7095 8316
7095 8425
7096 7269
7096 7405
7096 7439
7096 7479
7096 9372
7096 9446
7096 9860
7097 7482
7097 9351
7098 7616
7098 8043
7098 8406
7098 9074
7099 7250
7099 8110
7099 8999
7100 7742
7100 7927
7100 8946
7101 7198
7101 8383
7102 7270
7102 8163
7102 9975
7103 7488
7103 9976
7104 8860
7104 9389
7105 7318
7105 8163
7105 9848
7106 8515
7106 9438
7107 7437
7107 8833
7107 9042
7107 9797
7108 7575
7108 9416
7108 9918
7109 7220
7109 8089
7109 8853
7109 9775
7110 8264
7110 8396
7110 9889
7111 7219
7111 7492
7111 8513
7112 7281
7112 8355
7112 8636
7112 9171
7112 9889
7113 8984
7114 7414
7114 7491
7114 9350
7114 9692
7115 7164
7115 7323
7115 8002
7115 9005
7115 9604
7116 7793
7116 7967
7116 8941
7116 9161
7117 7242
7117 9308
7117 9618
7117 9623
7118 8665
7118 9838
7119 7769
7119 8167
7119 8690
7121 7391
7121 7952
7121 8368
7121 8711
7121 9141
7121 9666
7122 8363
7122 9342
7123 7495
7123 8711
7124 7545
7124 9251
7125 8953
7126 7599
7126 9030
7128 7497
7128 7843
7128 8652
7128 9337
7129 7632
7129 9448
7130 7403
7130 8155
7130 8569
7130 9316
7130 9405
7130 9456
7130 9781
7131 7777
7131 7971
7131 8322
7131 8558
7131 8858
7131 8957
7132 9694
7133 8363
7133 9426
7134 8355
7134 8482
7134 9247
7134 9390
7135 7520
7135 7593
7135 7698
7135 8217
7135 9424
7136 7327
7136 8270
7136 8545
7136 9292
7137 9851
7138 8808
7139 7777
7139 9033
7141 8157
7142 7264
7142 7303
7142 8210
7142 9224
7143 7356
7143 8103
7143 8256
7143 8509
7143 8557
7143 9995
7144 8088
7145 7749
7145 8844
7145 8908
7145 9727
7146 7185
7146 7537
7146 8140
7146 8694
7146 9114
7146 9999
7147 8581
7147 9316
7148 7488
7148 7504
7148 9671
7148 9826
7149 7462
7149 9941
7150 7819
7150 8110
7150 8830
7150 9504
7152 7575
7152 9308
7152 9486
7153 7350
7153 8910
7153 9007
7153 9125
7153 9523
7154 8025
7155 7853
7155 8345
7156 7477
7156 9716
7157 8327
7157 8630
7157 9925
7158 7994
7158 8799
7158 9220
7159 9532
7160 8213
7160 8738
7160 9422
7161 7233
7161 7723
7161 7951
7163 7354
7163 9079
7164 7984
7164 8024
7164 8605
7164 9473
7165 7250
7165 7447
7165 8748
7165 9581
7166 8562
7166 8638
7166 9001
7166 9479
7167 7572
7167 8733
7167 9042
7169 9690
7170 7233
7170 8922
7171 7263
7171 8541
7171 9372
7171 9776
7172 8624
7172 9409
7172 9728
7173 8095
7173 8476
7173 8512
7174 8197
7174 8241
7174 9703
7175 9009
7175 9405
7176 9465
7177 7837
7177 7933
7178 9523
7179 7849
7179 7863
7179 7869
7179 8208
7179 8303
7180 9016
7180 9400
7181 9629
7181 9837
7182 7277
7182 7304
7182 7618
7182 7845
7182 8691
7182 8693
7182 9665
7182 9676
7183 8812
7184 8490
7184 9210
7185 7970
7185 8244
7185 9614
7186 7545
7186 8203
7186 9309
7186 9516
7187 8260
7187 8594
7187 9128
7188 7324
7188 8786
7188 9288
7188 9627
7188 9651
7189 7473
7190 9043
7190 9899
7191 7963
7191 9160
7192 7253
7192 7366
7192 7554
7192 8830
7192 9894
7193 7194
7193 7315
7193 8231
7193 9020
7193 9371
7194 7544
7194 8878
7194 9226
7194 9275
7196 7479
7196 8977
7196 8997
7196 9237
7196 9397
7196 9406
7197 9324
7200 7634
7200 9674
7200 9681
7201 9393
7202 7327
7202 7922
7203 7452
7203 7630
7203 7645
7203 8778
7203 9270
7204 7299
7204 9371
7205 8745
7205 8937
7205 9247
7206 7666
7206 8256
7206 8639
7206 8817
7206 8962
7207 8692
7208 8003
7208 8340
7208 8761
7208 9170
7209 7323
7209 7817
7209 8020
7209 8879
7209 9011
7209 9075
7211 7979
7211 8053
7211 9394
7212 9657
7212 9849
7213 7586
7213 9259
7214 7401
7214 8090
7214 8559
7215 8296
7216 7364
7216 8740
7216 9588
7217 9539
7218 7794
7218 7873
7218 7940
7218 8066
7218 8636
7219 7558
7219 9130
7219 9445
7221 7351
7221 7850
7221 8268
7222 7988
7222 8820
7222 9193
7222 9461
7222 9766
7223 7283
7223 8465
7223 8634
7223 9233
7223 9410
7223 9842
7224 7933
7225 7401
7225 7957
7225 8181
7225 9857
7226 7473
7226 7487
7226 8143
7227 7969
7227 8681
7227 9420
7227 9614
7228 9144
7228 9334
7229 8288
7229 8780
7229 9279
7230 7499
7230 8738
7230 8752
7230 8993
7231 7277
7231 8871
7231 9463
7232 7635
7232 8127
7232 8292
7232 8416
7233 8730
7233 9571
7234 9128
7234 9729
7235 7762
7235 8939
7236 7285
7236 8317
7236 9830
7237 8202
7237 8765
7238 7887
7238 8780
7238 8838
7238 9719
7240 8449
7240 9056
7241 7856
7241 8475
7241 8666
7242 8644
7242 8715
7242 8724
7242 9312
7242 9884
7243 8974
7243 9078
7243 9815
7244 9443
7245 7970
7245 8771
7245 9102
7245 9296
7246 8648
7247 7325
7247 7748
7247 8569
7248 7367
7248 8108
7248 8119
7248 8317
7248 8341
7249 7751
7249 8329
7251 7941
7251 8207
7251 8576
7251 9390
7252 8356
7253 7706
7253 7790
7253 8736
7253 9035
7253 9235
7253 9701
7254 7462
7254 9007
7254 9248
7255 8211
7255 8536
7256 8300
7256 9294
7256 9801
7258 7696
7258 7768
7258 9314
7258 9528
7259 7453
7259 7601
7259 7750
7259 9628
7260 7429
7260 8077
7260 8278
7260 8346
7260 9412
7261 8102
7262 7943
7262 8863
7262 9121
7263 7747
7263 8244
7263 8508
7263 8545
7264 7581
7264 9986
7266 7647
7266 8108
7266 9747
7267 7549
7267 8413
7267 9211
7267 9508
7268 8939
7268 9405
7269 9474
7270 8203
7270 8410
7270 9552
7270 9685
7271 7555
7271 7915
7271 8123
7271 8917
7272 8305
7273 8828
7274 8801
7275 9195
7275 9224
7276 9535
7276 9932
7277 7646
7277 8073
7277 8338
7277 8693
7277 9402
7278 7807
7278 8399
7279 7470
7279 8007
7279 8364
7279 9362
7280 7832
7280 8629
7280 9728
7282 7397
7282 8810
7283 7640
7283 8289
7283 8928
7283 9310
7284 8417
7284 8778
7284 9541
7285 9803
7286 7482
7286 8473
7286 8622
7286 9924
7287 7586
7287 8023
7287 8174
7288 7489
7288 8499
7288 8666
7288 8951
7289 8503
7289 8917
7289 9862
7290 7602
7290 8178
7291 8417
7291 8993
7291 9758
7292 7621
7292 8054
7293 8254
7293 8456
7293 9055
7293 9365
7295 8433
7296 8821
7296 9235
7296 9339
7297 7983
7297 8926
7297 8977
7297 9020
7298 9167
7298 9254
7299 7320
7299 7403
7299 8154
7299 8766
7299 8919
7299 9561
7300 7443
7300 9158
7300 9708
7301 7359
7301 7593
7301 7725
7301 8892
7301 9675
7302 8685
7303 7445
7303 7465
7303 8698
7303 8703
7303 9851
7304 7594
7304 8405
7304 9093
7304 9667
7304 9983
7306 9722
7307 7796
7307 8057
7307 8186
7307 9824
7307 9901
7308 8089
7308 9191
7308 9701
7309 9155
7309 9660
7310 7721
7310 7988
7310 8709
7310 9290
7310 9452
7313 8535
7313 9808
7314 8315
7314 9697
7314 9989
7315 7937
7315 9034
7315 9942
7316 9342
7316 9898
7317 9600
7318 8151
7318 8166
7318 8700
7318 9010
7318 9771
7319 7947
7319 8810
7319 9750
7320 9783
7321 8424
7322 7974
7322 8757
7322 9476
7323 7499
7323 7670
7323 7968
7323 8560
7324 8037
7324 9106
7324 9947
7325 7856
7325 8133
7325 8914
7325 9678
7325 9874
7326 8039
7327 9784
7329 7997
7329 8401
7329 9296
7329 9980
7330 9636
7330 9850
7331 8971
7331 8988
7331 9303
7331 9924
7331 9943
7332 8952
7332 9907
7333 7528
7333 7765
7333 8205
7334 7802
7334 8954
7335 9294
7336 7559
7336 7652
7336 7862
7336 8270
7337 7729
7337 8932
7337 9730
7338 7633
7338 8530
7339 7975
7339 8452
7339 9910
7340 8177
7340 9047
7340 9464
7341 8094
7341 8128
7341 9406
7341 9521
7342 7561
7342 8102
7342 8434
7342 9319
7343 7763
7343 8558
7344 7815
7344 8048
7344 8236
7345 7556
7345 7574
7345 8246
7345 9532
7345 9691
7346 7423
7346 8388
7346 8396
7346 8705
7346 9970
7347 9427
7347 9876
7348 7409
7348 8019
7348 8036
7348 8851
7348 9308
7348 9706
7348 9992
7349 7773
7349 8172
7349 8181
7349 9324
7349 9665
7350 7394
7350 9919
7352 8310
7352 8940
7352 9030
7352 9903
7353 9937
7354 9045
7354 9565
7355 9570
7356 8097
7356 8327
7356 8582
7356 8910
7357 7749
7357 8140
7357 8614
7357 8992
7357 9687
7358 8608
7358 9404
7359 7555
7359 8739
7359 8893
7359 8988
7359 9970
7360 7920
7362 7654
7362 7667
7362 7806
7362 8592
7363 7845
7363 7942
7363 9199
7364 7817
7365 8939
7365 9378
7366 7881
7366 8003
7367 8695
7367 9393
7368 7969
7368 9140
7368 9629
7369 8726
7369 9392
7370 8935
7371 7420
7371 8727
7372 7567
7372 8686
7373 7394
7373 7586
7373 8074
7374 9112
7374 9486
7375 8456
7375 9718
7376 7844
7376 9614
7376 9615
7377 7808
7378 7621
7378 8977
7379 7382
7379 7609
7380 8156
7380 9695
7380 9749
7380 9774
7381 8245
7381 8472
7381 8714
7381 9408
7381 9615
7381 9889
7381 9909
7382 8161
7382 9562
7382 9574
7383 7488
7383 9455
7383 9498
7383 9666
7384 9101
7385 7388
7385 7567
7385 7961
7385 8338
7385 8893
7385 9126
7386 9098
7387 7807
7387 8520
7387 9655
7387 9934
7388 7912
7388 8429
7388 9211
7388 9427
7390 7549
7390 8088
7390 8456
7390 9474
7390 9817
7391 8167
7391 9090
7391 9906
7392 7543
7392 7749
7392 8173
7392 8208
7392 9567
7392 9725
7394 7421
7394 7471
7394 7686
7394 8039
7394 8176
7394 8746
7395 7540
7395 7692
7395 8155
7395 8847
7395 9385
7396 7748
7396 9861
7397 7493
7397 8637
7397 8668
7397 8795
7398 8719
7398 9033
7398 9220
7398 9263
7398 9339
7398 9829
7399 8354
7399 9670
7400 9081
7401 7794
7401 9044
7402 7664
7402 9621
7403 7903
7404 7537
7404 9369
7404 9728
7405 9130
7405 9554
7406 7725
7406 8106
7406 8741
7406 9459
7406 9623
7407 7854
7407 7920
7408 8284
7409 7956
7409 8760
7410 7475
7410 9090
7410 9404
7411 8990
7412 8525
7412 8816
7412 9601
7413 7966
7414 9365
7415 9558
7415 9948
7417 8072
7417 8924
7418 7576
7418 7796
7418 8044
7418 8086
7418 8160
7418 8434
7418 9947
7419 8060
7419 8914
7419 9334
7419 9822
7420 7672
7420 7959
7421 9668
7422 8824
7422 9911
7423 7852
7423 8079
7423 8618
7423 8751
7423 9038
7423 9687
7423 9978
7424 7677
7424 8268
7424 9815
7425 7756
7425 8499
7425 9057
7425 9751
7426 7581
7426 8749
7426 9486
7426 9770
7427 7985
7427 8170
7427 8420
7427 8819
7428 9271
7429 8461
7430 8728
7430 9732
7430 9860
7431 7866
7432 7846
7432 7959
7432 8663
7432 9035
7432 9334
7432 9439
7433 7464
7433 8801
7433 8989
7433 9549
7433 9720
7434 8531
7434 8614
7435 8760
7435 9109
7435 9539
7436 7600
7436 8952
7437 7662
7437 8976
7438 7769
7438 8594
7438 9176
7438 9894
7439 7876
7439 9217
7439 9278
7439 9417
7440 7855
7440 8619
7440 9915
7441 9596
7442 8923
7443 8089
7443 9254
7444 7459
7444 8900
7444 9037
7445 7669
7445 7746
7445 8041
7445 9201
7445 9238
7445 9413
7445 9533
7446 7618
7446 9988
7447 8099
7447 8403
7447 9900
7448 9472
7448 9722
7449 7574
7449 8318
7449 8672
7450 9040
7450 9617
7451 8455
7451 9020
7452 8744
7452 9103
7452 9635
7453 8269
7453 8328
7453 8558
7453 8626
7453 9784
7454 9643
7455 7751
7455 9766
7456 7901
7456 9656
7456 9986
7457 7513
7457 9458
7458 7997
7458 8152
7458 8844
7458 9730
7459 9075
7459 9827
7460 8003
7460 8097
7460 8466
7462 9829
7463 8929
7463 9915
7464 8430
7464 8770
7464 9534
7464 9980
7465 8211
7465 8643
7465 8699
7465 9214
7466 8722
7467 7983
7467 8463
7467 8903
7467 9483
7468 8056
7469 8130
7469 9649
7470 9220
7471 8262
7471 8949
7472 8003
7472 8115
7472 9998
7473 7501
7473 7691
7473 7751
7473 7840
7473 7891
7473 8463
7473 9687
7474 7746
7474 9001
7475 8188
7475 8196
7475 9319
7475 9357
7475 9839
7476 7542
7477 8152
7477 9302
7478 7612
7478 8818
7478 9605
7479 8041
7479 9252
7479 9870
7479 9928
7480 8352
7480 8782
7480 9207
7480 9510
7480 9894
7482 8880
7482 9570
7483 7507
7483 8790
7483 9830
7483 9850
7483 9983
7484 7533
7484 7683
7484 8484
7485 9522
7486 7890
7486 8786
7486 8876
7486 9990
7487 7638
7487 8282
7487 9475
7487 9553
7488 7953
7488 8299
7488 8692
7488 8904
7488 9558
7489 7503
7490 7769
7490 9125
7491 7814
7492 7516
7492 8344
7492 9199
7492 9233
7493 8700
7493 9252
7494 7699
7494 7977
7494 8182
7494 8725
7494 9289
7494 9799
7494 9880
7495 8203
7495 8600
7496 9200
7497 8603
7497 8961
7497 9358
7497 9445
7498 7703
7498 8898
7498 9103
7498 9356
7499 7528
7499 7729
7499 8644
7499 8779
7499 8909
7499 8910
7499 9857
7500 8027
7501 8140
7501 8298
7501 9277
7501 9467
7502 7658
7502 7776
7502 8197
7502 8435
7502 8436
7502 9770
7504 8000
7504 9217
7504 9233
7506 8530
7506 8804
7506 9796
7508 8367
7508 9333
7508 9665
7510 8394
7510 8534
7510 9503
7511 8336
7512 8205
7512 8542
7512 9703
7512 9958
7513 9052
7513 9557
7515 9063
7515 9368
7517 7823
7517 9603
7518 7908
7518 8831
7518 9123
7519 9405
7520 8720
7520 8955
7521 7931
7521 7984
7522 7757
7522 7894
7522 7989
7522 9720
7523 8766
7524 7599
7524 8216
7524 9872
7524 9936
7524 9972
7525 8722
7525 8852
7526 7884
7526 8207
7526 9632
7527 7915
7527 9913
7528 8679
7528 8971
7528 9016
7529 8158
7529 9772
7530 8454
7530 8532
7530 8757
7530 9804
7531 8905
7531 9372
7531 9976
7532 7725
7533 8716
7533 9087
7534 8226
7535 7616
7535 8170
7535 8224
7535 8796
7535 8860
7536 8839
7536 9072
7536 9624
7537 8104
7537 9395
7538 8027
7538 8286
7538 9292
7538 9516
7539 8259
7539 9442
7540 9043
7540 9710
7541 8354
7541 8367
7542 7626
7542 8792
7542 9407
7542 9580
7543 7737
7543 8990
7543 9361
7544 8066
7544 9972
7546 8688
7546 8775
7546 9615
7547 8604
7547 8732
7547 9458
7547 9574
7548 8008
7548 9659
7549 7630
7549 7786
7549 8637
7549 9373
7549 9574
7550 8226
7550 8924
7550 9444
7550 9476
7552 8068
7553 9966
7554 8580
7554 9757
7555 7581
7555 7659
7555 9383
7556 8336
7556 9229
7557 9283
7557 9465
7558 8904
7558 8939
7559 7869
7559 8882
7559 9847
7560 8257
7561 8008
7561 9345
7561 9993
7562 8102
7562 9230
7563 7843
7563 8164
7563 9672
7564 9172
7564 9692
7565 9840
7566 8334
7566 9331
7567 8174
7567 8689
7568 9684
7569 8875
7570 8146
7571 8483
7572 7638
7572 9913
7573 9763
7575 9866
7576 7649
7576 8092
7576 8688
7577 8725
7577 9205
7578 8758
7578 9554
7578 9650
7579 8167
7579 9695
7580 7861
7580 8273
7581 8763
7583 8265
7583 9506
7584 8555
7584 8763
7585 9873
7586 7665
7586 7669
7586 8718
7586 8856
7586 9859
7587 8893
7587 9111
7587 9608
7588 9563
7589 8232
7589 9652
7590 8337
7590 9608
7591 9400
7591 9412
7593 7894
7593 9226
7593 9405
7594 7649
7594 8629
7594 8646
7595 7655
7596 8202
7596 8987
7596 9079
7597 8110
7597 8518
7598 9575
7599 9358
7600 9003
7600 9029
7601 8331
7601 9135
7601 9599
7602 9317
7602 9752
7603 8490
7603 9284
7604 7977
7604 8553
7605 8364
7605 8691
7605 9785
7606 8780
7608 8344
7609 8413
7610 8435
7611 8239
7611 8994
7611 9101
7612 8569
7612 9980
7613 8638
7613 9403
7613 9867
7614 7628
7614 7963
7615 7786
7615 8751
7616 8347
7617 7774
7617 8244
7617 8511
7618 8033
7618 9134
7618 9679
7619 8506
7619 8530
7619 8567
7620 8748
7620 9366
7621 8119
7622 9016
7622 9387
7624 8615
7624 9204
7625 8269
7626 8083
7626 9169
7626 9728
7626 9973
7627 7940
7627 8720
7627 8728
7627 9997
7629 7643
7629 8087
7629 9696
7630 8761
7631 8022
7631 8514
7631 9538
7631 9733
7631 9751
7633 8400
7633 9163
7633 9453
7634 8580
7635 8282
7635 9706
7636 8142
7636 8386
7636 8701
7636 9977
7637 7891
7637 8868
7637 9245
7637 9557
7638 8852
7638 8861
7638 9063
7639 7882
7639 8331
7639 9225
7639 9375
7641 8193
7642 7690
7642 8238
7644 7881
7644 8241
7644 8562
7644 9355
7645 7845
7645 8716
7646 9002
7646 9072
7647 8534
7647 9025
7647 9713
7648 8967
7648 9285
7649 8666
7649 9454
7650 8647
7650 8749
7651 8050
7651 8201
7651 9930
7652 9234
7653 7702
7653 7856
7653 9174
7653 9917
7654 9010
7655 8507
7655 9498
7655 9946
7656 7732
7656 8137
7657 8354
7657 8860
7658 8388
7658 8898
7658 9163
7659 7706
7660 7980
7660 8303
7660 8620
7660 9092
7661 9156
7662 9131
7663 8520
7664 8624
7665 8741
7665 9245
7665 9879
7666 7870
7666 8223
7666 8700
7667 8029
7667 9404
7667 9966
7668 7791
7668 8040
7669 9007
7670 8161
7670 8240
7670 9667
7671 8694
7671 9758
7672 8537
7672 8965
7673 7688
7674 8109
7674 8495
7674 8983
7674 9298
7676 7724
7676 8477
7676 9520
7677 7794
7677 9025
7677 9559
7677 9895
7678 8280
7678 8750
7678 9013
7678 9873
7679 8310
7679 9787
7680 9156
7681 8039
7681 8163
7681 8662
7681 9371
7681 9643
7682 7795
7682 8487
7682 9334
7683 8102
7683 9306
7684 7776
7684 8598
7685 8346
7685 8446
7685 9364
7686 8126
7686 9525
7687 9178
7687 9996
7688 8099
7688 8218
7689 8324
7689 8907
7691 8597
7691 9668
7692 8346
7692 9448
7693 7694
7694 8943
7695 8877
7695 9261
7695 9847
7696 8236
7697 8067
7697 9932
7698 7820
7698 7825
7698 8284
7699 8412
7701 8831
7701 9406
7701 9970
7702 9098
7703 8390
7703 8460
7703 9187
7704 8444
7704 8451
7704 8886
7704 9307
7705 7891
7705 8086
7706 8520
7706 9414
7707 8488
7708 8454
7708 9648
7708 9898
7708 9949
7710 8294
7710 8522
7710 8840
7711 7796
7711 8451
7711 9256
7713 8172
7713 8221
7713 8645
7713 8823
7714 7731
7714 7985
7714 9710
7715 7868
7715 9180
7715 9723
7715 9810
7716 8364
7716 9140
7717 8052
7717 8763
7718 9057
7718 9886
7719 8694
7719 8825
7720 9887
7721 8078
7721 8513
7721 9995
7722 8214
7722 9369
7722 9837
7724 8190
7724 9017
7726 8404
7726 8526
7726 9263
7726 9477
7728 8836
7728 8839
7729 8582
7729 9341
7730 8017
7730 8905
7730 9224
7731 8519
7731 9431
7731 9864
7732 8950
7732 9265
7732 9739
7732 9934
7733 9624
7734 8050
7734 8326
7736 9391
7736 9862
7738 8624
7738 9950
7739 8404
7739 9228
7739 9415
7740 8089
7740 8459
7741 8131
7741 8257
7741 8629
7741 8715
7742 9590
7743 8736
7745 8690
7745 9110
7746 7907
7747 9016
7747 9501
7747 9651
7747 9779
7747 9986
7749 8342
7749 8481
7749 9043
7749 9114
7749 9586
7750 8908
7751 8842
7752 8122
7752 8700
7752 8854
7753 8376
7754 7821
7754 8299
7755 7879
7755 8673
7756 8694
7757 8323
7757 8502
7757 8948
7757 9050
7757 9490
7757 9623
7758 7859
7758 9044
7759 8065
7759 8078
7759 8227
7759 9770
7761 8521
7761 8786
7761 9008
7761 9028
7761 9072
7761 9118
7762 7941
7762 9709
7762 9739
7763 8789
7763 8882
7764 8465
7765 8640
7766 8090
7766 8916
7766 9151
7767 8297
7767 8385
7770 9931
7770 9952
7771 8685
7771 8944
7773 9543
7774 8621
7774 9164
7774 9279
7775 7914
7775 8183
7775 8707
7775 9498
7775 9601
7775 9654
7776 7801
7776 8306
7776 9771
7777 8017
7777 9112
7777 9894
7778 8972
7779 7780
7779 8302
7779 8512
7779 8779
7780 9100
7781 8254
7781 9658
7781 9910
7781 9944
7782 8878
7783 7973
7783 8020
7783 8188
7783 9269
7784 7983
7784 8205
7784 8233
7784 8349
7784 9010
7785 8952
7785 9917
7786 8946
7787 7916
7787 9620
7788 8122
7789 9204
7789 9560
7789 9940
7790 8014
7790 8298
7791 7869
7791 9526
7792 8778
7793 8246
7793 8476
7793 8678
7793 8757
7794 8520
7794 8691
7794 8930
7795 8667
7796 9223
7796 9981
7797 7827
7797 9536
7798 8435
7798 9057
7799 8202
7799 8481
7799 8906
7799 8959
7799 9595
7799 9839
7799 9873
7800 8217
7800 9624
7801 7997
7801 9318
7801 9361
7802 9542
7803 8241
7804 8700
7805 8194
7805 9014
7805 9436
7806 8595
7806 9144
7806 9222
7807 8602
7808 9889
7809 7865
7809 8304
7809 8376
7809 9905
7810 7989
7810 8365
7811 8290
7811 9312
7811 9980
7812 8901
7812 8982
7812 8999
7813 8128
7813 9647
7813 9750
7813 9780
7814 9367
7815 7865
7815 8043
7815 8147
7815 9062
7816 8287
7816 9782
7817 7903
7817 9846
7818 8909
7818 9041
7818 9791
7820 8565
7820 8947
7821 7915
7821 8973
7821 9637
7821 9820
7822 8697
7822 8810
7823 9003
7823 9544
7825 8851
7825 8881
7826 8205
7826 8896
7826 9146
7827 8214
7827 9796
7828 8749
7828 9148
7828 9859
7829 8124
7829 8318
7829 8783
7829 9522
7830 8370
7832 8668
7832 9085
7834 8044
7834 8984
7834 9466
7834 9550
7835 9907
7836 8117
7837 8136
7837 8334
7837 9393
7838 8891
7838 9748
7839 9544
7840 7946
7840 8346
7841 8004
7841 8326
7841 8837
7842 8542
7843 8914
7844 8526
7844 8560
7844 8575
7845 7890
7845 9800
7846 9216
7846 9292
7848 7914
7848 8141
7848 9580
7850 9255
7850 9960
7851 8000
7851 8648
7851 9375
7852 8138
7852 9414
7852 9457
7852 9887
7853 9044
7853 9097
7853 9301
7853 9475
7853 9710
7854 8835
7854 9164
7854 9941
7855 8609
7857 8026
7857 8773
7857 9337
7857 9913
7858 8637
7858 8781
7859 8377
7859 9611
7861 8281
7861 8894
7861 9317
7861 9402
7862 9322
7863 9331
7863 9563
7863 9697
7864 8348
7864 8350
7864 8533
7864 9408
7864 9926
7865 9019
7866 8093
7866 8465
7866 8863
7867 9439
7867 9977
7868 7918
7869 7997
7869 8657
7869 8881
7869 9824
7870 8133
7870 8583
7871 8219
7871 8222
7871 8593
7871 9118
7872 8749
7873 8210
7873 9657
7873 9816
7874 8758
7874 9229
7874 9609
7874 9807
7875 9136
7875 9229
7875 9248
7876 8100
7876 8845
7877 8407
7877 8616
7878 9193
7878 9406
7879 8821
7879 9077
7879 9860
7880 8347
7880 8702
7881 7990
7881 8391
7882 8841
7882 9115
7883 8182
7883 9892
7884 8530
7884 9635
7885 8360
7885 9536
7885 9820
7885 9914
7886 8821
7887 9576
7888 8464
7888 8825
7888 9646
7888 9773
7889 9546
7889 9975
7889 9995
7890 8413
7890 9490
7891 8403
7891 9771
7893 9899
7895 8809
7895 9809
7896 7987
7896 8456
7896 8654
7897 9164
7897 9811
7897 9836
7898 7996
7898 8306
7899 9437
7900 9587
7901 7979
7901 8327
7901 9117
7902 8540
7902 8890
7903 8401
7903 8653
7903 9856
7904 8160
7904 8385
7904 8540
7904 8911
7905 8790
7905 9470
7906 9958
7907 8598
7907 8619
7907 9201
7907 9483
7908 8334
7908 9800
7909 8074
7909 8348
7909 8752
7910 7993
7910 8614
7910 9293
7911 9789
7912 8048
7912 9338
7912 9951
7912 9976
7913 9723
7916 8277
7916 8557
7916 8581
7917 8069
7917 8988
7918 8182
7918 9506
7919 8124
7919 8710
7920 8693
7920 8717
7920 9118
7923 7972
7923 8377
7924 8715
7924 8951
7924 9995
7925 8042
7925 8109
7925 8208
7927 8970
7927 9184
7927 9882
7929 9479
7931 7997
7931 8063
7931 8703
7932 9304
7932 9429
7933 7999
7933 9301
7934 9741
7934 9863
7935 8743
7935 9375
7935 9826
7936 9335
7939 8021
7939 8302
7939 8857
7941 7984
7941 9247
7941 9870
7942 9131
7943 8512
7944 7973
7944 8227
7945 8032
7947 8362
7947 9258
7948 8889
7949 8958
7949 9039
7949 9285
7949 9546
7949 9971
7951 8340
7951 9136
7952 9237
7952 9562
7953 9786
7954 9012
7954 9315
7954 9806
7955 8906
7958 8529
7958 9248
7958 9271
7958 9646
7959 9531
7959 9635
7961 7976
7961 8300
7961 8918
7961 9560
7961 9902
7962 8085
7962 8136
7962 9278
7962 9819
7963 9813
7964 8234
7964 9128
7964 9520
7965 9048
7965 9205
7965 9383
7967 8681
7967 8952
7967 9116
7967 9708
7967 9762
7968 8217
7968 8544
7969 8702
7970 8006
7970 8229
7970 9097
7972 9288
7974 9726
7975 8172
7976 8489
7976 9152
7977 8194
7978 8904
7979 8921
7979 9492
7979 9611
7980 7998
7980 8087
7980 8897
7981 8123
7981 8442
7981 8806
7981 9287
7982 7989
7982 8741
7982 9748
7983 8620
7983 9677
7985 8257
7985 8353
7985 9542
7985 9558
7985 9654
7985 9884
7986 8002
7986 8209
7986 8662
7986 8693
7986 9248
7987 7997
7987 9473
7988 8467
7988 8566
7988 9212
7988 9357
7988 9809
7989 9720
7990 9117
7990 9816
7990 9907
7991 8018
7991 8243
7991 9614
7991 9896
7992 9005
7993 9766
7993 9883
7995 8139
7996 8957
7996 9560
7997 9039
7997 9204
7997 9881
7997 9958
7998 9096
7999 8626
7999 9256
7999 9616
8000 9885
8001 8536
8001 9556
8002 8020
8002 8289
8002 8315
8002 9033
8004 8679
8004 9303
8005 8106
8005 8112
8005 8552
8005 8581
8008 8644
8008 9164
8009 9228
8010 8116
8010 9373
8012 8608
8013 8720
8013 9050
8014 9133
8014 9429
8014 9619
8016 9602
8016 9804
8017 8712
8017 8813
8017 8989
8017 9410
8018 9841
8018 9850
8019 8523
8019 8634
8019 8837
8020 9544
8021 8869
8021 8958
8021 9425
8022 8805
8022 9097
8022 9679
8023 8224
8023 8938
8023 9506
8023 9563
8024 8180
8024 8629
8024 9356
8025 8769
8025 8951
8026 8251
8026 8558
8026 9224
8026 9472
8027 8902
8027 9254
8028 9184
8029 8116
8029 8471
8030 9203
8030 9410
8030 9496
8030 9563
8031 8453
8031 8706
8031 8719
8032 8298
8032 8713
8032 9660
8033 8264
8033 8756
8033 8834
8033 9069
8034 8573
8034 9386
8035 9293
8037 9768
8038 8366
8039 9575
8041 9949
8042 8246
8042 8671
8043 8655
8044 9059
8044 9372
8044 9726
8045 9114
8045 9160
8045 9906
8046 8174
8046 8480
8046 9890
8047 8299
8049 8441
8049 8529
8049 8692
8050 8462
8050 9458
8051 8211
8051 8382
8051 8896
8053 8579
8053 9398
8053 9860
8054 9079
8055 8598
8056 8402
8060 8107
8060 9706
8061 9346
8062 8572
8062 9079
8062 9519
8062 9794
8063 9074
8064 9325
8065 8108
8067 8338
8067 9122
8067 9457
8067 9903
8068 8551
8068 9269
8070 9164
8070 9985
8071 8901
8072 8714
8073 9197
8073 9866
8074 8693
8075 9489
8075 9706
8075 9946
8076 9564
8076 9799
8076 9971
8077 9240
8078 8909
8079 9421
8079 9578
8080 8257
8080 8388
8080 8446
8080 8866
8080 9359
8081 8349
8081 8928
8082 8866
8082 9542
8082 9702
8083 9219
8083 9284
8083 9854
8083 9919
8084 8402
8084 9265
8084 9298
8085 8203
8086 8445
8087 8100
8090 9719
8090 9750
8092 8188
8093 9525
8093 9661
8095 9239
8095 9734
8096 8593
8096 8716
8096 8768
8096 9008
8096 9645
8097 8995
8097 9236
8098 8111
8098 8486
8098 9131
8098 9373
8099 8878
8100 8984
8100 9336
8101 8859
8101 9547
8103 8405
8103 9931
8104 8232
8105 8774
8105 9119
8105 9369
8106 9481
8106 9880
8107 8567
8107 8748
8108 8356
8108 9460
8108 9549
8110 8338
8110 8940
8110 9774
8111 8632
8113 8500
8114 9257
8115 9381
8116 8255
8116 9328
8117 9263
8117 9566
8118 8331
8118 8602
8118 9442
8120 9834
8121 9153
8121 9272
8123 9014
8124 8798
8124 9165
8126 8176
8126 8198
8126 8826
8127 9064
8128 9599
8128 9701
8129 8967
8129 9513
8129 9830
8130 8623
8130 9606
8130 9751
8131 8423
8131 8670
8131 9277
8131 9869
8133 9252
8133 9269
8135 9311
8136 8553
8136 9539
8137 9203
8137 9992
8138 8582
8138 8909
8138 9364
8139 8500
8140 8608
8141 8288
8141 8423
8141 8704
8141 9379
8142 9087
8144 8537
8144 8558
8144 9450
8144 9989
8145 8723
8145 9060
8145 9343
8145 9771
8145 9858
8145 9911
8146 8486
8146 9202
8147 9907
8148 8628
8149 8203
8150 8425
8150 9660
8151 8199
8151 8325
8152 9819
8153 9534
8154 8224
8156 9758
8156 9827
8157 8657
8157 9044
8157 9217
8158 9134
8160 9067
8160 9690
8161 8458
8162 8875
8162 9333
8164 8664
8164 8919
8164 9552
8164 9915
8165 8866
8165 9294
8165 9979
8166 9851
8167 9124
8167 9941
8168 8943
8169 8665
8169 9208
8170 8342
8170 8800
8171 8914
8171 9019
8171 9577
8172 8841
8172 8847
8173 9470
8173 9827
8174 8261
8174 9169
8175 9347
8176 8503
8176 8606
8177 8566
8177 8948
8177 9094
8177 9909
8177 9946
8178 9009
8179 9118
8180 8838
8180 9736
8181 9381
8181 9520
8182 8345
8183 8420
8183 8426
8183 9567
8184 9212
8186 8348
8186 8640
8187 9599
8190 8832
8190 9147
8192 8980
8193 8819
8193 8931
8193 9434
8193 9658
8195 8206
8195 9306
8195 9617
8196 8875
8196 8993
8196 9032
8196 9151
8196 9375
8197 9528
8201 8300
8201 8560
8201 9177
8202 8943
8202 9046
8203 9719
8203 9920
8204 9411
8206 8565
8206 8688
8207 8647
8207 9915
8208 8337
8208 8576
8208 9122
8208 9672
8210 8669
8210 8726
8210 9687
8211 8963
8212 8219
8212 8242
8213 9267
8213 9364
8214 8528
8214 9146
8214 9354
8214 9736
8215 8349
8216 9621
8217 9575
8218 8347
8218 8605
8220 8442
8220 9190
8220 9722
8221 9365
8223 9096
8223 9319
8223 9816
8223 9876
8224 8788
8224 9509
8224 9511
8225 8735
8225 9414
8226 8528
8226 9889
8227 8306
8227 8558
8227 9516
8227 9542
8227 9804
8228 8471
8228 8679
8228 9613
8229 9860
8230 9614
8231 8664
8231 8797
8231 8891
8231 9347
8232 9098
8233 8812
8234 8633
8234 9274
8235 8577
8235 9957
8236 8681
8237 8290
8237 8914
8237 9610
8237 9826
8238 8343
8239 8467
8239 9481
8241 8379
8241 8393
8241 8593
8243 9066
8243 9287
8244 8540
8244 8725
8245 8691
8245 9117
8245 9562
8245 9727
8245 9953
8246 8381
8246 9229
8247 8691
8247 8700
8248 8727
8248 9043
8248 9934
8249 9183
8250 8524
8250 8702
8250 9384
8250 9580
8251 9674
8252 8503
8252 8621
8252 8811
8252 9769
8252 9839
8254 8268
8254 8363
8254 8959
8254 9516
8255 8626
8255 9178
8255 9684
8255 9734
8256 8369
8256 9231
8257 9512
8259 8365
8260 9846
8260 9859
8261 9375
8262 9086
8262 9485
8262 9839
8262 9930
8263 9585
8263 9976
8264 8273
8265 8868
8265 9003
8266 9021
8266 9050
8267 9245
8267 9945
8268 8499
8269 9306
8269 9422
8270 8794
8270 8921
8270 8997
8270 9727
8272 8528
8272 8614
8272 8899
8272 9791
8273 8568
8274 8564
8275 8823
8276 8518
8276 8721
8277 8692
8278 8328
8278 9652
8280 9597
8281 8618
8281 9329
8281 9715
8284 8444
8284 8782
8284 9069
8284 9662
8284 9906
8286 8300
8287 8925
8287 8937
8287 8938
8287 9957
8288 8542
8288 9476
8289 8438
8289 9046
8290 8575
8290 9331
8291 9345
8291 9786
8292 9428
8293 8480
8293 9077
8293 9198
8293 9320
8294 8366
8294 9019
8295 8394
8295 8722
8295 8793
8295 9674
8295 9904
8295 9958
8296 8806
8296 9272
8296 9608
8297 9004
8298 9677
8299 8472
8299 9225
8300 9797
8300 9872
8302 8326
8302 8903
8303 8316
8303 8665
8303 9368
8303 9792
8304 9267
8304 9937
8305 8943
8305 9363
8306 8346
8306 8968
8307 9512
8307 9833
8308 8969
8309 8693
8310 8727
8310 9018
8310 9152
8310 9297
8311 9373
8312 9478
8314 8375
8314 8416
8314 9548
8315 8891
8316 8621
8316 9410
8317 9901
8318 8571
8319 9781
8320 9510
8321 8967
8321 9641
8322 9584
8323 8889
8324 8642
8324 8864
8325 8440
8325 8881
8326 8347
8326 8889
8328 8551
8328 8638
8328 9868
8329 8428
8329 8824
8329 9912
8330 9796
8331 9331
8332 9330
8332 9576
8333 9764
8334 8503
8335 8997
8336 8676
8337 8580
8337 9703
8339 8370
8339 9504
8339 9505
8341 8495
8341 9373
8342 9860
8343 8527
8343 8650
8343 8730
8343 9207
8343 9910
8346 9850
8348 9861
8349 8432
8349 9344
8349 9538
8350 8483
8351 9308
8352 9210
8353 9474
8353 9877
8354 8696
8355 8721
8356 8861
8356 9436
8356 9955
8357 9468
8358 9402
8358 9691
8358 9774
8359 8381
8360 8568
8360 9157
8360 9335
8360 9703
8361 9068
8362 9050
8362 9589
8364 9357
8365 8518
8366 9552
8368 8654
8368 9607
8369 9734
8369 9900
8370 8955
8371 8618
8372 8923
8372 9530
8374 8420
8374 8930
8374 9009
8374 9594
8375 9341
8375 9397
8376 8504
8376 8927
8376 9295
8376 9563
8377 8812
8377 9784
8378 8432
8378 8580
8378 8726
8378 9485
8378 9595
8379 9111
8380 9772
8381 8386
8382 8753
8383 9117
8383 9280
8384 8418
8384 9328
8385 9399
8386 8735
8386 8901
8386 9640
8387 9006
8387 9016
8388 8843
8388 9531
8388 9717
8389 9603
8390 8626
8391 8941
8394 8919
8394 9540
8395 9449
8396 9502
8397 8897
8397 9031
8397 9973
8398 9700
8399 8887
8399 9794
8400 8897
8401 8698
8401 9964
8401 9991
8402 8849
8402 9058
8402 9344
8402 9827
8403 9701
8404 9859
8405 8718
8405 9297
8405 9315
8405 9485
8406 8772
8408 8471
8408 8806
8408 9156
8408 9652
8411 8500
8411 8826
8411 9581
8411 9684
8411 9895
8413 9129
8413 9254
8413 9452
8415 8741
8415 9122
8417 8697
8417 9257
8417 9809
8418 8586
8418 9076
8418 9563
8418 9856
8419 8845
8420 9997
8423 8455
8423 8760
8423 9124
8425 9637
8426 8986
8426 9103
8427 8517
8427 9588
8428 8864
8428 9044
8429 9221
8429 9520
8431 8442
8431 8899
8432 8787
8432 8828
8432 9435
8432 9482
8432 9730
8433 8911
8434 8688
8434 8875
8435 9080
8435 9356
8436 8581
8436 8875
8437 9754
8438 8628
8438 8857
8438 9435
8440 9053
8440 9211
8441 8697
8443 9328
8444 9395
8445 8617
8445 9663
8445 9946
8446 8520
8449 8925
8452 8490
8452 8709
8452 8878
8453 9134
8454 9068
8454 9837
8455 9928
8456 9698
8457 9801
8458 9559
8458 9570
8459 8967
8459 9893
8462 8739
8462 9173
8463 8575
8463 9971
8464 8658
8465 9543
8466 9000
8467 9132
8468 9589
8469 9334
8469 9849
8470 9045
8471 8632
8471 8666
8471 9396
8472 8855
8472 9765
8474 8498
8474 8557
8474 8713
8474 9596
8474 9646
8475 9119
8476 9616
8477 8618
8477 8635
8477 8955
8477 9005
8478 9234
8479 8498
8479 8968
8479 9127
8479 9429
8479 9582
8480 9195
8480 9854
8481 9714
8484 9863
8485 8772
8485 8873
8486 8631
8487 9347
8487 9842
8489 8599
8489 8603
8489 8703
8490 9102
8491 8528
8491 8884
8491 9202
8492 9709
8493 8779
8493 8792
8493 8797
8493 9091
8493 9789
8494 8616
8494 9460
8495 8675
8495 9100
8495 9362
8495 9398
8496 9352
8497 8880
8498 9639
8499 9045
8499 9049
8499 9836
8500 8617
8501 9086
8501 9314
8502 9243
8503 9415
8503 9496
8503 9534
8503 9927
8504 9289
8505 9645
8505 9806
8506 9274
8507 9361
8509 8590
8509 9161
8509 9567
8510 9582
8512 9404
8512 9791
8513 9824
8514 8672
8514 9775
8514 9832
8515 8848
8516 8560
8516 9632
8516 9657
8518 8740
8518 8924
8518 9379
8518 9428
8518 9712
8518 9844
8519 8989
8520 8883
8520 9250
8520 9715
8521 9325
8521 9434
8522 9422
8523 8771
8523 9020
8523 9056
8524 9446
8527 8839
8527 9013
8527 9580
8527 9665
8528 8922
8528 9823
8529 8667
8530 8624
8530 8740
8530 9518
8531 8925
8531 9390
8532 9960
8533 8616
8533 9526
8534 8637
8535 9592
8535 9874
8536 8557
8536 8864
8536 9840
8537 9287
8538 8634
8538 9256
8538 9440
8538 9459
8538 9551
8539 8727
8541 8567
8541 9267
8542 9314
8543 9998
8544 9609
8545 8548
8546 9066
8549 9650
8550 8781
8550 9654
8552 8847
8552 9481
8553 8620
8553 9294
8553 9812
8554 9308
8554 9416
8555 8682
8555 9799
8557 9184
8557 9452
8557 9707
8559 9013
8559 9210
8560 9387
8560 9535
8561 8935
8562 9097
8562 9519
8562 9529
8563 9266
8563 9500
8564 8748
8564 8823
8564 8941
8564 9109
8564 9927
8565 9622
8567 8728
8568 8689
8568 9733
8568 9818
8569 8909
8570 9815
8571 8779
8571 9200
8572 9957
8573 8974
8573 9142
8573 9218
8573 9505
8574 8827
8575 9859
8575 9961
8576 9357
8577 9430
8578 9076
8578 9711
8579 9818
8580 8611
8580 9558
8583 8764
8583 9864
8584 9530
8585 9338
8585 9581
8586 9175
8587 8985
8587 9843
8589 9086
8589 9837
8590 9999
8591 9449
8592 8755
8592 9113
8593 8907
8593 8908
8593 8992
8595 9076
8595 9173
8595 9671
8596 9540
8597 8683
8597 8996
8598 8885
8598 9525
8599 9681
8601 8943
8601 9160
8604 9533
8605 9498
8605 9546
8605 9652
8606 8853
8606 9477
8607 9642
8608 8782
8608 8942
8609 8668
8609 8924
8610 8662
8610 9078
8611 9030
8612 8662
8612 9074
8614 9513
8615 9761
8615 9838
8618 8970
8618 9625
8618 9648
8619 8966
8619 9088
8620 8899
8621 9257
8621 9339
8622 9603
8622 9810
8622 9903
8623 8949
8623 9455
8623 9837
8624 9235
8624 9404
8624 9842
8626 9543
8626 9962
8628 9224
8628 9319
8628 9713
8629 9245
8629 9792
8630 8905
8630 9627
8630 9996
8631 8678
8635 9506
8637 8978
8637 9556
8638 8683
8638 9470
8638 9777
8638 9818
8639 8641
8639 8985
8639 9070
8640 8836
8640 9876
8641 9532
8642 9551
8643 9490
8644 9621
8645 8916
8646 8838
8646 9489
8647 9291
8648 9821
8651 8657
8651 8910
8651 9250
8651 9959
8652 8779
8652 9146
8652 9418
8652 9708
8653 9435
8653 9704
8653 9857
8654 9161
8654 9474
8655 8929
8655 8986
8655 9224
8655 9670
8655 9909
8655 9970
8657 8667
8657 9883
8658 9184
8658 9748
8658 9783
8659 8816
8659 9543
8659 9794
8659 9820
8661 8720
8661 8902
8662 9654
8664 8875
8664 9428
8664 9979
8665 9129
8666 9356
8667 9472
8668 9311
8668 9400
8669 8773
8669 9176
8669 9934
8671 8792
8671 8940
8672 8723
8672 8760
8672 8808
8673 9139
8674 9686
8676 9282
8677 8786
8677 9429
8677 9439
8678 8690
8678 9183
8678 9901
8679 9775
8680 9621
8682 9271
8682 9637
8682 9856
8682 9912
8683 8968
8683 9314
8683 9691
8683 9842
8686 9748
8687 9249
8688 9818
8689 9306
8689 9720
8690 8771
8690 9080
8690 9242
8690 9646
8691 8726
8694 9715
8694 9867
8695 9640
8696 8900
8697 9406
8697 9574
8698 9368
8700 9073
8700 9711
8701 8968
8702 8769
8702 9299
8704 9484
8705 9006
8706 8849
8707 9055
8707 9416
8707 9646
8708 9999
8709 9678
8710 9307
8712 8801
8712 9600
8713 8989
8713 9864
8713 9895
8713 9974
8714 8836
8714 9898
8716 9252
8716 9564
8716 9778
8717 9034
8718 8956
8722 9694
8723 9246
8723 9976
8724 9355
8724 9900
8725 8838
8725 8921
8725 8936
8725 9170
8728 8812
8730 9327
8732 9379
8733 9710
8734 9676
8738 9361
8740 9517
8740 9828
8741 9171
8742 8778
8742 9354
8744 9665
8745 8899
8745 9116
8745 9618
8746 9447
8749 9025
8749 9433
8749 9446
8749 9491
8749 9723
8751 9329
8751 9723
8754 9162
8755 8900
8755 9101
8756 9332
8758 9012
8758 9350
8758 9751
8760 9580
8760 9856
8761 9391
8762 9537
8763 9121
8764 9860
8765 9371
8766 9261
8766 9955
8767 9347
8768 9469
8769 9315
8769 9937
8770 9147
8771 9061
8771 9168
8771 9268
8771 9311
8771 9625
8773 9268
8774 9156
8774 9763
8775 9264
8776 9902
8778 9058
8778 9813
8779 8871
8781 9584
8781 9720
8781 9792
8784 9826
8784 9855
8785 9308
8785 9331
8785 9388
8791 9093
8792 9195
8793 8913
8793 9592
8794 9600
8794 9654
8795 9162
8795 9353
8795 9418
8796 9016
8796 9133
8798 9058
8798 9648
8799 9089
8799 9568
8799 9865
8801 9343
8805 8927
8805 9551
8805 9598
8806 9466
8807 9341
8808 9044
8810 9177
8811 9124
8811 9984
8812 8980
8812 9532
8813 9602
8814 9044
8814 9966
8816 9140
8816 9243
8816 9304
8818 9206
8818 9536
8818 9986
8821 9206
8821 9333
8822 9266
8822 9294
8823 8906
8824 9038
8824 9938
8826 9048
8828 9997
8829 9970
8830 8831
8831 9163
8831 9935
8832 9272
8832 9893
8833 9495
8833 9713
8833 9794
8834 9109
8835 9500
8836 9070
8837 9783
8837 9958
8838 9755
8839 9299
8840 9542
8841 9055
8841 9147
8841 9301
8842 9516
8845 8883
8845 9803
8846 9425
8847 9145
8848 9846
8849 9847
8850 9858
8855 9817
8856 8898
8858 9238
8859 9270
8860 9405
8860 9612
8861 9695
8862 9422
8863 9508
8864 9139
8864 9301
8864 9527
8864 9608
8866 9676
8868 9400
8868 9611
8871 8883
8874 9644
8874 9753
8876 9302
8876 9662
8876 9669
8878 8881
8882 9213
8882 9560
8884 9755
8884 9818
8885 8968
8886 9617
8886 9728
8887 9780
8888 9625
8888 9838
8890 8992
8890 9528
8891 9052
8892 9694
8894 9479
8895 8933
8896 9241
8896 9262
8896 9809
8899 9001
8899 9597
8900 9155
8902 9441
8902 9804
8903 8924
8903 9182
8903 9787
8904 9122
8904 9791
8905 9320
8908 9115
8908 9848
8909 8968
8909 9943
8912 9250
8914 9344
8915 8998
8916 9550
8917 9677
8917 9799
8919 9649
8919 9911
8920 9091
8920 9291
8922 9111
8922 9392
8924 8927
8925 8984
8925 9283
8925 9591
8926 9491
8926 9682
8927 9327
8927 9965
8928 9454
8928 9457
8929 9390
8929 9614
8929 9795
8929 9992
8931 9438
8931 9903
8933 9024
8933 9354
8933 9392
8933 9795
8934 9625
8935 9733
8936 9056
8936 9136
8936 9537
8938 8990
8938 9017
8939 9345
8939 9903
8939 9988
8940 9281
8940 9754
8941 8953
8941 9387
8941 9486
8941 9677
8941 9914
8943 9854
8944 9302
8944 9514
8945 9418
8946 9428
8946 9921
8947 9162
8950 8951
8950 9965
8951 9692
8954 9041
8954 9351
8955 8972
8955 9821
8956 9963
8957 9587
8958 9041
8959 9722
8961 9363
8964 9366
8964 9450
8964 9593
8966 9451
8967 8999
8968 9183
8969 9645
8969 9831
8970 9264
8971 9463
8972 9746
8974 8984
8977 9956
8978 9207
8978 9538
8978 9834
8982 9826
8983 9152
8984 9058
8984 9127
8984 9630
8985 9307
8986 9406
8990 9268
8991 9789
8993 9501
8993 9557
8994 9034
8994 9633
8994 9882
8995 9427
8995 9460
8995 9615
8995 9801
8996 9341
9000 9484
9002 9994
9003 9311
9005 9637
9008 9100
9010 9665
9012 9439
9012 9704
9013 9438
9017 9714
9019 9764
9020 9583
9021 9715
9022 9995
9026 9414
9027 9160
9027 9967
9028 9534
9029 9584
9029 9647
9030 9269
9030 9379
9031 9402
9034 9847
9037 9773
9037 9902
9039 9335
9039 9674
9042 9157
9043 9436
9045 9669
9046 9311
9046 9490
9047 9389
9050 9421
9050 9784
9052 9381
9054 9708
9055 9809
9056 9155
9056 9814
9057 9418
9058 9795
9059 9136
9060 9369
9060 9858
9061 9213
9061 9560
9062 9484
9066 9107
9066 9384
9066 9576
9066 9762
9068 9266
9068 9506
9069 9118
9071 9170
9072 9558
9073 9866
9075 9718
9077 9631
9079 9089
9079 9651
9080 9303
9080 9768
9081 9381
9081 9503
9082 9387
9083 9812
9084 9229
9084 9402
9084 9702
9086 9265
9086 9873
9087 9614
9088 9108
9088 9137
9089 9346
9089 9579
9089 9765
9090 9140
9092 9708
9093 9934
9093 9976
9097 9777
9097 9856
9098 9336
9098 9582
9098 9813
9099 9724
9100 9162
9100 9769
9103 9879
9103 9896
9104 9787
9104 9831
9106 9256
9107 9136
9107 9273
9107 9276
9108 9296
9109 9319
9109 9588
9111 9751
9112 9248
9114 9850
9117 9226
9117 9624
9118 9571
9119 9184
9120 9190
9121 9143
9121 9231
9122 9692
9122 9719
9123 9745
9124 9825
9126 9779
9127 9652
9133 9784
9135 9395
9135 9451
9135 9712
9136 9149
9136 9363
9138 9737
9139 9716
9144 9379
9144 9625
9146 9839
9146 9847
9146 9873
9148 9889
9148 9944
9149 9919
9150 9908
9153 9263
9155 9168
9156 9894
9157 9416
9158 9293
9158 9589
9160 9661
9161 9284
9161 9610
9162 9401
9165 9462
9165 9705
9167 9300
9169 9323
9169 9551
9172 9287
9172 9916
9173 9967
9174 9296
9174 9688
9174 9858
9174 9888
9177 9644
9178 9354
9181 9552
9182 9243
9182 9506
9185 9972
9187 9475
9189 9836
9192 9543
9193 9330
9194 9330
9194 9989
9195 9325
9199 9557
9199 9935
9201 9432
9204 9573
9208 9247
9208 9489
9211 9362
9213 9888
9215 9622
9216 9295
9218 9499
9218 9848
9220 9997
9221 9591
9222 9893
9223 9527
9225 9813
9227 9989
9229 9465
9230 9422
9230 9626
9230 9732
9231 9580
9233 9691
9233 9919
9236 9596
9236 9640
9238 9916
9240 9654
9243 9625
9245 9399
9245 9720
9246 9482
9246 9554
9248 9256
9250 9934
9251 9892
9251 9969
9258 9378
9260 9673
9261 9470
9261 9867
9263 9543
9263 9806
9263 9939
9265 9340
9266 9872
9267 9386
9269 9582
9270 9394
9270 9710
9271 9290
9272 9735
9273 9713
9274 9277
9274 9307
9274 9673
9275 9495
9277 9953
9278 9407
9279 9826
9279 9927
9280 9499
9280 9500
9282 9349
9283 9650
9285 9363
9288 9341
9288 9358
9289 9683
9289 9862
9292 9331
9292 9866
9293 9752
9294 9761
9295 9513
9297 9891
9298 9380
9298 9486
9299 9305
9301 9408
9306 9452
9306 9747
9306 9780
9309 9758
9312 9335
9312 9856
9315 9402
9315 9697
9317 9591
9317 9880
9317 9994
9318 9568
9319 9675
9321 9610
9322 9455
9322 9871
9324 9452
9326 9557
9326 9609
9326 9674
9328 9647
9328 9992
9330 9383
9330 9409
9330 9817
9331 9845
9332 9760
9332 9943
9335 9633
9336 9465
9336 9792
9337 9941
9338 9507
9339 9530
9339 9655
9340 9406
9341 9390
9341 9969
9344 9849
9352 9453
9352 9454
9352 9798
9352 9887
9353 9883
9354 9559
9355 9442
9355 9785
9357 9652
9359 9948
9361 9719
9367 9727
9368 9831
9370 9899
9373 9703
9374 9951
9375 9686
9377 9798
9377 9934
9381 9573
9381 9854
9383 9961
9386 9593
9389 9538
9390 9656
9394 9608
9395 9953
9397 9707
9398 9598
9398 9767
9400 9900
9401 9948
9402 9725
9403 9540
9405 9876
9405 9975
9405 9989
9406 9892
9407 9902
9411 9438
9412 9513
9413 9662
9413 9915
9416 9768
9417 9420
9418 9606
9419 9529
9419 9733
9421 9446
9421 9923
9422 9642
9423 9485
9423 9570
9430 9816
9431 9473
9433 9604
9435 9567
9437 9494
9437 9777
9437 9850
9437 9914
9437 9941
9447 9656
9449 9840
9450 9820
9450 9908
9454 9644
9456 9782
9457 9606
9458 9770
9459 9734
9459 9983
9460 9793
9462 9711
9462 9950
9463 9836
9465 9738
9465 9777
9466 9610
9466 9735
9468 9503
9468 9893
9469 9923
9473 9894
9474 9960
9480 9769
9486 9988
9489 9511
9489 9794
9492 9895
9493 9941
9498 9973
9502 9807
9508 9976
9515 9989
9519 9532
9520 9757
9522 9961
9523 9548
9526 9539
9526 9793
9527 9913
9530 9817
9530 9948
9537 9957
9538 9572
9541 9625
9544 9610
9544 9636
9545 9557
9546 9970
9547 9951
9551 9816
9552 9712
9553 9577
9553 9827
9554 9888
9562 9956
9562 9999
9564 9783
9569 9582
9569 9598
9569 9788
9580 9657
9581 9808
9583 9793
9584 9651
9584 9832
9586 9997
9587 9701
9587 9724
9590 9849
9591 9937
9593 9655
9594 9994
9595 9981
9599 9906
9601 9832
9602 9677
9603 9776
9604 9637
9604 9640
9605 9674
9605 9901
9614 9756
9616 9790
9618 9709
9624 9961
9624 9995
9625 9675
9628 9944
9634 9963
9641 9978
9643 9997
9646 9677
9646 9829
9648 9925
9662 9755
9666 9724
9668 9720
9668 9888
9671 9806
9673 9890
9674 9677
9676 9996
9677 9899
9684 9723
9690 9714
9707 9958
9709 9787
9710 9912
9711 9772
9713 9962
9718 9773
9719 9885
9727 9907
9729 9803
9731 9828
9745 9870
9748 9799
9748 9972
9750 9951
9751 9821
9751 9969
9752 9847
9752 9917
9753 9757
9755 9887
9758 9941
9767 9894
9770 9966
9775 9963
9780 9928
9780 9952
9785 9881
9789 9964
9791 9905
9796 9821
9796 9871
9797 9948
9798 9916
9799 9987
9800 9830
9801 9833
9804 9808
9808 9831
9811 9962
9816 9992
9830 9931
9835 9945
9839 9905
9853 9878
9854 9953
9855 9936
9862 9885
9875 9999
9900 9931
9901 9902
9907 9935
9912 9953
9935 9976
9940 9942
9953 9979
9973 9984
