# Erdos-Renyi general graph G(n, p)
# nodes=5000 edge_probability=0.002 seed=42 edges=24639
# first data line: '<node count> <edge count>', then one '<source> <target>' pair per line
5000 24639
0 125
0 369
0 395
0 2544
0 2564
0 2756
0 2925
0 2991
0 3518
0 4102
0 4351
0 4498
1 12
1 231
1 2177
1 2182
1 2985
1 3143
1 3311
1 3706
1 4714
1 4812
2 968
2 1450
2 1903
2 3075
2 3080
2 3220
2 3699
2 3816
2 4409
2 4479
3 72
3 342
3 1986
3 2170
3 2607
3 2747
3 2819
3 3202
3 3319
3 3579
3 4374
4 721
4 761
4 857
4 1081
4 1116
4 2192
4 2277
4 3366
4 3806
4 4218
4 4920
5 1767
5 1831
5 2089
5 3148
5 3190
5 3218
5 4586
5 4754
5 4792
5 4796
6 617
6 1273
6 1756
6 2801
6 2991
6 4930
6 4955
7 420
7 1478
7 1765
7 2755
8 27
8 76
8 245
8 1251
8 1614
8 1981
8 2453
8 2494
8 2654
8 3016
8 3126
8 3266
8 3582
8 3702
8 3927
8 4450
8 4579
8 4951
9 526
9 661
9 862
9 1464
9 1884
9 1979
9 2927
9 2931
9 2942
9 4188
9 4343
9 4844
10 1122
10 1806
10 2677
10 3355
11 32
11 688
11 813
11 1335
11 1559
11 2148
11 2771
11 3117
11 3552
11 3788
12 1081
12 1208
12 1460
12 1717
12 3192
12 4157
12 4678
13 720
13 1214
13 1727
13 1925
13 2299
13 2303
13 2766
13 3143
13 4417
14 207
14 257
14 369
14 421
14 1213
14 2328
14 2499
14 3113
14 3148
14 4741
14 4794
14 4987
14 4999
15 177
15 581
15 2201
15 3134
15 3240
15 3611
15 4039
15 4187
15 4485
15 4662
15 4783
16 72
16 117
16 263
16 581
16 795
16 2047
16 4207
16 4509
17 361
17 380
17 1252
17 2385
17 3002
17 3925
17 4115
17 4586
17 4729
17 4948
18 223
18 391
18 402
18 638
18 1022
18 1189
18 1801
18 3359
18 3460
18 3736
18 4359
18 4443
19 78
19 566
19 1592
19 2255
19 2926
19 3072
19 3104
19 3177
20 344
20 612
20 650
20 1006
20 1392
20 2318
20 2432
20 2792
20 3844
20 3920
20 4625
20 4805
21 1637
21 2450
21 2458
21 4197
21 4308
21 4659
21 4694
21 4869
22 203
22 940
22 2886
22 3068
22 3458
22 3635
22 4013
22 4767
23 392
23 989
23 1002
23 1399
23 1595
23 3302
23 3455
23 3797
23 3882
24 812
24 1598
24 2190
24 2397
24 2778
25 126
25 2904
25 4572
25 4631
25 4779
25 4954
26 1690
26 2938
26 3252
26 3362
26 3662
26 3749
26 3829
26 4999
27 295
27 1082
27 1949
27 2624
27 3512
27 3730
27 3871
27 3886
27 4560
27 4964
27 4987
28 266
28 330
28 532
28 637
28 1192
28 1299
28 1778
28 2039
28 3269
28 3457
28 3613
28 4081
28 4333
28 4642
28 4652
28 4688
28 4791
29 595
29 656
29 1150
29 1563
29 2008
29 2039
29 3334
29 3949
29 4295
30 254
30 1178
30 1957
30 2693
30 2926
30 3337
30 3583
30 4226
30 4380
30 4573
31 341
31 731
31 2625
31 2840
31 2883
31 2967
31 3632
31 3669
31 4617
31 4936
32 709
32 2021
32 2500
32 2832
32 2839
32 2883
32 3459
32 3619
32 4015
32 4554
33 75
33 667
33 1237
33 1992
33 2966
33 3805
33 4654
33 4765
33 4898
34 2279
34 2709
34 2991
34 3544
34 3765
34 3849
34 3953
34 4216
34 4467
34 4785
35 254
35 651
35 773
35 910
35 1364
35 1647
35 2854
35 3951
35 4012
35 4158
36 941
36 1010
36 2184
36 2258
36 4184
37 608
37 709
37 1968
37 2126
37 3999
37 4399
38 158
38 281
38 429
38 2344
38 2468
38 3201
38 4273
39 318
39 607
39 1182
39 1249
39 1594
39 1994
39 2271
39 2696
39 4644
39 4888
40 1100
40 1789
40 2625
40 2962
40 3353
40 3711
40 4128
41 4846
41 4936
42 2671
42 3225
42 3308
42 3757
42 4037
42 4297
42 4486
42 4554
42 4656
42 4762
42 4983
43 492
43 774
43 1322
43 1645
43 2070
43 2263
43 3598
43 4147
43 4253
43 4366
43 4676
43 4943
44 176
44 405
44 658
44 1109
44 1574
44 2376
44 2482
44 3354
44 3548
44 4182
44 4325
44 4410
44 4506
45 1093
45 1501
45 1523
45 2877
45 3433
45 3464
45 4148
46 157
46 522
46 886
46 1257
46 1701
46 2063
46 2802
46 3558
46 3651
46 3850
47 659
47 1725
47 1746
47 4151
48 553
48 575
48 807
48 2476
48 3802
48 3906
48 4075
48 4241
48 4740
48 4811
49 120
49 545
49 747
49 1071
49 1122
49 1538
49 1834
49 1968
49 2411
49 2703
49 3250
49 3448
49 3571
49 4119
49 4641
50 90
50 482
50 488
50 1418
50 1423
50 2471
50 4403
50 4556
50 4959
51 632
51 1326
51 1975
51 2131
51 2680
51 2695
51 3001
51 3317
51 3656
51 3849
51 3914
51 4512
51 4561
51 4605
52 96
52 121
52 218
52 2163
52 3073
52 3189
52 3868
52 3918
52 4885
52 4933
52 4994
53 170
53 322
53 538
53 578
53 677
53 1275
53 2349
53 3477
53 3532
53 3741
53 3933
53 4897
54 240
54 501
54 910
54 1009
54 1805
54 2342
54 2393
54 2499
54 3574
54 3586
54 4282
54 4415
55 292
55 1133
55 1788
55 2205
55 2439
55 3012
55 3036
55 3116
55 3336
55 3887
55 3986
55 4960
56 208
56 602
56 604
56 837
56 1536
56 1670
56 2206
56 2261
56 2424
56 2653
56 3567
56 4171
57 187
57 613
57 794
57 982
57 997
57 2824
57 3097
57 3125
57 3844
57 4039
57 4133
57 4394
58 2110
58 2356
58 2525
58 2872
58 3040
58 3365
58 3613
58 4055
58 4646
58 4837
59 644
59 1395
59 1973
59 2158
59 2530
59 3156
59 4109
59 4742
60 289
60 842
60 1777
60 2347
60 2378
60 2969
60 3124
60 3433
60 3449
60 3802
60 4631
60 4696
61 1596
61 2223
61 2331
61 2333
61 2384
61 2732
61 2845
61 3393
61 3989
62 307
62 837
62 1352
62 2423
62 2478
62 2768
62 3280
62 3620
62 3661
62 4293
62 4707
62 4841
63 217
63 263
63 948
63 1098
63 2370
63 2614
63 2733
63 2903
63 3438
63 3544
63 3843
63 4045
63 4865
64 2196
64 2292
64 2294
64 3268
64 3749
64 4177
64 4312
64 4329
64 4376
65 84
65 133
65 232
65 363
65 399
65 494
65 1049
65 1951
65 2974
65 3020
65 3115
65 3406
65 3546
65 4388
65 4607
66 77
66 411
66 1008
66 1639
66 1696
66 1774
66 1879
66 2187
66 2345
66 2938
66 3510
66 4592
66 4791
67 685
67 1015
67 1696
67 1833
67 2018
67 2324
67 2393
68 808
68 1313
68 1915
68 2844
68 3128
68 3321
68 3815
68 3925
68 4720
69 436
69 527
69 755
69 1086
69 1184
69 2835
69 3131
69 3184
69 3211
69 4219
69 4721
69 4756
69 4825
69 4972
70 74
70 155
70 783
70 840
70 986
70 1172
70 1379
70 1828
70 1959
70 2441
70 2813
70 2817
70 2871
70 3219
70 3702
70 4449
70 4895
70 4929
71 588
71 663
71 879
71 886
71 1168
71 1344
71 1665
71 1772
71 1886
71 1891
71 1924
71 1982
71 2007
71 2413
71 2603
71 2658
71 2681
71 3143
71 3685
71 4143
71 4161
71 4615
72 306
72 490
72 688
72 1251
72 1302
72 2087
72 2113
72 2249
72 2407
72 2632
72 2961
72 3788
72 4391
72 4640
73 1521
73 1558
73 1570
73 1734
73 1966
73 4089
74 1156
74 2139
74 3900
74 4615
75 1981
75 2044
75 2323
75 2643
75 2760
75 2927
75 3363
75 3779
76 768
76 943
76 1262
76 2109
76 2607
76 2830
76 2896
76 3084
76 3243
76 4214
76 4424
76 4898
77 675
77 1032
77 2277
77 2387
77 2943
77 2959
77 3004
77 3316
77 3433
77 3520
77 3766
77 4834
78 379
78 382
78 483
78 1066
78 1643
78 2429
78 2810
78 4020
78 4727
79 1805
79 2095
79 2557
79 3284
79 3747
79 3812
79 4231
79 4293
79 4656
80 283
80 315
80 832
80 1695
80 2121
80 2316
80 2429
80 2673
80 2802
80 3968
80 3999
80 4928
80 4947
80 4981
81 591
81 633
81 2265
81 2401
81 4018
81 4464
81 4659
82 121
82 480
82 607
82 1760
82 1766
82 1979
82 2017
82 2189
82 2215
82 3008
82 3153
82 3273
82 3584
82 3772
82 4146
82 4904
82 4938
83 396
83 1643
83 1648
83 2026
83 2832
83 2994
83 3028
83 4876
84 192
84 443
84 772
84 1446
84 1950
84 2712
84 3773
84 4575
85 106
85 254
85 465
85 867
85 1440
85 1743
85 2217
85 3016
85 3656
85 4095
86 367
86 652
86 851
86 959
86 1385
86 1888
86 2366
86 2540
86 3050
86 3173
86 3285
86 4212
86 4944
87 243
87 716
87 1112
87 1601
87 1939
87 2633
87 4565
88 651
88 1161
88 2196
88 3926
89 1138
89 2574
89 2600
89 3338
89 3375
89 3666
89 3772
89 4526
89 4936
90 600
90 1010
90 1226
90 2153
90 2606
90 2944
90 4228
91 820
91 1824
91 1905
91 2135
91 2466
91 3531
91 3722
91 4555
92 580
92 628
92 903
92 1195
92 1577
92 1601
92 1953
92 2581
92 2664
93 140
93 210
93 263
93 1167
93 1922
93 2222
93 2682
93 3246
93 4169
94 632
94 960
94 1059
94 1248
94 1778
94 1951
94 2025
94 2957
94 4547
95 123
95 129
95 3435
95 3807
95 3883
95 4646
95 4672
96 255
96 1146
96 1194
96 1557
96 2015
96 2856
96 2901
96 3523
96 3577
96 3672
96 3899
96 4217
97 100
97 781
97 2480
97 4182
98 1261
98 1305
98 1400
98 1941
98 3094
98 3165
98 3566
98 3919
98 4112
98 4715
98 4837
99 318
99 454
99 590
99 654
99 711
99 719
99 910
99 1865
99 2211
99 2893
99 3549
99 4585
100 950
100 1426
100 1671
100 1698
100 1766
100 3127
100 3176
100 4717
101 114
101 168
101 670
101 672
101 723
101 734
101 1078
101 2252
101 2463
101 2994
101 3365
101 4026
101 4390
101 4545
101 4599
102 856
102 1906
102 2253
102 3145
102 3671
102 3996
102 4176
103 143
103 363
103 1418
103 1722
103 2139
103 2344
103 2546
103 2926
103 3253
103 4335
103 4554
104 369
104 830
104 1518
104 1905
104 2884
104 3463
104 4576
104 4712
105 134
105 259
105 1041
105 2849
105 2940
105 3577
105 3585
105 4359
105 4594
105 4932
105 4967
106 344
106 485
106 951
106 1473
106 2325
106 2683
106 2737
106 2990
106 3504
106 4477
106 4921
106 4984
107 533
107 736
107 1947
107 2063
107 2275
107 2412
107 2557
107 2805
107 3025
107 3450
107 3468
107 3729
107 3831
107 4128
107 4392
107 4602
107 4727
108 239
108 610
108 1071
108 1234
108 1251
108 2376
108 4250
109 954
109 1660
109 2558
109 2688
109 2759
109 3096
109 3276
109 3794
109 3979
109 4241
109 4400
110 846
110 917
110 1023
110 1060
110 1162
110 3659
110 3662
110 4240
111 262
111 431
111 779
111 1617
111 2104
111 3168
111 4177
111 4362
111 4813
112 127
112 552
112 690
112 903
112 1007
112 1020
112 1132
112 1546
112 2543
112 3381
112 4752
113 335
113 801
113 1294
113 1335
113 1695
113 2175
113 2731
113 2737
113 3889
113 4057
113 4779
113 4815
114 1779
114 3589
114 4659
115 379
115 496
115 545
115 583
115 775
115 2106
115 2888
115 3066
115 3274
115 3419
115 3771
115 3850
115 3957
115 4512
115 4831
116 224
116 312
116 533
116 1449
116 1558
116 1600
116 2153
116 2226
116 2343
116 3203
116 3495
116 3721
116 4347
116 4842
117 1582
117 2013
117 2221
117 2696
117 3193
117 4337
117 4399
117 4740
117 4770
117 4910
118 432
118 1224
118 1633
118 1642
118 1920
118 2189
118 2216
118 2322
118 2563
118 3598
118 4512
118 4610
119 664
119 948
119 1439
119 1465
119 1537
119 1718
119 1801
119 1839
119 2397
119 2698
119 3965
119 4019
119 4394
119 4565
119 4796
119 4914
119 4964
120 145
120 337
120 429
120 1233
120 1276
120 2008
120 2039
120 2441
120 3159
120 3869
120 4086
120 4442
121 220
121 287
121 551
121 844
121 1078
121 1083
121 1179
121 2303
121 2468
121 2543
121 2829
121 4315
122 173
122 548
122 904
122 1219
122 1454
122 1922
122 2075
122 2249
122 2527
122 2623
122 2732
122 3193
122 4310
122 4906
123 634
123 687
123 889
123 1246
123 3531
123 3661
123 3865
123 4450
123 4766
124 209
124 820
124 1389
124 1586
124 3648
125 796
125 947
125 1809
125 1975
125 2028
125 2131
125 2928
125 2945
125 3653
125 4738
126 145
126 369
126 539
126 1249
126 1506
126 2284
126 2748
126 4507
126 4643
126 4877
127 573
127 1022
127 1511
127 1722
127 2190
127 2374
127 2522
127 2631
127 2677
127 2978
127 3708
127 3992
127 4872
128 441
128 731
128 1660
128 3471
129 1120
129 1779
129 2511
129 3871
129 4661
130 460
130 656
130 2200
130 2426
130 4092
130 4270
130 4642
130 4813
130 4823
131 370
131 780
131 1474
131 1559
131 2196
131 2658
131 2822
131 3281
131 3726
131 3798
131 4388
131 4644
132 247
132 569
132 2191
132 2965
132 3523
132 4395
132 4984
133 717
133 1608
133 1930
133 2088
133 2385
133 3064
133 3146
133 4143
133 4530
133 4763
134 586
134 662
134 799
134 2490
134 3226
134 3818
134 4333
134 4463
134 4790
135 966
135 999
135 1369
135 2313
135 4268
135 4334
136 1060
136 1886
136 2354
136 3250
136 3263
136 3917
136 4645
136 4656
137 1593
137 1787
137 2385
137 2792
137 2994
137 3664
137 4142
137 4369
137 4526
137 4936
138 1115
138 1409
138 1415
138 1829
138 1902
138 2511
138 2750
138 2916
138 2942
138 3281
138 4356
138 4678
139 141
139 853
139 1111
139 2148
139 2254
139 3278
139 3494
139 4157
139 4381
140 1147
140 1356
140 1467
140 1911
140 2672
140 2696
140 2769
140 2836
140 2887
140 4690
141 1048
141 1425
141 2931
141 3382
141 3975
141 4937
142 1354
142 1400
142 1783
142 2263
142 2464
142 2514
142 3414
142 3829
142 4100
143 975
143 1180
143 1192
143 2502
143 2739
143 3194
143 3298
143 3360
143 4117
143 4321
143 4496
143 4506
143 4686
143 4746
143 4748
143 4836
143 4935
144 563
144 964
144 2350
144 2555
144 2763
144 2840
144 3636
144 3696
144 4439
144 4729
145 2662
145 2780
145 3467
145 3515
146 249
146 488
146 1204
146 1280
146 2283
146 2395
146 3515
146 3615
146 4165
146 4261
146 4453
146 4960
147 1146
147 1462
147 1554
147 2497
147 2543
147 4407
147 4410
147 4510
147 4892
148 453
148 1329
148 2132
148 2674
148 3579
148 3825
148 3840
148 4345
148 4382
148 4514
149 974
149 1066
149 1933
149 2130
149 2424
149 3509
150 463
150 1033
150 2388
150 2822
150 2958
151 495
151 1023
151 1057
151 1394
151 1482
151 1487
151 1888
151 2809
151 3077
151 3452
151 3494
151 3906
151 4568
151 4850
152 588
152 795
152 813
152 984
152 1261
152 1286
152 1698
152 1715
152 3169
152 4262
152 4284
152 4730
152 4949
152 4968
153 728
153 1009
153 1237
153 1243
153 1503
153 1789
153 1903
153 2564
153 3177
153 4550
153 4873
154 172
154 1383
154 1541
154 2079
154 3048
154 3408
154 3580
154 3610
155 1350
155 1601
155 1674
155 2491
155 3299
155 3576
155 3687
155 4120
155 4336
155 4414
155 4730
156 764
156 1949
156 2280
156 2368
156 2416
156 2449
156 2559
156 2833
156 3849
156 4159
156 4508
157 519
157 521
157 681
157 1346
157 2193
157 2598
157 2749
157 3774
157 4271
158 195
158 374
158 1227
158 1288
158 1681
158 2951
158 3043
158 3173
158 3829
158 4318
158 4581
159 1168
159 1223
159 2296
159 2564
159 2718
159 3383
159 4055
159 4372
159 4738
160 1675
160 2805
160 3094
160 3191
160 4309
160 4772
161 862
161 896
161 992
161 1011
161 1216
161 1360
161 1777
161 1967
161 2125
161 3318
161 3331
161 3441
161 4859
162 1121
162 1519
162 1781
162 2034
162 3314
162 4175
162 4371
163 353
163 1277
163 2483
163 2948
163 3525
164 741
164 1220
164 1782
164 2209
164 3096
164 4033
164 4067
164 4145
165 546
165 3587
165 4060
166 398
166 1375
166 1541
166 2190
166 3177
166 3611
166 3822
166 3954
166 4154
166 4227
166 4625
166 4700
167 453
167 838
167 1084
167 1650
167 1668
167 1842
167 2214
167 2366
167 2854
167 3277
167 3878
168 1953
168 2216
168 2542
168 2769
168 4190
168 4245
168 4314
168 4383
169 506
169 801
169 826
169 1184
169 2163
169 2382
169 2810
169 3197
169 3373
169 3570
169 3861
169 4490
170 187
170 1335
170 1564
170 1650
170 1660
170 3255
170 3259
170 3429
170 3925
170 4214
170 4417
170 4708
170 4997
171 202
171 939
171 1158
171 1767
171 2249
171 2707
171 3333
171 3375
171 4322
172 1824
172 2060
172 2492
172 3159
172 3831
172 3943
172 4165
173 506
173 861
173 1175
173 1868
173 2600
173 2645
173 2728
173 3225
174 1138
174 2415
174 3489
174 3546
174 4034
174 4255
175 376
175 777
175 1310
175 1358
175 1890
175 2685
175 3056
175 3225
175 4724
176 294
176 510
176 774
176 1035
176 1724
176 1770
176 1920
176 1993
176 3016
176 3511
176 4312
176 4796
176 4884
177 548
177 673
177 797
177 1499
177 2980
177 3553
177 3965
177 4499
178 189
178 658
178 1209
178 1585
178 2095
178 2465
178 2880
178 2901
178 3600
178 4300
178 4784
179 256
179 358
179 423
179 1013
179 2752
179 2920
179 2967
179 3571
179 4280
179 4891
180 962
180 3079
180 3570
181 230
181 671
181 751
181 829
181 1516
181 2274
181 2809
181 2961
181 3420
181 3713
181 3723
181 4184
181 4272
182 231
182 317
182 467
182 479
182 971
182 1249
182 2275
182 3166
182 4141
182 4204
182 4302
182 4425
182 4858
183 1269
183 2035
183 2062
183 2323
183 2426
183 2500
183 3433
183 4549
183 4666
183 4828
183 4912
184 1987
184 2345
184 2626
184 2969
184 3046
184 3288
184 3394
184 3902
184 4635
185 393
185 441
185 708
185 1115
185 1165
185 2047
185 3868
185 4115
185 4766
186 278
186 493
186 992
186 2334
186 2347
186 2873
186 3308
186 3687
186 4395
187 972
187 2685
187 2721
187 3212
187 3388
187 3498
187 3570
187 3794
187 4095
188 210
188 424
188 747
188 1287
188 2127
188 2219
188 2791
188 2983
188 3166
188 3257
188 3591
188 3995
188 4049
188 4435
188 4653
188 4806
189 516
189 1369
189 1556
189 4018
189 4111
190 704
190 826
190 1270
190 1543
190 1684
190 3237
190 4005
190 4149
190 4172
190 4298
190 4934
191 393
191 1466
191 1547
191 1665
191 3399
191 3455
191 4661
192 240
192 533
192 1493
192 1937
192 1960
192 1969
192 2456
192 2587
192 2596
192 2900
192 3124
192 3613
192 4698
193 1177
193 1238
193 1645
193 1966
193 2590
193 3179
193 4478
193 4712
194 510
194 991
194 2072
194 2085
194 2516
194 3115
194 3367
194 3548
194 4279
195 624
195 2507
195 3643
196 238
196 988
196 1422
196 1684
196 3001
196 3958
196 4308
197 671
197 960
197 2665
197 2686
197 2976
197 3455
197 4252
197 4950
198 359
198 856
198 900
198 1325
198 2070
198 3072
198 3199
198 3200
198 3327
198 3368
198 3486
198 4198
199 573
199 976
199 2509
199 3189
199 4114
200 556
200 669
200 1038
200 1248
200 1357
200 1891
200 2781
201 283
201 583
201 633
201 960
201 1100
201 1485
201 1573
201 2608
201 2980
201 3135
201 3394
201 3509
201 4687
201 4735
201 4875
202 869
202 1990
202 3042
202 3162
202 3366
202 3692
202 3961
202 4338
202 4901
202 4942
203 229
203 385
203 1388
203 1571
203 2836
203 2944
203 3072
203 3347
203 3832
203 4061
204 1569
204 2178
204 2457
204 2531
204 3304
204 3325
204 3688
204 4418
205 916
205 1505
205 2325
205 3739
205 4035
205 4079
205 4314
205 4700
205 4874
206 269
206 437
206 1308
206 2349
206 2945
206 3420
206 4192
206 4464
206 4771
207 512
207 874
207 1117
207 1298
207 2786
207 3018
207 3147
207 3335
207 3585
207 3591
207 3667
208 520
208 776
208 808
208 2115
208 2633
208 3312
208 3313
208 4359
208 4662
209 771
209 934
209 1355
209 1514
209 1875
209 1916
209 2321
209 2515
209 3389
209 4646
209 4694
210 1620
210 2282
210 2559
210 2829
210 3071
210 3225
210 3403
210 3857
210 3970
210 4173
210 4788
211 811
211 1028
211 1096
211 1614
211 2530
211 2811
211 3173
211 4263
212 779
212 1220
212 1788
212 2710
212 3145
212 3165
212 3328
212 3823
212 4218
212 4568
212 4752
212 4781
212 4905
213 216
213 248
213 303
213 463
213 2000
213 2720
213 3124
213 3425
213 3440
213 3594
213 4378
213 4586
214 333
214 889
214 937
214 938
214 1089
214 1294
214 1363
214 1697
214 1709
214 2311
214 2429
214 2647
214 2764
214 2901
214 4433
214 4802
215 221
215 1016
215 1177
215 1808
215 1983
215 2217
215 2264
215 2994
215 3531
215 4017
216 264
216 306
216 727
216 1689
216 3491
216 4161
216 4272
216 4283
216 4305
217 669
217 3537
217 3560
217 3711
218 259
218 726
218 795
218 1403
218 2828
218 3239
218 3361
218 3531
218 4273
218 4496
218 4644
218 4896
219 403
219 1549
219 1645
219 1862
219 2031
219 2363
219 2749
219 3677
219 4303
219 4960
220 444
220 554
220 759
220 1591
221 2281
221 2676
221 2862
221 3465
221 3793
221 4315
221 4356
222 354
222 589
222 1537
222 2943
222 3565
222 3890
222 4365
223 251
223 782
223 959
223 970
223 2264
223 2706
223 3338
223 3493
223 3928
223 4036
223 4594
223 4821
224 279
224 1750
224 2581
224 2678
224 2774
224 3367
224 4009
224 4701
224 4929
225 328
225 1548
225 2226
225 2348
225 2498
225 2623
225 3178
225 3272
225 3773
225 3968
225 4463
226 723
226 1211
226 1600
226 1776
226 2773
226 2862
226 3299
226 3388
226 3501
226 4371
226 4384
227 371
227 841
227 1785
227 1821
227 2385
227 4759
228 517
228 593
228 2060
228 2252
228 2369
228 2659
228 3070
228 3191
228 3879
228 4052
228 4567
228 4724
229 2288
229 2482
229 2674
229 3000
229 3743
229 4674
229 4773
230 1046
230 1109
230 1198
230 2686
230 2769
230 2939
230 3198
230 3717
230 3803
230 3963
230 4578
230 4734
231 802
231 2195
231 2276
231 2658
231 2758
231 3011
231 3432
231 3794
231 4001
231 4303
231 4374
231 4739
231 4743
231 4828
231 4988
232 928
232 1846
232 2891
232 3022
232 3422
232 3936
232 3937
232 4390
232 4403
233 668
233 4411
233 4605
234 306
234 725
234 907
234 1902
234 2156
234 2467
234 2567
234 3541
234 3661
234 3670
234 3928
234 4040
234 4351
234 4607
234 4971
235 623
235 794
235 1137
235 1839
235 1902
235 1999
235 2153
235 2603
235 2936
235 3261
236 1873
236 3266
236 3941
236 4571
236 4689
237 357
237 744
237 760
237 1281
237 2737
237 2931
237 3039
237 3370
237 3794
237 4962
238 1480
238 1527
238 1633
238 1933
238 1980
238 2146
238 2698
238 2967
238 3453
238 3673
238 3799
238 3871
238 3922
238 4066
238 4637
238 4998
239 348
239 1533
239 1558
239 2228
239 2933
239 3221
239 3316
239 4735
239 4939
240 367
240 692
240 878
240 897
240 1375
240 1765
240 1941
240 2137
240 2241
240 2499
240 2626
240 3265
240 4096
240 4651
240 4891
241 400
241 498
241 684
241 1292
241 2863
241 3039
241 3046
241 3862
242 308
242 450
242 504
242 584
242 1339
242 1730
242 3733
242 4203
242 4923
243 289
243 493
243 1771
243 2312
243 2650
243 2854
243 3071
243 3518
243 3556
243 3593
243 3747
243 4418
243 4809
244 589
244 1071
244 1968
244 4611
245 1398
245 1513
245 1651
245 3689
245 3693
245 4271
246 1197
246 1271
246 1450
246 1627
246 2459
246 2729
246 2753
246 2894
246 3172
246 3235
246 4424
246 4815
247 1014
247 1170
247 1574
247 2081
247 2523
247 3431
247 3528
247 3963
247 4546
247 4750
248 712
248 715
248 946
248 1287
248 2402
248 3874
248 4041
248 4400
248 4478
249 302
249 423
249 474
249 1188
249 1406
249 4661
249 4747
250 301
250 998
250 1856
250 2161
250 2199
250 2252
250 2486
250 2544
250 3343
250 3806
250 4066
250 4293
251 1301
251 2079
251 2227
251 2924
251 3208
251 3870
251 4248
251 4599
251 4650
251 4895
252 292
252 661
252 934
252 1723
252 2667
252 3228
252 3339
252 4634
252 4980
253 285
253 497
253 862
253 949
253 1287
253 1417
253 1482
253 1899
253 2683
253 3164
253 3762
253 4877
254 651
254 1912
254 1975
254 2120
254 2391
254 2481
254 3213
254 3919
254 3965
254 4664
255 733
255 980
255 1456
255 2046
255 2703
255 3586
255 3750
255 4548
256 991
256 1108
256 1611
256 1991
256 2203
256 2242
256 2540
256 3133
256 3481
256 3914
256 4391
256 4560
256 4572
257 459
257 2068
257 2309
257 3583
257 4061
257 4462
258 274
258 1056
258 1828
258 1856
258 3408
258 4345
258 4602
258 4777
259 785
259 2089
259 2763
259 3969
259 4208
259 4932
259 4963
260 577
260 1008
260 1104
260 1167
260 1657
260 2017
260 3565
260 4110
260 4465
260 4889
260 4917
261 1134
261 1688
261 2544
261 3131
261 4625
261 4773
262 783
262 1151
262 2204
262 2306
262 2498
262 2533
262 2977
262 4574
262 4929
262 4998
263 454
263 713
263 767
263 822
263 1242
263 2444
263 2926
263 4293
263 4506
263 4560
263 4902
264 364
264 2144
264 3575
264 4451
264 4454
264 4558
264 4718
264 4875
265 1101
265 1217
265 1345
265 1584
265 2643
265 2776
265 3422
265 3566
265 3718
265 4054
265 4478
265 4932
266 790
266 1060
266 1490
266 1691
266 1718
266 1873
266 2916
266 3065
266 4152
266 4388
267 716
267 824
267 932
267 2490
267 2521
267 2748
267 2785
267 4305
267 4874
268 653
268 1282
268 1540
268 1580
268 2550
268 2621
268 3918
268 3984
268 4820
269 304
269 2172
269 2514
269 2673
269 2911
270 416
270 477
270 533
270 573
270 690
270 1151
270 1610
270 3048
270 3515
270 3907
270 4042
271 1073
271 1166
271 2326
271 3122
271 3175
271 3421
271 3703
271 3746
271 4074
271 4425
271 4733
272 327
272 532
272 704
272 979
272 1104
272 1107
272 3938
272 4174
272 4578
273 555
273 663
273 1526
273 1540
273 2299
273 2610
273 3559
273 3568
273 3688
273 4288
273 4714
274 1682
274 2920
275 278
275 322
275 476
275 1020
275 1412
275 2104
275 2814
275 3070
275 4044
275 4125
275 4225
276 1058
276 1563
276 3730
276 4265
276 4281
276 4524
277 636
277 746
277 843
277 1779
277 1840
277 2736
277 3261
277 3387
277 3631
277 4246
277 4560
277 4651
277 4939
278 642
278 2751
278 2867
278 3036
278 3893
278 4476
278 4926
279 738
279 771
279 1450
279 1538
279 1665
279 3057
279 3419
279 3672
279 3814
280 956
280 1604
280 1906
280 1908
280 2470
280 2511
280 2673
280 4031
280 4115
280 4552
280 4704
281 652
281 943
281 1174
281 2619
281 4977
282 1922
282 2279
282 2470
282 2698
282 4028
282 4136
282 4951
283 1199
283 1315
283 1459
283 1833
283 2793
283 2896
283 3057
283 3431
283 3574
283 3884
283 4321
283 4945
284 433
284 1002
284 1022
284 1744
284 1804
284 1981
284 4092
284 4686
285 1520
285 1848
285 1966
285 3189
285 3805
285 4429
285 4828
285 4835
285 4921
286 370
286 837
286 1903
286 2192
286 2876
286 4228
286 4371
287 1072
287 1825
287 2090
287 3395
288 1728
288 1747
288 1768
288 3998
288 4370
289 512
289 1082
289 1966
289 2029
289 2168
289 3471
289 3600
289 3826
290 725
290 890
290 1449
290 3325
290 4119
290 4632
290 4677
291 465
291 679
291 1533
291 2468
291 3575
291 4129
291 4150
291 4576
291 4649
291 4974
292 962
292 1147
292 2094
292 2237
292 2362
292 2540
292 3939
292 4050
292 4054
293 447
293 620
293 787
293 1001
293 1755
293 2963
293 3369
293 3831
293 4079
293 4238
293 4345
293 4719
293 4730
294 668
294 1360
294 2097
294 2144
294 2157
294 2592
294 3024
294 3986
294 4706
295 1849
295 2689
295 2700
295 3443
295 3553
295 3653
295 4669
296 899
296 950
296 1276
296 2330
296 2573
296 3816
296 4025
296 4374
296 4591
297 544
297 706
297 1824
297 1980
297 2200
297 4510
298 507
298 652
298 1392
298 2069
298 2841
298 2968
298 4558
299 737
299 772
299 1335
299 1497
299 2113
299 2545
299 3030
299 3930
299 3998
299 4303
299 4622
300 377
300 464
300 505
300 1681
300 2101
300 3110
300 3360
300 3690
300 4648
300 4801
301 357
301 1291
301 1311
301 1324
301 1702
301 2332
301 2411
301 4581
301 4595
301 4986
302 1073
302 1708
302 1928
302 2040
302 2230
302 2544
302 2783
302 2794
302 3849
302 3877
302 4029
302 4213
302 4564
302 4934
303 1261
303 1431
303 1895
303 3018
303 3231
303 3321
303 3920
303 4640
304 504
304 837
304 2426
304 2859
304 2863
304 3571
305 625
305 1075
305 1291
305 1694
305 2635
305 3752
305 3913
305 3983
305 4161
305 4347
305 4800
305 4890
306 495
306 811
306 853
306 1321
306 1396
306 1463
306 1681
306 3180
306 3190
306 3487
306 4770
306 4833
307 1018
307 1229
307 1561
307 1850
307 3373
307 4070
307 4311
307 4552
307 4667
308 499
308 874
308 988
308 1233
308 1844
308 2212
308 2561
308 2933
308 3712
308 4452
309 433
309 1002
309 2156
309 2634
309 2846
309 2943
309 3147
309 3598
309 4024
309 4519
309 4675
310 454
310 565
310 714
310 798
310 2128
310 2657
310 2673
310 3070
310 3957
310 4829
311 864
311 1417
311 1618
311 1641
311 2617
311 2739
311 2744
311 3460
311 4027
311 4331
311 4596
311 4621
311 4905
312 467
312 476
312 1146
312 1229
312 1832
312 1906
312 2019
312 2507
312 2782
312 4504
312 4518
312 4752
312 4844
313 725
313 1560
313 1610
313 1972
313 2206
313 2759
313 4315
313 4524
314 632
314 781
314 940
314 1459
314 1665
314 1862
314 2456
314 2696
314 2755
314 4162
314 4270
315 592
315 2088
315 2222
315 2508
315 2791
315 3199
315 3405
315 3524
315 3889
315 4519
316 2960
316 2966
316 2975
316 3228
316 3778
316 3899
317 557
317 975
317 1946
317 2115
317 3074
317 3542
317 3742
317 4601
317 4882
317 4989
318 1246
318 1686
318 1971
318 2346
318 2541
318 2747
318 2874
318 4083
318 4566
319 385
319 742
319 750
319 798
319 1000
319 1065
319 1986
319 2456
319 3979
319 4519
320 343
320 719
320 819
320 1730
320 1804
320 2345
320 2750
320 2884
320 3095
320 3305
320 3489
320 4010
320 4351
320 4452
320 4644
321 749
321 2020
321 2932
321 3057
321 3469
321 3921
321 4449
322 342
322 1028
322 1389
322 2023
322 4632
322 4719
323 358
323 961
323 1600
323 2017
323 2392
323 3992
323 4109
324 2071
324 2484
324 3166
324 3948
324 4180
324 4212
324 4984
325 568
325 936
325 1078
325 1351
325 2137
325 2558
325 2955
325 3358
325 4366
325 4834
326 342
326 512
326 1417
326 1476
326 1917
326 2010
326 2550
326 2654
326 2722
326 2737
326 4026
326 4917
327 380
327 721
327 1116
327 1192
327 1524
327 1699
327 1893
327 2033
327 2639
327 3121
327 3135
327 4008
327 4595
327 4639
328 1153
328 2574
328 3541
328 4248
328 4397
328 4565
328 4777
329 592
329 991
329 1872
329 2064
329 2696
329 3343
329 4146
329 4150
329 4484
329 4746
330 553
330 658
330 1088
330 1339
330 1543
330 1620
330 1655
330 2422
330 2488
330 3766
330 4164
330 4888
331 363
331 623
331 1580
331 1722
331 1854
331 1868
331 2693
331 2967
331 3135
331 3444
331 3630
331 4233
331 4460
331 4608
331 4745
332 877
332 1073
332 1526
332 2663
332 3567
332 4623
332 4683
333 340
333 785
333 1633
333 2310
333 2385
333 2661
333 2832
333 3768
333 3947
333 4672
334 470
334 511
334 1459
334 1516
334 2666
334 3117
334 3282
334 3700
334 3714
334 4550
335 1109
335 1627
335 1735
335 1929
335 2220
335 3205
335 3966
335 4333
336 530
336 566
336 593
336 752
336 756
336 1288
336 1460
336 1694
336 1722
336 2984
336 4432
337 2356
337 2503
337 2909
337 3177
337 3762
337 3909
337 4101
337 4265
337 4955
338 1953
338 2215
338 3142
338 3629
339 820
339 1872
339 1961
339 2676
339 2873
339 3009
339 3509
339 3542
339 4069
340 345
340 979
340 1069
340 1095
340 1857
340 1949
340 2258
340 2881
340 4132
340 4370
340 4908
341 1065
341 1237
341 2224
341 2407
341 2542
341 2851
341 3076
341 3998
341 4505
342 1069
342 1272
342 1636
342 2015
342 2128
342 3018
342 3574
342 3604
342 3657
342 4265
342 4410
342 4468
343 685
343 1263
343 1653
343 3135
343 3753
343 4768
343 4913
344 365
344 1168
344 1486
344 2141
344 2262
344 2522
344 2538
344 3302
344 3936
344 4456
345 1478
345 1851
345 2408
345 2848
345 3705
345 4218
345 4618
345 4904
346 422
346 906
346 1075
346 1430
346 2078
346 2104
346 2591
346 2619
346 3012
346 3295
346 3392
346 3685
346 4109
346 4608
346 4735
347 999
347 4267
347 4277
347 4301
347 4324
348 950
348 1044
348 1066
348 1397
348 2026
348 2047
348 2114
348 3298
348 3612
348 3634
348 3650
348 3652
348 4366
348 4590
349 565
349 1311
349 1368
349 1886
349 2639
349 2714
349 3173
349 3883
349 4778
349 4890
350 1031
350 1117
350 1283
350 2948
350 3463
350 3513
350 3522
350 4452
351 586
351 1553
351 2111
351 2166
351 2786
351 3058
351 3451
351 4282
351 4770
352 1876
352 2006
352 2175
352 2534
352 2936
352 3028
352 3053
352 3427
352 4121
352 4897
353 1687
353 2895
353 4067
353 4133
353 4230
353 4941
354 639
354 1824
354 2348
354 2398
354 2510
354 3289
354 4062
354 4293
355 422
355 460
355 521
355 780
355 1397
355 1424
355 1493
355 2004
355 2507
355 2508
355 2544
355 2701
355 3298
355 3826
355 3922
355 4072
356 1614
356 1811
356 2115
356 3063
356 3228
356 3603
356 4358
356 4805
356 4993
357 1571
357 1647
357 2348
357 2399
357 2773
357 3408
357 4197
357 4992
358 430
358 664
358 859
358 1365
358 2594
358 3449
358 3600
358 3616
358 3790
358 4347
359 568
359 657
359 834
359 942
359 1337
359 2057
359 2515
359 2543
359 2800
359 3103
359 3901
359 4258
359 4416
359 4513
360 581
360 603
360 1348
360 1546
360 1898
360 1989
360 2323
360 2420
360 2466
360 2498
360 2732
360 2801
360 4225
360 4509
360 4587
360 4637
360 4822
361 476
361 954
361 1268
361 1375
361 3270
361 4542
362 495
362 567
362 588
362 711
362 967
362 1764
362 2686
362 3338
362 3603
362 4439
362 4511
362 4875
362 4944
363 886
363 983
363 1024
363 2031
363 2062
363 3635
363 3664
363 3996
364 520
364 2304
364 2736
364 2738
364 3361
364 4295
364 4696
364 4698
365 377
365 718
365 1016
365 2501
365 3351
365 4858
366 1800
366 1900
366 2763
366 3299
366 3339
366 3361
366 3773
366 4266
366 4354
366 4471
367 1599
367 2080
367 3306
367 4327
367 4375
367 4587
368 551
368 994
368 2334
368 2651
368 3006
368 4352
369 781
369 806
369 1637
369 2821
369 3392
369 3896
369 3959
369 4085
369 4226
369 4572
370 434
370 818
370 2152
370 2369
370 2815
370 4219
370 4285
370 4561
370 4902
371 597
371 1032
371 2707
371 4011
371 4184
371 4458
372 654
372 1657
372 1792
372 2009
372 2665
372 2779
372 3143
372 3921
372 3992
372 4433
373 782
373 1076
373 1711
373 2167
373 2414
373 2594
373 3536
373 3570
373 4189
373 4347
373 4529
374 827
374 1271
374 1354
374 2015
374 2571
374 2575
374 3289
374 3595
374 3605
374 4005
374 4196
374 4380
374 4592
375 400
375 735
375 837
375 899
375 1309
375 1510
375 2275
375 2912
375 4313
376 2151
376 2391
376 3409
376 3858
376 4299
376 4379
376 4417
376 4604
377 455
377 2635
377 2975
377 3463
377 3588
377 3729
377 4482
377 4942
377 4959
378 1853
378 2082
378 3094
378 3150
378 3180
378 3714
378 4943
378 4992
379 415
379 628
379 1903
379 2693
379 2720
379 3104
379 3184
379 3459
379 3481
379 4302
380 391
380 600
380 723
380 1556
380 1635
380 2769
380 2803
380 3304
380 3413
380 3676
380 3971
381 1166
381 1767
381 1909
381 3374
381 4529
381 4611
382 607
382 958
382 1476
382 1853
382 3196
382 3754
382 3999
383 619
383 1174
383 1254
383 2120
383 2869
383 3116
383 3387
383 3426
383 3961
383 4269
383 4454
383 4687
384 1727
384 1910
384 3606
384 3802
384 3855
385 2063
385 2456
385 2736
385 4325
386 1588
386 2195
386 2211
386 2365
386 3030
386 3496
386 3984
386 4185
386 4313
386 4590
386 4935
387 565
387 1185
387 2180
387 2270
387 2344
387 2417
387 3077
388 734
388 881
388 1372
388 1379
388 1539
388 1679
388 1775
388 2412
388 2938
388 3997
388 4097
389 680
389 984
389 1361
389 1499
389 2493
389 2633
389 3542
389 3809
390 2549
390 2622
390 3067
390 3665
391 520
391 640
391 1765
391 2224
391 2543
391 3303
391 3419
391 4098
391 4650
392 1072
392 2151
392 2185
392 2765
392 3148
392 3242
392 3725
392 3774
392 3915
393 1144
393 2203
393 2551
393 2623
393 3011
393 3411
393 4030
393 4323
394 2180
394 2263
394 2712
394 3218
394 3245
394 3719
394 4732
395 435
395 1058
395 1080
395 1410
395 2427
395 2718
395 3012
395 3510
396 426
396 1953
396 1955
396 3301
396 3534
396 3809
396 3968
396 4118
396 4161
396 4377
396 4605
396 4967
397 917
397 1365
397 2423
397 2535
397 3525
397 3802
397 4321
397 4613
398 971
398 2175
398 2529
398 2893
398 3360
398 3498
399 1541
399 3058
399 4747
400 417
400 2006
400 2167
400 3502
400 3579
400 3737
401 1329
401 1455
401 2530
401 3227
401 3602
401 3890
401 4571
402 539
402 868
402 1713
402 1803
402 2153
402 4094
402 4630
402 4994
403 971
403 1179
403 1368
403 1434
403 1840
403 2107
403 2433
403 2464
403 2830
403 4147
403 4192
403 4811
404 1309
404 1532
404 1975
404 2116
404 3414
404 3487
404 4400
404 4652
405 1142
405 1385
405 1611
405 1838
405 2165
405 3493
405 3785
405 4128
405 4190
405 4620
406 871
406 986
406 1457
406 1881
406 1925
406 2458
406 2790
406 3682
407 486
407 613
407 767
407 830
407 1425
407 2022
407 3006
407 3769
407 3771
407 3821
407 3955
408 927
408 1272
408 1398
408 3001
408 3295
408 4348
408 4791
408 4802
408 4859
409 718
409 1054
409 1275
409 1482
409 1644
409 2212
409 2369
409 3138
409 4668
409 4791
409 4831
410 1115
410 1968
410 1971
410 2069
410 2171
410 2526
410 3673
410 4084
410 4263
410 4416
410 4458
410 4472
410 4681
410 4738
411 556
411 1306
411 1369
411 1488
411 1771
411 2033
411 2256
411 2779
411 3543
411 3822
411 4221
411 4426
411 4624
411 4787
412 650
412 996
412 1920
412 2974
412 3023
412 4163
412 4645
413 465
413 502
413 792
413 1680
413 1694
413 3020
413 3184
413 3693
413 3698
414 1578
414 1832
414 1950
414 2390
414 2620
414 3204
414 3242
414 3564
414 4299
414 4725
415 1874
415 2023
415 2035
415 2718
415 2975
415 3946
415 4169
415 4760
416 667
416 1093
416 1364
416 1630
416 2152
416 2199
416 3004
416 3616
416 3703
416 4357
416 4384
416 4754
417 511
417 1252
417 2633
417 3832
417 4084
417 4452
417 4635
417 4949
417 4961
418 515
418 686
418 1109
418 2232
418 3015
418 3579
418 4172
418 4690
419 723
419 1446
419 1802
419 2398
419 2774
419 3192
419 3489
419 3838
419 3883
419 4025
419 4147
419 4575
420 677
420 1523
420 2083
420 2867
420 2870
420 3208
420 4791
421 482
421 513
421 677
421 1035
421 1387
421 1635
421 2216
421 3552
421 3731
421 3895
421 4938
422 578
422 682
422 1827
422 2366
422 2491
422 2864
422 2973
422 3411
422 3839
422 3883
422 4147
423 1245
423 2837
423 2955
423 3262
423 3319
423 3659
423 4309
424 737
424 2936
424 4249
425 1378
425 2169
425 2529
425 4195
425 4409
425 4689
425 4837
425 4851
425 4864
426 887
426 1070
426 1377
426 1611
426 1728
426 1858
426 2161
426 2802
426 3364
426 4762
427 892
427 1055
427 1501
427 1993
427 2074
427 2127
427 2540
427 2708
427 2756
427 3248
427 3928
427 4156
427 4749
427 4978
427 4990
428 802
428 902
428 2203
428 2441
428 2648
428 3101
428 3483
428 3722
428 4108
428 4527
428 4812
428 4873
428 4989
429 590
429 1205
429 2020
429 2046
429 2049
429 2584
429 2773
429 3083
429 3399
429 3435
429 3870
429 4305
430 1057
430 2191
430 3797
430 4369
430 4396
430 4674
431 592
431 749
431 1490
431 1905
431 3701
431 4202
431 4788
432 510
432 893
432 1247
432 1766
432 2487
432 2752
432 3505
432 4871
433 1030
433 1491
433 1934
433 2148
433 2440
433 2486
433 2905
433 3242
433 4763
434 1947
434 2470
434 3105
434 3223
435 934
435 970
435 1804
435 3406
435 3547
435 3821
436 531
436 626
436 779
436 1201
436 3031
436 3735
436 4640
436 4958
437 898
437 2122
437 3047
437 3252
437 3838
437 4854
438 900
438 1143
438 1610
438 1832
438 2731
438 2963
439 498
439 863
439 1130
439 1373
439 1862
439 1878
439 2011
439 2050
439 2360
439 2401
439 2613
439 3999
440 1508
440 2929
440 3107
440 3401
440 4157
440 4258
440 4347
441 514
441 1032
441 1710
441 2917
441 3088
441 3234
441 4883
441 4980
442 604
442 621
442 822
442 1815
442 3256
442 4128
442 4310
442 4750
443 672
443 834
443 895
443 906
443 1305
443 1483
443 1493
443 1967
443 2273
443 2289
443 2433
443 3095
443 3373
443 3519
443 3982
443 4618
443 4901
444 878
444 911
444 920
444 1590
444 2579
444 4144
445 755
445 965
445 1986
445 2635
445 3258
445 4762
446 2531
446 3288
447 881
447 1565
447 2460
447 3111
447 3392
447 3719
447 3767
447 4124
447 4380
447 4507
448 724
448 770
448 1056
448 1295
448 1347
448 1365
448 1386
448 1758
448 2138
448 2636
448 3856
448 4333
449 698
449 793
449 930
449 1905
449 2059
449 2269
449 2451
449 3202
449 4206
449 4795
450 951
450 1049
450 1075
450 1578
450 2837
450 2988
450 3457
450 3488
450 3838
450 4098
451 493
451 558
451 649
451 1164
451 1601
451 2503
451 3184
451 3885
451 4133
451 4311
451 4942
452 819
452 1524
452 1667
452 2495
452 2722
452 3311
452 3483
452 3675
452 4481
453 1101
453 1746
453 2019
453 2026
453 2096
453 2165
453 2433
453 2752
453 2835
453 2894
453 3459
453 4554
453 4989
454 676
454 923
454 1116
454 2422
454 3254
454 3435
454 3833
454 4245
455 581
455 881
455 1625
455 1705
455 3216
455 3687
455 4554
456 733
456 819
456 1442
456 2000
456 2894
456 2898
456 3072
456 3234
456 4360
456 4745
456 4754
457 1229
457 2065
457 2340
457 2522
457 2723
457 2874
457 3301
457 4093
457 4100
457 4704
458 1094
458 1610
458 2105
458 2476
458 3242
458 3999
458 4379
459 813
459 1025
459 3727
460 615
460 1075
460 1244
460 1554
460 1666
460 1790
460 2081
460 2357
460 2883
460 4140
460 4295
460 4755
460 4912
461 1578
461 2073
461 2113
461 2176
461 2235
461 3067
461 4029
462 888
462 1141
462 1798
462 2317
462 2550
462 2621
462 3065
462 3166
462 4184
463 945
463 1415
463 1426
463 2490
463 2539
463 2617
463 2666
463 4122
463 4512
463 4716
463 4815
464 633
464 1098
464 1163
464 1717
464 1881
464 2157
464 2197
464 2318
464 3040
464 3046
464 3794
464 3916
464 4215
464 4262
464 4547
465 2478
465 3777
465 4894
465 4920
466 475
466 1718
466 2072
466 2141
466 2204
466 3869
466 4779
467 536
467 2068
467 2410
468 597
468 1102
468 1320
468 1435
468 2049
468 2296
468 3451
468 4946
469 617
469 728
469 1360
469 2397
469 2450
469 2681
469 2743
469 4463
469 4709
470 678
470 744
470 762
470 1238
470 1264
470 1667
470 1838
470 2193
470 2346
470 2399
470 2727
471 1257
471 1648
471 2140
471 2925
471 3094
471 3517
471 3896
471 4290
472 524
472 765
472 837
472 1267
472 1402
472 1705
472 1728
472 1854
472 2906
472 3929
473 569
473 911
473 1826
473 2430
473 3024
473 3550
473 3708
473 4308
473 4488
473 4816
474 1402
474 1696
474 2235
474 2409
474 3071
474 3351
474 3723
474 4050
474 4205
474 4324
474 4596
474 4836
475 1144
475 1459
475 1750
475 2102
475 2780
475 3101
475 4002
475 4078
475 4209
475 4489
476 723
476 1314
476 1471
476 1631
476 2498
476 3119
476 4663
476 4826
477 938
477 1360
477 2013
477 2035
477 2246
477 2930
477 3370
477 3421
477 4335
477 4536
477 4587
478 849
478 2076
478 2323
478 2410
478 2485
478 2709
478 3037
478 3226
478 3459
478 3711
479 1140
479 1554
479 1749
479 2117
479 2363
479 2544
479 2633
479 2790
479 3280
479 3728
479 4348
479 4729
480 649
480 1075
480 1392
480 1427
480 1667
480 2130
480 2632
480 3521
480 3979
481 1657
481 3078
481 3597
481 3785
481 4342
481 4513
481 4710
481 4771
481 4920
482 1015
482 1143
482 1170
482 1744
482 2328
482 2485
482 2544
482 3153
482 3202
482 3264
482 3397
482 3650
482 3927
482 4063
482 4412
482 4534
483 1144
483 1343
483 2151
483 2315
483 3106
483 3671
483 4177
484 656
484 1733
484 2337
484 3153
484 3455
484 3814
484 4159
484 4396
484 4936
485 1210
485 1545
485 2257
485 2395
485 2615
485 2659
485 2738
485 3201
485 3241
485 3328
485 3857
486 1650
486 1793
486 1853
486 2043
486 2494
486 2620
486 3063
486 4057
486 4693
486 4696
486 4739
487 1029
487 1209
487 1426
487 1633
487 2609
487 4505
487 4614
487 4759
487 4820
487 4973
487 4998
488 932
488 1293
488 1522
488 2105
488 2202
488 2654
488 2895
488 4801
489 765
489 1234
489 1613
489 1896
489 2272
489 3507
489 4101
489 4262
489 4790
490 621
490 715
490 1305
490 1890
490 2119
490 2651
490 2860
490 3304
490 4097
491 1610
491 1651
491 2255
491 2483
491 2494
491 2527
491 3096
491 3507
491 3558
491 3681
492 1099
492 1830
492 2243
492 2713
492 2894
492 3468
492 4052
492 4267
492 4977
493 978
493 1573
493 2220
493 2231
493 3361
493 3621
493 4033
493 4824
494 1095
494 1463
494 2504
494 3104
494 3526
495 1314
495 2006
495 2223
495 3766
495 4516
496 1031
496 1500
496 1861
496 2157
496 4202
496 4457
496 4545
496 4630
496 4923
496 4931
496 4966
497 1568
497 3900
497 4040
497 4633
498 678
498 786
498 806
498 1997
498 2776
498 3528
498 3680
498 4184
498 4426
499 868
499 1719
499 1796
499 3125
499 4493
500 548
500 2017
500 3004
500 4704
501 607
501 703
501 826
501 1595
501 1815
501 2671
501 2755
501 3011
501 3097
501 4587
501 4852
502 974
502 1785
502 1851
502 1997
502 3218
502 3386
502 4863
503 1205
503 1418
503 2393
503 2633
503 2901
503 3406
503 3502
504 522
504 1086
504 1234
504 1610
504 1786
504 1844
504 2516
504 2828
504 3457
504 4480
505 860
505 1657
505 1991
505 2123
505 2449
505 2499
505 4160
506 797
506 1425
506 2726
506 2728
506 3056
506 3170
506 3545
506 3727
506 3948
506 4334
506 4625
507 761
507 774
507 1518
507 1897
507 2209
508 665
508 742
508 858
508 1276
508 1863
508 1990
508 3532
508 4605
509 1672
509 2062
509 2542
509 2580
509 4157
509 4256
510 635
510 2163
510 3537
510 4628
510 4643
511 1012
511 1014
511 1333
511 1603
511 2642
511 3046
511 3178
511 3326
511 3356
511 3425
511 3868
511 4072
511 4149
512 708
512 946
512 1074
512 1625
512 2155
512 2816
512 3731
512 4351
512 4688
512 4884
512 4954
513 722
513 1796
513 1919
513 1973
513 2069
513 2078
513 2954
513 3136
513 3413
513 3507
513 4059
513 4060
514 1921
514 2932
514 3043
514 3111
514 3598
514 3999
514 4182
514 4684
515 704
515 1455
515 1523
515 1560
515 1779
515 2009
515 2091
515 2440
515 2751
515 2994
515 3143
515 4537
516 1128
516 1436
516 2103
516 2659
516 2827
516 3113
516 3363
516 4762
517 1383
517 1559
517 2006
517 2259
517 2868
517 3188
517 3299
517 4060
517 4502
517 4759
518 998
518 1375
518 1846
518 2361
518 2425
518 2499
518 2545
518 3334
518 4445
518 4780
519 760
519 2571
519 2677
519 3031
519 3648
519 3869
519 3893
519 3977
519 4082
519 4756
520 1132
520 2149
520 3635
520 4201
520 4618
520 4714
520 4833
521 726
521 1720
521 2052
521 2216
521 3435
521 3740
521 3809
521 3996
521 4071
521 4855
521 4864
522 860
522 1030
522 1032
522 1065
522 1416
523 540
523 569
523 1748
523 2033
523 2232
523 2600
523 2643
523 3182
523 3258
523 3508
523 4411
523 4946
524 1018
524 1705
524 1934
524 2537
524 3335
524 3369
524 3556
524 3883
525 1958
525 2914
525 3947
526 1684
526 3854
526 3976
526 4155
526 4308
526 4523
526 4864
527 1075
527 2205
527 2447
527 4916
528 535
528 1709
528 2062
528 4202
529 634
529 1178
529 1629
529 1683
529 1740
529 1980
529 2040
529 2364
529 2438
529 2636
529 3468
529 3534
529 4346
529 4439
530 1411
530 1696
530 2091
530 3596
530 4006
530 4196
530 4397
530 4980
531 1075
531 1079
531 1134
531 1315
531 2141
531 2964
531 3275
531 3685
531 4401
532 626
532 1287
532 2855
532 4172
532 4211
532 4713
533 630
533 931
533 1647
533 2120
533 3075
533 4512
533 4525
533 4621
534 1030
534 1125
534 2117
534 2914
534 2927
534 2963
534 3561
534 3787
534 3835
534 4812
534 4930
535 1493
535 1554
535 2146
535 3603
535 3961
536 644
536 1867
536 2166
536 3239
536 3915
536 4070
536 4415
536 4861
536 4888
536 4915
537 542
537 714
537 969
537 1315
537 3201
537 4459
537 4536
538 1425
538 1682
538 2839
538 3092
538 3323
538 4095
538 4325
539 585
539 776
539 1464
539 2054
539 2356
539 2451
539 2522
539 2976
539 3493
539 4079
539 4277
539 4928
540 837
540 1161
540 1353
540 1485
540 1511
540 1796
540 2871
540 3240
540 3272
540 3599
540 3856
540 4902
541 582
541 953
541 1036
541 1061
541 1892
541 1914
541 2582
541 3284
541 4138
541 4297
542 606
542 1258
542 2508
542 3660
542 4854
543 1005
543 1814
543 2268
543 2353
543 2750
543 2776
543 3282
543 3357
543 4082
543 4110
543 4150
543 4160
543 4383
543 4520
543 4733
544 1099
544 1796
544 2506
544 2756
544 3076
544 4155
544 4269
544 4352
544 4433
544 4478
545 746
545 774
545 1727
545 2396
545 2990
545 3668
545 4714
546 963
546 1095
546 1407
546 1565
546 1810
546 2043
546 2172
546 2789
546 2891
546 3160
546 3513
546 4609
547 947
547 1330
547 2040
547 2192
547 2673
547 2869
547 3214
547 3374
547 3491
547 4525
547 4676
548 1304
548 1873
548 3222
548 4750
548 4885
549 825
549 1147
549 1334
549 1912
549 2593
549 2812
549 3832
549 4257
549 4465
549 4517
550 804
550 1056
550 1186
550 1860
550 2011
550 3321
550 4590
550 4663
550 4882
551 928
551 1549
551 2219
551 2355
551 3003
551 3394
551 3506
551 3546
551 3716
551 3889
552 1212
552 1275
552 2177
552 2498
552 2721
552 3244
552 3730
552 4170
552 4429
553 724
553 746
553 1280
553 1565
553 2461
553 3097
553 3745
554 670
554 980
554 1067
554 1247
554 2437
554 4015
554 4539
555 648
555 1267
555 1331
555 1877
555 2940
555 3496
555 3662
555 4803
556 621
556 919
556 1067
556 2789
556 3177
556 3685
556 4676
556 4791
557 1256
557 2581
557 3031
557 3445
557 3884
557 4407
558 681
558 816
558 824
558 1703
558 2110
558 2380
558 2671
558 2958
558 3810
558 3953
558 4303
558 4936
559 735
559 801
559 2325
559 2956
559 3294
559 4831
560 1460
560 2279
560 3498
560 3678
560 4067
561 1263
561 2345
561 2553
561 3445
561 4082
562 883
562 1040
562 1125
562 2403
562 3248
562 3720
562 3734
562 4839
562 4840
563 754
563 856
563 928
563 1478
563 2812
563 3659
563 3663
563 3770
563 4044
563 4169
564 1374
564 1803
564 2059
564 2565
564 2740
564 3962
564 4321
564 4340
564 4576
565 840
565 1290
565 2230
565 2850
565 3077
565 3454
565 4225
566 1749
566 2073
566 2143
566 2219
566 2261
566 3428
566 4011
566 4351
566 4669
566 4714
566 4836
566 4950
567 577
567 1795
567 3967
567 4502
567 4587
567 4612
567 4681
568 1008
568 1528
568 2013
568 2400
568 2921
568 4637
569 819
569 862
569 1509
569 2523
569 4970
570 1365
570 2548
570 3308
570 4546
570 4655
571 597
571 877
571 1029
571 1463
571 1510
571 1633
571 1931
571 2126
571 2638
571 3592
571 4053
571 4101
571 4232
571 4447
571 4808
572 1268
572 2021
572 2132
572 2528
572 3340
572 4389
572 4866
573 3201
574 952
574 2366
574 3031
574 3489
574 4775
574 4828
575 1258
575 2039
575 4444
576 1792
576 2876
576 3366
576 3771
576 3802
576 4144
576 4828
577 980
577 1031
577 1142
577 1711
577 1962
577 1968
577 2038
577 2878
577 3881
577 4202
577 4627
577 4723
578 1226
578 1532
578 1723
578 2564
578 2992
578 4139
578 4600
579 1788
579 2391
579 2902
579 3061
579 4460
579 4554
580 885
580 2755
580 3241
580 4314
580 4624
580 4813
581 1143
581 1664
581 1740
581 1924
581 2591
581 3679
581 3777
581 3860
581 4256
582 2437
582 2629
582 3529
582 4112
582 4269
582 4755
583 669
583 3584
583 3734
583 4628
584 805
584 1232
584 1264
584 1275
584 1799
584 2463
584 2682
584 3403
584 3537
584 3917
584 4053
584 4465
585 776
585 1945
585 3000
585 3192
585 3408
585 3419
585 3595
585 3642
585 3757
585 3963
586 776
586 1103
586 1250
586 3712
586 4057
586 4197
586 4966
587 971
587 992
587 1098
587 3658
587 3827
587 3913
587 4385
588 654
588 792
588 1442
588 1771
588 3285
588 3332
588 4792
589 1249
589 3432
589 4039
589 4560
589 4950
590 2043
590 2086
590 2107
590 2345
590 2969
590 3175
590 3523
590 4351
591 1416
591 1720
591 1796
591 1803
591 1986
591 2128
591 2366
591 3147
591 3233
591 3382
591 3545
591 3596
592 751
592 762
592 2279
592 2870
592 3056
592 3330
592 3761
592 4172
592 4180
592 4216
592 4603
593 1472
593 1672
593 2004
593 3420
593 4245
593 4900
593 4923
594 733
594 962
594 1247
594 1346
594 1652
594 1851
594 2405
594 2566
594 2718
594 2893
594 4855
595 775
595 932
595 1315
595 2006
595 2451
595 2634
595 3075
595 3154
595 3391
595 3514
595 3593
595 3694
595 4189
595 4222
595 4342
595 4879
596 1182
596 1736
596 1945
596 2241
596 2582
596 2800
596 3170
596 3477
596 3496
596 4518
597 852
597 933
597 1121
597 1501
597 1653
597 1993
597 2403
597 2409
597 2644
597 3144
597 3352
597 4021
597 4701
597 4887
598 1276
598 2422
598 2583
598 2588
598 2608
598 2714
598 3040
598 3858
598 3955
599 1023
599 2037
599 2544
599 2837
599 2957
599 3014
599 3064
599 4639
600 608
600 1442
600 2299
600 3213
600 3393
600 4382
601 670
601 1132
601 1684
601 2342
601 2383
601 3554
601 3925
601 4301
601 4543
602 613
602 1112
602 1520
602 2119
602 3425
602 4028
602 4600
602 4823
603 2159
603 2329
603 3538
603 3930
603 3947
603 4896
604 1009
604 1947
604 2031
604 2087
604 2382
604 2958
604 3051
604 4386
604 4811
605 979
605 1035
605 1620
605 2425
605 3463
605 4320
605 4336
605 4692
605 4955
606 1546
606 2706
606 4326
607 1203
607 1911
607 2606
607 4286
607 4464
607 4478
607 4791
608 951
608 1956
608 2149
608 2517
608 3169
608 3209
608 4202
608 4910
609 772
609 1393
609 1822
609 1973
609 2154
609 2270
609 2552
609 4543
609 4838
610 618
610 626
610 1091
610 1482
610 1617
610 1784
610 1835
610 1889
610 2470
610 2887
610 3343
611 701
611 912
611 2201
611 2463
611 2692
611 2730
612 786
612 805
612 1905
612 1956
612 2153
612 2487
612 2508
612 3608
612 3651
612 4096
612 4743
612 4975
613 749
613 1319
613 1476
613 2266
613 2751
613 3214
613 3379
613 4548
613 4654
614 818
614 960
614 985
614 1352
614 2459
614 2577
614 2665
614 2765
614 3291
614 4119
615 765
615 1196
615 2606
615 2740
615 3987
615 4691
615 4936
615 4968
616 788
616 949
616 954
616 962
616 1820
616 2712
616 3084
616 3253
616 4201
616 4228
616 4749
617 1816
617 1847
617 1848
617 2246
617 2266
617 2781
617 3133
617 3889
617 4289
617 4645
618 1108
618 2044
618 2793
618 2838
618 2949
618 3196
618 3829
618 4413
618 4504
618 4633
618 4848
619 1340
619 1683
619 1867
619 2221
619 3345
619 3522
619 3988
619 4907
620 651
620 775
620 1407
620 1480
620 1766
620 1890
620 1987
620 2146
620 2348
620 2612
620 2964
620 3477
620 3563
620 3828
620 3896
620 4377
620 4614
621 1078
621 1148
621 1592
621 1654
621 1659
621 1763
621 1988
621 2522
621 3479
621 3827
621 4286
621 4310
621 4748
621 4876
622 939
622 1293
622 1588
622 2156
622 2905
622 4278
622 4558
622 4597
622 4812
623 1580
623 2266
623 2360
623 3309
623 4551
623 4618
624 810
624 1544
624 2858
624 3016
624 3758
624 4296
624 4439
624 4456
625 973
625 1103
625 1180
625 1360
625 1467
625 1959
625 2579
625 2851
625 3741
625 4159
625 4398
625 4687
625 4864
626 684
626 1296
626 1677
626 1890
626 2189
626 2333
626 2437
626 3301
626 3638
627 885
627 1730
627 2208
627 3152
627 3605
627 3754
627 3766
627 4027
627 4567
627 4610
627 4650
628 1042
628 1403
628 1711
628 1862
628 2967
628 3420
628 4340
629 1103
629 1361
629 1385
629 1635
629 3825
629 3843
629 4821
630 887
630 1043
630 1732
630 1778
630 3037
630 3306
630 4103
630 4152
630 4434
630 4548
630 4977
631 1313
631 1510
631 1696
631 1725
631 1852
631 1880
631 2487
631 2960
631 2989
631 3408
631 3441
631 3715
631 3790
631 3821
631 3954
632 1181
632 1200
632 1348
632 1799
632 1856
632 2008
632 2057
632 3665
632 4198
632 4427
633 1214
633 1418
633 2165
633 4299
633 4797
633 4839
634 1934
634 2080
634 2346
634 2356
634 2904
634 3154
634 3464
634 4101
635 1680
635 2522
635 2959
635 3452
635 3776
635 4009
635 4301
635 4968
636 1343
636 1506
636 2444
636 2539
636 3253
636 3571
636 3708
636 3820
636 4074
636 4187
636 4227
636 4251
637 847
637 975
637 1571
637 2364
637 2506
637 2961
637 3445
637 3601
637 3768
637 4242
637 4676
637 4932
638 1243
638 1405
638 2022
638 3243
638 3628
638 3629
638 3870
639 880
639 2899
639 3370
639 3385
639 3838
639 4173
639 4204
640 1313
640 1353
640 1574
640 1870
640 2333
640 2455
640 2609
640 3218
640 4060
640 4362
640 4501
640 4745
641 977
641 1360
641 1972
641 2179
641 2356
641 2497
641 2581
641 2796
641 4015
641 4039
641 4219
641 4765
642 742
642 1679
642 4647
643 2126
643 2601
643 2826
643 2914
643 4013
643 4015
643 4547
643 4571
644 1043
644 1297
644 2083
644 2228
644 2566
644 2856
644 3207
644 3894
644 4057
645 1085
645 2190
645 2491
645 3007
645 3320
645 4877
646 1641
646 2624
646 2817
646 3347
646 4506
646 4899
646 4973
647 1682
647 2830
647 2929
647 3510
647 4292
648 2663
648 3427
648 4322
648 4510
649 916
649 1318
649 3348
649 4283
649 4709
649 4893
650 689
650 1210
650 1413
650 2381
650 2648
650 2723
650 2845
650 3579
650 3816
650 4393
650 4613
651 684
651 760
651 1239
651 1837
651 2123
651 2372
651 2594
651 2636
651 2649
651 3848
651 4741
652 823
652 1922
652 3592
652 4322
652 4718
652 4772
653 674
653 1629
653 2138
653 2220
653 3014
653 3194
653 3402
653 3527
653 4727
654 1671
654 2483
654 3213
654 3440
654 4062
654 4375
654 4400
655 1836
655 3194
655 3220
655 3577
655 4421
655 4521
656 1119
656 1132
656 1274
656 1336
656 1346
656 1824
656 2235
656 2661
656 3164
656 3175
656 3327
656 3924
656 4027
656 4203
656 4356
656 4361
656 4406
656 4873
656 4933
657 821
657 1088
657 1187
657 1968
657 3012
657 3039
657 4812
658 725
658 855
658 959
658 1871
658 2844
658 3016
658 3696
658 4415
659 1004
659 1148
659 2060
659 2198
659 2364
659 2759
659 2860
659 3431
659 3978
659 4876
659 4996
660 676
660 806
660 887
660 1604
660 3422
660 3810
660 3931
660 4202
660 4388
660 4976
661 865
661 1083
661 1172
661 1259
661 2453
661 2845
661 3556
661 3840
661 4962
662 758
662 1061
662 2379
662 4245
662 4451
662 4873
663 1166
663 1353
663 2236
663 2945
663 3531
663 3648
663 3719
663 4691
664 1119
664 1826
664 2147
664 2325
664 3938
664 3988
664 4146
665 1267
665 1283
665 1978
665 2207
665 2642
665 2754
665 2758
665 2830
665 2970
665 3309
665 3808
665 4078
666 861
666 936
666 2690
666 4974
667 1168
667 1612
667 2534
667 2934
667 3121
667 3349
667 3536
667 4720
667 4747
667 4847
668 932
668 1084
668 3990
668 4249
668 4285
668 4545
669 776
669 1370
669 1786
669 2196
669 2284
669 2515
669 4838
669 4849
669 4865
670 680
670 870
670 1899
670 2013
670 2147
670 2315
670 2548
670 2901
670 3408
670 4129
671 4070
671 4252
671 4311
671 4576
671 4847
671 4873
672 1321
672 2247
672 2336
672 3364
672 3434
672 3913
672 4100
673 970
673 1160
673 1440
673 2229
673 4177
673 4199
673 4339
673 4629
673 4900
673 4916
674 1880
674 1889
674 2241
674 2601
674 4063
674 4098
675 2474
675 4202
676 919
676 1688
676 1994
676 2172
676 3058
676 3146
676 3288
676 3332
676 4228
677 1452
677 1774
677 2003
677 2785
677 2848
677 3556
677 4432
677 4755
677 4756
677 4926
677 4938
678 695
678 1185
678 2210
678 2495
678 2872
678 3109
678 3297
678 3724
679 1431
679 1996
679 2510
679 3780
679 3986
679 4131
680 1884
680 2455
680 2816
680 2871
680 3057
680 3453
680 3866
680 3992
680 4037
680 4201
680 4699
681 682
681 1173
681 2404
681 2705
681 4153
681 4546
681 4574
681 4578
681 4902
682 1640
682 1943
682 2285
682 2548
682 2988
682 3131
682 3599
682 3606
683 1521
683 1527
683 2253
683 2351
683 3284
683 3522
684 2177
684 3649
684 3712
684 3932
684 3986
684 4433
684 4843
684 4866
685 862
685 1571
685 2683
685 2842
685 4194
686 692
686 750
686 1516
686 2028
686 2133
686 2395
686 2819
686 3507
686 4242
686 4298
686 4801
687 822
687 962
687 2364
687 2525
687 2657
687 3093
687 3862
687 3936
687 3950
687 4266
687 4363
687 4844
688 1114
688 1136
688 1673
688 1678
688 1807
688 2065
688 2088
688 2139
688 2693
688 3417
688 3903
688 3921
688 4010
688 4348
688 4685
688 4960
689 1171
689 1454
689 2978
689 3282
689 3588
689 3673
689 3881
689 3923
689 4306
689 4376
689 4589
689 4819
690 1173
690 1180
690 2562
690 2840
690 4372
691 2626
691 4325
692 813
692 1205
692 3370
692 3525
692 3724
693 1458
693 1614
693 3063
693 3283
693 3397
693 3504
693 4147
694 1212
694 1751
694 3383
694 4107
695 832
695 2376
695 3034
695 4098
696 824
696 1276
696 1284
696 1449
696 2002
696 3123
696 3303
696 3758
696 3773
696 4362
696 4511
696 4950
697 723
697 1344
697 1735
697 2224
697 2413
697 2581
697 2641
697 3619
697 3837
697 4381
697 4785
698 985
698 2301
698 3296
699 921
699 1853
699 1955
699 2078
699 2168
699 3750
699 4690
700 867
700 1008
700 1853
700 2617
700 3654
700 3747
700 3908
700 4129
700 4467
700 4493
700 4874
701 1170
701 1270
701 2655
701 3513
701 3613
701 4559
701 4818
701 4995
702 1277
702 1808
702 3179
702 3424
702 4106
703 1043
703 1060
703 1234
703 1981
703 2138
703 2199
703 2580
703 3374
703 3438
704 768
704 1135
704 1362
704 1396
704 3947
704 4197
704 4225
705 1369
705 1470
705 1600
705 1611
705 2049
705 2252
705 2799
705 2990
706 796
706 1032
706 1243
706 2054
706 2545
706 4256
706 4286
706 4523
706 4931
706 4993
707 876
707 1846
707 1995
707 2628
707 2761
707 2852
707 3360
707 3388
707 4010
707 4263
707 4455
707 4488
707 4788
708 1778
708 1789
708 2068
708 2466
708 3256
708 3921
708 4053
708 4335
708 4383
708 4482
708 4599
709 1077
709 1243
709 2350
709 3498
709 4041
709 4599
710 1489
710 2040
710 2130
710 2288
710 2507
710 2646
710 2948
710 3712
711 1319
711 2106
711 2437
711 2551
711 2831
711 3588
711 4081
712 1735
712 1753
712 2050
712 2152
712 4962
713 1171
713 1467
713 2180
713 3563
713 4654
714 1215
714 1249
714 2654
714 2737
714 2768
714 3140
714 3515
714 4306
714 4493
715 1547
715 1664
715 2071
715 3045
715 3260
715 3423
715 3479
715 4994
716 2068
716 2412
716 3223
716 3551
716 3863
716 4092
716 4479
716 4587
716 4634
716 4652
716 4905
717 829
717 878
717 1077
717 1168
717 1224
717 1295
717 2559
717 3001
717 3768
717 3899
717 3930
717 4170
717 4276
717 4298
717 4915
718 1548
718 1688
718 2778
718 3521
718 3623
718 3776
718 3864
718 4529
718 4960
718 4988
719 1039
719 1752
719 3235
719 3555
719 4336
719 4440
719 4916
720 917
720 1242
720 2114
720 3009
720 3468
720 3661
720 3928
720 4978
721 915
721 1301
721 2448
721 2475
721 2648
721 2717
721 3641
721 3705
721 3886
721 4562
721 4589
721 4838
722 772
722 1038
722 1348
722 1611
722 2093
722 2223
722 2299
722 2969
722 3109
722 3143
722 3212
722 3324
722 3336
722 4482
723 1858
723 2306
723 2345
723 2416
723 2870
723 3451
723 3510
723 4273
723 4488
724 1514
724 2009
724 2059
724 2135
724 2610
724 2641
724 3247
724 3317
724 3322
725 1208
725 1361
725 1707
725 2832
725 4176
726 1401
726 3868
726 4056
726 4848
727 2373
727 2388
727 2645
727 4609
728 926
728 1086
728 1666
728 1882
728 2134
728 2250
728 2632
728 3015
728 4188
728 4529
729 1246
729 1415
729 2895
729 2995
729 4164
729 4365
729 4381
729 4407
729 4589
730 1566
730 1752
730 2323
730 2577
730 3104
730 4443
730 4477
730 4907
731 761
731 779
731 2196
731 2430
731 2820
731 2912
731 3135
732 936
732 1501
732 3634
732 3668
733 745
733 1033
733 1224
733 1447
733 1626
733 1716
733 1799
733 2999
733 3102
733 3444
733 3485
733 3752
734 1705
734 2354
734 3770
734 4243
735 1757
735 2280
735 4081
736 1032
736 2072
736 2107
736 2257
736 2542
736 2772
736 3409
736 3870
736 4299
736 4309
737 1434
737 1640
737 2072
737 2586
737 2759
737 2917
737 3952
738 901
738 1545
738 4286
739 985
739 1458
739 2483
739 3156
739 3775
739 3784
739 3887
739 4297
740 883
740 1021
740 2467
740 3298
740 4048
740 4914
741 753
741 938
741 1633
741 2137
741 2160
741 2164
741 2430
741 2478
741 2744
741 2839
741 4144
741 4343
741 4924
742 1189
742 1345
742 1430
742 1598
742 1912
742 2144
742 2676
742 3375
742 3542
742 3967
742 4631
742 4649
743 802
743 1022
743 1502
743 1755
743 1853
743 2425
743 2574
743 3098
743 3504
743 3550
743 3674
743 3773
744 895
744 1068
744 1076
744 1520
744 2591
744 3014
744 3140
744 4677
744 4836
744 4919
745 1010
745 1151
745 1234
745 3981
745 4520
745 4821
745 4910
746 1754
746 1904
746 2148
746 3316
746 4119
746 4181
746 4224
746 4490
747 950
747 1094
747 1267
747 1800
747 2011
747 2221
747 2946
747 3285
747 3856
747 4028
747 4121
747 4958
748 769
748 791
748 902
748 967
748 1064
748 1375
748 1734
748 1761
748 2441
748 2590
748 2635
748 3986
748 4436
749 791
749 838
749 1127
749 3007
749 3288
749 3569
749 3603
749 3627
749 3757
749 4301
749 4888
749 4973
750 1240
750 1591
750 1863
750 1992
750 2097
750 2167
750 2320
750 2985
750 4107
750 4233
750 4293
750 4443
750 4822
751 781
751 1081
751 1393
751 1409
751 2023
751 2323
751 3102
751 3552
751 3985
751 4007
751 4364
752 1116
752 1570
752 2363
752 3362
752 4086
752 4345
752 4502
752 4571
752 4873
753 825
753 1479
753 1676
753 1913
753 2298
753 3606
753 3828
753 3999
753 4837
754 969
754 1728
754 2293
754 3298
754 4190
754 4340
754 4885
755 1513
755 1705
755 1850
755 1884
755 2054
755 4270
755 4305
755 4661
756 1810
756 2238
756 2806
756 3526
756 4119
756 4599
757 821
757 935
757 982
757 1013
757 1572
757 1872
757 1913
757 2853
757 3171
757 3817
757 4444
757 4911
758 927
758 1528
758 2611
758 2694
758 2778
758 3047
758 3297
758 3670
758 3684
758 4519
758 4557
758 4644
758 4772
758 4917
759 1381
759 1495
759 1776
759 3223
759 3531
759 4014
759 4275
760 1113
760 1786
760 2024
760 3024
760 3057
760 3605
760 3772
760 3828
760 4242
760 4966
761 1431
761 1989
761 2694
761 3351
761 3878
761 4443
762 894
762 1650
762 1915
762 1944
762 3469
762 3602
762 4014
762 4148
763 1172
763 2043
763 2142
763 2353
763 2799
763 3096
763 3922
763 4296
763 4437
764 1231
764 1694
764 1705
764 1862
764 3235
764 3642
764 3662
764 4059
764 4575
765 1015
765 1220
765 1453
765 1894
765 1929
765 1943
765 1986
765 3002
765 3802
765 4234
765 4322
765 4746
766 1288
766 1755
766 2001
766 2414
766 2629
766 2889
766 3148
766 3275
766 3300
766 4277
767 2076
767 2420
767 2784
767 3073
767 4461
767 4532
767 4847
768 2352
768 2981
768 3049
768 4197
768 4484
768 4714
769 936
769 1609
769 2862
769 3063
769 3392
769 3416
769 4358
769 4360
769 4627
770 1707
770 2133
770 2138
770 2478
770 2765
770 2859
770 3354
770 3983
771 790
771 1058
771 1182
771 1334
771 2013
771 2257
771 2411
771 2571
771 3572
771 3964
771 4012
771 4110
771 4163
771 4488
771 4808
771 4820
772 1132
772 1213
772 1666
772 1725
772 1760
772 2231
772 2533
772 2751
772 3078
772 3373
772 4399
772 4657
773 933
773 1442
773 1703
773 2343
773 2476
773 3060
773 3492
773 3730
773 4085
773 4254
773 4445
773 4563
774 1074
774 1840
774 2301
774 3045
774 3558
774 4662
775 931
775 1877
775 2212
775 2381
775 2655
775 2704
775 3192
775 3213
775 3433
775 4101
775 4218
775 4380
775 4751
775 4880
776 872
776 1076
776 1368
776 1918
776 1955
776 2090
776 3105
776 3831
776 4987
777 1398
777 1442
777 2519
777 3581
777 3652
777 3926
777 3981
777 4165
777 4840
778 1368
778 2039
778 2211
778 2389
778 2958
778 4654
779 918
779 1733
779 2182
779 2478
779 3995
780 1409
780 1520
780 1536
780 2513
780 2824
780 2875
780 3133
780 4449
780 4796
781 1170
781 2678
781 2852
781 2907
781 3412
781 3424
781 3448
781 3897
781 3970
781 4332
781 4346
781 4650
782 930
782 1271
782 1522
782 1819
782 2188
782 2287
782 2880
782 3610
782 3875
782 4749
783 1218
783 2287
783 2991
783 3478
783 4403
783 4432
784 1174
784 1417
784 1972
784 2153
784 2366
784 3082
784 3623
784 3630
784 3688
784 4014
784 4249
784 4364
784 4857
784 4858
784 4976
785 964
785 1156
785 1828
785 2187
785 2191
785 2299
785 2547
785 2599
785 2943
785 2980
785 3088
785 3747
785 3756
785 4033
785 4742
786 876
786 1041
786 1897
786 2871
786 3312
786 3848
786 4329
786 4454
786 4947
787 914
787 1243
787 1408
787 1954
787 2411
787 2662
787 2918
787 3121
787 3647
787 3656
787 3767
787 4943
788 1580
788 1951
788 2260
788 2316
788 3527
788 4271
788 4321
788 4538
789 1214
789 1498
789 2057
789 2099
789 2486
789 2519
789 3382
789 3863
789 4112
789 4260
789 4584
790 1177
790 2202
790 3296
790 3404
790 3621
790 4052
791 1308
791 1388
791 1398
791 1829
791 1830
791 2262
791 3177
791 4073
792 882
792 1577
792 1682
792 2717
792 2806
792 2932
792 4045
792 4241
792 4486
793 2445
793 3432
793 3731
794 1262
794 1305
794 1769
794 1905
794 2059
794 4258
794 4698
794 4706
794 4802
795 985
795 1107
795 1121
795 3445
795 3721
795 3800
796 1184
796 1235
796 2225
796 3347
796 3382
796 3529
796 4118
796 4624
796 4684
796 4863
797 1108
797 1167
797 1282
797 1406
797 2738
797 2809
797 3123
797 3949
797 4048
797 4952
798 890
798 1330
798 1744
798 2116
798 2358
798 2817
798 3303
798 4367
799 1056
799 1126
799 1790
799 2263
799 2354
799 2431
799 3019
799 3030
799 3522
799 3626
799 3768
799 4093
799 4396
799 4687
800 1781
800 1831
800 2216
800 2767
800 2828
800 2899
800 3328
800 3681
800 4065
800 4262
800 4357
800 4747
801 1131
801 1490
801 3125
801 3466
801 3548
801 3971
801 4606
802 1817
802 2584
802 3107
802 4255
802 4283
802 4395
802 4549
802 4616
802 4764
803 1717
803 2437
803 2537
803 3022
803 3179
803 3848
803 4144
803 4813
804 833
804 933
804 1414
804 1419
804 1864
804 1865
804 2357
804 3953
804 4426
804 4767
805 1346
805 2013
805 3945
805 4332
805 4684
805 4994
806 1119
806 3123
806 3500
806 3589
806 3614
806 3677
806 4566
807 997
807 1176
807 1279
807 1323
807 3394
807 3970
808 835
808 1225
808 1874
808 2098
808 2185
808 2227
808 2926
808 4316
808 4455
808 4621
808 4816
809 967
809 2640
809 3479
809 3694
809 4513
809 4924
810 1146
810 1619
810 1892
810 2367
810 2446
810 2673
810 2781
810 3786
810 3898
810 4749
810 4764
810 4969
811 1008
811 1320
811 1406
811 1887
811 2242
811 2826
811 3076
811 3418
811 4021
812 922
812 2459
812 2864
812 2953
812 3366
812 3845
812 4199
812 4808
813 836
813 852
813 939
813 1152
813 2215
813 2325
813 2879
813 3932
813 4075
813 4262
813 4324
813 4335
814 1061
814 1590
814 2668
814 3645
814 4267
814 4835
815 1119
815 1500
815 1690
815 1897
815 2567
815 2613
815 3367
815 4622
815 4718
815 4906
816 1092
816 1293
816 1636
816 1646
816 1786
816 3378
816 3383
816 4494
817 954
817 1867
817 2119
817 2230
817 2333
817 2494
817 2526
817 3657
817 4516
817 4522
817 4546
817 4811
817 4861
818 1340
818 2320
818 2651
818 3344
818 3632
818 4034
818 4519
819 1769
819 2131
819 2186
819 2323
819 2386
819 3057
819 3437
819 3740
819 4785
819 4911
820 2958
820 3178
820 3313
820 4074
820 4253
820 4435
820 4581
820 4950
821 1737
821 2639
821 2820
821 2837
821 3018
821 4071
821 4325
821 4433
822 1094
822 1489
822 1799
822 2555
822 2896
822 2933
822 3830
822 4295
823 1474
823 1554
823 2093
823 3137
823 3328
823 3619
823 3883
823 3892
823 4018
823 4187
824 1720
824 1824
824 1862
824 2108
824 2416
824 3165
824 3589
824 4061
824 4095
824 4275
825 1063
825 1146
825 1263
825 1806
825 1885
825 1894
825 3226
825 3955
825 4033
825 4073
825 4156
825 4948
826 1129
826 1322
826 1460
826 2389
826 3408
826 3807
826 3814
827 1157
827 2183
827 2204
827 2663
827 2668
827 4158
827 4337
828 1517
828 2175
828 2552
828 3449
828 3589
828 3787
829 1078
829 2715
829 2769
829 2841
829 3389
829 3558
829 3867
829 4439
829 4715
829 4940
829 4949
830 1027
830 1112
830 2476
830 3125
830 3528
830 3614
830 3683
830 3729
830 3968
830 4201
830 4744
830 4835
830 4855
831 1071
831 3254
831 3580
831 3643
831 4802
832 1526
832 1534
832 1542
832 1983
832 1986
832 2704
832 3231
832 3320
832 4102
832 4227
832 4634
833 1146
833 1513
833 1772
833 2573
833 2676
833 2796
833 2892
833 3113
833 3291
833 3819
833 4431
833 4628
834 1267
834 1292
834 1716
834 4113
834 4269
835 1293
835 1587
835 1651
835 2311
835 2461
835 2525
835 4203
835 4569
835 4676
836 1940
836 2838
836 3572
836 3744
836 3765
836 3953
836 4872
837 1593
837 1602
837 1734
837 2272
837 3457
837 3878
837 4014
837 4973
838 876
838 911
838 1681
838 2405
838 2552
838 3232
838 3925
838 4262
838 4381
838 4643
838 4693
838 4775
838 4927
839 1004
839 1023
839 1034
839 1172
839 1419
839 1666
839 1911
839 2948
839 3875
839 4729
840 1174
840 2452
840 2653
840 3087
840 3267
840 3291
840 4313
840 4521
840 4857
841 2308
841 2837
841 3118
841 3284
841 3594
841 3915
841 4442
841 4844
842 958
842 1531
842 1788
842 2180
842 4019
843 1084
843 1413
843 1765
843 1969
843 2686
843 3317
843 3534
843 3591
843 4032
843 4040
843 4572
844 944
844 1092
844 1717
844 2057
844 2578
844 2642
844 3080
844 3191
844 4657
845 1424
845 2088
845 2528
845 3754
845 3937
845 4100
845 4180
845 4809
846 999
846 2833
846 3720
846 3770
846 4118
847 1300
847 2494
847 2723
847 2766
847 4562
848 1036
848 1341
848 2294
848 3436
848 3510
848 3651
848 4022
848 4907
849 933
849 1116
849 1638
849 4383
849 4888
850 2020
850 3549
850 4250
850 4479
850 4556
850 4875
851 1247
851 1303
851 1646
851 2156
851 2472
851 3319
851 3410
851 4263
851 4811
852 1052
852 1193
852 2307
852 2313
852 2663
852 3416
852 3698
853 3083
853 3755
853 3885
854 1089
854 1425
854 3585
854 4460
854 4819
854 4824
855 1761
855 1827
855 1965
855 2179
855 2357
855 2650
855 2857
855 3351
855 3374
855 3521
855 3685
855 4480
855 4941
856 1934
856 2081
856 2574
856 2689
856 2751
857 1083
857 1313
857 1973
857 2323
857 2683
857 3588
857 3893
857 4435
857 4661
857 4718
858 1353
858 1587
858 1844
858 2113
858 3766
858 3871
858 4913
859 961
859 1250
859 2059
859 2277
859 2295
859 2396
859 2805
859 3478
859 3651
859 4625
859 4675
859 4897
859 4982
860 1036
860 1599
860 2013
860 2027
860 2316
860 2719
860 2815
860 2968
861 1451
861 1913
861 2071
861 2551
861 2631
861 3183
861 4599
861 4718
861 4852
862 1029
862 1357
862 2069
862 2392
862 2544
862 2753
862 2808
862 3048
862 3267
862 3735
862 4548
862 4556
863 1011
863 1673
863 3592
863 3855
864 921
864 1189
864 1330
864 1558
864 1637
864 2766
864 3422
864 3491
864 3603
864 3953
865 1898
865 2517
865 2669
865 3160
865 3188
865 3263
865 4109
866 1097
866 1330
866 1503
866 1826
866 1883
866 1958
866 3272
866 3579
867 2122
867 2549
867 2611
867 2650
867 3066
867 3084
867 3155
867 3571
867 3651
867 4123
867 4873
867 4879
867 4883
868 891
868 1416
868 1661
868 2123
868 2721
868 3838
868 4466
868 4791
869 924
869 2285
869 2571
869 3008
869 3245
869 3920
869 4079
869 4301
869 4612
870 930
870 1403
870 1479
870 1523
870 1603
870 1631
870 3749
871 1281
871 1856
871 2316
871 2576
871 3190
871 3541
871 3736
871 3886
871 4538
871 4911
872 975
872 1355
872 1676
872 2528
872 2570
872 3781
873 1335
873 1508
873 2471
873 2564
873 3070
873 3763
873 4093
873 4102
874 3054
874 3126
874 3387
874 3824
875 1355
875 2093
875 2611
875 2807
875 3481
875 3743
875 3783
875 3897
875 4106
875 4833
876 901
876 1690
876 1798
876 1983
876 2386
876 2904
876 3846
876 4498
876 4776
876 4784
876 4887
877 1327
877 1821
877 2491
877 2825
877 3137
877 3379
877 4602
878 1333
878 1491
878 1769
878 1807
878 2240
878 2572
878 2640
878 2809
878 2925
878 3795
879 1181
879 1773
879 2228
879 2302
879 2931
879 3907
879 4604
879 4808
880 1070
880 1188
880 1244
880 1266
880 1296
880 1410
880 1891
880 2147
880 2443
880 2737
880 3894
880 4787
881 2911
881 3760
881 4054
881 4171
881 4984
882 1747
882 1919
882 3606
882 4273
882 4728
883 1218
883 3389
883 4969
884 1081
884 1402
884 1520
884 2076
884 2717
884 3657
884 3996
884 4713
884 4812
884 4830
885 893
885 1340
885 1780
885 2009
885 4222
886 1073
886 1260
886 1267
886 1440
886 2771
886 3350
886 3577
886 3672
886 4078
886 4300
886 4421
886 4497
887 951
887 1037
887 2707
887 2718
887 2908
887 3299
887 3368
887 3376
887 4293
888 935
888 1879
888 2084
888 2275
888 3272
888 3671
888 4523
889 1020
889 1066
889 2610
889 3162
889 3606
889 4185
889 4236
889 4634
890 1093
890 1638
890 3427
890 3498
890 3985
891 1127
891 1191
891 1538
891 1545
891 1771
891 2170
891 2680
891 2928
891 2969
891 2975
891 3025
891 3435
891 3588
891 3946
891 3962
891 4591
891 4924
892 1470
892 1488
892 2232
892 2475
892 3890
892 4578
893 1220
893 2004
893 2919
893 3462
893 3767
893 4029
893 4267
894 1094
894 1721
894 1758
894 4029
894 4276
894 4326
894 4373
894 4629
894 4633
895 1141
895 2597
895 3137
895 3187
895 3856
895 4185
895 4469
895 4994
896 1650
896 2060
896 2296
896 2520
896 3056
896 3327
896 4422
896 4918
897 2486
897 3974
897 4096
897 4135
897 4689
898 1538
898 1623
898 2478
898 4164
898 4910
899 938
899 1069
899 1115
899 1302
899 1588
899 1715
900 1935
900 2319
900 2562
900 3493
900 3941
900 4389
900 4702
901 1629
901 1934
901 2208
901 2686
901 2840
901 3335
901 4174
901 4396
902 918
902 2042
902 3162
902 3330
902 3883
903 1018
903 1070
903 1467
903 1965
903 2544
903 2726
903 3291
904 1144
904 1249
904 1325
904 2018
904 2033
904 2156
904 2495
904 2724
904 4107
904 4523
904 4544
905 1637
905 2237
905 2332
905 3020
905 3138
905 3315
905 3550
906 1434
906 1701
906 1724
906 2353
906 3919
906 4164
906 4412
906 4868
906 4940
907 941
907 1123
907 3682
907 3864
907 3889
907 4162
907 4546
907 4789
907 4851
908 3216
908 3778
908 3854
908 3958
908 4093
909 1580
909 1818
909 2070
909 2110
909 2131
909 2395
909 2551
909 3572
909 4187
909 4250
909 4736
910 947
910 1737
910 1975
910 2549
910 3619
910 4706
910 4805
911 920
911 1575
911 1634
911 3814
911 4973
912 1024
912 1276
912 2119
912 2944
912 2950
912 3008
912 3030
913 2024
913 2123
913 2256
913 2383
913 2529
913 2737
913 2745
913 3460
913 4443
913 4454
913 4641
913 4785
913 4824
914 941
914 989
914 1169
914 1285
914 1874
914 2601
914 3993
914 4566
914 4870
914 4994
915 1065
915 3547
915 3884
915 4424
915 4569
916 1764
916 2453
916 3886
917 1439
917 2328
917 3017
917 3251
917 4749
917 4895
918 1083
918 1879
918 2225
918 2739
918 3927
918 4121
918 4194
918 4330
919 1117
919 1214
919 1267
919 2901
919 2903
919 2988
919 3789
919 3811
919 4341
919 4917
920 1628
920 1924
920 2167
920 2399
920 2949
920 3137
920 3365
921 1030
921 1296
921 1670
921 2712
921 2861
921 2975
921 2997
921 3225
921 3699
921 4992
922 1219
922 1389
922 1669
922 1737
922 2242
922 2707
922 4030
922 4381
922 4463
922 4870
923 1243
923 1576
923 1695
923 2046
923 3173
923 4022
923 4983
924 1054
924 1319
924 1760
924 1992
924 2123
924 2798
924 3388
924 4017
924 4554
925 1443
925 1617
925 2545
925 2602
925 2632
925 3541
925 3860
926 1099
926 1524
926 2282
926 2634
926 3009
926 3506
926 3983
926 4588
927 1066
927 1402
927 1466
927 1601
927 1857
927 2007
927 2265
927 2297
927 2731
927 3086
927 4034
927 4116
927 4425
927 4426
927 4567
928 1153
928 1611
928 1620
928 2299
928 2310
928 3644
928 3908
928 3916
928 4731
929 1255
929 1348
929 1672
929 1932
929 2183
929 2827
929 3646
929 3662
930 1221
930 1562
930 2790
930 3514
930 3949
930 4353
931 1987
931 2705
931 3117
931 3949
932 953
932 1247
932 1580
932 1673
932 2191
932 2500
932 2527
932 2604
932 2849
932 2940
932 3137
932 3331
932 3379
932 3792
932 4322
932 4615
933 2411
933 2493
933 2977
933 3841
933 4835
934 1043
934 1053
934 1344
934 1630
934 1961
934 2242
934 2472
934 3023
934 3269
934 4460
935 1575
935 1957
935 2596
935 3055
935 4485
935 4671
936 942
936 1210
936 1539
936 2506
936 2917
936 3127
936 3630
936 3751
936 3910
936 4618
937 1905
937 2166
937 2179
937 2537
937 2822
937 2956
937 2975
937 3141
937 3894
937 4353
937 4389
937 4932
938 1037
938 1299
938 2212
938 2324
938 2446
938 2771
938 3254
938 3403
938 4430
938 4957
939 1473
939 1748
939 2039
939 2093
939 2130
939 3097
939 4339
939 4857
940 1109
940 1536
940 1717
940 1874
940 2217
940 2307
940 2370
940 2460
940 2842
940 2857
940 3122
941 990
941 1734
941 2251
941 3258
941 3394
942 1137
942 1230
942 2055
942 2222
942 2908
942 3423
942 4086
943 1237
943 1350
943 2011
943 2605
943 2632
943 2972
943 3883
943 4394
943 4772
943 4827
944 1846
944 2582
944 3151
944 3651
944 4039
944 4382
945 1191
945 1366
945 1510
945 1839
945 2164
945 3142
945 4432
945 4718
945 4972
946 1398
946 2073
946 2463
946 3839
947 1501
947 1529
947 1638
947 4787
948 2771
948 4162
949 1159
949 1489
949 1667
949 1725
949 2609
949 2630
949 3018
949 3228
949 3333
949 4558
950 1207
950 1704
950 2528
950 3009
950 3309
950 3918
950 4772
951 1295
951 1707
951 1741
951 2151
951 3061
951 3246
951 4274
951 4290
951 4551
951 4587
952 1132
952 2188
952 2359
952 2557
952 3481
952 3512
952 4413
952 4515
953 2556
953 3678
953 3771
953 4078
954 1069
954 1298
954 1544
954 2634
954 2637
954 3128
954 3409
955 2159
955 3947
955 4081
955 4233
956 1776
956 1797
956 1862
956 2046
956 2950
956 2978
956 3064
956 3492
956 4044
956 4384
956 4705
956 4815
957 1082
957 1440
957 1769
957 1860
957 3775
957 3892
957 4254
958 1011
958 1126
958 1682
958 1906
958 3427
958 3754
958 3863
958 4442
959 968
959 1317
959 1984
959 2778
959 2845
959 3051
959 3277
959 3645
959 4315
960 1192
960 1420
960 2129
960 2204
960 2610
960 2904
960 3601
960 4105
961 1352
961 1453
961 2224
961 2431
961 2561
961 2698
961 3388
961 4560
961 4681
962 987
962 1060
962 2023
962 2836
962 3261
962 3421
962 3625
962 4707
962 4711
963 1033
963 1464
963 1634
963 2306
963 3200
963 3403
963 3654
963 3659
963 3721
963 4168
964 1217
964 1885
964 3432
964 4786
965 1328
965 1386
965 1826
965 2360
965 2686
965 4232
966 2696
966 3014
966 3425
966 3442
966 3734
966 4360
966 4793
966 4875
967 3939
968 1527
968 1547
968 1866
968 2076
968 2331
968 2337
968 2421
968 4741
969 1636
969 1657
969 1852
969 1920
969 2219
969 2270
969 2837
969 2904
969 3248
969 3259
969 4745
970 3154
971 1620
971 1753
971 1992
971 2327
971 2573
971 3608
971 4490
971 4658
972 1239
972 2427
972 3136
972 4381
972 4673
973 1085
973 2013
973 2863
973 3526
973 3667
973 3865
973 3994
973 4035
973 4355
974 1549
974 2532
974 3967
974 4031
974 4158
974 4656
974 4702
975 1184
975 1695
975 2632
975 3105
975 3853
976 994
976 1277
976 1305
976 2363
976 2831
976 4347
976 4774
977 1367
977 1382
977 3200
977 3446
977 4882
978 1095
978 1607
978 2630
978 3486
978 3865
979 1245
979 1452
979 1483
979 3513
979 4055
979 4390
979 4408
980 1518
980 1789
980 1927
980 2158
980 2332
980 3388
980 3399
980 4193
980 4415
980 4588
980 4989
981 1014
981 1515
981 2353
981 2423
981 3058
981 4111
981 4410
981 4866
982 3645
982 3755
982 4039
982 4727
983 1088
983 2028
983 3388
983 3874
983 4466
983 4501
983 4647
984 2741
984 3728
984 3964
985 1205
985 1733
985 2233
985 2251
985 2770
985 2931
985 4168
986 1139
986 1667
986 1703
986 1877
986 2076
986 2260
986 3034
986 3151
986 3335
986 4356
987 1611
987 3226
987 3600
987 3768
987 4047
988 1538
988 1808
988 2611
988 4347
988 4418
988 4453
989 1630
989 1956
989 2840
989 3236
989 3541
990 1529
990 1982
990 2927
991 1136
991 1382
991 1528
991 1795
991 1947
991 2145
991 3286
991 3530
992 2623
992 2807
992 2966
992 3656
992 3871
992 4701
992 4723
992 4762
993 1797
993 1961
993 2298
993 2922
993 3451
993 3934
993 4089
994 1001
994 1284
994 1468
994 1806
994 1839
994 2064
994 2614
994 2758
994 3119
994 3424
994 4017
994 4521
994 4857
995 2311
995 2569
995 3097
995 3859
995 4164
995 4371
995 4385
995 4752
996 1263
996 4741
996 4751
996 4935
997 2407
997 2518
997 2600
997 2723
997 3493
997 3860
997 4312
997 4558
998 1228
998 1342
998 1695
998 1778
998 3774
998 4169
998 4947
999 1929
999 2054
999 2297
999 2616
999 2700
999 3788
1000 1667
1000 2581
1000 3727
1000 4085
1000 4154
1000 4713
1001 1991
1001 3471
1001 3691
1002 1117
1002 1762
1002 2130
1002 2943
1002 3298
1002 4744
1002 4814
1002 4981
1003 1825
1003 3264
1003 3339
1003 3903
1003 4439
1003 4898
1004 1112
1004 1133
1004 1364
1004 1768
1004 3982
1005 1179
1005 2060
1005 3259
1005 3541
1005 3922
1005 4095
1005 4442
1005 4460
1005 4482
1005 4906
1006 1402
1006 2470
1006 2830
1006 3025
1006 3207
1006 4745
1006 4861
1007 1696
1007 1942
1007 1982
1007 2270
1007 3004
1007 3454
1007 3545
1007 3699
1007 3892
1007 3954
1007 3957
1007 4646
1008 1098
1008 1812
1008 2781
1008 3708
1008 3899
1008 4322
1009 1349
1009 1482
1009 1962
1009 2777
1009 2852
1009 3426
1009 3826
1009 4247
1009 4290
1009 4703
1010 1347
1010 1837
1010 2385
1010 2580
1010 3077
1010 3351
1010 3488
1010 3847
1010 4086
1010 4327
1010 4594
1011 1880
1011 2468
1011 2591
1011 3121
1011 3857
1011 4529
1011 4633
1011 4776
1011 4942
1012 2352
1012 3048
1012 3428
1012 3791
1012 3847
1013 1826
1013 2479
1013 3090
1013 3656
1013 4917
1014 1233
1014 1328
1014 1639
1014 1739
1014 2272
1014 2370
1014 4362
1015 1164
1015 2180
1015 3437
1015 4013
1015 4444
1015 4703
1015 4983
1016 1319
1016 1366
1016 1627
1016 1922
1016 2620
1016 2631
1016 3035
1016 3110
1016 3238
1016 3769
1017 1221
1017 1802
1017 2094
1017 2819
1017 3379
1017 4700
1018 1466
1018 1585
1018 2466
1018 2800
1018 2874
1018 3576
1018 3662
1018 3768
1018 3909
1018 4388
1019 1474
1019 1743
1019 2459
1019 2612
1019 3370
1019 3426
1019 4176
1020 1514
1020 1856
1020 1999
1020 2155
1020 2331
1020 2558
1020 2719
1020 3374
1020 4159
1020 4309
1021 1323
1021 1860
1021 2336
1021 2492
1021 3106
1021 3122
1021 3208
1021 3217
1021 3243
1021 3511
1021 3993
1022 1079
1022 1285
1022 1436
1022 1897
1022 2007
1022 2523
1022 2707
1022 2940
1022 3214
1022 4082
1022 4584
1022 4932
1023 1817
1023 2338
1023 3240
1023 3903
1023 3969
1023 4270
1024 1064
1024 1352
1024 1710
1024 2861
1024 2864
1024 4538
1024 4842
1025 1781
1025 2778
1025 3647
1025 4068
1025 4500
1026 1136
1026 1167
1026 1754
1026 2443
1026 4981
1027 1126
1027 1230
1027 1247
1027 1653
1027 2607
1027 2742
1027 3246
1027 3261
1027 3335
1027 3492
1027 3771
1027 4005
1027 4183
1027 4623
1028 1275
1028 1811
1028 2612
1028 3395
1028 3403
1028 3861
1029 1039
1029 1087
1029 1128
1029 1178
1029 1700
1029 2132
1029 2449
1029 3519
1029 4830
1029 4930
1030 1474
1030 1766
1030 1953
1030 2668
1030 2941
1030 3509
1030 3709
1030 3881
1031 1175
1031 2308
1031 2346
1031 2646
1031 3411
1031 3982
1031 4153
1031 4679
1032 1954
1032 3405
1032 4955
1033 1057
1033 1165
1033 1387
1033 1425
1033 1525
1033 2017
1033 2322
1033 2726
1033 2885
1033 3117
1033 4056
1033 4216
1033 4397
1034 1498
1034 1608
1034 1771
1034 2379
1034 2386
1034 2645
1034 3104
1034 3363
1034 4202
1035 2237
1035 3265
1035 3284
1035 4187
1035 4563
1035 4959
1036 1233
1036 1774
1036 2178
1036 2875
1036 3178
1036 3589
1036 3765
1036 3831
1036 3998
1036 4812
1036 4850
1036 4901
1037 1642
1037 2770
1037 2841
1037 3018
1037 4366
1038 1063
1038 1091
1038 1609
1038 1649
1038 2252
1038 2826
1038 3128
1038 3721
1038 3784
1038 4514
1039 1229
1039 1803
1039 1976
1039 2656
1039 3195
1039 3665
1040 1399
1040 2211
1040 2268
1040 2981
1040 3058
1040 3426
1041 1353
1041 2272
1041 2650
1041 2936
1041 3152
1041 3541
1041 4232
1041 4750
1041 4948
1042 1536
1042 1672
1042 1694
1042 1703
1042 1791
1042 1977
1042 2210
1042 2449
1042 3154
1042 3187
1042 3302
1043 3569
1043 3696
1043 3743
1043 3976
1043 4068
1043 4300
1043 4871
1043 4935
1044 1388
1044 1572
1044 2077
1044 2728
1044 3039
1044 3111
1044 3536
1044 4145
1044 4423
1044 4675
1044 4861
1045 1059
1045 1677
1045 1960
1045 1971
1045 4187
1045 4368
1046 1531
1046 2103
1046 3834
1046 3992
1046 4310
1046 4622
1047 1133
1047 1408
1047 3017
1047 3432
1047 3514
1047 3925
1047 4092
1047 4196
1047 4207
1047 4301
1047 4945
1048 1742
1048 2448
1048 2758
1048 3424
1048 3635
1048 4053
1048 4878
1049 1555
1049 1696
1049 2423
1049 2489
1049 2609
1049 2920
1049 4733
1050 1199
1050 1451
1050 1752
1050 1778
1050 3043
1050 3445
1050 4490
1051 1904
1051 2199
1051 4035
1051 4038
1052 1918
1052 1983
1052 2476
1052 2484
1052 3754
1052 4359
1052 4366
1052 4503
1052 4810
1053 1146
1053 1269
1053 1393
1053 1861
1053 2450
1053 2952
1053 3086
1053 3652
1053 4066
1053 4168
1053 4268
1054 1232
1054 1811
1054 1905
1054 3935
1055 1807
1055 1920
1055 3034
1055 3944
1055 4231
1055 4962
1056 1978
1056 2157
1056 2548
1056 3141
1056 3823
1056 4686
1057 1162
1057 1505
1057 1875
1057 2528
1057 2547
1057 3287
1057 3650
1057 4073
1057 4092
1057 4975
1058 1081
1058 1764
1058 1854
1058 2317
1058 2954
1058 2984
1058 3064
1058 3074
1059 1319
1059 1510
1059 1814
1059 2028
1059 2069
1059 2164
1059 2246
1059 2482
1059 2563
1059 2615
1059 2836
1059 3852
1059 4193
1059 4959
1060 1462
1060 2179
1060 3119
1060 3238
1060 3789
1061 1074
1061 1992
1061 2208
1061 2258
1061 2436
1061 2852
1061 2875
1061 2944
1061 2982
1061 3062
1061 3426
1061 4111
1061 4586
1062 1783
1062 2134
1062 3739
1063 1143
1063 1382
1063 1978
1063 2357
1063 3426
1064 1115
1064 1131
1064 1230
1064 2362
1064 2840
1064 3244
1064 3501
1064 4923
1065 2206
1065 2429
1065 3688
1065 3767
1065 4102
1065 4193
1065 4400
1065 4633
1066 1174
1066 1349
1066 1587
1066 2489
1066 3596
1067 1104
1067 2237
1067 2554
1067 2996
1067 3032
1067 3327
1067 4104
1068 1128
1068 1289
1068 1790
1068 4276
1069 1713
1069 1909
1069 2299
1069 2333
1069 2369
1069 2815
1069 2845
1069 2939
1069 3990
1069 4114
1069 4195
1069 4715
1070 1449
1070 3285
1070 3445
1071 1083
1071 1438
1071 1700
1071 1833
1071 2078
1071 3435
1071 3851
1071 3922
1071 4669
1072 1481
1072 3096
1072 4148
1072 4784
1073 1300
1073 1622
1073 1793
1073 2018
1073 2079
1073 3132
1073 4205
1074 1120
1074 1827
1074 2023
1074 2673
1074 2725
1074 3173
1075 1625
1075 3879
1075 4129
1075 4582
1076 1181
1076 2000
1076 2372
1076 2420
1076 2515
1076 4930
1077 1352
1077 1860
1078 1370
1078 1601
1078 2393
1078 2757
1078 2810
1078 2815
1078 2855
1078 3800
1078 3856
1079 2424
1079 2843
1079 4345
1079 4350
1079 4398
1079 4498
1079 4635
1079 4867
1080 1084
1080 1329
1080 1559
1080 1622
1080 1853
1080 2219
1080 2724
1080 3851
1080 3947
1080 4558
1081 1276
1081 2078
1081 3601
1081 4018
1081 4099
1081 4324
1081 4820
1082 1719
1082 1799
1082 2071
1082 2681
1082 2864
1082 3432
1082 3646
1083 1365
1083 1477
1083 2022
1083 2576
1083 3722
1083 4282
1083 4560
1083 4976
1084 2274
1084 2777
1084 2869
1084 3046
1084 3281
1084 3923
1084 4636
1085 1339
1085 1711
1085 2309
1085 2855
1085 4450
1085 4539
1086 1467
1086 1677
1086 2191
1086 2256
1086 2355
1086 2661
1086 3086
1086 3118
1086 3372
1086 4536
1086 4583
1086 4767
1087 1519
1087 1565
1087 2233
1087 2265
1087 2432
1087 2570
1087 4802
1088 1792
1088 2265
1088 2266
1088 2727
1088 4166
1089 1264
1089 2723
1089 2829
1089 3357
1089 4439
1090 1552
1090 1709
1090 2052
1090 2306
1090 2350
1090 2999
1090 3389
1090 4714
1091 2406
1091 3773
1092 1412
1092 1633
1092 1964
1092 2027
1092 2072
1092 2911
1092 2936
1092 3754
1092 4285
1092 4761
1092 4764
1093 1340
1093 1971
1093 2177
1093 4994
1094 1684
1094 2410
1094 2879
1094 4303
1095 2960
1095 4163
1096 3274
1096 3336
1096 4743
1097 1251
1097 1693
1097 2117
1097 2372
1097 2950
1097 3115
1097 3396
1097 3414
1097 4315
1098 1644
1098 2115
1098 2710
1098 2717
1098 2891
1099 1705
1099 1748
1099 2000
1099 2785
1099 2792
1099 3461
1099 3696
1099 3838
1099 4211
1099 4615
1099 4921
1100 1875
1100 2410
1100 2907
1100 3471
1100 4638
1100 4951
1101 1737
1101 2711
1101 2831
1101 3026
1101 3773
1101 4294
1101 4552
1101 4713
1101 4779
1102 1626
1102 3389
1102 4038
1102 4503
1102 4570
1102 4790
1103 1373
1103 2016
1103 2791
1103 3102
1104 1418
1104 1423
1104 1981
1104 2475
1104 2862
1104 3079
1104 3104
1104 3569
1104 3676
1104 3837
1104 4027
1104 4811
1105 3449
1105 3625
1105 4532
1105 4751
1105 4815
1106 1519
1106 1686
1106 2715
1106 2845
1106 2939
1106 3856
1106 3893
1106 4545
1107 1764
1107 2096
1107 2548
1107 3111
1107 3623
1107 4092
1108 2221
1108 2262
1108 2406
1108 2938
1108 3026
1108 3143
1108 4276
1108 4591
1108 4878
1109 1160
1109 1664
1109 1927
1109 2147
1109 2150
1109 3326
1109 4203
1109 4460
1109 4788
1109 4876
1109 4966
1110 1458
1110 2070
1110 2558
1110 2630
1110 3154
1110 3523
1110 4016
1110 4465
1111 1618
1111 2391
1111 3473
1111 3663
1111 3772
1111 3780
1111 4399
1112 1524
1112 3062
1112 3190
1112 3352
1112 4084
1112 4460
1112 4504
1112 4871
1113 1564
1113 2011
1113 2063
1113 2638
1113 2938
1113 3506
1113 3662
1113 4579
1113 4849
1113 4986
1114 2314
1114 2352
1114 2742
1114 3359
1114 4259
1114 4803
1115 1224
1115 1442
1115 2828
1115 2894
1115 3214
1115 3571
1115 3757
1115 3815
1115 3816
1115 4654
1115 4823
1115 4861
1116 2207
1116 2571
1116 3086
1116 3142
1117 2380
1117 2798
1117 3385
1117 3425
1118 1597
1118 1833
1118 1874
1118 2466
1118 2683
1118 3262
1118 3364
1118 4377
1118 4484
1118 4643
1118 4710
1118 4828
1119 1122
1119 1590
1119 2334
1119 3134
1119 3303
1119 4156
1119 4580
1119 4646
1119 4812
1120 1497
1120 2060
1120 2416
1120 2822
1120 3087
1120 3247
1120 3549
1120 3803
1120 4547
1120 4777
1121 2655
1121 3600
1121 3623
1121 3812
1121 3983
1121 4332
1121 4702
1121 4961
1122 1932
1122 2091
1122 2120
1122 2645
1122 2694
1122 4195
1122 4564
1122 4585
1122 4619
1123 1439
1123 1487
1123 1531
1123 1679
1123 2153
1123 2306
1123 2648
1123 2919
1123 3134
1123 3425
1123 3576
1123 3901
1123 4013
1124 1301
1124 1721
1124 2130
1124 3426
1124 3438
1124 3595
1124 3852
1124 4005
1124 4261
1124 4703
1125 2012
1125 3623
1125 4383
1126 1223
1126 1764
1126 1834
1126 1876
1126 1973
1126 2241
1126 2616
1126 2664
1126 2996
1126 3070
1126 4272
1127 1204
1127 1635
1127 2102
1127 2870
1127 3044
1127 3660
1127 4250
1127 4880
1128 2035
1128 2116
1128 2523
1128 2871
1128 3242
1128 3539
1128 3700
1128 4062
1128 4376
1128 4603
1128 4772
1128 4878
1129 1917
1129 1936
1129 2352
1129 3255
1129 3673
1129 3689
1129 3969
1129 4028
1129 4084
1129 4460
1129 4668
1130 1191
1130 2763
1130 3125
1130 3402
1130 4690
1130 4703
1130 4708
1130 4942
1131 1377
1131 1387
1131 1946
1131 2610
1131 2871
1131 2930
1131 3491
1131 3823
1131 4034
1131 4453
1131 4463
1131 4825
1131 4966
1132 1537
1132 2487
1132 3768
1132 4155
1132 4182
1132 4437
1132 4584
1132 4631
1133 1185
1133 1481
1133 2034
1133 4028
1133 4690
1134 1181
1134 1665
1134 2800
1134 3825
1134 4197
1135 1840
1135 2319
1135 3506
1136 1319
1136 2527
1136 2760
1136 3275
1137 1291
1137 1744
1137 1832
1137 2267
1137 2805
1137 3131
1137 3379
1137 3837
1137 4543
1137 4824
1137 4994
1138 1870
1138 2139
1138 2674
1138 3337
1138 4078
1138 4530
1138 4533
1138 4626
1138 4642
1138 4987
1139 1645
1139 2409
1139 2970
1139 3118
1139 3137
1139 3606
1139 3718
1139 4625
1140 1592
1140 2145
1140 3158
1140 3664
1140 4582
1141 1711
1141 2171
1141 2214
1141 2385
1141 2424
1141 2743
1141 3347
1141 3520
1141 3674
1141 4640
1142 2112
1142 2420
1142 3093
1142 3874
1142 3935
1142 3962
1142 4359
1143 1224
1143 1580
1143 1981
1143 2594
1143 2993
1143 3180
1143 3516
1143 3671
1143 4301
1143 4343
1143 4435
1144 1627
1144 2097
1144 2387
1144 2686
1144 3990
1144 4031
1144 4081
1144 4263
1144 4994
1145 2359
1145 2562
1145 3322
1145 3693
1145 4321
1146 1301
1146 1421
1146 1853
1146 2197
1146 2615
1146 3477
1146 3707
1146 4088
1146 4512
1147 2515
1147 2975
1147 3262
1147 4960
1148 1186
1148 2088
1148 4661
1148 4913
1149 1350
1149 1758
1149 2041
1149 2164
1149 2268
1149 3091
1149 3162
1149 3951
1149 4859
1150 1816
1150 2639
1150 3528
1150 4271
1150 4791
1150 4840
1151 1257
1151 1517
1151 1924
1151 2357
1151 2396
1151 2768
1151 3528
1151 3753
1151 4033
1151 4408
1151 4497
1151 4652
1152 1360
1152 2007
1152 2283
1152 3278
1152 3795
1152 3905
1152 4128
1153 1587
1153 1755
1153 1926
1153 2048
1153 2143
1153 2516
1153 3203
1153 3220
1153 4813
1153 4930
1154 2632
1154 4653
1154 4931
1155 1521
1155 1626
1155 1954
1155 2335
1155 2777
1155 2856
1155 3690
1155 3778
1155 4026
1155 4564
1155 4767
1155 4993
1156 1164
1156 1332
1156 1896
1156 2184
1156 2359
1156 2463
1156 2638
1156 2894
1156 3081
1156 3431
1156 3708
1156 4169
1157 1293
1157 3871
1157 4087
1157 4312
1158 1169
1158 2982
1158 3036
1158 3390
1159 1563
1159 2178
1159 3210
1159 3623
1159 3680
1159 4549
1160 1695
1160 1979
1160 2595
1160 4394
1161 1397
1161 2157
1161 2396
1161 2569
1161 2848
1161 2857
1161 4109
1162 1174
1162 2229
1162 2336
1162 3025
1162 3744
1162 3766
1162 4175
1162 4536
1162 4916
1163 1184
1163 1241
1163 1287
1163 1717
1163 2098
1163 2531
1163 3237
1163 3669
1163 4119
1163 4141
1163 4624
1163 4673
1163 4836
1164 1318
1164 1363
1164 1673
1164 1698
1164 2503
1164 2596
1164 2672
1164 2706
1164 3514
1164 3964
1164 4843
1164 4887
1164 4995
1165 1813
1165 3027
1165 4024
1165 4576
1165 4790
1166 1291
1166 1376
1166 1652
1166 1837
1166 1852
1166 2415
1166 2954
1166 3621
1167 1696
1167 2734
1167 3237
1167 3257
1167 4132
1167 4457
1167 4833
1168 1199
1168 2404
1168 2899
1168 2914
1168 3171
1168 4431
1169 1634
1169 2059
1169 2300
1169 2375
1169 3172
1169 3632
1169 3761
1169 3844
1169 4378
1169 4394
1169 4478
1169 4571
1170 1305
1170 1440
1170 1683
1170 1908
1170 3007
1170 3627
1170 3748
1170 4793
1171 1653
1171 2348
1171 2717
1171 3703
1171 4739
1172 1585
1172 2795
1172 3552
1172 3720
1172 3881
1172 4050
1172 4162
1172 4368
1172 4732
1172 4828
1173 1228
1173 1233
1173 1442
1173 1829
1173 1884
1173 1938
1173 2302
1173 3349
1173 4319
1173 4409
1173 4420
1173 4440
1173 4517
1173 4959
1174 1670
1174 2168
1174 2261
1174 2337
1174 2661
1174 2668
1174 3238
1174 3494
1174 3545
1174 4513
1174 4846
1175 1327
1175 1837
1175 2167
1175 4811
1175 4857
1175 4912
1176 1883
1176 2191
1176 3104
1176 3594
1176 3732
1176 3883
1176 4866
1177 1339
1177 1796
1177 2085
1177 2107
1177 2388
1177 3416
1177 4439
1177 4925
1178 1601
1178 1804
1178 2081
1178 3121
1178 3229
1178 4432
1178 4501
1179 1273
1179 1721
1179 1989
1179 2769
1179 2798
1179 3390
1179 3559
1179 3650
1179 3994
1179 4500
1179 4849
1180 2749
1180 3329
1180 3730
1180 4197
1180 4359
1180 4445
1180 4598
1181 1627
1181 3463
1181 4241
1181 4309
1181 4665
1182 1708
1182 1991
1182 2252
1182 2494
1182 3043
1182 3130
1182 3165
1182 3220
1182 3322
1182 3750
1183 1240
1183 1817
1183 2947
1183 3374
1183 3914
1183 4889
1183 4958
1184 1501
1184 1914
1184 2902
1184 2968
1184 3444
1184 4445
1185 1238
1185 1916
1185 2882
1185 4695
1186 1521
1186 1594
1186 1783
1186 2494
1186 2959
1186 4444
1187 1698
1187 1848
1187 1998
1187 2368
1187 2615
1187 2981
1187 3373
1187 4231
1187 4808
1188 1550
1188 1817
1188 2231
1188 2825
1188 3422
1188 4198
1188 4506
1188 4513
1188 4595
1189 1302
1189 1453
1189 2502
1189 2663
1189 2997
1189 3495
1189 3891
1189 4020
1189 4366
1189 4751
1190 1685
1190 2036
1190 2444
1190 3436
1190 3845
1190 4418
1190 4473
1190 4569
1190 4743
1190 4898
1191 3325
1192 1729
1192 1837
1192 2700
1192 2770
1192 3323
1192 4906
1192 4927
1193 1271
1193 1845
1193 2041
1193 2226
1193 2601
1193 3252
1193 4078
1193 4101
1194 1958
1194 2248
1194 2667
1194 3010
1194 3155
1194 3372
1194 3681
1194 4542
1194 4618
1195 1843
1195 2317
1195 2387
1195 2731
1195 3135
1195 4379
1196 1311
1196 1625
1196 2053
1196 2072
1196 2196
1196 2221
1196 2505
1196 2843
1196 2907
1196 3517
1196 3719
1196 3832
1196 4085
1196 4245
1196 4719
1196 4754
1196 4836
1197 1711
1197 1758
1197 1934
1197 1960
1197 2379
1197 2772
1197 3250
1197 3291
1197 3386
1197 3578
1197 3729
1197 4022
1198 1290
1198 2453
1198 2727
1198 3414
1198 4245
1198 4834
1198 4880
1199 1911
1199 2664
1199 2867
1199 2986
1199 3713
1199 3741
1199 4442
1199 4873
1200 2168
1200 2252
1200 2552
1200 3223
1200 4107
1200 4808
1201 1765
1201 1993
1201 2123
1201 4370
1202 1887
1202 1933
1202 2234
1202 2755
1202 2947
1202 3308
1202 3454
1202 3515
1202 4192
1202 4488
1203 1350
1203 1457
1203 1618
1203 2100
1203 2465
1203 3214
1203 4468
1204 1580
1204 2606
1204 2841
1204 3246
1204 3861
1204 4346
1204 4522
1205 1739
1205 2133
1205 2322
1205 2562
1205 2655
1205 2730
1205 4141
1205 4443
1205 4880
1206 1867
1206 2037
1206 2405
1206 2871
1206 3138
1206 3237
1206 3363
1206 4595
1207 1520
1207 1981
1207 2299
1207 2650
1207 4178
1208 1658
1208 1687
1208 3750
1208 3905
1208 4366
1209 1933
1209 2209
1209 3392
1209 3490
1209 3802
1209 4306
1210 1905
1210 2838
1210 3042
1210 3105
1210 3362
1210 3496
1210 4046
1210 4346
1211 2468
1211 3147
1211 3724
1211 3906
1211 4230
1211 4564
1211 4704
1212 1595
1212 1944
1212 3106
1212 3167
1212 3670
1212 3683
1212 4696
1213 1349
1213 2079
1213 3735
1213 4079
1214 2666
1214 3306
1214 4094
1214 4200
1215 1329
1215 2460
1215 2712
1215 3176
1215 3975
1215 4123
1215 4515
1216 1559
1216 1671
1216 1754
1216 1954
1216 1986
1216 2335
1216 2951
1216 3183
1216 4782
1217 1231
1217 1307
1217 2041
1217 2070
1217 2558
1217 2669
1217 3312
1217 3645
1218 2327
1218 2878
1218 3035
1218 4002
1218 4215
1218 4218
1218 4477
1218 4841
1219 1352
1219 1715
1219 2292
1219 4398
1219 4650
1220 2542
1220 2759
1220 2928
1220 3093
1220 3190
1220 3397
1220 3668
1220 4076
1221 1412
1221 1559
1221 1949
1221 2060
1221 2692
1221 2906
1221 3083
1221 3519
1221 3565
1221 4075
1221 4444
1221 4903
1221 4940
1222 1429
1222 1928
1222 1952
1222 2100
1222 2567
1222 3653
1222 3656
1222 4128
1222 4407
1222 4414
1222 4761
1223 1512
1223 1937
1223 2278
1223 4326
1223 4841
1224 1283
1224 1647
1224 3781
1224 3965
1224 4106
1225 1812
1225 2071
1225 3253
1225 3433
1225 3969
1226 2154
1226 2439
1226 2819
1226 2873
1226 2908
1226 3266
1226 3305
1226 4278
1226 4628
1226 4883
1226 4990
1227 1452
1227 1618
1227 2026
1227 2258
1227 2983
1227 3187
1227 3277
1227 3443
1227 3596
1227 3737
1227 4220
1228 1366
1228 1715
1228 1834
1228 1962
1228 2500
1228 2675
1228 2808
1228 2864
1228 3107
1228 3273
1228 3808
1228 4344
1228 4479
1228 4632
1229 1353
1229 1993
1229 2218
1229 2634
1229 4971
1230 1318
1230 1655
1230 1722
1230 2197
1230 3565
1230 3789
1230 4524
1230 4776
1231 1485
1231 1496
1231 1527
1231 2219
1231 2336
1231 2385
1231 2994
1231 3309
1231 3916
1231 3991
1231 4239
1231 4387
1231 4435
1232 1294
1232 1532
1232 1857
1232 2039
1232 2202
1232 2490
1232 4408
1233 2284
1233 2573
1233 2843
1233 3533
1233 3734
1233 4445
1234 1593
1234 1674
1234 2287
1234 2869
1234 3008
1234 3016
1234 3173
1235 1243
1235 2113
1235 2680
1235 3416
1235 3941
1235 4462
1235 4833
1235 4986
1236 1461
1236 2097
1236 2260
1236 3951
1236 4065
1236 4654
1236 4694
1236 4817
1237 1347
1237 1558
1237 1869
1237 3138
1237 3620
1237 4481
1237 4597
1238 1286
1238 1470
1238 1585
1238 1921
1238 2670
1238 2838
1238 2856
1238 3139
1238 3451
1238 3556
1238 3918
1238 4690
1239 1448
1239 2010
1239 2380
1239 2454
1239 4515
1240 1293
1240 2412
1240 2558
1240 3190
1240 4004
1240 4229
1241 1931
1241 2256
1241 2277
1241 2443
1241 4704
1242 1324
1242 4684
1242 4894
1243 1261
1243 3095
1243 4437
1243 4587
1243 4642
1244 1408
1244 1469
1244 2342
1244 3360
1244 3454
1244 3822
1244 4164
1245 1360
1245 1666
1245 1734
1245 3401
1245 4408
1246 1254
1246 1784
1246 3036
1246 3409
1246 3843
1247 4035
1247 4154
1247 4496
1247 4596
1248 1266
1248 1473
1248 1952
1248 2813
1248 3099
1248 3535
1248 3993
1249 1669
1249 2163
1249 2319
1249 2463
1249 2798
1249 3945
1249 4000
1249 4634
1249 4839
1250 1385
1250 2007
1250 2268
1250 2647
1250 3469
1251 1395
1251 1629
1251 2328
1251 3439
1251 3901
1251 4924
1252 2929
1252 3463
1252 3832
1252 3839
1252 4405
1252 4630
1253 1558
1253 3372
1253 4561
1253 4581
1254 1559
1254 3647
1254 4990
1255 1263
1255 1266
1255 2068
1255 2106
1255 2143
1255 2925
1255 3278
1256 1257
1256 1287
1256 1612
1256 2179
1256 2222
1256 3061
1256 3685
1256 3847
1256 4576
1257 1450
1257 1833
1257 2919
1257 4127
1257 4574
1257 4845
1258 1711
1258 1988
1258 2346
1258 4167
1258 4251
1259 1788
1259 4264
1259 4897
1260 2069
1260 3982
1260 4124
1260 4267
1260 4915
1261 2148
1261 2330
1261 3394
1261 3546
1261 4602
1261 4649
1261 4971
1262 1560
1262 2095
1262 2704
1262 2873
1262 3846
1262 4234
1262 4390
1262 4475
1262 4547
1262 4905
1263 1508
1263 1729
1263 1786
1263 2074
1263 2092
1263 2571
1263 2698
1263 2880
1263 3726
1263 3945
1263 4574
1263 4859
1263 4958
1264 1334
1264 1585
1264 1858
1264 1986
1264 2153
1264 2194
1264 2879
1264 2902
1264 2918
1264 3073
1264 3334
1264 3406
1264 3931
1264 4394
1264 4639
1265 1672
1265 1747
1265 1846
1265 2610
1265 3077
1265 3593
1265 4022
1265 4514
1266 1415
1266 1464
1266 2425
1266 2440
1266 3560
1266 3583
1266 3682
1266 4859
1267 3457
1267 3611
1267 3680
1267 4420
1268 2717
1268 2779
1268 2976
1268 2977
1268 3123
1268 3147
1268 3423
1268 4490
1268 4732
1268 4853
1268 4973
1269 1546
1269 1775
1269 2021
1269 2301
1269 2726
1269 3003
1269 3964
1269 4527
1270 1589
1270 2226
1270 2434
1270 3213
1270 3512
1270 3517
1270 4219
1270 4635
1270 4801
1271 1637
1271 3115
1271 3244
1271 3382
1271 3926
1271 4112
1271 4173
1272 3100
1272 3471
1273 1279
1273 1769
1273 2041
1273 3046
1273 3358
1274 1685
1274 2277
1274 2317
1274 2430
1274 3522
1274 4090
1274 4268
1275 1291
1275 2325
1275 2514
1275 3523
1275 3603
1275 3770
1275 4641
1275 4895
1276 1550
1276 3267
1276 3792
1276 4266
1276 4615
1276 4791
1277 1434
1277 1510
1277 3297
1277 4084
1277 4322
1277 4648
1278 1534
1278 3177
1278 3302
1278 3436
1278 3772
1279 2036
1279 2445
1279 2718
1279 3192
1279 3267
1279 4732
1280 1353
1280 1692
1280 3754
1280 4319
1280 4428
1281 1494
1281 1685
1281 2575
1281 2823
1281 2836
1281 4332
1281 4387
1281 4978
1282 2028
1282 2597
1282 2791
1282 3431
1282 4212
1282 4273
1282 4343
1282 4374
1282 4807
1283 1455
1283 1551
1283 2230
1283 2281
1283 3723
1283 4544
1284 1581
1284 2299
1284 2495
1284 2649
1284 2794
1284 3164
1284 3365
1284 4485
1285 1922
1285 2270
1285 2755
1285 3698
1285 4013
1285 4654
1286 1487
1286 1552
1286 1635
1286 1689
1286 1920
1286 2975
1286 3528
1287 2184
1287 2431
1287 3018
1287 3823
1287 4442
1288 1562
1288 2139
1288 2344
1288 2605
1288 2709
1288 2728
1288 3903
1288 3917
1288 4725
1289 1464
1289 1812
1289 3403
1289 4621
1290 1482
1290 2220
1290 2610
1290 3013
1290 3880
1290 4798
1291 1644
1291 2213
1291 3242
1291 3745
1291 3994
1291 4492
1291 4629
1292 1963
1292 2618
1292 2815
1292 3144
1292 3497
1292 4173
1292 4838
1293 1521
1293 1639
1293 1937
1293 2592
1293 2721
1293 2786
1293 2914
1293 3021
1293 4181
1293 4905
1293 4934
1294 1436
1294 2194
1294 3924
1295 3322
1295 3684
1295 4434
1295 4614
1295 4685
1296 1519
1296 1600
1296 3200
1296 3960
1296 4847
1297 1528
1297 1995
1297 2187
1297 2226
1297 3118
1297 3440
1297 3741
1297 3937
1297 4186
1298 1900
1298 2350
1298 2570
1298 3524
1298 4433
1298 4544
1298 4640
1298 4734
1299 1561
1299 1720
1299 1987
1299 2163
1299 2705
1299 2759
1299 3559
1299 3889
1299 4144
1299 4164
1299 4438
1300 2150
1300 2326
1300 2352
1300 2424
1300 2686
1300 2767
1300 2820
1300 3351
1300 3990
1300 4301
1300 4402
1301 1359
1301 2742
1301 2758
1301 3946
1301 4996
1302 1306
1302 2043
1302 2947
1302 3054
1302 3075
1302 3439
1302 3635
1302 3886
1302 4092
1302 4243
1303 1464
1303 1898
1303 2240
1303 3028
1303 3194
1303 4892
1304 1430
1304 2438
1304 2687
1304 3686
1304 3887
1304 4017
1304 4643
1304 4895
1305 1939
1305 2324
1305 3859
1305 4429
1306 1668
1306 1762
1306 2393
1306 2759
1306 2904
1306 3834
1306 4255
1306 4991
1307 2156
1307 2556
1307 3022
1307 3951
1308 2784
1308 2965
1308 3520
1308 4143
1308 4409
1309 1319
1309 3999
1309 4410
1309 4640
1309 4990
1310 2668
1310 2859
1310 3121
1310 3589
1310 4300
1311 1434
1311 1560
1311 1598
1311 1723
1311 1737
1311 1814
1311 2486
1311 2863
1311 4068
1311 4398
1312 1383
1312 1828
1312 1851
1312 3200
1312 3559
1312 4181
1312 4473
1312 4583
1313 1375
1313 2848
1313 3261
1313 3394
1313 3891
1314 2415
1314 3220
1314 4430
1315 1978
1315 2551
1315 2619
1315 3026
1315 3031
1315 3455
1315 3593
1315 3650
1315 4328
1315 4563
1315 4683
1316 1618
1316 1915
1316 1973
1316 2465
1316 3841
1316 4048
1316 4510
1316 4993
1317 1462
1317 2076
1317 3176
1317 4586
1318 1393
1318 1599
1318 2050
1318 2500
1318 2632
1318 2992
1318 3354
1318 3786
1318 4166
1318 4595
1319 1513
1319 1542
1319 1565
1319 1687
1319 2813
1319 3097
1319 3387
1319 4517
1319 4580
1319 4606
1319 4900
1320 1391
1320 1847
1320 2303
1320 2472
1320 3331
1320 4557
1320 4653
1320 4911
1321 1333
1321 1902
1321 2714
1321 2833
1321 3109
1321 3195
1322 1933
1322 2277
1322 2315
1322 2431
1322 2859
1322 3970
1322 4123
1322 4137
1322 4155
1322 4514
1322 4680
1323 2806
1323 2815
1323 3052
1323 4457
1323 4899
1323 4952
1324 1519
1324 1764
1324 2279
1324 3312
1324 4079
1324 4471
1325 1991
1325 3368
1325 3727
1325 4106
1325 4224
1326 1663
1326 1968
1327 1457
1327 3673
1327 3819
1327 4068
1327 4217
1327 4761
1327 4973
1328 1412
1328 2209
1328 2477
1328 2651
1328 2889
1328 3418
1328 3622
1328 3664
1328 3714
1328 4449
1329 2560
1329 3667
1329 3973
1329 4059
1329 4332
1329 4680
1329 4696
1330 1653
1330 1659
1330 1752
1330 1997
1330 3292
1330 4242
1330 4677
1330 4737
1331 1346
1331 1790
1331 2429
1331 2507
1331 2733
1331 3067
1331 3167
1331 3758
1331 3807
1331 3953
1331 3954
1331 4416
1332 1347
1332 1360
1332 1606
1332 2039
1332 2538
1332 2721
1332 3072
1332 3784
1333 1866
1333 2148
1333 3174
1333 3218
1333 3403
1333 4203
1333 4410
1333 4786
1333 4949
1334 1553
1334 1609
1334 2423
1334 3450
1334 3626
1334 3661
1334 3929
1335 1847
1335 2811
1335 2840
1335 2973
1335 3448
1335 3817
1335 4097
1335 4979
1336 1412
1336 1429
1336 1847
1336 2616
1336 3259
1336 3439
1336 4801
1337 1499
1337 1575
1337 2269
1337 2485
1337 2752
1337 3295
1337 3690
1337 3742
1337 4014
1337 4284
1337 4324
1337 4472
1337 4804
1338 3826
1339 2153
1339 2555
1339 3365
1339 4181
1340 1560
1340 1628
1340 1969
1340 2673
1340 2719
1340 2766
1340 3457
1340 3772
1341 1756
1341 2190
1341 3350
1341 4042
1341 4460
1341 4562
1342 2079
1342 2301
1342 2534
1342 2926
1342 2931
1342 3421
1342 4594
1342 4684
1342 4860
1343 1823
1343 2492
1343 2600
1343 2991
1343 3334
1343 3768
1343 3804
1343 3992
1343 4099
1343 4685
1344 1753
1344 2124
1344 2491
1344 3121
1344 3181
1344 3362
1344 4048
1344 4847
1345 1541
1345 2724
1345 2751
1345 3530
1345 3691
1345 4212
1345 4259
1345 4537
1346 2395
1346 3164
1346 3421
1346 4181
1346 4220
1346 4776
1347 1356
1347 2013
1347 2076
1347 2279
1347 2453
1347 2512
1347 3127
1347 3156
1347 3452
1347 3541
1347 3601
1347 4718
1348 1762
1348 3159
1348 4109
1348 4346
1348 4897
1348 4937
1349 2041
1349 2390
1349 2484
1349 2721
1349 3192
1349 3819
1350 1420
1350 2105
1350 2673
1350 3440
1350 3536
1350 4302
1351 1425
1351 2128
1351 2760
1351 2933
1351 3036
1351 3407
1351 3489
1351 3747
1351 4322
1351 4723
1352 1420
1352 2189
1352 2215
1352 2580
1352 2900
1352 2914
1352 3705
1352 4083
1352 4145
1352 4154
1352 4301
1352 4344
1353 1674
1353 2174
1353 2747
1353 3083
1353 3262
1353 3451
1354 1599
1354 2738
1354 3977
1354 4082
1354 4546
1354 4958
1354 4965
1355 2427
1355 3630
1355 3965
1355 4516
1356 3361
1356 4382
1357 1399
1357 1569
1357 1739
1357 2142
1357 2308
1357 2395
1357 3688
1357 4101
1357 4255
1357 4736
1358 1676
1358 2112
1358 2825
1358 3179
1358 3237
1358 3533
1358 3570
1358 4087
1358 4700
1359 2609
1359 2899
1359 3461
1359 3465
1359 3685
1359 3793
1359 3930
1359 4050
1359 4893
1359 4915
1360 3210
1360 4455
1361 1901
1361 2505
1361 2662
1361 3568
1361 4599
1361 4725
1361 4791
1361 4943
1362 1573
1362 1865
1362 2605
1362 3919
1362 3991
1363 2592
1363 3342
1363 3658
1363 4865
1364 1520
1364 1815
1364 2595
1364 2695
1365 1903
1365 3609
1365 4378
1365 4632
1365 4686
1365 4892
1365 4968
1366 1827
1366 3021
1366 3130
1366 4048
1366 4549
1366 4650
1366 4927
1367 1944
1367 2668
1367 2954
1367 3765
1367 4200
1367 4724
1367 4838
1368 1572
1368 2150
1368 2295
1368 2469
1368 2699
1368 2850
1368 3555
1369 3108
1369 4260
1369 4329
1369 4339
1370 1446
1370 1609
1370 1964
1370 2035
1370 3007
1370 3381
1370 3412
1370 3496
1370 4049
1371 2518
1371 3179
1371 3634
1371 3716
1371 4123
1371 4204
1372 1920
1372 2148
1372 2762
1372 2915
1372 4118
1372 4219
1372 4472
1372 4694
1372 4772
1373 3071
1373 3649
1374 2089
1374 2125
1374 2319
1374 2909
1374 2990
1374 4473
1374 4697
1375 1693
1375 2378
1375 2793
1375 2956
1375 3011
1375 3227
1375 3792
1375 4155
1375 4380
1375 4459
1376 1517
1376 1762
1376 2223
1376 2310
1376 2332
1376 2919
1376 3549
1376 3590
1376 4159
1376 4791
1377 1869
1377 3935
1377 4016
1377 4419
1377 4545
1378 1391
1378 2356
1378 2880
1378 3143
1378 3434
1378 3772
1378 4579
1379 2667
1379 2983
1380 1904
1380 2692
1380 3128
1380 3698
1380 4887
1380 4952
1381 1655
1381 1822
1381 3387
1381 3805
1381 4768
1382 2117
1382 2600
1382 2995
1382 3548
1382 3622
1383 1755
1383 3363
1384 1780
1384 1947
1384 2001
1384 2592
1384 2719
1384 2940
1384 3318
1384 4181
1384 4458
1385 2714
1385 3345
1385 3807
1385 4803
1385 4902
1386 2094
1386 2456
1387 2020
1387 2303
1387 3217
1387 3834
1387 4048
1387 4330
1388 1514
1388 1809
1388 1915
1388 1997
1388 2131
1388 2711
1388 3760
1388 4307
1388 4583
1388 4732
1389 2028
1389 2067
1389 2320
1389 3237
1389 4642
1389 4776
1390 1505
1390 1532
1390 1603
1390 1744
1390 2234
1390 4714
1391 2049
1391 2176
1391 2243
1391 2591
1391 3039
1391 3855
1391 4082
1391 4609
1391 4821
1392 1633
1392 1682
1392 3609
1392 3748
1392 3792
1392 3928
1392 3931
1392 4432
1392 4558
1392 4990
1393 1993
1393 3069
1393 4219
1393 4342
1393 4980
1394 1772
1394 2220
1394 2381
1394 2425
1394 2813
1394 2981
1394 3052
1394 3319
1394 4781
1394 4901
1395 1610
1395 1632
1395 1844
1395 2206
1395 2216
1395 2375
1395 2433
1395 2669
1395 4129
1395 4793
1395 4920
1396 1508
1396 2300
1396 3002
1396 3167
1396 4319
1397 1625
1397 1691
1397 2663
1397 3242
1397 3374
1397 3527
1397 4333
1398 2085
1398 2378
1398 3007
1398 3209
1398 3332
1398 3817
1398 4350
1398 4652
1399 2764
1399 3862
1399 4316
1399 4498
1400 1623
1400 1767
1400 1992
1400 2627
1400 3968
1400 4241
1400 4905
1401 2166
1401 2172
1401 2228
1401 2831
1401 3857
1401 4423
1401 4744
1402 1611
1402 1926
1402 2541
1402 2698
1402 3380
1402 4754
1403 1609
1403 3049
1403 3245
1404 1806
1404 3193
1404 3586
1404 3827
1404 4453
1404 4470
1405 2464
1405 3675
1406 1515
1406 3259
1406 3514
1406 3683
1406 3817
1406 4291
1406 4774
1407 1677
1407 2069
1407 2097
1407 3076
1407 3647
1407 3867
1407 4052
1407 4093
1407 4278
1407 4313
1407 4321
1407 4416
1407 4771
1408 1557
1408 1972
1408 2001
1408 2448
1408 4262
1408 4603
1409 2497
1409 2761
1409 3046
1409 4531
1410 1663
1410 2187
1410 2646
1410 2992
1410 3819
1410 3879
1410 4924
1410 4940
1411 1947
1411 2214
1411 2358
1411 2874
1411 3031
1411 3094
1411 3425
1411 3435
1411 4100
1411 4109
1412 1745
1412 1870
1412 2680
1412 3016
1412 3649
1412 4754
1413 1450
1413 1711
1413 2326
1413 3877
1413 4495
1413 4906
1413 4989
1414 1505
1414 1675
1414 1974
1414 2340
1414 2346
1414 3592
1414 3601
1415 1631
1415 1809
1415 1933
1415 2131
1415 2972
1415 4027
1415 4808
1416 1489
1416 2097
1416 2177
1416 2530
1416 2895
1416 3496
1416 4301
1416 4490
1416 4630
1416 4963
1417 1423
1417 1483
1417 2076
1417 2566
1417 3810
1417 4380
1417 4564
1418 2092
1418 2587
1418 4098
1419 1621
1419 1659
1419 1875
1419 2349
1419 4493
1419 4869
1420 2697
1420 2728
1420 2814
1420 2975
1420 3059
1420 3253
1420 3561
1420 3891
1420 4308
1421 1914
1421 2259
1421 2720
1421 3204
1421 3959
1421 4458
1421 4549
1421 4874
1422 1955
1422 1999
1422 2187
1422 3098
1422 3426
1422 3693
1422 4329
1422 4390
1422 4935
1423 2033
1423 2056
1423 2238
1423 2306
1423 2503
1423 3053
1423 4156
1423 4225
1423 4900
1424 1427
1424 1542
1424 2746
1424 2999
1424 4162
1424 4449
1424 4906
1425 2184
1425 3014
1425 3058
1425 3258
1425 3752
1425 3781
1425 4938
1426 1439
1426 1631
1426 2271
1426 2305
1426 2437
1426 2811
1426 3407
1426 3666
1426 4301
1426 4442
1426 4634
1426 4930
1426 4935
1427 1931
1427 2241
1427 2363
1427 3189
1427 3974
1427 4089
1427 4366
1428 2060
1428 3221
1428 3380
1428 3429
1428 4172
1428 4512
1429 1725
1429 2218
1429 2652
1429 3711
1429 3879
1429 4754
1430 1650
1430 1660
1430 2158
1430 2416
1430 2953
1430 3778
1430 3985
1430 3990
1430 4718
1431 1794
1431 2023
1431 2284
1431 3650
1431 3875
1432 1576
1432 1936
1432 2733
1432 3435
1432 3580
1432 4787
1433 1457
1433 2505
1433 3437
1433 3960
1433 4079
1433 4101
1433 4818
1434 1446
1434 1915
1434 2579
1434 3604
1435 1459
1435 3168
1435 4551
1435 4555
1435 4699
1435 4932
1436 2114
1436 2179
1436 2647
1436 2761
1436 3088
1436 3168
1436 3438
1436 3647
1436 4144
1436 4957
1437 1756
1437 3776
1437 4010
1437 4685
1437 4966
1438 1496
1438 2258
1438 2995
1438 3505
1438 3581
1438 3784
1439 2010
1439 2095
1439 2481
1439 2744
1439 2791
1439 2914
1439 3074
1439 3161
1439 3422
1439 3487
1439 4571
1439 4755
1440 2188
1440 2641
1440 3755
1440 4185
1440 4309
1440 4908
1440 4924
1442 2117
1442 2530
1442 3695
1442 3777
1442 4005
1442 4654
1442 4791
1443 2371
1443 2668
1443 3072
1443 3307
1443 3751
1443 3985
1443 4229
1443 4352
1443 4364
1443 4513
1443 4683
1444 1811
1444 3741
1444 4130
1444 4714
1445 2016
1445 2154
1445 2482
1445 2585
1445 2636
1445 2699
1445 2773
1445 2785
1445 2997
1445 3530
1445 3953
1445 4028
1445 4687
1446 2374
1446 2397
1446 3280
1446 3780
1447 1494
1447 1961
1447 1996
1447 3993
1447 4489
1447 4582
1447 4695
1447 4943
1447 4948
1448 1807
1448 2738
1448 3108
1448 3146
1448 3271
1448 3372
1448 4574
1448 4710
1448 4897
1449 2181
1449 2726
1449 3072
1449 3320
1449 4147
1449 4256
1450 2623
1450 2706
1450 3109
1450 4042
1450 4149
1450 4950
1451 1459
1451 1839
1451 2328
1451 2407
1451 3818
1451 3978
1451 4073
1452 1709
1452 2262
1452 2456
1452 3493
1452 3539
1452 3683
1452 3692
1452 4238
1453 1454
1453 1870
1453 1889
1453 2399
1453 2457
1453 2973
1453 3758
1453 4155
1454 2379
1454 2704
1454 2995
1454 3353
1454 3570
1455 1842
1455 1989
1455 2372
1455 2906
1455 3114
1455 3156
1455 3426
1455 3434
1455 3453
1455 4123
1455 4571
1456 2008
1456 2163
1456 2438
1456 2553
1456 3053
1456 3653
1456 4807
1456 4955
1457 1558
1457 2589
1457 3041
1457 4116
1457 4792
1458 1480
1458 2267
1458 2537
1459 1966
1459 2048
1459 2056
1459 2145
1459 2432
1459 2501
1459 3998
1460 1809
1460 2326
1460 2366
1460 3296
1460 3873
1460 4095
1460 4447
1460 4483
1460 4503
1460 4853
1460 4942
1461 2664
1461 2701
1461 2906
1461 3187
1461 3544
1461 3590
1461 4025
1461 4529
1461 4711
1462 1997
1462 2457
1462 2463
1462 2520
1462 2617
1462 3273
1462 4739
1463 2101
1463 2261
1463 2883
1463 4177
1464 4753
1464 4844
1465 1651
1465 1658
1465 2454
1465 2496
1465 3201
1465 3939
1465 4769
1466 1676
1466 2083
1466 2599
1466 3438
1466 4455
1466 4843
1466 4951
1467 2509
1467 2600
1467 2659
1467 2976
1467 4099
1467 4212
1468 1532
1468 1546
1468 1907
1468 2812
1468 2828
1468 3292
1468 3371
1468 3742
1468 4292
1468 4440
1469 1604
1469 2869
1469 3350
1469 3671
1469 4032
1469 4039
1469 4401
1470 1636
1470 1793
1470 2204
1470 2404
1470 2977
1470 3262
1470 3491
1470 4960
1471 1669
1471 1784
1471 2242
1471 2422
1471 2968
1471 3163
1471 3381
1471 3564
1471 4820
1472 1573
1472 2981
1472 3475
1472 3834
1472 3964
1472 4324
1473 2118
1473 3495
1473 3789
1473 4108
1473 4267
1473 4327
1473 4571
1474 2395
1474 2735
1474 2765
1474 3292
1474 3630
1474 4043
1474 4344
1474 4350
1474 4429
1474 4908
1475 2630
1475 3008
1475 4283
1476 3220
1476 3786
1476 4771
1476 4993
1477 2705
1477 2750
1477 2760
1477 4077
1477 4452
1477 4727
1477 4931
1478 2041
1478 2623
1478 3351
1478 3420
1478 3699
1478 4111
1478 4498
1478 4547
1479 2053
1479 2146
1479 2302
1479 2404
1479 2743
1479 4014
1479 4597
1479 4738
1479 4841
1480 1522
1480 2411
1480 2429
1480 2585
1480 3080
1480 3303
1480 3830
1480 3890
1480 4549
1480 4560
1480 4627
1480 4657
1481 1525
1481 2183
1481 2473
1481 2649
1481 3160
1481 3527
1481 4342
1481 4471
1481 4508
1481 4614
1481 4616
1482 1535
1482 1781
1482 2366
1482 2456
1482 4208
1482 4358
1482 4395
1482 4584
1483 1911
1483 2084
1483 2420
1483 2680
1483 3946
1483 4405
1483 4991
1484 1593
1484 1714
1484 3475
1484 3482
1484 4443
1485 2278
1485 3405
1485 3741
1485 4396
1485 4770
1486 2196
1486 2355
1486 2437
1486 2858
1486 3704
1486 4004
1486 4238
1486 4956
1487 3707
1487 4368
1487 4516
1488 2136
1488 4822
1489 2185
1489 2686
1489 3542
1490 1714
1490 1817
1490 2682
1490 3970
1490 4393
1490 4489
1490 4626
1490 4811
1491 1738
1491 1917
1491 1962
1491 2166
1491 3369
1491 3372
1491 3955
1491 4081
1491 4117
1491 4150
1492 3563
1492 4018
1492 4150
1492 4157
1492 4876
1493 2631
1493 2745
1493 3330
1493 3594
1493 4057
1493 4754
1494 1907
1494 1940
1494 2813
1494 2925
1494 3504
1494 3581
1494 3633
1494 4620
1495 1879
1495 3079
1495 3874
1495 4644
1495 4938
1496 2359
1496 2655
1496 3379
1496 3664
1496 4116
1496 4159
1496 4164
1496 4178
1496 4270
1498 1603
1498 1872
1498 2102
1498 2276
1498 2473
1498 2685
1498 2797
1498 2826
1498 3159
1498 4132
1499 1714
1499 1856
1499 2389
1499 2893
1499 2944
1499 3185
1499 3375
1499 3601
1499 3851
1499 3939
1499 4152
1499 4642
1500 2958
1500 3061
1500 3349
1500 3630
1500 4299
1500 4316
1500 4600
1501 2059
1501 2388
1501 2509
1501 2638
1501 3395
1501 3740
1501 4104
1502 1516
1502 1709
1502 1830
1502 2692
1502 4134
1502 4200
1502 4984
1503 4896
1504 1772
1504 1968
1504 2298
1504 2421
1504 2441
1504 2813
1504 2897
1504 3546
1504 3715
1504 4383
1504 4420
1504 4422
1504 4812
1505 1807
1505 2723
1505 3069
1505 3664
1505 4287
1506 1812
1506 1822
1506 2670
1506 2870
1506 4259
1506 4427
1506 4522
1506 4577
1506 4652
1506 4832
1507 1580
1507 4072
1507 4454
1507 4496
1507 4528
1508 1663
1508 1891
1508 1936
1508 2097
1508 4461
1508 4691
1508 4947
1509 3770
1509 3818
1509 4769
1510 2197
1510 2333
1510 2687
1510 2921
1510 3428
1510 3585
1510 3984
1511 1770
1511 4325
1512 1937
1512 2323
1512 2324
1512 2620
1512 3175
1512 3494
1512 4556
1513 1563
1513 1910
1513 1941
1513 3229
1513 3307
1513 3539
1513 4149
1514 1808
1514 2422
1514 2601
1514 2749
1514 3052
1514 3326
1514 3698
1514 4072
1514 4217
1515 2044
1515 2150
1515 2678
1515 2747
1515 4060
1515 4979
1516 1794
1516 1859
1516 2347
1516 2858
1516 2867
1516 2923
1516 3119
1516 3168
1516 3249
1516 3404
1517 2419
1517 2581
1517 4291
1518 2273
1518 2681
1518 3155
1518 3165
1518 3681
1518 3932
1518 3955
1518 4402
1519 2307
1519 2481
1519 2699
1520 2145
1520 4180
1521 1565
1521 1908
1521 2766
1521 3354
1521 3963
1521 4001
1521 4663
1521 4730
1522 2468
1522 4312
1522 4358
1522 4592
1522 4798
1523 1929
1523 2837
1523 2865
1523 3135
1523 3623
1523 3927
1523 4245
1523 4643
1523 4866
1524 2906
1524 3761
1524 4397
1525 2163
1525 3408
1525 4938
1526 2004
1526 2407
1526 2603
1526 3683
1526 3960
1526 4007
1526 4253
1527 1602
1527 1762
1527 2049
1527 2157
1527 2632
1527 2737
1527 2999
1527 4611
1528 1543
1528 1658
1528 2088
1528 3547
1528 3966
1529 2591
1529 3683
1529 4005
1529 4512
1530 3085
1530 3112
1530 3518
1530 3694
1530 4122
1530 4745
1530 4788
1531 2519
1531 3048
1531 3242
1531 3730
1531 3853
1531 4322
1532 2152
1532 2880
1532 3422
1532 3834
1532 3917
1533 1598
1533 1724
1533 2301
1533 4388
1533 4601
1534 1931
1534 3460
1534 3866
1534 4340
1534 4361
1534 4515
1534 4947
1535 1548
1535 1643
1535 2432
1535 2584
1535 3387
1535 3786
1535 3840
1535 3906
1535 3936
1535 4206
1535 4372
1535 4514
1535 4916
1535 4945
1536 2633
1536 2737
1536 3374
1536 3731
1537 2410
1537 2566
1537 2754
1537 2759
1537 3002
1537 3746
1537 3847
1537 4140
1537 4234
1537 4678
1537 4695
1537 4808
1537 4846
1538 1824
1538 2812
1538 3321
1538 4400
1538 4911
1539 1660
1539 2121
1539 4358
1539 4519
1539 4621
1539 4636
1540 1732
1540 1743
1540 1902
1540 2136
1540 3808
1540 4556
1540 4564
1541 1687
1541 1759
1541 2051
1541 2520
1541 2539
1541 3255
1541 3444
1541 4196
1542 1605
1542 1911
1542 2255
1542 2523
1542 3041
1542 3321
1542 3541
1542 3979
1542 4100
1542 4408
1542 4879
1542 4986
1543 2258
1543 2693
1544 1887
1544 2384
1544 2949
1544 3305
1544 3347
1544 4072
1544 4160
1545 2050
1545 2486
1545 2564
1545 4060
1545 4277
1545 4360
1545 4769
1545 4993
1546 1612
1546 1805
1546 2882
1546 3802
1546 4789
1547 1757
1547 1829
1547 2125
1547 2532
1547 3153
1547 3374
1547 4450
1547 4584
1548 2022
1548 2498
1548 2836
1548 4408
1548 4566
1548 4740
1548 4745
1548 4966
1549 1601
1549 1992
1549 2274
1549 2606
1549 3019
1549 3234
1549 3530
1549 3716
1549 4449
1549 4678
1550 2095
1550 2296
1550 3135
1550 3384
1550 4298
1551 1754
1551 2827
1551 3417
1551 3760
1551 3880
1551 3998
1551 4037
1552 1946
1552 2323
1552 2376
1552 4167
1553 2614
1553 2690
1553 4076
1553 4469
1553 4630
1553 4864
1554 2147
1554 2230
1554 2547
1554 3103
1554 4157
1554 4180
1554 4210
1554 4509
1554 4874
1554 4920
1554 4961
1555 2988
1555 3104
1555 3301
1555 3627
1555 3897
1555 3958
1555 4281
1555 4845
1555 4850
1556 1840
1556 1938
1556 2732
1556 3107
1556 3574
1556 4147
1557 1569
1557 2329
1557 3003
1557 3410
1557 3585
1557 3801
1557 4572
1558 2051
1558 2154
1558 3277
1559 2780
1559 3084
1559 3580
1559 3975
1559 4433
1559 4643
1559 4963
1560 1651
1560 2173
1560 2267
1560 3393
1560 4288
1560 4465
1560 4632
1561 1562
1561 1728
1561 1793
1561 1924
1561 2243
1561 2795
1561 3633
1561 4394
1561 4639
1561 4844
1562 1884
1562 2510
1562 2798
1562 3285
1562 3292
1562 3449
1562 3624
1562 3662
1562 3856
1562 4782
1562 4921
1563 1651
1563 1680
1563 2159
1563 2712
1563 3017
1563 3702
1563 4103
1563 4432
1563 4547
1564 1762
1564 1918
1564 2111
1564 2595
1564 3988
1564 4508
1565 2328
1565 2719
1565 2747
1565 2971
1565 3122
1565 3759
1566 1627
1566 2143
1566 2191
1566 2578
1566 3555
1566 4788
1566 4998
1567 1576
1567 2323
1567 3532
1567 4613
1567 4691
1567 4758
1568 1672
1568 3060
1568 3805
1568 3956
1568 4535
1569 1646
1569 1708
1569 1821
1569 2697
1569 3614
1569 4898
1569 4985
1570 1606
1570 1719
1570 1748
1570 2088
1570 2603
1570 3049
1570 3085
1570 3265
1570 3787
1570 4087
1571 1587
1571 2305
1571 2402
1571 3092
1571 3163
1571 3209
1571 4739
1572 2634
1572 2661
1572 2759
1572 3328
1572 3365
1572 3934
1572 4805
1572 4932
1573 2351
1573 3971
1573 4196
1573 4417
1574 1592
1574 1876
1574 2764
1574 3163
1574 3320
1574 4094
1574 4517
1574 4662
1575 3422
1575 3864
1575 4000
1575 4039
1575 4796
1576 3089
1576 4354
1576 4929
1578 1716
1578 1950
1578 2710
1578 4131
1579 1672
1579 2209
1579 3402
1579 4198
1579 4576
1580 1626
1580 1868
1580 1886
1580 1920
1580 3267
1580 3312
1580 3609
1580 3849
1580 4216
1580 4707
1581 1874
1581 2818
1581 3289
1581 3387
1581 3626
1581 3992
1582 4917
1583 1652
1583 2154
1583 3043
1583 3163
1583 3357
1583 3549
1583 3596
1583 4060
1583 4618
1583 4654
1583 4664
1583 4750
1584 1754
1584 2374
1584 3387
1584 3615
1584 3697
1584 4164
1585 2553
1585 3219
1585 3947
1586 2102
1586 2306
1586 2675
1586 3889
1586 3918
1586 4824
1587 2080
1587 3237
1587 3548
1587 4298
1587 4581
1588 2379
1588 2386
1588 2400
1588 2903
1588 3959
1588 4126
1588 4136
1588 4487
1589 1749
1589 1815
1589 1869
1589 2769
1589 2840
1589 3124
1589 4250
1589 4584
1589 4611
1590 1618
1590 1653
1590 4037
1590 4780
1590 4786
1590 4861
1591 3035
1591 3204
1591 4243
1591 4290
1591 4719
1591 4883
1592 3223
1592 3906
1592 4547
1593 1629
1593 2024
1593 2636
1593 2726
1593 2812
1593 2938
1593 3212
1593 3368
1593 3698
1593 4323
1593 4847
1594 2026
1594 2391
1594 2833
1594 3194
1594 4312
1594 4797
1595 1949
1595 2902
1595 4013
1595 4156
1595 4842
1596 1962
1596 3580
1596 4542
1596 4684
1597 2598
1597 2766
1597 2814
1597 2888
1597 3074
1597 3834
1597 4270
1597 4438
1597 4620
1597 4755
1598 1605
1598 2127
1598 3186
1598 3439
1598 3751
1598 3834
1598 3883
1598 4408
1598 4737
1598 4750
1599 2553
1599 2640
1599 4496
1599 4908
1600 3870
1600 4330
1601 1613
1601 2583
1601 3798
1601 3837
1601 4124
1602 1871
1602 1991
1602 3893
1603 3032
1603 3403
1603 4547
1603 4774
1604 1826
1604 1879
1604 1958
1604 1984
1604 2039
1604 2051
1604 2231
1604 2683
1604 2927
1604 3125
1604 3518
1604 4964
1605 2233
1605 3210
1605 3252
1605 3288
1605 3466
1605 3950
1605 3993
1606 1710
1606 1798
1606 1940
1606 1978
1606 2926
1606 3338
1606 3498
1606 4007
1606 4205
1606 4347
1607 2213
1607 3249
1607 3260
1607 3525
1607 3976
1608 2539
1608 2809
1608 3101
1608 3527
1608 4073
1609 1926
1609 2351
1609 2445
1609 2885
1609 2915
1609 2917
1609 3207
1609 3255
1609 3516
1609 4265
1609 4503
1609 4757
1610 1923
1610 2900
1611 1765
1611 1784
1611 2228
1611 2901
1611 3776
1611 4116
1611 4308
1611 4894
1612 2495
1612 2566
1612 2995
1612 3806
1612 3937
1612 4247
1612 4290
1612 4415
1612 4988
1613 1905
1613 2381
1613 2585
1613 3075
1613 4158
1613 4402
1613 4941
1614 2439
1614 2935
1614 3353
1614 3642
1614 3646
1614 4597
1614 4827
1615 1724
1615 1793
1615 1929
1615 2286
1615 4082
1615 4231
1616 1831
1616 1987
1616 2012
1616 2220
1616 2764
1616 3337
1616 3848
1616 4540
1616 4651
1617 2000
1617 2102
1617 3849
1617 4127
1618 1857
1618 2859
1618 2888
1618 3331
1618 3534
1618 3888
1618 4305
1618 4889
1619 1749
1619 1972
1619 2708
1619 2844
1619 2935
1619 3028
1619 3389
1619 3965
1620 2189
1620 3941
1620 4022
1620 4261
1621 2887
1621 4082
1621 4175
1621 4574
1621 4603
1622 2265
1622 2433
1622 2845
1622 3490
1622 3566
1622 3662
1622 4638
1623 2274
1623 2348
1623 2414
1623 2503
1623 3194
1623 3985
1623 4693
1623 4783
1624 1894
1624 1964
1624 2862
1624 3417
1624 4018
1624 4168
1625 1633
1625 2785
1625 3568
1626 2236
1626 2367
1626 2903
1626 3816
1626 3854
1626 4059
1626 4085
1626 4094
1626 4292
1626 4369
1626 4459
1626 4511
1627 2030
1627 2887
1627 3279
1627 4430
1627 4662
1627 4827
1627 4989
1628 3245
1628 3952
1628 3955
1628 4441
1629 2163
1629 2459
1629 2656
1629 2817
1629 3006
1629 3080
1629 3244
1629 3659
1629 4005
1629 4072
1629 4632
1629 4782
1630 2709
1630 3127
1630 3141
1630 3539
1630 4020
1630 4051
1630 4400
1630 4834
1630 4915
1631 1741
1631 1961
1631 3320
1631 3768
1632 1957
1632 2235
1632 2489
1632 2499
1632 2563
1632 2729
1632 3910
1632 4768
1632 4802
1633 1850
1633 2309
1633 2528
1633 2969
1633 3511
1633 4528
1634 2269
1634 2277
1634 2533
1634 2975
1634 3702
1634 4075
1634 4911
1635 2194
1635 2288
1635 2348
1635 3117
1635 3551
1635 3812
1635 3895
1635 4769
1636 2564
1636 2730
1636 4726
1636 4868
1636 4918
1637 1769
1637 1770
1637 1885
1637 2803
1637 2831
1637 3183
1637 3509
1637 3590
1637 4735
1638 1697
1638 1957
1638 2836
1638 2928
1638 3389
1638 3662
1638 4201
1638 4512
1638 4749
1639 1680
1639 2579
1639 2773
1639 2874
1639 3160
1639 3273
1639 4260
1639 4936
1639 4985
1640 2164
1640 2563
1640 4710
1640 4771
1641 2276
1641 3790
1641 4930
1641 4981
1642 2103
1642 2409
1642 2904
1642 3025
1642 3194
1642 4542
1643 1855
1643 1948
1643 2256
1643 2272
1643 4199
1643 4722
1643 4725
1644 2171
1644 2628
1644 2741
1644 2919
1644 3515
1644 4305
1644 4902
1645 1720
1645 1824
1645 2918
1645 2962
1645 3966
1645 4127
1645 4222
1645 4565
1645 4679
1646 1982
1646 2338
1646 3074
1646 3688
1646 3781
1646 4261
1646 4325
1646 4328
1646 4526
1646 4565
1647 2538
1647 3360
1647 3717
1647 4459
1648 1879
1648 1933
1648 2063
1648 2349
1648 2481
1648 2516
1648 2976
1648 3042
1648 3145
1648 3539
1648 3985
1648 4541
1649 1713
1649 2007
1649 3427
1649 3789
1649 4135
1649 4396
1649 4469
1649 4667
1649 4794
1650 2364
1650 3145
1650 3664
1650 4577
1650 4955
1651 2025
1651 2384
1651 2587
1651 3088
1651 3610
1651 4661
1652 1783
1652 2444
1652 3171
1652 3240
1652 4466
1652 4736
1653 1972
1653 2243
1653 2282
1653 2399
1653 2680
1653 3166
1653 4593
1654 1992
1654 2139
1654 3210
1654 3356
1654 4182
1654 4483
1654 4740
1654 4743
1654 4970
1655 2043
1655 2158
1655 3628
1655 3805
1655 4314
1655 4462
1655 4617
1655 4837
1656 3113
1656 4011
1656 4198
1656 4769
1657 2023
1657 3202
1657 3654
1657 3734
1658 1784
1658 3697
1658 4064
1658 4123
1658 4335
1659 1898
1659 2646
1659 3282
1659 3383
1659 3591
1659 3714
1659 3905
1659 4628
1659 4941
1660 1699
1660 2562
1660 2802
1660 3644
1660 4233
1661 1913
1661 2813
1661 3961
1662 1782
1662 2332
1662 2520
1662 3035
1662 3396
1662 3752
1662 4207
1662 4377
1662 4875
1663 1672
1663 2050
1663 2081
1663 2243
1663 2554
1663 3102
1663 3537
1664 2605
1664 2691
1664 2811
1664 3295
1664 3609
1664 3620
1664 3972
1664 4333
1664 4544
1665 2723
1665 3392
1665 3763
1666 3669
1666 4692
1667 1734
1667 2009
1667 2390
1667 2887
1667 3169
1667 3326
1667 3453
1667 3939
1667 4705
1668 1726
1668 2445
1668 3485
1668 4254
1668 4701
1669 2224
1669 3098
1669 3571
1669 4589
1670 2221
1670 2465
1670 2909
1670 3159
1670 4002
1670 4703
1670 4947
1671 2015
1671 2583
1671 3009
1671 3321
1671 4106
1671 4137
1671 4531
1671 4827
1671 4984
1672 1684
1672 2253
1672 2357
1672 2580
1672 2740
1672 3271
1672 3293
1672 3518
1672 3853
1672 4057
1673 1893
1673 1936
1673 2133
1673 2200
1673 2248
1673 2372
1673 2753
1673 3277
1673 3625
1673 4224
1673 4244
1673 4527
1673 4584
1673 4812
1673 4900
1674 2530
1674 3026
1674 4059
1675 1838
1675 2098
1675 2174
1675 3476
1675 3562
1675 3699
1675 4646
1676 2239
1676 2530
1676 2689
1676 2812
1676 2971
1676 3209
1676 3641
1677 1991
1677 2309
1677 2335
1677 2674
1677 2993
1677 3759
1677 4276
1677 4284
1677 4821
1678 3096
1678 4295
1678 4535
1678 4878
1679 1778
1679 2793
1679 2878
1679 4170
1680 1810
1680 1845
1680 2067
1680 2288
1680 2476
1680 3000
1680 3141
1680 3533
1680 3964
1681 2118
1681 2495
1681 2634
1681 3060
1681 3404
1681 3736
1681 3949
1681 4300
1681 4319
1681 4367
1682 1884
1682 2014
1682 2210
1682 2988
1682 3634
1682 4247
1682 4311
1682 4431
1682 4494
1682 4560
1683 1873
1683 2229
1683 2398
1683 2993
1683 2997
1683 4105
1683 4456
1683 4547
1683 4600
1684 1823
1684 2115
1684 2126
1684 4452
1684 4952
1685 1780
1685 2544
1685 2896
1685 3374
1685 4286
1685 4719
1686 1759
1686 1878
1686 2925
1686 3009
1686 3086
1686 3593
1686 3689
1686 4292
1686 4919
1687 1750
1687 2097
1687 2210
1687 2291
1687 3475
1687 3598
1687 3603
1688 1908
1688 2006
1688 3707
1688 3861
1688 3898
1688 4201
1688 4641
1689 1691
1689 1777
1689 3113
1689 3726
1689 3805
1689 3929
1689 4445
1689 4465
1689 4644
1690 1956
1690 2181
1690 2265
1690 2465
1690 3078
1690 3424
1690 3565
1690 3657
1690 3941
1691 2022
1691 2802
1691 3760
1691 4492
1692 1993
1692 2425
1692 2597
1692 2822
1692 3358
1692 3515
1692 3689
1692 3920
1692 4589
1692 4937
1693 2188
1693 4099
1694 1874
1694 2389
1694 2963
1694 3185
1694 3524
1694 3650
1694 4677
1694 4840
1694 4896
1695 1907
1695 1943
1695 2771
1695 3207
1695 3279
1695 4436
1696 2974
1696 3610
1696 3839
1696 4001
1696 4167
1696 4318
1696 4776
1696 4856
1697 2186
1697 2492
1697 2515
1697 2530
1697 3237
1697 3527
1697 3942
1697 4424
1697 4441
1698 1834
1698 2948
1698 3995
1698 4139
1698 4181
1699 2640
1699 2833
1699 3107
1699 3155
1699 3344
1699 4653
1699 4842
1700 2373
1700 2630
1700 2744
1700 3051
1700 3072
1700 3294
1700 4469
1700 4940
1701 2120
1701 2666
1701 2704
1701 3081
1701 3564
1701 3618
1701 3931
1701 4836
1701 4994
1702 1951
1702 2626
1702 3478
1703 2673
1703 2722
1703 3113
1703 3210
1703 3680
1703 3711
1703 3834
1703 4393
1703 4702
1704 1724
1704 2442
1704 2663
1704 3426
1704 4546
1705 2007
1705 2058
1705 2432
1705 2477
1705 3190
1705 4126
1705 4583
1706 2286
1706 2374
1706 2399
1706 2828
1706 4476
1707 2639
1707 4134
1707 4969
1708 2330
1708 3015
1708 3353
1708 3624
1708 3646
1708 3695
1708 4072
1708 4887
1709 2054
1709 2235
1709 3147
1709 3773
1709 3927
1709 4017
1709 4329
1709 4662
1709 4884
1710 2434
1710 4382
1710 4418
1710 4822
1710 4889
1711 2365
1711 2454
1711 2713
1711 2746
1711 2904
1711 3162
1711 3544
1711 4144
1711 4386
1711 4455
1712 2269
1712 2605
1712 3574
1712 3892
1712 4004
1713 2094
1713 2178
1713 2306
1713 4118
1713 4588
1714 3170
1714 3210
1714 4701
1715 1893
1715 2294
1715 2364
1715 2956
1715 3076
1715 4355
1715 4677
1715 4955
1716 1881
1716 1898
1716 3870
1716 3967
1716 4757
1717 1765
1717 1858
1717 2554
1717 2858
1717 3020
1717 3403
1717 3789
1717 4018
1717 4790
1718 2587
1719 2334
1719 3024
1719 3506
1719 3558
1719 4447
1719 4486
1719 4650
1720 2060
1720 2323
1720 2570
1720 2824
1720 4345
1720 4860
1720 4991
1721 1897
1721 1970
1721 2074
1721 2490
1721 2818
1721 2987
1721 3425
1721 4960
1722 1988
1722 2196
1722 2260
1722 2358
1722 2689
1722 4236
1722 4330
1722 4852
1723 1830
1723 2315
1723 2389
1723 2932
1723 3280
1723 4682
1724 1776
1724 2022
1724 2129
1724 2168
1724 3204
1725 2844
1725 3301
1725 3477
1726 1997
1726 2064
1726 2187
1726 2516
1726 2759
1726 3300
1726 3907
1726 3931
1726 4009
1726 4239
1726 4459
1726 4623
1726 4665
1726 4762
1726 4766
1727 2163
1727 3108
1727 3543
1727 4005
1727 4882
1728 1773
1728 3772
1728 3951
1728 4398
1729 2381
1729 2998
1729 3633
1729 3662
1729 4441
1729 4501
1729 4832
1729 4850
1729 4921
1730 1804
1730 2060
1730 3079
1730 3746
1730 4579
1731 1943
1731 2040
1731 2576
1731 2653
1731 2655
1731 2873
1731 3243
1731 4319
1731 4959
1732 2162
1732 2675
1732 2939
1732 3145
1732 3555
1732 4149
1733 2083
1733 2321
1733 2755
1733 3072
1733 3546
1733 3628
1733 4965
1734 3614
1734 4793
1735 2023
1735 2869
1735 3599
1735 3679
1735 4277
1736 1784
1736 2379
1736 3766
1737 2948
1737 3326
1737 4692
1737 4823
1738 3172
1738 3409
1738 4157
1739 2157
1739 2256
1739 2619
1739 2912
1739 2948
1739 3712
1739 3715
1739 3735
1739 4084
1739 4192
1739 4561
1739 4699
1740 1856
1740 2015
1740 3093
1740 4338
1740 4707
1740 4789
1741 2411
1741 2532
1741 3154
1741 3282
1741 3380
1741 3419
1741 3565
1741 4190
1741 4247
1741 4953
1742 2961
1742 3352
1742 4577
1742 4818
1743 2160
1743 2471
1743 2653
1743 3073
1743 3704
1743 4103
1743 4912
1744 1980
1744 2343
1744 3630
1744 4911
1745 1828
1745 2089
1745 2193
1745 2504
1745 2695
1745 2975
1745 3243
1745 3727
1745 3769
1745 3969
1745 4104
1745 4324
1745 4542
1745 4700
1746 1995
1746 4186
1746 4785
1747 1815
1747 2175
1747 3009
1747 3786
1747 3839
1747 4463
1748 1795
1748 2995
1748 3501
1749 1809
1749 2879
1749 3525
1749 3667
1749 3942
1749 4618
1750 1760
1750 2331
1750 2395
1750 2450
1750 2574
1750 3033
1750 4198
1750 4248
1751 1771
1751 1869
1751 1946
1751 2052
1751 2057
1751 4340
1751 4355
1751 4411
1752 1877
1752 2141
1752 2239
1752 2362
1752 2916
1752 3576
1752 3751
1752 4832
1752 4844
1753 1906
1753 2182
1753 2732
1753 3097
1753 3174
1753 3180
1753 3494
1753 3691
1753 3898
1753 4319
1753 4673
1754 2324
1754 2573
1754 2754
1754 3153
1754 4074
1754 4102
1754 4357
1754 4914
1755 2185
1755 2277
1755 2522
1756 2341
1756 2773
1756 2791
1756 3094
1756 3351
1756 3698
1756 3704
1756 4084
1756 4628
1757 1934
1757 2460
1757 3024
1757 3085
1757 3414
1757 3700
1758 2696
1758 2730
1758 2960
1758 3618
1758 4077
1758 4099
1758 4375
1758 4558
1758 4946
1759 2136
1759 2541
1759 2811
1759 2918
1759 3202
1759 3584
1759 3727
1759 3785
1759 3988
1760 1808
1760 1888
1760 1971
1761 1935
1761 2009
1761 3422
1761 3474
1761 3558
1761 4164
1761 4253
1761 4558
1762 2996
1762 3175
1762 3575
1762 3849
1762 4390
1762 4491
1763 2100
1763 2362
1763 3013
1763 3144
1763 3283
1763 3661
1763 4032
1763 4648
1763 4748
1764 2672
1764 3192
1764 3365
1764 3404
1764 3784
1764 4855
1765 1870
1765 1947
1765 2402
1765 3492
1765 3833
1765 3967
1766 1786
1766 1788
1766 2477
1766 2490
1766 2724
1766 3384
1766 3967
1766 4002
1766 4202
1766 4913
1767 2670
1767 2759
1767 4147
1767 4158
1767 4678
1767 4946
1768 1887
1768 2266
1768 2436
1768 2584
1768 2978
1768 3318
1768 3359
1768 4178
1768 4519
1768 4938
1769 1841
1769 1898
1769 3238
1769 3251
1769 3434
1769 3653
1770 1987
1770 2585
1770 2824
1770 2937
1771 1882
1771 2777
1771 2823
1771 3293
1771 3446
1771 3502
1772 2103
1772 2132
1772 2865
1772 2919
1772 3183
1772 4034
1772 4185
1773 2464
1773 2574
1773 2827
1773 3353
1773 3558
1773 4388
1773 4478
1774 1966
1774 2434
1774 2435
1774 2531
1774 3259
1774 3280
1774 4210
1774 4252
1774 4524
1774 4676
1774 4942
1775 1909
1775 2166
1775 2435
1775 3001
1775 4778
1776 2372
1776 3464
1777 1969
1777 2064
1777 2486
1777 3315
1777 3459
1777 4074
1778 1927
1778 2630
1778 3656
1779 3437
1779 4040
1779 4750
1779 4819
1780 2051
1780 3531
1780 4134
1780 4196
1780 4642
1780 4645
1781 2403
1781 3359
1781 4433
1782 2792
1782 3688
1782 3824
1782 4523
1782 4794
1782 4934
1783 2258
1783 3194
1783 3895
1783 4449
1784 2216
1784 2899
1784 3081
1784 3154
1784 3719
1784 4137
1785 1982
1785 2478
1785 3102
1785 3165
1785 3852
1786 1965
1786 2194
1786 2779
1786 3159
1786 3276
1787 1916
1787 2152
1787 2172
1787 2735
1787 3577
1788 2721
1788 3211
1788 3274
1788 4009
1788 4324
1789 1934
1789 2608
1789 3343
1789 3951
1789 4095
1789 4190
1790 2050
1790 3034
1790 3131
1790 3810
1790 4538
1790 4724
1791 2252
1791 2862
1792 1796
1792 1889
1792 2425
1792 2508
1792 3746
1792 4383
1793 2345
1793 3286
1793 3564
1793 3581
1793 3769
1793 3892
1793 4030
1793 4950
1794 1936
1794 3300
1794 3480
1794 3979
1794 4160
1795 1891
1795 2228
1795 2277
1795 2508
1795 2884
1795 3040
1795 3153
1795 3252
1795 3306
1795 3307
1795 4035
1795 4708
1796 1909
1796 1917
1796 2435
1796 2775
1796 3415
1796 3936
1796 4094
1796 4495
1796 4656
1796 4925
1796 4942
1797 2731
1797 3115
1797 3220
1797 4740
1797 4895
1798 1981
1798 2694
1798 3708
1798 3819
1798 4235
1798 4442
1798 4901
1798 4990
1799 2627
1799 2837
1799 2850
1799 2932
1799 3852
1799 4593
1799 4788
1800 2460
1800 2627
1800 3112
1800 3145
1800 3828
1800 3899
1800 4603
1801 2045
1801 2101
1801 2894
1801 2942
1801 3086
1801 3451
1801 4123
1801 4234
1801 4385
1801 4446
1801 4636
1802 3714
1802 4286
1803 2559
1803 2652
1803 3156
1803 4785
1804 2254
1805 2507
1805 2899
1805 4092
1805 4964
1806 2217
1806 2582
1806 2589
1806 3036
1806 4163
1806 4710
1806 4887
1806 4986
1807 2830
1807 4739
1808 1913
1808 2018
1808 2400
1808 2770
1808 3131
1808 3177
1808 3310
1808 3865
1808 3972
1808 3993
1809 2061
1809 2534
1809 3143
1809 4990
1810 2177
1810 2339
1810 2580
1810 2803
1810 3157
1810 3856
1810 4398
1810 4415
1810 4484
1811 2036
1811 2211
1811 2397
1811 4216
1811 4340
1811 4410
1811 4890
1812 2115
1812 2768
1812 2924
1812 3548
1812 4017
1812 4473
1812 4595
1813 2667
1813 3469
1813 3727
1813 3938
1813 4134
1813 4634
1814 2480
1814 2610
1814 2805
1814 3102
1814 3145
1814 3368
1814 3371
1814 4751
1815 2299
1815 2616
1815 2918
1815 4688
1815 4934
1816 2370
1816 3563
1816 3965
1816 4667
1816 4745
1816 4821
1816 4993
1817 2519
1817 2713
1817 2796
1817 3266
1817 3305
1817 3640
1817 4387
1817 4434
1818 2112
1818 2197
1818 2446
1818 2823
1818 3036
1819 2435
1819 3431
1819 3680
1819 4041
1820 2331
1820 2614
1820 2634
1820 3520
1821 2178
1821 2442
1821 2646
1821 2686
1821 3407
1821 3665
1821 4302
1821 4315
1822 1913
1822 2291
1822 2720
1822 3777
1822 4091
1822 4607
1823 2699
1823 2704
1823 2890
1823 2974
1823 3013
1823 3341
1823 4243
1824 2057
1824 2567
1824 2702
1824 4172
1824 4751
1824 4913
1825 1890
1825 2305
1825 2699
1825 3033
1825 3076
1825 3258
1825 3396
1825 3636
1825 3674
1825 3927
1825 3942
1825 4214
1825 4652
1826 3357
1826 3482
1826 3831
1826 4336
1827 4566
1827 4769
1827 4832
1827 4879
1828 2179
1828 2628
1828 3010
1828 3079
1828 3199
1828 3605
1828 4181
1828 4683
1828 4944
1829 1981
1829 2706
1829 3152
1829 3314
1829 4200
1829 4442
1829 4652
1830 1985
1830 2761
1830 3866
1830 4027
1830 4054
1830 4105
1830 4506
1830 4663
1831 1893
1831 2361
1831 2826
1831 2832
1831 3044
1831 3496
1831 4625
1832 2086
1832 2353
1832 2792
1832 3374
1832 3549
1832 3965
1833 2006
1833 2022
1833 2091
1833 2343
1833 2482
1833 2496
1833 3385
1834 2251
1834 2477
1834 2986
1834 3644
1835 2264
1835 2432
1835 2617
1835 2666
1835 2692
1835 2858
1835 3733
1835 4712
1835 4843
1836 2215
1836 3571
1836 4030
1836 4313
1836 4325
1836 4606
1836 4995
1837 2027
1837 2131
1837 2522
1837 2722
1837 3709
1837 3800
1837 4376
1837 4695
1838 2126
1838 2928
1838 3441
1838 4332
1839 2266
1839 3038
1839 3041
1839 3669
1839 3858
1839 3912
1839 3950
1839 3953
1840 2314
1840 2446
1840 2548
1840 3269
1840 4101
1840 4233
1840 4493
1841 2257
1841 2396
1841 2399
1841 2629
1841 2891
1842 2382
1842 3577
1842 4527
1842 4839
1842 4862
1842 4885
1843 1921
1843 2187
1843 2412
1843 2596
1843 2765
1843 2945
1843 3386
1844 1894
1844 2701
1844 2720
1844 3157
1844 3648
1844 3726
1844 3785
1844 4090
1845 2329
1845 2728
1845 3025
1845 3140
1845 3163
1845 3200
1845 3584
1845 4005
1845 4047
1845 4238
1845 4247
1845 4263
1845 4424
1845 4551
1845 4772
1845 4947
1846 2168
1846 2583
1846 2690
1846 3032
1846 3083
1847 2357
1847 3318
1847 3719
1847 3832
1847 4786
1847 4930
1848 2228
1848 2587
1848 2641
1848 3179
1848 3232
1848 3292
1848 3304
1849 2013
1849 2442
1849 3654
1849 4234
1849 4361
1850 2161
1850 2359
1850 2652
1850 3908
1850 4011
1850 4560
1851 1921
1851 3027
1851 3133
1851 4038
1851 4273
1851 4529
1851 4550
1851 4695
1852 3245
1852 3278
1852 4950
1853 2779
1853 2948
1853 3766
1853 4859
1854 3135
1854 3646
1854 3735
1854 3910
1854 4090
1854 4315
1855 2428
1855 2542
1855 3213
1855 3242
1855 3839
1855 3930
1855 4030
1855 4244
1855 4838
1856 2612
1856 3178
1856 3250
1856 4620
1856 4948
1857 2845
1857 4939
1858 2472
1858 3003
1858 3671
1858 4182
1858 4680
1859 2184
1859 3003
1859 3845
1859 4465
1860 2332
1860 2709
1860 3449
1860 3789
1860 3891
1860 4083
1860 4752
1861 1953
1861 1956
1861 3186
1861 3286
1861 3522
1861 3758
1861 4132
1861 4175
1861 4351
1861 4412
1861 4571
1862 1910
1862 1986
1862 2229
1862 2347
1862 2644
1862 3210
1862 3886
1862 4178
1863 1896
1863 3094
1863 3107
1863 3541
1863 3886
1863 4512
1863 4884
1864 2614
1864 2776
1864 2908
1864 3238
1864 3352
1864 3439
1864 4563
1864 4952
1865 2231
1865 2500
1865 2875
1865 3117
1865 3146
1865 3457
1865 3577
1865 4180
1865 4241
1865 4311
1865 4670
1866 2727
1866 2773
1866 3344
1866 3855
1867 2289
1867 2301
1867 2319
1867 2709
1867 2829
1867 3669
1867 4154
1868 2438
1868 2576
1868 3238
1868 3366
1868 3545
1868 3730
1868 4228
1868 4252
1868 4690
1868 4797
1868 4805
1868 4866
1868 4985
1869 1886
1869 2237
1869 2658
1869 3757
1869 3990
1869 4585
1870 2308
1870 4085
1870 4271
1870 4514
1871 1893
1871 2015
1871 2739
1871 3217
1871 3892
1871 4366
1871 4972
1872 1945
1872 2262
1872 2420
1872 2799
1872 2858
1872 3084
1872 3286
1872 3510
1872 3710
1873 2305
1873 2389
1873 2659
1873 3467
1873 3780
1873 4191
1873 4299
1873 4365
1873 4460
1873 4789
1873 4802
1874 2138
1874 2512
1874 2561
1874 2760
1874 3452
1874 4301
1875 2102
1875 2182
1875 3769
1875 3907
1875 3995
1875 4329
1875 4592
1875 4943
1876 2538
1876 2655
1876 2664
1876 2776
1876 4928
1877 1908
1878 2827
1878 3146
1878 3729
1878 4133
1878 4605
1878 4861
1879 1901
1879 2859
1879 3554
1879 4130
1879 4286
1879 4317
1880 2010
1880 2967
1880 3157
1880 3211
1880 3428
1880 3483
1880 3971
1881 3527
1881 3702
1881 3988
1881 4129
1881 4263
1881 4918
1882 3184
1882 3392
1882 3868
1882 4107
1882 4487
1882 4573
1882 4806
1883 2178
1883 2463
1883 2972
1883 4602
1884 2327
1884 2382
1884 4980
1885 2379
1885 2456
1885 2470
1885 3611
1886 1965
1886 2885
1886 3018
1886 3135
1886 3584
1886 3630
1886 3961
1886 4388
1887 2365
1887 2441
1887 2645
1887 2766
1887 3428
1887 4316
1887 4804
1888 1893
1888 2291
1888 3124
1888 3159
1888 3651
1888 3713
1888 4820
1888 4841
1888 4951
1889 2356
1889 2591
1889 2796
1889 2995
1889 3890
1889 4875
1890 2072
1890 2103
1890 2237
1890 2262
1890 2771
1890 2873
1890 3268
1890 3915
1890 4716
1890 4763
1891 2282
1891 3442
1891 3627
1891 3675
1891 3958
1891 4321
1892 1951
1892 1975
1892 3090
1892 3227
1892 4173
1892 4297
1892 4437
1892 4530
1893 2146
1893 2700
1893 2972
1893 3105
1893 3146
1893 3550
1893 3790
1893 3831
1894 2699
1894 2787
1894 4047
1895 3144
1895 3756
1895 4464
1896 2086
1896 3416
1896 4366
1896 4809
1897 2375
1897 2432
1897 2986
1897 3582
1897 4448
1898 2896
1898 3439
1898 3978
1899 2003
1899 2399
1899 2767
1899 3182
1899 3927
1899 4263
1899 4341
1900 2621
1900 2695
1900 3495
1900 4076
1900 4113
1900 4507
1900 4890
1901 1949
1901 2373
1901 2378
1901 3405
1901 3407
1901 3761
1901 3764
1901 4240
1901 4282
1901 4472
1902 1995
1902 2314
1902 3788
1902 4621
1903 2272
1903 3194
1903 3541
1903 3609
1903 3923
1903 4409
1904 1994
1904 2422
1904 2904
1904 3084
1904 3282
1904 3571
1904 3854
1904 3935
1905 2421
1905 3310
1905 3518
1905 4263
1905 4748
1906 2319
1906 3410
1907 2312
1907 2612
1907 3626
1907 3889
1907 4268
1907 4622
1907 4623
1907 4924
1908 1957
1908 2200
1908 2451
1908 2941
1908 3140
1908 4523
1908 4863
1909 2000
1909 2178
1909 2561
1909 4620
1910 2161
1910 2348
1910 2940
1910 3579
1910 3727
1910 3940
1910 3959
1910 4040
1911 1976
1911 2346
1911 3408
1911 3542
1911 3875
1911 3916
1911 4049
1911 4073
1911 4653
1912 2921
1912 3046
1912 3495
1912 4407
1912 4482
1913 2539
1913 2556
1913 2753
1913 2790
1913 3210
1913 3314
1914 3383
1914 4343
1914 4600
1915 2038
1915 3653
1915 3714
1915 4253
1915 4728
1915 4983
1916 2884
1916 3015
1916 3862
1916 3866
1916 4056
1916 4183
1916 4218
1917 2199
1917 2369
1917 3126
1917 3634
1917 4052
1917 4172
1917 4608
1918 1969
1918 2104
1918 2610
1918 3378
1918 3785
1918 3998
1919 2592
1919 2844
1919 3137
1919 3233
1919 3552
1919 3807
1919 3930
1919 4034
1919 4998
1920 2028
1920 2130
1920 3747
1920 4156
1920 4310
1921 2598
1921 2695
1921 2716
1921 2933
1921 3554
1921 3963
1922 2664
1922 2805
1922 3237
1922 4434
1922 4988
1923 2345
1923 2983
1923 4587
1923 4589
1923 4895
1924 2329
1924 2435
1924 3077
1924 3172
1924 3423
1924 3922
1925 4023
1925 4171
1925 4847
1925 4848
1925 4907
1926 1953
1926 2819
1926 2864
1926 3674
1926 3852
1926 4571
1927 3117
1928 2174
1928 2391
1928 2651
1928 3703
1928 3872
1929 1964
1929 2036
1929 2415
1929 4189
1929 4512
1930 3874
1930 3897
1930 4725
1931 2039
1931 2095
1931 2474
1931 2719
1931 2913
1931 3400
1931 3832
1931 4013
1931 4397
1931 4779
1932 2106
1932 2733
1932 2832
1932 3520
1932 3948
1932 4581
1932 4832
1932 4916
1932 4946
1933 2627
1933 2733
1933 2816
1933 4328
1933 4350
1933 4838
1933 4846
1934 2002
1934 2163
1934 2930
1934 4073
1934 4375
1934 4949
1935 1988
1935 2315
1935 2812
1935 3118
1935 3288
1935 4365
1935 4387
1935 4631
1936 3635
1936 4393
1936 4658
1936 4987
1937 2000
1937 3202
1937 3977
1937 4443
1937 4690
1938 2321
1938 3578
1939 2047
1939 2393
1939 2423
1939 3013
1939 4218
1939 4893
1940 2403
1940 2549
1940 4199
1940 4900
1940 4953
1941 2052
1941 2091
1941 3839
1942 2339
1942 2819
1942 3421
1942 3487
1942 3656
1943 2729
1943 3006
1943 4340
1944 2533
1944 2973
1944 4203
1944 4687
1944 4934
1945 2406
1945 2507
1945 2865
1945 2900
1945 3261
1945 3300
1945 3582
1945 3789
1945 4235
1945 4669
1946 2135
1946 2861
1946 2889
1946 4456
1946 4945
1947 2140
1947 2194
1947 2986
1947 3110
1947 3779
1947 3979
1947 4583
1948 2325
1948 3396
1948 3397
1948 4209
1948 4227
1948 4641
1949 2407
1949 2553
1949 2592
1949 2969
1949 3673
1949 4871
1950 3227
1950 3488
1950 3848
1951 2031
1951 3418
1951 3902
1951 4222
1951 4254
1951 4670
1951 4885
1952 2608
1952 2731
1952 3237
1952 3465
1952 3558
1952 3830
1952 4018
1953 1967
1953 1971
1953 2391
1953 2513
1953 2695
1953 3304
1953 3744
1953 3831
1953 4353
1953 4696
1954 1978
1954 2226
1954 2350
1954 2697
1954 3280
1954 4392
1954 4483
1954 4718
1955 2195
1955 2844
1955 3194
1955 3206
1955 3230
1955 3665
1955 4155
1956 2350
1956 3973
1956 4074
1956 4190
1956 4194
1956 4299
1956 4921
1957 2035
1957 2265
1957 2793
1957 3223
1958 3908
1958 4494
1958 4827
1959 2246
1959 2711
1959 3050
1959 3425
1959 4229
1959 4601
1960 2378
1960 2853
1960 2863
1960 2998
1960 3590
1960 3741
1960 4371
1961 2329
1961 3014
1961 3322
1961 3904
1961 4073
1961 4263
1961 4813
1962 3086
1962 4110
1962 4586
1963 2867
1963 2905
1963 2914
1963 4046
1963 4485
1963 4845
1964 3517
1964 3591
1964 3920
1964 4079
1964 4447
1964 4867
1965 2223
1965 2308
1965 2825
1965 2854
1965 3341
1965 3359
1965 4386
1966 2161
1966 2495
1966 2512
1966 2911
1966 3184
1966 3434
1966 3694
1966 4302
1967 2182
1967 2462
1967 2575
1967 3869
1967 4040
1967 4094
1967 4806
1967 4812
1968 2506
1968 2540
1968 3646
1968 3715
1968 4043
1968 4074
1968 4529
1968 4609
1969 2065
1969 2227
1969 2406
1969 3716
1969 4066
1969 4359
1969 4455
1969 4756
1970 2307
1970 2539
1970 3001
1970 3640
1970 4068
1970 4441
1971 2415
1971 3739
1971 4841
1972 2125
1972 2143
1972 2408
1972 4910
1973 2559
1973 2784
1973 2804
1973 3205
1973 3610
1973 3806
1973 3956
1973 4309
1973 4979
1974 2493
1974 2999
1974 3121
1974 3175
1974 3738
1974 3809
1974 4131
1975 3002
1975 3298
1975 4990
1976 2472
1976 2588
1976 2692
1976 2991
1976 3414
1976 3602
1976 3671
1976 4605
1976 4829
1976 4925
1977 2470
1977 2505
1977 3568
1977 4057
1977 4140
1977 4597
1977 4861
1978 3741
1978 3824
1978 4186
1979 2298
1979 2581
1979 2778
1979 2938
1979 3008
1979 4612
1980 2117
1980 2192
1980 2838
1980 3022
1980 3174
1980 4744
1981 2972
1981 3225
1981 3576
1981 3695
1981 3936
1981 4132
1981 4421
1982 2066
1982 2262
1982 2542
1982 4136
1982 4534
1983 2853
1983 3189
1983 3386
1983 3515
1983 3687
1983 3722
1983 3950
1983 3979
1983 4728
1984 1999
1984 2497
1984 3134
1984 3558
1984 3766
1984 4094
1984 4725
1985 2249
1985 2409
1985 2658
1985 2956
1985 3100
1985 4289
1985 4764
1986 2291
1986 2458
1986 2711
1986 2857
1986 3331
1986 3482
1986 3815
1987 2392
1987 4765
1987 4962
1988 2195
1988 2857
1988 3123
1988 3256
1988 3477
1988 3806
1988 3880
1988 4512
1988 4558
1988 4580
1989 2167
1989 3576
1989 3747
1989 4625
1989 4746
1990 2992
1990 3462
1990 4733
1990 4944
1991 2584
1991 2601
1991 2619
1991 2956
1991 3025
1991 4986
1992 2306
1992 2364
1992 2757
1992 3370
1992 3601
1992 4157
1993 1996
1993 2100
1993 2311
1993 3765
1993 4187
1993 4470
1994 2294
1994 2817
1994 3240
1994 3573
1994 3636
1994 3837
1994 4442
1994 4468
1994 4693
1995 2363
1995 2468
1995 2486
1995 2810
1995 4827
1996 2474
1996 2885
1996 3459
1996 3644
1997 2264
1997 2710
1997 2968
1997 3083
1997 3117
1997 3590
1997 4618
1997 4678
1997 4694
1997 4954
1998 4885
1999 2737
1999 2759
1999 4423
2000 3228
2000 4935
2001 2078
2001 2287
2001 2452
2001 4467
2001 4555
2001 4716
2002 3445
2002 3930
2002 4117
2002 4947
2003 2269
2003 2330
2003 2617
2003 2698
2003 2703
2003 3264
2003 3722
2003 3914
2003 4642
2004 2127
2004 3100
2004 3616
2004 4256
2004 4263
2004 4938
2005 2475
2005 2871
2005 3502
2005 3886
2005 4099
2006 2132
2006 2400
2006 2680
2006 2739
2006 3216
2006 3359
2006 3740
2006 3961
2006 4022
2006 4051
2006 4248
2006 4344
2006 4485
2007 2761
2007 2978
2007 3293
2007 3519
2007 3591
2007 3698
2007 3910
2007 4177
2007 4698
2008 2226
2008 2396
2008 3343
2008 3426
2008 3466
2008 4956
2009 3296
2009 3381
2009 3925
2009 4223
2009 4542
2009 4689
2010 2035
2010 3340
2010 4674
2011 3154
2011 3591
2011 4578
2012 2197
2012 2533
2012 3174
2012 4136
2012 4415
2012 4803
2012 4871
2012 4986
2013 2130
2013 2203
2013 2544
2013 2771
2013 3241
2013 4382
2014 2022
2014 2164
2014 2758
2014 3080
2014 4010
2014 4126
2015 2621
2015 2884
2015 4138
2015 4611
2016 2375
2016 2793
2016 3417
2016 3654
2016 4376
2016 4673
2017 2144
2017 2847
2017 3559
2017 3574
2017 4547
2018 2559
2019 2425
2019 2554
2019 2584
2019 2740
2019 3672
2019 4246
2019 4429
2019 4528
2019 4924
2020 2194
2020 2900
2020 4075
2020 4975
2021 2853
2021 3219
2021 4375
2021 4605
2022 2261
2022 2352
2022 2975
2022 3557
2022 3936
2022 4273
2022 4656
2023 2571
2023 4459
2024 2454
2024 2654
2024 2883
2024 3640
2024 3735
2024 3906
2024 4565
2024 4979
2025 3188
2025 3420
2026 2759
2026 3346
2026 3381
2026 4751
2027 2472
2027 3029
2027 3527
2027 3979
2027 4030
2027 4309
2027 4628
2027 4720
2028 2269
2028 2673
2028 2856
2028 3227
2028 3238
2029 2131
2029 3056
2029 3754
2029 4123
2029 4259
2030 2127
2030 2426
2030 3017
2030 3170
2030 3261
2030 4179
2030 4364
2030 4993
2031 2693
2031 2765
2031 3064
2031 3636
2031 4151
2031 4275
2032 2554
2032 2669
2032 2749
2032 3354
2032 3639
2032 3831
2032 3840
2032 4041
2033 2499
2033 3324
2033 3431
2033 3508
2033 3579
2033 4059
2033 4511
2033 4718
2033 4971
2034 2921
2034 3573
2034 3974
2034 4563
2034 4625
2034 4740
2034 4868
2035 2084
2035 2638
2035 3468
2035 3547
2035 3738
2036 3105
2036 3813
2036 4330
2036 4594
2037 2311
2037 3259
2037 4192
2037 4506
2037 4884
2037 4919
2037 4984
2038 2536
2038 3481
2038 3690
2038 3951
2038 4458
2038 4542
2039 2246
2039 2330
2039 4670
2039 4676
2040 2962
2040 3041
2040 3942
2041 2382
2041 3977
2041 4349
2041 4938
2042 2421
2042 3493
2042 4381
2042 4590
2043 2868
2043 4821
2044 2795
2044 2931
2044 3215
2044 3524
2044 3572
2044 3796
2044 3835
2044 4642
2045 2919
2045 3261
2045 3708
2045 4927
2046 2452
2046 2625
2046 3030
2046 3994
2046 4487
2046 4956
2047 2320
2047 2429
2047 2543
2047 2926
2047 3201
2047 4541
2048 2355
2048 2457
2048 2720
2048 2801
2048 3148
2048 3492
2048 3673
2048 3683
2048 4082
2048 4798
2048 4955
2048 4973
2049 2064
2049 2544
2049 3697
2049 4598
2050 2171
2050 4173
2050 4233
2050 4408
2050 4952
2051 2516
2051 2526
2051 2656
2051 2984
2051 4517
2051 4525
2051 4745
2052 3030
2052 4399
2053 2555
2053 3746
2053 4119
2053 4851
2054 2223
2054 2545
2054 2923
2054 4180
2054 4810
2055 2146
2055 3130
2055 3801
2055 3835
2056 2069
2056 4708
2056 4763
2056 4774
2056 4880
2057 2073
2057 2143
2057 2412
2057 3211
2057 3828
2057 3918
2057 3964
2058 2638
2058 3147
2058 3266
2058 3564
2058 4452
2058 4841
2058 4914
2059 2235
2059 3043
2059 3116
2059 3485
2059 3694
2059 4015
2060 2254
2060 2298
2060 2334
2060 3013
2060 4551
2061 2149
2061 3029
2061 3326
2061 3426
2061 3911
2061 4436
2061 4625
2062 2374
2062 3745
2062 3960
2062 4029
2062 4886
2063 3238
2063 3285
2063 4454
2063 4573
2063 4867
2064 2255
2064 2507
2064 2944
2064 3009
2064 3263
2064 3799
2064 4828
2065 2303
2065 2824
2065 4126
2065 4279
2065 4351
2065 4513
2066 2127
2066 4030
2066 4273
2066 4566
2066 4741
2067 3068
2067 3336
2067 4127
2067 4254
2068 2807
2068 3269
2068 3371
2068 4333
2068 4572
2069 2108
2069 3112
2069 3653
2069 4793
2069 4966
2070 2164
2070 2647
2070 3326
2070 3343
2070 3443
2070 4083
2070 4233
2071 2271
2071 2435
2071 3818
2071 4077
2071 4084
2071 4098
2071 4477
2071 4975
2072 2551
2072 2724
2072 3042
2072 3100
2072 3783
2072 4036
2073 2632
2073 3120
2073 4310
2074 3589
2074 4916
2075 2179
2075 2409
2075 2617
2075 2838
2075 2870
2075 2873
2075 3305
2075 3772
2075 3965
2075 4254
2075 4771
2075 4977
2076 2260
2076 2379
2076 2676
2076 3114
2076 3290
2076 3900
2076 4575
2076 4928
2077 2253
2077 2452
2077 2453
2077 2622
2077 3211
2077 3377
2077 3494
2078 2574
2078 2922
2078 3550
2078 4010
2078 4913
2079 2181
2079 2232
2079 3922
2079 4078
2080 2088
2080 2145
2080 3662
2081 2196
2081 2498
2081 3499
2082 2225
2082 2547
2082 2806
2082 2999
2082 3729
2082 3899
2083 2132
2083 3008
2083 3119
2083 3696
2083 4506
2083 4508
2084 2165
2084 2613
2084 3221
2084 3300
2084 3466
2084 4217
2084 4517
2084 4957
2085 2101
2085 2425
2085 2801
2085 3241
2085 3531
2085 3671
2086 2547
2086 2737
2086 3286
2086 3879
2086 3999
2086 4528
2086 4882
2087 2320
2087 3807
2087 4214
2088 2203
2088 2780
2088 3019
2088 3027
2088 3686
2088 3827
2088 4682
2089 2409
2089 2710
2089 3181
2089 4194
2089 4924
2090 2806
2090 3552
2090 4216
2091 2631
2091 2913
2091 4270
2091 4570
2092 2146
2092 2675
2092 2761
2092 3047
2092 3218
2092 3336
2092 3352
2092 3672
2092 4534
2093 2414
2093 3157
2093 3690
2093 3988
2093 4112
2094 2172
2094 2331
2094 3280
2094 3605
2094 4008
2094 4024
2094 4531
2094 4620
2095 2971
2095 3032
2095 4084
2095 4171
2095 4183
2095 4588
2096 2737
2096 2961
2096 2968
2096 3140
2096 3360
2096 4015
2096 4447
2097 2402
2097 2616
2097 2733
2097 3929
2097 4362
2097 4610
2097 4903
2098 2665
2098 3421
2098 3617
2098 4604
2099 2131
2099 2390
2099 2755
2099 3275
2099 3376
2099 4569
2099 4741
2100 3388
2101 3007
2101 3049
2101 3498
2101 4735
2102 2182
2102 2247
2102 2335
2102 2484
2102 2989
2102 3793
2102 3891
2102 3908
2102 4323
2103 2112
2103 2544
2103 2822
2103 2879
2103 3896
2103 4287
2103 4629
2103 4712
2103 4968
2104 2510
2104 3447
2104 4542
2104 4751
2105 3709
2105 3763
2105 3998
2105 4769
2105 4780
2106 2233
2106 2649
2106 2873
2106 3269
2106 4072
2106 4142
2107 2519
2107 2523
2107 4302
2107 4487
2107 4779
2108 2261
2108 2300
2108 3058
2108 3359
2108 3831
2108 4726
2108 4761
2109 2436
2109 3563
2109 3651
2109 4008
2109 4096
2109 4488
2109 4943
2110 2133
2110 2596
2110 3733
2110 4159
2110 4180
2110 4245
2110 4812
2111 4513
2111 4762
2112 2417
2112 2539
2112 2917
2112 3488
2112 3783
2113 2359
2113 2693
2113 2961
2113 3154
2113 4303
2113 4437
2113 4590
2113 4694
2113 4909
2114 2635
2114 2849
2114 3415
2114 4054
2114 4318
2114 4705
2114 4801
2114 4918
2115 3210
2115 4043
2116 2957
2116 3385
2116 4007
2116 4189
2116 4339
2116 4498
2116 4724
2117 2283
2117 2437
2117 2832
2117 3766
2117 4400
2118 2317
2118 2361
2118 2436
2118 2446
2118 2661
2118 3288
2118 4162
2118 4199
2118 4209
2118 4314
2118 4322
2119 2227
2119 2411
2119 3715
2119 4350
2120 2637
2120 3705
2120 3968
2120 4296
2121 2706
2121 2810
2121 3075
2121 4624
2121 4719
2122 2386
2122 2735
2122 3818
2122 4657
2122 4917
2122 4937
2123 2235
2123 2387
2123 2403
2123 3216
2123 3976
2123 4669
2123 4768
2124 2242
2124 2522
2124 3048
2124 3102
2124 3248
2124 3367
2124 3405
2124 4703
2125 3294
2125 4238
2125 4279
2126 2224
2126 2783
2126 2790
2126 2861
2126 3623
2126 4143
2126 4289
2126 4668
2127 2310
2127 2808
2127 3141
2127 3531
2128 2225
2128 2298
2128 3486
2128 4639
2128 4778
2129 2134
2129 2156
2129 2582
2129 3512
2129 3624
2129 4392
2129 4492
2130 2665
2130 3166
2130 4186
2130 4302
2130 4887
2131 2225
2131 3746
2132 2411
2132 4447
2132 4995
2133 2190
2133 2287
2133 2363
2133 2425
2133 2452
2133 2781
2133 2987
2133 3169
2133 3435
2133 4093
2133 4323
2133 4659
2134 2277
2134 2845
2134 3501
2134 3517
2134 4974
2135 2475
2135 2522
2135 2721
2135 2949
2135 3619
2135 4470
2136 2513
2136 2581
2136 3160
2137 2241
2137 2379
2137 3267
2137 3651
2137 4129
2137 4364
2137 4596
2138 4472
2138 4557
2139 2236
2139 2729
2139 2988
2139 4695
2139 4943
2140 2492
2140 3344
2140 4084
2140 4507
2140 4769
2141 3921
2141 4089
2141 4825
2141 4895
2142 3147
2142 3347
2142 3378
2142 4814
2143 3436
2143 4669
2143 4836
2143 4858
2144 2643
2144 2924
2144 3183
2144 3781
2144 4426
2144 4448
2144 4720
2144 4909
2145 2377
2145 2843
2145 3610
2146 3198
2146 4124
2146 4154
2146 4161
2147 2773
2147 3755
2147 4150
2148 2889
2148 3334
2148 3392
2148 4485
2149 2263
2149 3658
2149 3811
2149 4087
2149 4098
2149 4515
2149 4856
2150 2263
2150 2380
2150 4346
2150 4418
2150 4453
2150 4973
2150 4992
2151 2331
2151 3773
2151 3953
2151 4201
2151 4213
2151 4352
2151 4491
2151 4542
2151 4784
2152 2749
2152 3302
2152 3679
2152 4430
2152 4621
2153 2627
2153 2855
2153 3794
2153 4044
2153 4291
2154 2413
2154 2544
2154 3355
2154 3435
2154 3694
2154 3785
2154 4155
2154 4532
2154 4604
2154 4750
2155 2204
2155 3554
2155 3636
2155 4038
2156 4051
2157 2833
2157 2915
2157 3556
2157 3973
2158 2422
2158 2589
2158 2958
2158 3702
2158 3748
2158 4149
2159 2730
2159 3039
2159 3081
2159 3296
2159 3398
2159 3718
2159 4592
2159 4964
2160 2725
2160 3176
2160 3217
2160 3630
2160 3656
2160 3657
2160 3887
2160 3919
2160 4250
2160 4357
2161 3327
2161 3633
2161 3849
2161 3987
2161 4096
2161 4348
2162 2846
2162 3780
2162 4074
2162 4258
2163 2360
2163 3161
2163 3403
2163 4171
2163 4430
2164 2773
2164 2991
2164 3601
2164 4319
2164 4362
2164 4645
2165 2536
2165 2793
2165 4937
2166 2293
2166 2712
2166 2767
2166 3106
2166 3316
2166 3878
2167 2801
2167 3033
2167 3078
2167 3243
2167 3451
2167 4360
2167 4449
2168 2379
2168 3738
2168 3743
2168 4227
2168 4520
2168 4589
2169 2217
2169 3217
2169 3341
2169 4776
2169 4941
2170 2788
2170 3124
2170 3873
2170 4847
2170 4883
2170 4899
2171 2460
2171 2738
2171 3153
2171 4438
2172 3088
2172 3217
2172 3878
2172 4031
2172 4597
2173 2228
2173 2669
2173 2971
2173 3828
2173 4266
2173 4930
2174 2386
2174 2751
2174 2933
2174 2954
2174 3266
2174 3342
2174 4294
2174 4357
2174 4635
2174 4768
2175 2765
2175 2846
2175 3453
2175 4163
2175 4536
2175 4601
2175 4663
2175 4846
2176 2197
2176 2524
2176 2571
2176 3393
2176 3605
2176 3810
2176 4515
2176 4601
2176 4674
2177 2233
2177 4293
2177 4775
2178 3361
2178 4645
2179 2200
2179 2587
2179 2964
2179 3718
2179 3989
2179 4525
2180 2481
2180 3699
2180 3955
2180 4994
2181 2812
2181 3337
2181 3679
2181 4038
2181 4266
2181 4363
2182 2254
2182 3595
2182 4201
2182 4371
2182 4542
2182 4991
2183 3370
2183 3685
2183 4648
2183 4690
2183 4911
2184 2262
2184 2901
2184 2912
2184 3460
2184 4558
2184 4841
2184 4858
2185 2991
2185 3216
2185 3682
2185 3840
2185 4572
2185 4998
2186 3161
2186 4867
2187 2547
2187 3928
2187 4145
2187 4217
2187 4252
2187 4662
2188 2459
2188 3930
2188 4261
2189 2659
2189 2874
2189 3804
2189 4089
2190 2424
2190 3159
2190 4545
2190 4547
2191 2440
2191 3144
2191 3481
2191 3580
2191 3664
2192 2912
2192 3459
2192 3749
2192 3900
2192 3906
2192 3956
2192 4283
2192 4673
2193 2945
2193 3356
2193 3556
2194 2758
2194 3206
2194 3332
2194 3851
2194 3945
2194 4502
2195 2249
2195 3008
2195 3334
2195 4842
2196 2768
2196 2892
2196 4369
2197 2538
2197 2940
2197 3543
2197 3906
2197 4465
2197 4580
2197 4627
2197 4796
2198 2280
2198 2510
2198 4478
2198 4658
2198 4926
2199 2245
2199 2886
2199 3129
2199 3607
2199 3886
2199 4808
2200 3474
2200 3640
2200 4150
2200 4530
2201 2299
2201 2769
2201 3070
2201 3643
2201 3966
2201 4335
2201 4408
2202 2828
2202 2862
2202 3254
2202 4576
2202 4765
2203 2369
2203 3408
2204 2341
2204 2437
2204 2626
2204 2672
2204 3088
2204 3243
2204 3327
2204 4030
2204 4242
2204 4640
2204 4795
2205 2299
2205 2848
2205 2970
2205 3874
2206 2214
2206 4615
2206 4865
2206 4877
2207 2987
2207 3086
2207 3087
2207 3210
2207 3542
2207 4150
2207 4173
2207 4836
2208 2681
2208 3242
2208 3709
2209 3229
2209 3493
2209 3513
2209 3707
2209 3797
2209 4498
2210 2339
2210 3077
2210 3099
2210 4057
2211 3184
2211 4877
2212 2946
2212 3129
2212 4162
2212 4653
2213 3901
2214 2668
2214 2826
2214 3306
2214 4470
2214 4563
2215 2623
2215 3269
2215 4086
2215 4407
2216 2571
2216 2656
2216 3209
2216 3493
2216 3560
2216 3871
2216 4289
2216 4502
2216 4549
2217 2556
2217 2692
2217 3128
2217 3760
2217 4508
2218 2863
2218 3025
2218 3757
2218 3837
2218 4443
2218 4855
2219 2288
2219 2598
2219 2780
2219 2963
2219 3065
2219 3322
2219 3753
2220 2578
2220 4614
2220 4624
2220 4888
2220 4992
2221 2327
2221 2574
2221 2597
2221 3314
2221 3457
2221 3969
2221 4785
2222 2734
2222 3301
2222 3537
2222 4969
2223 2567
2223 2581
2223 2614
2223 3575
2223 4231
2223 4268
2223 4693
2223 4861
2223 4927
2224 3839
2225 2301
2225 2646
2225 2752
2225 2849
2225 2954
2225 3374
2225 4986
2226 2315
2226 2873
2226 3105
2226 3990
2226 4560
2227 2281
2227 4420
2227 4597
2227 4663
2228 2553
2228 2847
2228 3287
2228 3935
2229 2931
2229 2948
2229 3029
2229 3318
2229 4200
2229 4523
2229 4880
2229 4885
2230 3042
2230 3214
2230 3887
2231 2322
2231 3202
2231 3528
2231 3635
2231 3669
2231 4178
2231 4285
2231 4920
2231 4977
2232 2897
2232 3123
2232 3217
2232 3781
2232 3805
2232 4186
2232 4799
2233 2970
2233 3430
2233 3583
2233 3915
2233 4257
2234 2488
2234 2620
2234 2713
2234 2790
2234 2952
2234 2988
2234 3595
2234 3702
2234 4986
2235 2630
2235 3419
2235 3436
2235 3814
2235 3996
2236 2619
2236 3955
2237 2388
2237 2477
2237 3286
2237 3507
2237 3967
2237 4371
2237 4616
2238 2696
2238 2873
2238 3054
2238 3364
2239 2624
2239 3021
2239 3422
2239 3489
2239 3560
2239 3884
2239 4185
2240 2398
2240 2535
2240 2917
2240 3269
2240 3838
2240 3891
2240 4009
2240 4519
2240 4669
2240 4672
2240 4769
2240 4823
2241 3436
2241 3812
2241 3972
2241 4210
2241 4557
2242 4097
2242 4190
2242 4349
2242 4526
2243 3819
2243 4329
2243 4673
2243 4915
2244 2450
2244 2616
2244 2958
2244 3859
2244 4116
2245 2559
2245 2925
2245 3141
2245 4210
2245 4211
2245 4514
2245 4859
2246 2498
2246 4083
2246 4130
2246 4281
2247 2366
2247 2617
2247 3229
2247 4874
2248 2321
2248 2729
2248 2794
2248 2845
2248 3732
2248 4082
2248 4316
2248 4642
2248 4705
2249 4062
2249 4187
2249 4685
2249 4892
2250 2869
2250 3283
2250 3357
2250 3484
2250 3738
2250 3958
2250 4029
2251 2396
2251 3131
2251 3576
2251 3649
2251 4055
2251 4533
2251 4549
2251 4552
2251 4725
2251 4959
2252 2697
2252 3134
2252 3386
2252 3667
2252 4462
2252 4930
2253 2779
2253 3339
2253 3495
2253 3572
2253 3702
2253 3955
2253 4370
2254 3385
2254 3490
2254 3578
2254 3733
2254 4637
2254 4728
2254 4856
2255 2429
2255 2484
2255 2698
2255 2904
2255 3236
2255 3727
2255 3962
2255 4943
2256 3697
2256 3841
2256 3984
2256 4359
2256 4426
2257 2274
2257 2845
2257 4158
2257 4261
2257 4356
2258 3114
2258 4291
2258 4295
2258 4387
2259 3308
2259 3494
2259 4257
2259 4534
2260 2804
2260 2851
2260 3488
2260 3546
2260 4861
2260 4951
2261 2348
2261 3925
2262 2550
2262 2926
2262 3323
2262 4169
2263 3154
2263 3345
2263 4495
2263 4693
2264 2997
2264 3653
2264 3681
2264 3862
2264 4513
2264 4757
2264 4808
2265 2883
2265 3156
2265 3643
2265 4050
2265 4195
2265 4528
2265 4694
2265 4758
2266 2299
2266 2318
2266 3143
2266 3269
2266 4050
2266 4118
2266 4236
2267 2341
2267 3126
2267 3558
2267 4215
2267 4759
2267 4864
2268 2377
2268 2560
2268 3204
2268 3417
2268 4021
2269 3672
2269 4182
2270 2958
2270 3435
2270 3691
2270 4286
2270 4689
2271 3269
2271 4402
2272 2985
2272 3065
2272 3482
2272 4005
2272 4586
2272 4805
2272 4816
2273 2412
2273 2988
2273 3424
2273 3565
2273 3692
2273 4093
2273 4132
2273 4799
2274 2332
2274 2600
2274 2755
2274 2969
2274 3487
2274 3494
2274 4039
2274 4373
2274 4380
2274 4631
2275 2281
2275 2321
2275 2544
2275 2564
2275 3015
2275 4200
2276 2869
2276 3087
2276 3243
2276 3382
2276 3805
2276 4245
2276 4597
2277 2297
2277 2311
2277 2500
2277 3589
2278 2669
2278 3232
2278 3241
2278 3855
2278 4176
2278 4354
2279 2854
2279 3164
2279 3653
2279 3882
2279 4470
2279 4957
2280 2929
2280 4519
2281 2908
2281 4152
2281 4521
2282 2323
2282 4200
2282 4375
2282 4563
2283 2568
2283 2611
2283 2768
2283 2966
2283 3075
2283 3339
2283 3857
2283 4289
2283 4600
2283 4634
2283 4905
2284 2599
2284 2616
2284 3594
2284 4155
2285 2511
2286 2678
2286 2991
2286 3083
2286 3406
2286 3491
2286 4026
2286 4072
2286 4155
2286 4292
2286 4861
2287 2817
2287 3466
2287 3993
2288 3015
2288 3244
2288 3739
2288 3900
2288 4534
2288 4590
2288 4657
2288 4679
2289 2757
2289 2928
2289 3289
2289 4746
2290 3479
2290 3611
2290 4697
2290 4911
2291 2539
2291 4052
2291 4151
2291 4220
2291 4342
2291 4567
2292 2372
2292 2392
2292 2412
2292 3394
2292 3880
2292 4083
2292 4253
2292 4402
2292 4679
2292 4849
2293 2342
2293 2653
2293 2689
2293 2733
2293 2825
2293 2891
2293 3360
2293 3495
2293 3605
2293 4122
2293 4178
2293 4820
2294 3467
2294 3509
2294 4577
2295 2474
2295 3135
2295 3187
2295 3307
2295 4410
2295 4761
2296 2684
2296 2722
2296 3325
2296 3629
2297 2688
2297 3829
2297 4078
2297 4215
2298 2717
2298 2796
2298 2942
2298 3251
2298 3818
2298 4091
2298 4102
2299 2627
2299 3697
2299 3862
2300 2793
2300 3356
2300 3632
2301 2324
2301 2351
2301 2838
2301 3730
2301 3900
2301 4088
2301 4951
2302 2712
2302 2727
2302 3861
2302 3955
2302 4583
2302 4647
2302 4804
2303 2425
2303 2449
2303 2483
2303 2492
2303 3055
2303 3760
2304 3115
2304 4430
2304 4650
2304 4731
2304 4855
2305 2509
2305 2527
2305 2738
2305 3137
2305 3518
2305 4167
2305 4343
2305 4511
2305 4564
2305 4660
2305 4906
2306 2631
2306 3058
2306 3847
2306 4237
2306 4606
2306 4622
2307 2399
2307 3178
2307 3595
2307 4230
2307 4771
2308 2936
2308 3012
2308 3618
2308 4751
2309 2329
2309 2995
2309 3431
2309 4800
2310 2453
2310 2887
2311 3400
2311 3457
2311 3666
2311 3699
2311 3747
2311 4569
2311 4580
2311 4771
2311 4773
2311 4915
2312 3343
2312 3702
2312 4025
2312 4117
2312 4955
2313 2951
2313 3413
2313 4014
2313 4136
2313 4504
2313 4894
2314 2759
2314 4661
2314 4784
2315 3129
2315 3627
2315 4262
2315 4629
2316 2843
2316 3133
2316 3155
2316 4056
2316 4379
2316 4634
2317 2409
2317 2496
2317 2790
2317 3010
2317 3202
2317 3223
2317 4134
2317 4733
2318 2463
2318 3526
2319 2413
2319 2627
2319 2816
2319 3268
2319 4894
2320 2422
2320 3558
2320 3858
2320 4594
2321 2781
2321 3874
2321 3938
2321 4069
2321 4534
2321 4572
2321 4748
2322 3393
2322 4159
2323 2387
2323 3342
2323 3446
2323 3586
2323 3877
2323 4967
2324 2489
2324 2664
2324 2992
2324 3295
2324 3417
2324 4905
2324 4930
2325 2959
2325 3072
2326 2438
2326 2915
2326 3943
2326 4392
2326 4759
2327 2452
2327 2995
2327 3498
2327 4891
2328 3154
2328 3408
2329 2436
2329 3060
2329 3537
2329 4041
2329 4154
2329 4188
2330 2770
2330 3245
2330 4249
2330 4703
2331 3459
2331 3696
2331 4331
2331 4897
2332 2571
2332 2634
2332 2756
2332 2829
2332 3184
2332 3377
2332 4739
2333 2425
2333 2622
2333 3015
2333 3027
2333 3195
2333 3581
2333 3833
2333 4330
2333 4331
2333 4833
2334 2772
2334 3405
2334 3440
2336 2536
2336 3021
2336 3208
2336 3328
2336 3604
2336 3992
2336 4102
2336 4210
2336 4479
2337 3383
2337 3636
2337 3643
2338 2766
2338 3463
2338 3581
2338 3631
2338 4208
2338 4644
2339 2434
2339 3024
2339 4396
2339 4601
2340 2676
2340 3159
2340 4716
2341 4096
2341 4165
2342 2810
2342 3731
2342 4010
2342 4468
2342 4855
2343 2424
2343 2534
2343 2631
2343 2819
2343 2926
2343 3102
2343 3180
2343 4024
2343 4075
2343 4738
2344 2381
2344 2433
2344 3461
2344 3881
2344 4566
2345 2963
2345 3319
2345 3518
2345 4645
2346 3721
2346 4192
2346 4550
2346 4791
2346 4852
2347 2477
2347 3489
2347 3491
2347 3524
2347 3959
2348 2546
2348 3129
2348 3201
2348 3634
2348 3786
2348 4003
2349 2960
2349 3076
2349 3219
2349 3330
2349 3479
2349 3501
2349 3625
2349 4729
2349 4926
2350 2582
2350 3522
2350 3543
2350 3640
2350 4636
2350 4955
2351 2655
2351 3083
2351 3235
2351 3915
2351 4067
2351 4215
2351 4422
2351 4704
2351 4836
2352 2479
2352 2911
2352 3104
2352 3548
2352 3808
2352 3914
2352 4287
2352 4746
2353 3492
2353 3743
2353 4055
2353 4207
2353 4540
2353 4544
2353 4754
2353 4945
2354 2426
2354 2879
2354 3512
2354 4382
2355 2503
2355 3671
2355 3740
2355 3886
2355 3977
2355 3986
2356 2372
2356 2624
2356 3331
2356 3829
2356 4714
2356 4748
2357 2382
2357 3286
2357 3936
2357 4537
2358 2638
2358 2949
2358 3224
2358 3560
2358 3726
2358 4408
2358 4831
2358 4854
2358 4955
2359 2498
2359 2682
2359 3082
2359 3404
2359 3634
2359 3711
2359 3906
2359 4001
2359 4198
2359 4251
2359 4337
2360 3387
2360 4770
2360 4807
2361 2670
2361 2951
2361 3794
2361 4066
2361 4470
2361 4791
2362 2465
2362 3121
2362 3627
2362 3727
2362 4482
2362 4513
2362 4728
2363 2673
2363 3385
2363 3888
2363 4235
2363 4242
2363 4975
2364 2961
2364 3982
2364 4446
2364 4666
2364 4802
2365 4386
2366 3211
2366 3330
2366 3374
2366 3942
2366 4374
2366 4932
2367 3138
2367 3565
2367 4006
2367 4218
2368 2482
2368 2642
2368 2965
2368 3346
2368 3892
2368 4508
2368 4666
2369 2763
2369 3370
2370 2685
2370 2868
2370 3103
2370 3654
2370 3703
2370 3803
2370 4123
2370 4361
2370 4826
2371 2373
2371 3111
2371 3329
2371 3887
2371 4801
2372 3453
2372 3546
2372 4454
2373 2706
2373 3166
2373 3604
2373 3755
2373 4466
2374 3070
2374 3409
2374 4148
2374 4216
2374 4461
2374 4497
2374 4715
2374 4975
2375 2776
2375 4174
2376 2951
2376 3116
2376 3212
2376 3460
2376 3980
2376 4302
2376 4872
2377 2642
2377 2722
2377 3533
2377 4042
2377 4415
2377 4664
2378 2959
2378 3919
2378 4254
2378 4605
2379 2416
2379 3242
2379 3557
2380 3593
2380 3792
2380 4264
2380 4880
2381 2495
2381 3320
2381 3355
2381 4453
2381 4480
2381 4555
2382 3512
2382 3670
2382 3869
2382 4621
2383 2817
2383 2899
2383 3049
2383 3912
2383 4013
2383 4456
2383 4488
2384 2387
2384 2653
2384 2681
2384 2716
2384 2755
2384 3290
2384 3318
2384 4762
2384 4780
2384 4991
2385 4007
2385 4312
2385 4468
2386 2911
2386 2980
2386 2994
2386 3105
2386 3118
2386 3216
2386 3222
2386 3451
2386 4184
2386 4376
2387 3813
2387 4000
2388 2870
2388 3620
2389 4581
2390 3383
2390 4110
2391 2414
2391 2757
2391 2970
2391 3303
2391 3338
2391 3508
2391 3525
2391 4409
2391 4485
2391 4542
2392 2682
2392 3415
2392 3490
2392 3979
2392 4532
2392 4609
2393 3202
2393 3813
2393 3827
2393 4499
2394 2526
2394 2546
2394 3449
2394 3677
2394 4592
2394 4768
2394 4959
2395 2900
2395 2941
2395 3182
2395 3875
2396 3424
2396 3678
2396 3776
2396 4169
2396 4224
2397 2912
2397 3066
2397 3234
2397 4030
2397 4484
2397 4756
2397 4981
2398 2404
2398 2612
2398 2913
2398 3089
2398 3500
2399 2444
2399 2570
2399 2629
2399 3142
2399 3530
2400 2974
2400 3777
2400 3937
2400 4139
2400 4232
2400 4553
2400 4752
2401 2659
2401 3021
2401 3761
2402 2511
2402 3206
2402 3231
2402 3274
2402 3758
2402 4324
2402 4347
2402 4576
2402 4856
2403 2529
2403 3729
2403 4287
2403 4783
2404 2488
2404 2962
2404 3619
2404 3788
2404 4123
2405 2686
2405 3307
2405 4312
2405 4908
2406 3068
2406 4173
2406 4415
2407 2716
2407 2895
2407 3101
2407 3466
2407 3585
2408 2705
2408 3189
2408 3679
2408 4410
2408 4977
2409 2696
2409 3031
2409 3541
2409 4046
2409 4427
2409 4511
2409 4916
2409 4923
2410 2664
2410 2708
2410 2937
2410 3053
2410 3292
2410 3551
2410 3994
2410 4242
2410 4327
2410 4396
2410 4665
2411 2628
2411 3535
2411 3976
2411 4021
2411 4641
2411 4685
2412 2614
2412 2808
2412 3350
2412 3753
2412 3886
2412 4125
2412 4142
2412 4737
2412 4806
2413 2483
2413 2918
2413 2987
2413 3115
2413 3210
2414 2836
2414 3391
2414 3757
2415 3438
2415 4494
2415 4959
2416 2522
2416 2781
2416 3008
2416 3104
2416 3987
2416 4829
2416 4865
2417 2538
2417 2673
2417 4024
2418 2669
2418 3257
2418 3459
2418 4096
2418 4112
2418 4589
2418 4790
2419 2604
2419 3490
2419 3638
2419 4305
2419 4668
2419 4920
2419 4954
2420 3070
2420 4178
2420 4275
2420 4295
2420 4769
2420 4791
2421 3032
2421 3964
2421 4683
2421 4748
2421 4847
2422 2790
2422 3505
2423 2703
2423 3054
2423 3128
2423 3691
2423 4219
2424 2833
2424 2896
2424 3361
2424 4186
2424 4734
2425 2952
2425 3131
2425 3277
2425 3420
2425 4361
2426 3468
2426 3676
2426 3928
2426 4008
2426 4465
2427 2776
2427 3374
2427 3714
2427 4614
2427 4968
2428 3132
2428 3647
2428 3915
2428 3931
2428 4377
2428 4458
2428 4769
2428 4854
2428 4967
2429 2589
2429 3099
2429 3166
2429 4811
2430 2474
2430 3200
2430 3347
2430 3723
2430 4152
2430 4357
2430 4466
2431 2582
2431 2702
2431 2760
2431 4589
2432 2596
2432 3432
2432 4061
2432 4369
2432 4384
2432 4467
2432 4708
2432 4735
2433 3091
2433 3338
2433 3673
2433 3871
2434 3812
2435 3866
2436 2906
2436 3890
2436 3932
2436 4549
2437 2928
2437 3474
2437 3686
2437 3724
2437 3995
2437 4070
2437 4084
2437 4299
2437 4383
2437 4688
2438 3257
2438 3575
2438 3675
2438 3717
2438 4723
2439 2624
2439 3421
2439 3921
2440 2464
2440 2793
2440 2814
2440 2936
2440 3208
2440 3904
2440 4250
2440 4549
2440 4655
2440 4701
2440 4894
2441 3115
2441 3179
2441 3260
2441 3850
2441 4252
2441 4321
2441 4736
2441 4963
2442 2829
2442 2938
2442 3173
2442 3529
2442 4002
2442 4022
2443 2570
2443 3122
2443 3123
2443 3263
2443 4197
2444 2515
2444 3077
2444 3654
2444 4077
2444 4504
2444 4633
2444 4741
2445 2803
2445 2980
2445 3012
2445 3516
2445 3608
2445 4458
2445 4493
2445 4622
2445 4623
2445 4956
2446 2476
2446 2891
2446 3206
2446 3290
2446 4252
2447 2862
2447 2912
2447 3116
2447 3321
2447 4472
2448 3635
2448 4453
2448 4638
2448 4691
2449 2567
2449 3669
2449 3679
2449 3810
2449 3866
2449 4683
2450 2989
2450 3427
2450 3757
2451 2916
2451 3070
2451 3608
2452 2713
2452 2799
2452 3775
2452 3832
2452 3988
2452 4047
2452 4547
2453 3696
2453 3802
2453 4795
2453 4935
2454 2502
2454 3088
2454 4374
2455 2495
2455 3370
2455 3474
2455 3655
2455 3835
2455 3858
2455 4042
2455 4050
2455 4289
2455 4737
2456 2734
2456 3203
2456 3232
2456 3348
2456 3395
2456 4311
2456 4883
2457 2493
2457 3597
2457 4140
2458 3293
2458 3639
2458 3643
2458 3850
2458 4804
2459 3550
2459 3721
2459 4186
2459 4319
2459 4572
2459 4921
2459 4948
2460 3411
2460 4093
2460 4739
2461 2467
2461 2789
2461 3273
2461 3936
2461 4063
2461 4579
2461 4868
2462 2562
2462 3106
2462 3295
2462 3425
2462 3513
2462 4015
2462 4240
2463 3166
2463 3408
2463 4273
2463 4375
2463 4534
2463 4800
2463 4801
2463 4914
2464 4582
2464 4772
2464 4977
2465 2644
2465 3094
2465 3165
2465 3316
2465 3344
2465 3657
2465 3666
2465 4572
2466 2881
2466 3686
2466 3688
2467 2835
2467 3486
2467 3693
2467 4302
2467 4570
2468 3010
2468 3205
2468 3308
2468 3742
2468 4198
2468 4221
2468 4950
2468 4966
2469 2804
2469 2843
2469 2880
2469 3274
2469 3374
2469 3933
2469 4166
2469 4359
2469 4808
2469 4940
2469 4981
2470 2541
2470 2662
2470 3122
2470 3161
2470 4808
2471 3039
2471 4325
2471 4543
2472 2556
2472 3943
2472 4018
2472 4428
2473 2500
2473 3312
2473 3345
2473 3917
2473 4203
2474 2877
2474 2951
2474 2977
2474 3614
2474 3919
2474 3989
2474 4259
2474 4316
2474 4550
2475 3106
2475 4481
2475 4706
2476 2687
2476 4083
2476 4931
2477 3047
2477 3318
2477 4066
2477 4270
2478 2550
2478 3284
2478 3331
2478 4241
2478 4278
2478 4634
2478 4944
2479 3290
2479 4128
2479 4577
2480 2904
2480 3528
2480 3598
2480 4430
2480 4674
2480 4704
2481 2570
2481 2727
2482 2734
2482 3009
2482 3795
2482 3882
2482 4428
2482 4565
2482 4701
2483 3110
2483 3733
2483 4057
2483 4531
2483 4764
2483 4893
2483 4954
2484 2941
2484 3765
2484 4161
2484 4820
2485 2605
2485 2874
2485 3241
2485 3465
2485 3763
2485 4835
2485 4857
2486 4022
2486 4261
2486 4306
2486 4470
2486 4572
2487 2565
2487 3085
2487 3117
2487 3602
2487 4161
2487 4691
2488 3530
2488 4040
2488 4645
2489 3115
2489 3870
2489 4141
2489 4579
2489 4795
2490 2514
2490 3493
2490 4561
2490 4807
2491 3238
2491 3441
2491 4858
2491 4931
2492 2695
2492 3027
2492 3350
2493 3059
2493 3591
2493 4094
2493 4212
2493 4956
2494 3028
2494 3657
2494 4138
2494 4322
2495 2543
2495 4469
2496 3038
2496 3443
2496 3459
2496 3599
2496 4640
2497 2610
2497 2651
2497 4434
2497 4815
2497 4995
2498 3034
2498 3540
2498 3969
2498 4823
2498 4885
2498 4933
2499 3067
2499 3152
2499 3634
2499 4210
2499 4887
2500 3036
2500 3842
2500 4558
2500 4653
2501 2675
2501 3044
2501 3294
2501 3781
2501 4531
2501 4692
2502 2669
2502 2742
2502 3053
2502 3056
2502 3122
2502 3338
2502 4289
2502 4752
2503 3564
2503 4762
2504 3931
2505 3113
2505 3457
2505 3681
2505 4255
2505 4985
2506 2758
2506 2870
2506 3617
2506 3624
2506 4584
2507 2543
2507 2628
2507 4165
2507 4319
2507 4433
2508 2511
2508 2838
2508 2935
2508 3095
2508 3368
2508 4968
2509 2987
2509 3771
2509 3805
2509 3829
2510 3094
2510 3417
2510 3447
2510 3532
2510 4239
2510 4614
2510 4820
2510 4995
2511 2523
2511 3224
2511 3646
2511 3851
2511 4082
2511 4848
2512 3230
2512 3357
2512 4359
2513 3248
2513 3383
2513 3518
2513 3596
2513 3734
2513 4189
2513 4381
2513 4785
2514 3374
2514 3574
2514 3630
2514 3654
2514 3747
2514 3772
2514 4821
2515 2779
2515 3207
2515 4296
2515 4827
2516 2526
2516 2593
2516 2704
2516 2848
2516 3175
2516 3731
2516 4703
2517 3195
2517 3424
2517 3460
2517 3592
2517 3718
2517 4021
2517 4198
2517 4203
2517 4721
2518 3081
2518 3417
2518 3556
2518 4536
2518 4625
2518 4802
2519 3006
2519 3243
2519 3600
2519 4181
2519 4702
2519 4847
2520 3143
2520 4605
2521 2535
2521 2544
2521 3287
2521 3546
2521 3766
2521 4995
2522 3041
2522 3105
2522 3998
2522 4077
2523 3783
2524 3033
2524 3482
2524 3673
2524 4416
2525 3220
2525 4356
2526 2992
2526 3160
2526 3301
2526 3568
2526 3754
2526 3949
2526 4280
2526 4673
2527 2613
2527 2698
2527 2893
2527 4678
2528 2737
2528 3008
2528 3500
2528 4063
2528 4845
2529 2811
2529 3514
2529 4054
2529 4264
2529 4448
2529 4818
2530 2913
2530 3181
2530 3510
2530 3829
2530 3982
2530 4146
2530 4223
2530 4224
2532 3323
2532 3356
2532 3959
2532 4026
2532 4122
2532 4583
2532 4875
2533 2676
2533 3458
2533 4056
2534 4588
2534 4713
2535 3147
2535 3654
2535 3904
2535 4014
2535 4988
2536 2615
2536 2942
2536 4323
2536 4503
2536 4535
2537 2655
2537 2829
2537 2936
2537 3550
2537 3729
2537 3876
2537 4010
2537 4044
2537 4141
2537 4171
2538 3094
2538 4205
2538 4693
2538 4734
2539 3214
2539 4821
2539 4897
2540 2663
2540 2982
2540 3115
2540 3427
2540 4388
2541 2616
2541 3735
2541 3854
2541 4425
2541 4661
2541 4763
2542 3290
2542 4465
2543 2576
2543 2774
2543 2803
2543 3281
2543 3912
2543 4383
2543 4912
2544 2971
2544 3123
2544 3966
2544 4379
2545 3502
2545 3843
2545 4141
2545 4184
2545 4202
2545 4544
2545 4627
2547 3272
2547 3364
2547 4517
2548 3019
2548 3726
2548 4018
2548 4223
2548 4616
2548 4902
2549 3343
2549 3613
2549 3872
2549 4228
2549 4348
2550 4176
2550 4840
2550 4860
2550 4934
2551 2759
2551 3272
2551 4658
2551 4819
2551 4825
2551 4867
2551 4915
2552 3068
2552 4116
2552 4396
2552 4483
2552 4976
2552 4979
2553 2990
2553 4100
2553 4474
2553 4750
2554 2910
2554 3276
2554 3598
2554 3603
2554 3663
2554 4929
2554 4997
2555 4131
2556 2733
2556 2866
2556 3652
2556 4150
2556 4582
2556 4780
2556 4997
2557 2828
2557 4215
2557 4350
2557 4438
2558 2691
2558 3447
2558 3648
2558 4614
2558 4946
2559 3546
2559 3855
2559 4279
2559 4815
2560 2632
2560 2714
2560 3402
2560 3423
2560 3737
2560 3819
2560 3829
2560 4026
2560 4815
2561 3343
2561 4057
2561 4519
2562 2969
2562 3014
2562 3357
2562 4524
2562 4612
2562 4842
2563 3028
2563 3332
2563 3568
2563 4177
2563 4230
2563 4234
2563 4688
2563 4833
2564 3074
2564 3076
2564 4417
2564 4728
2564 4862
2565 3161
2565 3305
2565 4010
2565 4492
2566 2586
2566 2931
2566 3240
2566 3688
2566 3747
2566 4516
2566 4602
2566 4603
2567 3344
2567 4104
2567 4672
2568 2725
2568 2768
2568 3140
2568 3994
2568 4761
2569 3297
2569 4344
2569 4776
2570 3115
2570 3241
2570 4163
2570 4575
2570 4727
2570 4927
2571 2690
2571 3307
2571 3459
2571 4313
2571 4457
2571 4964
2572 2859
2572 3023
2572 3122
2572 3791
2572 4317
2572 4852
2573 3216
2573 4086
2573 4747
2574 2969
2574 3208
2574 3682
2574 3786
2574 4558
2575 3577
2575 4682
2576 3005
2576 3194
2576 3551
2576 3556
2576 3721
2576 4096
2576 4503
2576 4573
2576 4592
2576 4689
2576 4738
2577 3090
2577 3092
2577 3726
2577 4385
2577 4512
2578 2639
2578 2885
2578 3542
2578 3957
2578 3981
2578 4687
2578 4915
2579 2612
2579 3341
2579 3552
2579 4853
2579 4882
2580 2716
2580 4565
2581 2781
2581 3826
2581 4245
2581 4398
2582 2868
2582 3605
2582 3980
2582 4739
2582 4756
2582 4815
2582 4981
2583 2632
2583 2999
2583 3654
2583 4719
2584 2815
2584 3533
2584 4769
2584 4982
2585 3127
2585 3287
2585 3541
2585 3673
2585 4137
2585 4138
2586 2978
2586 3270
2586 3761
2586 4585
2587 2747
2587 3782
2587 4080
2588 3111
2588 3450
2588 4016
2588 4750
2588 4992
2589 3709
2589 3818
2589 3885
2589 4282
2589 4961
2590 3065
2590 3253
2590 3691
2590 3718
2590 4151
2590 4467
2591 2592
2591 2821
2591 3364
2591 3704
2591 3706
2591 4159
2591 4326
2591 4510
2592 2638
2592 2780
2592 3339
2592 3562
2592 3863
2592 4117
2592 4266
2593 3513
2593 3957
2594 2656
2594 2658
2594 3071
2594 4571
2594 4754
2594 4923
2595 2734
2595 3455
2595 3466
2595 3940
2595 4239
2596 3307
2596 3596
2596 3643
2596 3795
2596 3930
2597 2922
2597 3019
2597 4670
2598 3500
2598 3609
2598 3630
2598 3906
2598 4256
2598 4448
2599 2686
2599 3045
2599 3054
2599 3164
2599 3407
2599 4619
2599 4878
2600 2935
2600 3240
2600 3488
2600 4601
2601 2841
2601 3062
2601 3363
2601 3794
2601 3853
2601 4059
2602 3081
2602 3223
2602 3461
2602 3467
2602 3772
2602 4161
2602 4558
2602 4566
2603 2848
2603 3619
2603 3629
2603 3765
2603 3971
2604 3175
2604 3280
2604 3323
2604 4313
2604 4916
2605 3572
2605 4284
2606 2626
2606 2662
2606 2775
2606 3443
2606 4706
2606 4976
2607 3558
2607 3575
2607 4762
2608 2732
2608 3065
2608 3436
2608 3668
2608 4757
2609 2791
2609 2807
2609 3200
2609 3492
2609 4146
2609 4471
2610 2829
2610 3707
2610 3969
2610 4029
2610 4437
2610 4440
2610 4515
2611 3581
2611 4489
2611 4498
2611 4875
2611 4887
2612 3638
2612 4664
2612 4806
2613 3172
2613 4671
2614 4805
2615 2679
2615 2817
2615 2870
2615 3013
2615 3214
2615 3309
2615 4057
2615 4544
2615 4593
2615 4677
2616 3941
2616 4336
2616 4548
2616 4791
2616 4981
2617 3054
2617 3271
2617 3813
2617 3817
2617 4254
2617 4283
2618 2826
2618 2933
2618 3030
2618 4324
2618 4902
2619 3180
2619 4049
2620 3409
2620 3422
2620 4165
2620 4243
2621 3135
2621 3840
2621 3878
2621 3976
2621 4450
2621 4697
2621 4743
2622 3058
2622 3369
2622 3576
2622 4271
2622 4502
2623 2838
2623 4685
2623 4820
2624 2945
2624 3450
2624 3799
2624 3869
2625 3030
2625 3331
2625 3635
2625 4009
2625 4469
2626 2919
2626 2966
2626 3136
2626 3674
2626 3739
2626 3745
2626 4063
2627 2742
2627 2747
2627 2962
2627 3084
2627 3372
2627 3825
2627 3920
2627 3997
2627 4142
2627 4500
2627 4941
2628 2775
2628 4354
2629 3900
2629 4082
2629 4143
2629 4204
2629 4866
2629 4968
2630 2763
2630 3416
2630 3698
2630 3710
2630 4692
2630 4970
2631 2956
2631 3739
2631 4435
2631 4577
2631 4967
2632 2880
2632 3561
2632 4584
2632 4956
2633 4691
2633 4734
2634 2673
2634 2778
2634 4021
2635 3020
2635 3211
2635 3319
2635 3880
2635 4504
2635 4784
2636 2800
2636 3074
2636 3075
2636 3466
2636 3629
2636 4221
2636 4720
2637 3809
2637 4782
2638 3114
2638 3421
2638 4309
2639 2854
2639 2907
2639 3296
2639 4615
2640 2858
2640 3735
2640 3906
2640 4499
2641 3013
2641 3310
2641 3899
2641 4496
2641 4726
2641 4873
2641 4883
2642 2650
2642 2652
2642 2804
2642 3042
2642 3559
2642 3581
2643 2855
2643 3151
2643 4113
2643 4116
2643 4405
2643 4478
2643 4663
2643 4844
2644 3077
2644 3439
2644 3485
2644 4675
2645 2653
2645 3615
2645 3888
2645 4064
2645 4157
2646 3581
2646 4091
2646 4905
2646 4996
2647 3312
2647 3850
2647 4407
2647 4789
2648 2882
2648 3102
2648 3641
2648 4211
2649 3118
2649 3600
2649 4874
2649 4930
2650 2852
2650 3199
2650 3439
2650 4877
2650 4913
2650 4931
2651 2899
2651 3058
2651 4001
2651 4063
2651 4416
2651 4540
2651 4777
2652 3267
2652 3377
2652 3661
2652 4247
2652 4657
2653 4053
2653 4333
2653 4432
2654 2708
2654 2868
2654 4731
2655 2761
2655 2845
2655 3705
2655 3938
2655 4921
2656 2934
2656 4035
2657 3994
2657 4505
2657 4816
2657 4920
2658 4278
2658 4295
2658 4909
2659 2964
2659 2971
2659 3011
2659 3613
2659 3875
2659 3969
2659 4011
2659 4275
2659 4656
2660 3013
2660 3580
2660 3797
2660 4097
2660 4430
2660 4609
2661 2705
2662 3094
2662 3300
2662 3373
2662 4032
2662 4269
2662 4958
2663 2781
2663 3229
2663 3982
2663 4172
2663 4243
2664 2908
2664 3119
2664 3460
2664 3779
2664 4904
2665 2988
2665 4210
2665 4627
2666 2946
2666 3893
2666 3930
2666 3957
2667 3118
2667 3590
2667 3784
2667 4375
2667 4735
2668 2907
2668 2916
2668 3956
2668 4545
2668 4871
2669 2683
2669 2775
2669 3181
2669 3898
2669 4141
2669 4214
2669 4523
2670 3423
2670 3632
2670 4958
2671 2829
2671 4066
2671 4565
2672 4473
2672 4540
2672 4672
2673 3173
2673 3513
2673 3591
2673 3628
2673 3704
2673 4103
2673 4500
2673 4576
2674 2728
2674 3477
2674 3618
2674 3659
2674 4062
2674 4251
2674 4728
2674 4927
2675 3080
2675 3387
2675 3669
2675 3835
2675 4011
2675 4193
2675 4982
2676 3164
2676 3350
2676 4371
2676 4482
2676 4576
2676 4744
2676 4854
2677 3122
2677 3297
2678 2947
2678 3207
2678 3274
2678 3540
2678 4106
2678 4391
2678 4670
2678 4934
2679 2807
2679 3693
2679 4405
2680 3027
2680 3250
2680 4111
2680 4163
2680 4703
2680 4739
2681 3463
2681 3493
2681 3505
2681 3663
2681 4705
2682 3222
2682 3830
2682 4445
2682 4622
2683 2795
2683 2803
2683 3681
2683 4502
2683 4596
2683 4733
2683 4825
2684 3350
2684 3736
2684 4769
2685 2855
2685 2908
2685 3079
2685 3104
2685 3369
2685 4000
2686 2884
2686 3284
2686 3621
2686 4287
2686 4851
2687 2832
2687 3090
2687 3479
2687 3805
2688 3179
2688 3983
2688 4317
2688 4347
2688 4389
2688 4679
2688 4797
2689 2989
2689 3856
2689 4551
2690 2924
2690 3814
2690 4140
2690 4148
2691 3750
2691 4995
2692 3215
2693 2774
2693 3814
2694 2840
2694 2915
2694 4269
2694 4311
2694 4369
2694 4411
2694 4791
2694 4858
2694 4906
2695 2883
2695 3075
2695 3290
2695 3745
2695 4096
2696 3254
2696 3392
2696 3510
2696 3602
2696 4094
2696 4222
2696 4364
2696 4523
2696 4902
2697 3055
2697 3504
2698 2920
2698 3155
2698 3506
2698 3700
2698 4184
2698 4633
2699 2776
2699 2834
2699 3594
2699 4001
2699 4023
2700 3646
2700 4324
2700 4741
2701 3152
2701 3447
2701 4064
2701 4179
2702 2955
2702 3171
2702 3402
2702 4074
2702 4593
2703 2922
2703 3102
2703 3175
2703 4118
2703 4488
2704 3538
2705 3249
2705 3339
2705 3769
2705 3801
2705 4277
2706 3432
2707 3150
2707 4958
2708 3425
2708 4080
2708 4355
2708 4772
2708 4924
2709 3617
2709 3729
2709 3892
2709 4053
2709 4529
2709 4988
2710 3025
2710 3165
2710 4293
2710 4745
2711 2861
2711 3153
2712 2813
2712 3098
2712 3180
2712 3403
2712 3746
2712 3787
2712 4347
2712 4598
2712 4866
2713 3017
2713 4815
2714 2873
2714 4603
2714 4903
2715 4979
2716 2962
2716 2979
2716 3287
2716 3901
2716 4726
2717 2932
2717 2939
2717 3137
2717 3202
2717 3248
2717 3320
2717 3707
2718 2980
2718 3611
2718 4086
2719 3582
2719 4191
2719 4974
2720 3163
2720 3379
2720 4863
2721 2910
2721 3101
2721 4509
2722 3417
2722 3504
2722 3883
2722 4146
2723 3725
2723 3758
2723 4325
2723 4518
2723 4845
2724 3529
2724 3738
2724 4014
2724 4257
2724 4512
2724 4548
2724 4563
2724 4875
2724 4914
2725 4812
2726 2751
2726 4114
2726 4209
2726 4528
2726 4711
2727 2761
2727 2965
2727 3004
2727 3757
2727 3992
2727 4671
2728 2772
2728 3707
2728 4651
2729 2743
2729 2775
2729 3112
2729 3527
2729 4538
2730 4011
2730 4451
2730 4553
2730 4930
2731 3709
2731 3978
2731 4055
2731 4525
2731 4550
2732 3839
2732 4126
2732 4322
2732 4435
2732 4710
2733 3387
2733 3857
2733 3932
2733 4318
2735 2834
2735 3511
2735 3515
2735 3697
2735 4252
2735 4618
2736 3188
2736 3227
2736 4426
2736 4568
2736 4840
2736 4892
2736 4915
2737 2843
2737 3526
2737 3880
2737 4947
2738 3206
2738 3309
2738 3512
2738 3687
2738 4513
2739 3353
2739 3609
2739 3808
2739 4554
2740 3011
2740 3592
2740 4619
2741 3560
2741 4802
2742 2811
2742 2962
2742 4583
2743 2825
2743 3209
2743 3474
2743 3566
2743 4342
2743 4362
2744 2773
2744 3371
2744 4015
2744 4119
2744 4592
2744 4951
2745 3523
2745 3883
2745 4426
2746 3020
2746 3118
2746 3534
2746 3902
2746 4279
2746 4383
2746 4385
2746 4696
2746 4827
2747 3055
2747 3280
2747 3457
2747 3874
2747 4442
2748 2857
2748 3022
2748 3368
2749 4008
2749 4116
2749 4237
2749 4360
2749 4893
2749 4923
2750 2937
2750 3995
2750 4186
2750 4551
2751 2989
2751 3406
2751 3535
2751 4257
2752 2765
2752 3299
2752 3974
2752 4488
2752 4944
2753 3557
2753 3563
2753 3603
2753 4130
2754 3074
2754 3480
2754 3489
2754 4369
2754 4680
2754 4986
2755 3050
2755 3501
2755 3741
2755 3778
2755 3798
2755 3933
2755 4703
2756 3229
2756 4787
2757 2927
2757 3482
2758 2854
2758 3999
2758 4184
2758 4997
2759 3193
2759 3223
2759 3309
2759 3575
2759 3844
2759 4543
2759 4588
2759 4659
2759 4727
2760 3239
2760 3439
2760 3588
2761 2845
2761 3315
2761 3993
2761 4104
2761 4110
2761 4122
2761 4697
2761 4852
2762 2846
2762 2930
2762 3431
2762 3879
2762 4065
2763 3740
2763 4464
2763 4821
2764 2811
2764 2902
2764 3048
2764 4258
2764 4338
2764 4473
2764 4611
2765 2781
2765 3089
2765 3620
2765 4307
2766 3086
2766 3193
2766 4623
2766 4739
2766 4743
2766 4929
2767 3402
2767 3972
2768 3109
2768 3276
2768 3747
2768 4277
2768 4508
2768 4632
2768 4691
2768 4709
2768 4759
2769 2802
2769 3650
2769 3930
2769 3994
2769 4486
2769 4753
2769 4920
2770 2914
2770 2986
2770 3322
2770 3976
2770 4483
2770 4655
2771 3150
2771 3777
2771 4089
2771 4544
2771 4841
2772 2923
2772 2988
2772 3153
2772 3378
2772 3438
2772 3543
2772 3610
2772 4992
2773 2892
2773 3413
2774 2934
2774 3203
2774 3283
2774 3366
2774 3384
2774 4173
2774 4431
2774 4604
2775 2980
2776 2881
2776 3267
2776 3986
2776 4171
2776 4195
2776 4581
2777 3901
2777 4038
2777 4586
2777 4904
2777 4908
2778 3106
2778 3333
2778 3580
2778 4425
2778 4670
2779 3580
2780 2799
2780 4454
2780 4550
2780 4983
2781 2967
2781 3567
2781 4075
2781 4152
2781 4383
2781 4656
2781 4805
2781 4811
2782 3079
2782 3261
2782 3484
2782 4427
2782 4549
2782 4819
2783 2981
2783 3319
2783 3606
2783 3990
2783 4008
2783 4146
2783 4557
2783 4588
2784 4307
2784 4377
2785 3179
2785 3190
2785 3393
2786 3154
2786 3448
2787 3161
2787 3686
2787 4143
2787 4290
2787 4513
2788 2831
2788 2926
2788 4288
2788 4893
2789 3003
2789 4092
2789 4093
2789 4296
2789 4347
2790 3049
2790 3074
2790 3147
2790 3355
2790 4779
2791 2815
2791 3084
2791 3668
2791 4094
2792 2892
2792 4724
2793 2980
2793 3496
2793 3646
2793 3678
2793 4010
2793 4178
2793 4763
2794 3317
2794 3459
2794 4131
2794 4200
2794 4241
2794 4730
2795 3241
2795 3348
2796 3090
2796 3176
2796 4042
2796 4435
2796 4928
2797 3384
2797 3510
2797 3923
2797 4077
2797 4085
2798 2851
2798 3042
2798 3568
2798 3789
2798 4120
2798 4430
2798 4434
2798 4801
2798 4902
2799 4830
2800 2989
2800 3076
2800 3111
2800 3272
2800 4194
2800 4238
2800 4814
2801 3155
2801 4656
2802 2976
2802 3735
2802 3795
2803 3156
2803 4217
2803 4281
2803 4522
2803 4907
2804 3166
2804 3458
2804 3542
2804 4493
2804 4613
2805 3100
2805 3635
2805 4316
2805 4503
2805 4598
2806 3308
2806 3605
2806 3686
2806 3836
2806 4839
2806 4860
2806 4870
2807 3838
2807 3850
2807 4375
2807 4492
2808 3113
2808 3167
2808 3177
2808 3294
2809 3116
2810 2862
2810 2922
2810 4339
2810 4481
2810 4581
2811 3285
2811 3662
2811 4122
2811 4333
2811 4442
2811 4645
2812 2856
2812 3022
2812 3293
2812 3794
2812 3995
2813 3332
2813 3676
2813 4229
2813 4658
2813 4737
2814 3374
2814 3635
2814 3980
2814 4159
2814 4162
2814 4366
2815 3126
2816 3240
2816 3780
2816 4716
2817 3347
2817 4483
2817 4900
2818 3035
2818 3600
2818 3703
2818 3866
2818 4497
2818 4511
2818 4537
2819 3196
2819 3792
2819 3923
2819 4098
2820 3875
2820 4044
2820 4453
2820 4860
2821 3034
2821 3951
2821 3980
2821 4920
2822 2881
2822 3129
2822 3584
2822 3918
2823 3204
2823 3424
2823 4042
2823 4185
2823 4277
2823 4861
2824 3117
2824 4263
2824 4914
2825 3835
2825 3975
2825 4803
2826 3037
2826 3112
2826 3647
2826 3757
2827 3117
2827 3352
2827 3483
2827 3687
2827 4138
2827 4216
2827 4401
2828 3291
2828 3745
2828 3856
2829 3034
2829 3246
2829 3560
2829 4397
2829 4454
2830 2857
2830 3026
2830 3556
2830 4291
2830 4949
2831 3102
2831 3417
2831 3647
2831 3648
2831 4108
2831 4635
2832 3221
2832 3810
2832 4007
2832 4265
2833 3198
2833 4263
2833 4440
2833 4879
2834 4228
2835 3046
2835 4288
2835 4586
2836 3110
2836 3459
2836 4668
2837 3227
2837 3251
2837 3957
2837 4421
2837 4711
2838 3382
2838 3458
2838 3908
2838 3985
2839 2924
2839 3180
2839 3229
2839 4036
2840 3027
2840 3650
2840 4194
2841 2968
2841 2986
2841 4444
2843 3385
2843 4187
2843 4962
2843 4983
2844 3019
2844 3129
2844 3499
2844 4399
2844 4641
2844 4933
2845 3684
2845 3823
2845 4171
2845 4577
2845 4678
2846 3171
2846 4084
2846 4342
2846 4409
2846 4410
2846 4424
2846 4858
2847 4279
2848 3178
2848 3366
2848 3515
2848 4116
2849 3139
2849 3351
2849 3462
2849 3882
2849 4295
2849 4358
2849 4485
2849 4967
2850 3067
2850 3747
2850 3810
2850 4105
2850 4763
2851 3165
2851 4122
2851 4154
2851 4468
2852 3387
2852 3966
2853 3365
2853 3872
2853 3979
2853 4304
2853 4455
2853 4715
2854 3435
2854 4448
2854 4636
2854 4873
2855 3505
2855 3774
2855 3902
2855 4072
2855 4466
2855 4953
2855 4981
2856 3596
2856 3891
2856 3900
2856 3951
2856 4224
2857 4032
2857 4310
2857 4541
2857 4893
2858 2965
2859 3396
2859 4559
2860 3258
2860 4064
2860 4170
2861 3145
2861 3460
2861 3594
2861 3627
2861 3872
2861 4082
2861 4765
2862 3290
2862 3590
2862 3839
2862 3884
2862 4079
2862 4204
2862 4575
2862 4986
2863 3157
2863 3329
2863 3412
2863 3824
2863 4371
2864 3137
2864 3601
2864 4120
2864 4719
2864 4780
2864 4961
2865 2928
2865 3112
2865 3139
2865 3169
2865 3244
2865 4811
2866 3129
2867 3226
2867 3845
2867 3852
2867 3966
2867 4366
2867 4452
2867 4932
2868 2979
2868 3168
2868 3349
2868 3383
2868 4337
2868 4377
2868 4470
2869 2934
2869 3659
2869 4393
2870 3629
2870 4948
2871 2984
2871 4436
2872 4025
2873 2994
2873 3564
2873 3921
2873 4597
2874 3799
2874 4351
2874 4400
2874 4553
2874 4696
2874 4766
2875 2889
2875 3199
2875 4692
2876 3133
2876 3216
2876 3920
2876 4002
2876 4682
2877 2927
2877 3509
2877 3565
2877 3921
2877 4327
2877 4994
2878 3562
2878 4116
2879 3498
2879 4849
2879 4992
2880 2967
2880 3107
2880 3298
2880 4476
2881 3870
2881 4143
2881 4279
2881 4308
2881 4485
2881 4904
2882 3148
2882 3645
2882 3656
2882 4351
2883 3209
2883 4114
2883 4330
2883 4333
2883 4778
2884 4592
2885 4188
2886 3654
2887 3154
2887 3600
2887 4215
2888 3503
2888 3647
2889 3338
2889 3675
2889 3897
2889 4250
2889 4311
2890 2953
2890 3520
2890 4029
2890 4162
2890 4466
2890 4574
2890 4925
2890 4980
2891 3832
2891 4496
2891 4509
2891 4855
2891 4856
2892 3771
2892 4127
2892 4553
2892 4592
2892 4625
2893 2901
2893 3008
2893 3057
2893 3970
2893 4362
2893 4438
2893 4481
2894 4098
2894 4113
2894 4411
2894 4726
2894 4774
2895 3241
2895 3271
2896 2985
2896 3005
2896 3094
2896 3213
2896 3250
2896 3306
2896 3563
2896 4087
2896 4523
2897 3170
2897 3601
2897 3644
2897 4543
2897 4650
2897 4771
2898 4167
2898 4271
2898 4970
2899 3024
2899 3698
2899 3704
2899 4172
2899 4560
2899 4643
2899 4765
2900 3196
2900 3647
2900 4011
2900 4186
2900 4328
2900 4633
2900 4649
2901 3449
2901 3717
2901 4151
2901 4818
2901 4835
2902 3242
2902 3699
2902 4220
2902 4224
2902 4345
2903 2977
2903 3188
2903 4897
2904 3399
2904 3861
2904 4924
2904 4936
2905 3630
2905 3993
2906 3242
2906 3392
2906 3421
2906 3605
2906 3859
2906 4645
2907 3015
2907 3031
2907 3084
2907 3602
2907 3937
2907 4051
2907 4253
2907 4505
2907 4680
2908 2980
2908 3692
2908 4130
2908 4313
2909 3806
2909 3851
2909 4179
2909 4479
2909 4706
2909 4790
2910 3100
2910 3127
2910 3166
2910 3238
2910 3800
2910 4344
2910 4910
2911 3223
2911 3385
2911 3598
2911 3656
2911 3820
2911 4031
2911 4186
2911 4393
2911 4983
2912 3092
2912 3617
2912 3692
2912 4584
2912 4604
2913 3556
2913 3806
2913 3954
2913 4343
2914 3846
2914 4231
2914 4402
2914 4768
2914 4863
2915 3774
2915 3802
2915 3870
2915 4395
2915 4857
2916 3935
2916 4173
2917 3770
2917 3974
2917 4151
2917 4760
2918 3074
2918 3458
2918 3815
2918 4135
2918 4301
2919 2950
2919 3693
2919 4230
2919 4653
2920 3318
2920 3762
2920 3830
2920 3892
2920 4652
2920 4686
2920 4711
2921 3380
2921 3853
2921 3939
2921 4684
2923 3035
2923 3968
2923 4758
2924 3695
2924 4712
2924 4842
2925 2950
2925 3013
2925 3068
2925 3125
2925 3310
2925 3901
2925 4130
2925 4316
2926 3337
2926 4426
2926 4909
2927 3381
2927 3620
2927 4518
2927 4897
2928 3947
2928 3974
2929 2975
2929 3377
2929 3461
2929 3513
2929 4233
2929 4318
2929 4525
2930 4053
2930 4081
2930 4672
2931 4195
2932 3118
2932 3809
2932 4419
2932 4532
2932 4819
2933 3618
2933 4051
2933 4877
2934 3100
2934 3775
2934 3907
2934 4290
2934 4593
2934 4869
2935 3504
2935 4134
2935 4683
2935 4868
2936 3393
2936 4148
2937 3079
2937 3455
2937 4101
2937 4544
2937 4639
2937 4800
2938 3020
2938 3061
2938 4237
2939 3116
2939 3119
2939 3497
2939 3859
2939 4169
2939 4325
2939 4379
2939 4399
2939 4553
2939 4891
2940 3400
2940 3867
2940 4112
2940 4846
2941 3102
2941 3275
2942 3218
2942 4245
2942 4808
2943 3411
2943 3695
2943 3947
2943 3964
2943 3971
2943 4597
2943 4838
2944 2968
2944 3296
2944 4000
2944 4940
2945 3205
2945 3829
2946 3403
2946 3676
2946 4320
2946 4640
2946 4738
2947 2960
2947 3509
2947 4588
2947 4738
2947 4871
2947 4913
2948 3904
2948 4030
2948 4663
2949 3049
2949 3345
2949 3349
2949 3966
2950 3200
2950 3259
2950 3511
2950 3565
2950 4363
2950 4441
2950 4818
2951 3115
2951 3548
2951 4059
2951 4782
2952 3437
2952 3564
2952 4699
2953 4150
2953 4790
2953 4835
2953 4906
2954 3354
2954 3502
2954 4221
2954 4449
2954 4677
2955 3070
2955 3235
2955 3496
2956 2981
2956 3627
2956 3771
2956 4007
2956 4137
2957 3743
2957 4011
2957 4100
2958 3051
2958 3183
2958 3384
2958 3570
2958 3805
2958 4180
2959 4108
2959 4183
2959 4187
2959 4289
2959 4313
2959 4495
2960 3491
2960 4038
2960 4959
2961 2976
2961 3205
2961 4050
2961 4446
2962 3110
2962 3152
2962 3391
2962 3978
2962 4010
2962 4266
2962 4435
2962 4976
2963 3022
2963 3252
2963 3412
2963 3969
2963 4200
2963 4684
2964 3410
2965 3449
2966 3298
2966 4509
2967 3318
2967 4418
2968 3409
2968 3638
2968 3711
2968 4074
2968 4297
2968 4488
2968 4539
2968 4681
2968 4740
2968 4872
2969 3923
2969 4838
2970 3044
2970 3759
2970 4056
2970 4466
2970 4817
2971 3111
2971 3232
2971 4722
2971 4827
2972 3775
2972 3902
2972 4336
2972 4597
2972 4963
2973 3620
2973 3658
2973 3660
2973 3972
2973 4486
2973 4597
2974 3099
2974 3130
2974 3351
2974 3675
2975 3842
2975 4334
2976 4076
2977 3072
2977 3867
2977 4054
2977 4465
2978 3098
2978 4579
2978 4594
2978 4793
2978 4835
2979 3316
2979 3544
2979 3880
2979 3970
2979 4628
2979 4869
2979 4996
2980 3935
2980 3982
2980 4928
2981 3167
2981 3288
2981 3597
2981 4082
2981 4403
2981 4717
2981 4926
2982 3608
2982 4116
2983 3200
2983 3555
2983 4142
2983 4325
2984 3128
2984 3829
2984 4568
2984 4684
2985 3217
2985 3597
2985 4242
2985 4379
2986 3618
2986 3644
2986 4116
2986 4220
2986 4401
2986 4546
2986 4845
2986 4926
2987 3008
2987 3628
2987 4371
2987 4720
2988 3011
2988 3247
2988 3526
2988 4240
2988 4679
2989 3518
2989 3541
2989 4179
2990 3077
2990 3787
2990 3930
2991 3131
2991 3243
2991 3462
2991 4087
2991 4317
2992 3301
2992 3944
2992 4563
2992 4599
2993 3018
2993 3647
2993 3863
2994 3035
2995 3911
2995 3990
2995 4764
2996 4652
2997 3074
2997 3548
2998 3399
2998 3563
2998 3833
2998 4479
2999 3556
2999 4192
3000 3307
3001 3471
3001 4110
3001 4299
3001 4527
3001 4804
3001 4808
3002 4893
3003 3275
3003 3283
3003 3671
3003 3927
3003 4212
3003 4307
3004 3006
3004 3543
3004 4120
3005 3241
3005 3553
3005 3602
3005 4148
3006 3030
3006 3402
3006 3480
3006 3995
3007 3928
3007 4139
3007 4695
3008 3435
3008 3521
3008 3799
3008 4107
3008 4345
3008 4382
3008 4459
3008 4838
3009 3515
3009 3586
3009 3804
3009 4132
3009 4144
3009 4236
3010 3290
3010 3819
3010 4110
3010 4493
3010 4531
3011 3769
3011 3828
3011 4079
3011 4206
3011 4299
3011 4804
3011 4814
3011 4891
3012 3096
3012 3662
3012 3999
3013 3123
3013 3856
3013 4508
3014 3410
3014 3508
3014 3552
3014 4166
3014 4305
3014 4627
3015 3096
3015 3149
3015 3269
3015 3675
3015 4261
3015 4739
3016 4616
3016 4647
3017 3575
3017 3588
3017 3741
3017 3898
3018 3090
3018 3634
3018 4020
3018 4788
3019 3165
3019 3405
3019 3643
3019 3785
3019 4158
3019 4269
3020 3359
3020 3374
3020 3748
3020 4002
3020 4070
3020 4189
3020 4895
3021 3204
3021 3434
3021 3658
3021 4099
3021 4291
3021 4536
3022 3051
3022 3093
3022 3319
3022 4139
3022 4265
3023 3047
3023 4272
3023 4721
3024 4454
3025 3829
3025 4450
3025 4653
3026 3480
3026 3643
3026 4386
3027 4028
3028 3426
3028 3934
3028 4002
3028 4586
3028 4880
3029 3223
3029 3515
3029 3935
3029 4475
3029 4891
3030 3110
3030 4671
3030 4894
3031 3944
3031 4456
3032 3445
3032 3557
3032 3922
3032 4025
3032 4097
3033 3089
3033 3508
3033 3608
3033 4328
3033 4507
3033 4692
3033 4749
3034 3203
3034 3298
3034 3513
3034 3576
3034 4457
3034 4626
3034 4649
3035 3463
3035 3489
3035 4767
3036 3155
3036 3898
3036 3905
3037 3937
3037 4488
3037 4983
3038 3431
3038 4143
3038 4906
3039 3480
3039 3542
3039 3995
3039 4299
3040 3226
3040 3273
3040 4458
3041 3135
3041 3334
3041 3777
3041 4030
3042 3297
3042 4197
3042 4690
3043 3061
3043 3458
3043 3687
3043 4993
3044 3310
3044 3747
3044 3874
3044 4031
3044 4764
3044 4960
3044 4988
3045 3281
3045 3959
3046 3643
3046 3722
3046 4245
3046 4305
3046 4930
3047 4769
3048 4546
3049 3163
3049 3301
3049 3476
3049 4368
3049 4411
3049 4755
3050 3128
3050 4236
3051 3124
3051 4072
3052 3055
3052 3078
3052 3408
3052 4135
3052 4777
3052 4790
3053 3537
3053 3595
3053 4212
3053 4628
3053 4837
3054 3055
3054 3137
3054 3165
3054 3257
3054 3853
3054 4874
3054 4893
3056 3426
3056 3780
3056 3924
3056 4258
3057 3293
3057 4061
3057 4405
3058 3109
3058 3151
3058 3157
3058 3264
3058 3495
3058 4421
3058 4612
3060 3198
3060 3324
3060 3361
3060 3564
3060 4261
3060 4650
3060 4724
3060 4870
3060 4902
3061 4188
3061 4419
3061 4874
3061 4938
3062 3069
3062 3568
3062 3682
3062 4295
3062 4308
3062 4681
3063 3335
3063 4192
3063 4436
3063 4497
3064 4557
3064 4776
3064 4995
3065 3092
3065 3659
3065 4185
3065 4520
3065 4618
3066 4781
3067 3078
3067 3198
3068 3782
3068 3981
3068 4628
3068 4694
3069 3377
3069 3726
3069 4979
3070 3982
3070 4934
3070 4948
3070 4973
3071 4118
3072 3168
3072 3252
3072 3254
3072 3290
3072 4569
3072 4718
3073 4457
3074 3137
3074 3405
3074 3531
3074 3839
3074 4644
3075 3202
3075 4331
3076 3219
3076 3306
3076 3883
3076 4070
3076 4217
3076 4736
3076 4864
3077 3425
3077 4304
3077 4364
3078 3411
3078 3614
3078 3636
3078 3681
3078 4526
3078 4949
3079 4442
3079 4490
3080 4722
3081 3466
3081 3707
3081 4698
3082 3100
3082 3781
3082 4585
3083 3430
3083 3625
3083 3812
3083 3887
3083 4492
3083 4926
3084 3094
3084 3170
3084 4422
3085 3608
3085 3686
3085 3824
3085 4593
3085 4599
3086 3242
3086 3699
3086 3892
3086 4547
3086 4574
3086 4687
3087 3429
3087 3447
3087 3542
3087 3685
3087 3728
3088 3100
3088 3508
3088 4385
3088 4535
3088 4753
3089 3394
3089 3980
3089 4549
3089 4812
3090 3801
3090 4384
3090 4571
3090 4839
3091 3792
3091 3890
3091 3919
3091 4069
3091 4193
3091 4224
3091 4257
3091 4355
3091 4405
3091 4473
3091 4760
3091 4972
3092 4778
3093 3568
3093 3775
3093 4835
3093 4865
3094 3359
3094 3398
3094 4019
3096 3214
3096 3892
3096 4241
3096 4648
3096 4686
3097 4254
3097 4926
3098 4156
3098 4308
3099 3696
3099 4059
3099 4171
3099 4658
3100 3625
3100 3641
3100 4490
3100 4527
3100 4904
3101 3482
3101 3671
3101 4238
3102 3103
3102 3472
3102 3589
3102 4384
3103 3495
3103 4650
3103 4955
3104 3608
3104 4044
3104 4350
3104 4464
3104 4767
3105 3521
3105 3612
3105 3789
3105 3919
3105 4037
3105 4050
3105 4306
3106 3191
3106 4508
3107 3365
3107 3729
3107 3819
3107 4383
3107 4618
3108 3726
3108 4174
3109 3126
3109 3314
3110 3149
3110 3338
3110 3971
3110 4062
3110 4228
3110 4659
3111 3145
3111 3454
3111 4391
3111 4488
3111 4580
3111 4700
3112 3669
3112 3946
3112 4643
3112 4962
3113 3427
3113 4270
3113 4289
3113 4575
3113 4617
3113 4640
3114 3219
3114 3240
3114 3540
3114 3626
3114 4216
3114 4310
3116 3199
3116 3225
3116 3273
3117 3243
3117 3328
3117 4100
3117 4783
3118 4408
3119 3480
3119 4259
3120 4343
3120 4788
3121 3482
3121 3546
3121 3871
3121 4986
3122 3720
3122 3809
3122 3823
3123 3536
3123 4099
3123 4156
3123 4188
3123 4392
3124 3600
3124 4004
3124 4813
3124 4885
3125 3661
3125 3993
3126 3548
3126 4583
3126 4680
3127 3442
3127 3579
3127 3850
3127 3956
3129 3703
3129 4463
3130 3161
3130 4286
3130 4743
3130 4844
3130 4926
3131 3665
3131 3861
3131 4375
3131 4683
3132 3410
3132 3582
3132 4853
3133 3500
3133 3501
3133 3750
3133 4370
3133 4996
3134 3670
3134 3819
3134 4405
3134 4666
3134 4903
3135 3155
3135 3250
3135 3831
3135 3886
3135 3966
3135 4537
3135 4898
3136 3312
3136 3320
3137 3188
3137 3788
3137 3835
3137 4108
3138 3312
3138 3315
3138 3692
3138 4468
3139 3157
3139 4114
3139 4427
3139 4443
3139 4654
3140 3463
3140 3747
3140 4657
3141 3154
3141 4309
3141 4451
3142 3528
3142 4049
3142 4403
3142 4413
3143 3533
3143 3853
3143 4218
3143 4410
3143 4997
3144 3344
3144 3393
3144 3494
3144 3875
3144 4344
3145 3320
3145 3966
3145 4111
3146 3207
3146 3442
3146 3958
3146 4463
3146 4764
3146 4923
3146 4998
3147 3323
3147 4574
3147 4939
3148 3724
3148 4175
3148 4398
3149 3291
3149 4048
3149 4156
3149 4660
3150 3354
3150 3538
3150 4110
3150 4676
3151 3752
3151 4348
3151 4834
3151 4921
3151 4992
3152 4921
3153 3207
3153 4270
3153 4514
3153 4762
3154 3909
3154 4078
3155 3807
3155 4024
3155 4624
3155 4740
3156 3472
3156 4210
3156 4610
3156 4850
3157 3884
3157 4099
3157 4444
3158 3598
3158 3860
3158 4020
3158 4936
3158 4978
3159 4679
3159 4833
3160 3286
3160 3319
3160 3397
3160 3507
3160 3634
3160 3790
3160 3913
3160 4111
3161 4123
3161 4182
3161 4421
3161 4510
3161 4932
3162 3210
3162 3256
3162 3483
3162 3508
3162 3839
3162 4129
3162 4857
3162 4997
3163 4093
3163 4207
3163 4685
3164 3952
3164 4139
3164 4239
3164 4312
3164 4399
3165 3618
3165 3787
3165 4102
3165 4467
3165 4535
3165 4744
3165 4823
3166 3572
3166 4137
3166 4222
3167 3182
3167 3208
3167 3720
3167 3870
3168 3409
3168 4316
3168 4596
3169 3833
3169 3999
3169 4594
3169 4657
3169 4997
3170 3713
3170 3929
3170 4009
3170 4852
3171 3671
3171 3998
3171 4788
3172 4440
3172 4584
3172 4615
3173 4231
3174 3566
3174 4129
3174 4512
3175 3516
3175 4200
3175 4239
3175 4242
3175 4285
3175 4483
3175 4886
3175 4919
3176 3400
3176 3402
3176 4043
3176 4389
3176 4463
3177 3217
3177 4314
3177 4426
3178 3701
3178 3879
3178 4644
3178 4901
3179 3530
3179 3623
3179 3907
3179 3979
3179 4087
3179 4826
3180 3607
3180 4213
3180 4559
3180 4730
3181 3621
3181 3848
3181 3916
3181 4411
3181 4762
3181 4989
3182 3516
3182 4123
3183 3339
3183 4022
3183 4119
3184 3948
3184 4149
3185 3224
3185 3533
3185 3750
3185 3956
3185 4322
3185 4740
3185 4911
3186 3284
3186 3644
3186 4021
3186 4135
3186 4276
3186 4650
3187 4678
3188 3666
3188 3833
3188 4224
3188 4333
3188 4771
3189 3339
3189 3387
3189 3487
3189 3677
3189 4133
3189 4884
3190 3994
3190 4175
3190 4994
3191 3206
3191 3695
3191 4231
3192 3280
3192 3466
3192 4005
3192 4221
3192 4457
3193 3518
3193 3847
3193 4123
3193 4848
3194 4324
3195 3488
3195 3508
3195 4820
3196 4329
3196 4520
3197 3843
3198 4558
3198 4860
3199 3781
3199 4725
3200 3321
3200 3666
3200 4179
3201 3814
3201 4415
3201 4945
3202 3327
3202 3504
3202 4589
3202 4779
3202 4968
3203 3326
3203 3359
3203 3964
3203 4838
3205 3313
3205 3724
3205 4271
3205 4490
3206 3248
3206 3481
3206 4045
3207 3281
3207 3355
3207 4698
3208 3636
3208 3798
3208 4086
3208 4427
3209 3516
3209 3797
3209 4580
3209 4733
3209 4784
3209 4871
3210 3431
3211 3219
3211 4630
3211 4976
3212 4554
3213 4457
3214 3522
3215 3725
3215 4597
3216 4142
3216 4244
3216 4696
3217 3616
3217 4782
3217 4783
3218 3778
3218 4889
3219 3422
3220 4510
3220 4685
3220 4775
3221 3332
3222 3235
3222 3563
3222 4000
3223 3533
3223 4105
3224 4454
3225 3282
3225 3499
3225 4503
3225 4518
3225 4839
3226 4003
3226 4519
3226 4766
3226 4930
3227 3283
3227 4809
3228 3984
3228 4160
3228 4180
3228 4561
3228 4829
3229 3575
3229 3710
3230 3296
3230 4479
3230 4706
3231 3655
3231 4450
3232 3473
3232 3572
3232 3664
3232 4000
3232 4405
3233 3566
3233 4041
3233 4433
3234 3589
3234 3884
3234 4461
3234 4943
3235 3706
3235 4242
3235 4783
3236 3771
3236 4262
3237 3540
3237 4161
3237 4174
3237 4603
3238 4274
3238 4344
3238 4657
3238 4720
3238 4950
3239 3791
3239 4305
3239 4683
3240 3574
3240 4944
3241 3498
3241 4589
3241 4782
3242 3257
3242 3886
3243 3617
3243 4323
3243 4371
3243 4975
3244 3482
3244 3879
3244 4117
3244 4589
3244 4625
3244 4627
3244 4783
3245 3560
3245 3899
3245 4582
3245 4707
3246 4317
3246 4995
3247 3404
3247 3585
3247 4242
3247 4259
3247 4275
3247 4300
3248 3317
3248 3508
3248 4186
3248 4188
3249 3310
3249 4554
3250 4941
3251 3530
3251 4044
3251 4572
3251 4625
3251 4642
3252 4200
3252 4828
3253 4190
3253 4296
3254 3261
3254 3571
3254 3700
3254 3871
3254 4038
3254 4663
3255 4366
3255 4941
3256 3842
3256 4212
3257 3299
3257 3358
3257 3422
3258 3349
3259 3351
3259 4049
3260 3300
3260 3762
3260 3849
3260 4232
3260 4306
3260 4744
3261 4620
3262 3598
3262 3744
3262 4487
3263 4334
3263 4654
3264 3514
3264 3748
3264 3814
3264 4014
3264 4574
3265 3444
3265 3485
3265 4439
3265 4871
3266 4550
3267 3813
3267 4776
3268 3918
3268 4984
3269 3770
3269 4334
3270 4401
3270 4578
3271 3394
3271 3969
3271 4467
3271 4846
3271 4953
3273 4833
3273 4846
3274 4195
3274 4795
3274 4811
3275 3443
3275 3453
3275 3864
3275 4756
3275 4852
3276 4024
3276 4220
3277 3288
3277 3659
3277 4387
3277 4574
3277 4804
3277 4861
3278 3949
3278 4552
3279 3528
3279 4719
3280 3366
3280 3534
3280 3989
3281 3323
3281 3350
3281 3933
3281 4046
3281 4107
3281 4371
3282 3607
3282 4617
3283 3292
3283 3542
3283 3967
3284 3337
3284 3871
3284 4054
3284 4550
3285 3343
3285 3756
3285 4314
3286 3610
3286 3854
3286 3864
3286 3903
3287 3770
3287 3898
3287 3950
3287 4313
3287 4449
3287 4747
3287 4888
3288 3491
3288 3685
3288 4026
3288 4110
3288 4745
3288 4894
3289 3569
3289 4473
3289 4791
3289 4903
3290 3593
3290 3685
3290 4292
3290 4693
3290 4719
3291 3419
3291 4077
3292 4016
3292 4206
3292 4259
3292 4698
3292 4987
3293 3330
3293 3631
3293 3904
3293 4944
3294 3310
3294 3597
3294 3846
3294 4762
3294 4901
3295 3320
3295 3619
3295 4776
3296 3313
3296 4144
3297 3961
3297 4110
3297 4336
3297 4616
3297 4740
3297 4780
3298 3497
3298 4627
3299 3442
3299 3889
3299 3988
3299 4250
3299 4296
3299 4341
3299 4545
3299 4698
3299 4982
3300 3306
3300 3668
3300 3717
3300 3881
3300 3994
3300 4586
3300 4700
3300 4948
3301 3640
3301 4415
3301 4473
3302 3614
3302 3814
3302 3827
3302 4353
3302 4421
3302 4914
3303 3992
3303 4286
3303 4593
3304 3619
3304 3785
3305 3740
3305 4014
3305 4049
3306 4648
3306 4740
3307 4097
3307 4416
3308 3995
3308 4113
3309 3577
3309 3789
3309 4100
3309 4181
3309 4605
3309 4895
3310 3619
3310 3627
3310 4147
3310 4907
3311 4754
3312 3519
3312 3761
3312 4129
3312 4154
3313 4138
3313 4872
3314 3348
3314 3467
3314 4152
3314 4629
3316 4332
3316 4626
3317 3337
3317 3455
3317 4249
3317 4440
3317 4547
3317 4690
3317 4738
3317 4810
3318 3577
3318 3742
3318 4323
3319 3345
3319 4202
3319 4356
3320 3391
3320 3492
3321 3594
3321 4253
3323 3531
3323 4702
3324 3598
3324 4236
3324 4280
3324 4854
3325 3451
3325 4050
3325 4319
3325 4549
3326 3510
3326 3697
3326 4385
3327 4044
3327 4642
3328 4899
3328 4976
3329 3479
3329 3531
3329 3699
3329 4271
3329 4548
3329 4917
3330 3808
3330 4061
3330 4478
3330 4516
3330 4827
3330 4923
3331 3423
3331 3793
3331 3892
3331 3965
3331 4233
3331 4510
3332 3684
3332 3734
3332 4038
3332 4086
3332 4474
3332 4809
3333 3395
3333 4418
3333 4898
3333 4998
3335 4529
3336 3507
3336 4323
3336 4665
3336 4675
3337 3522
3337 3894
3337 4070
3337 4255
3337 4268
3337 4421
3337 4486
3337 4735
3338 4126
3339 3455
3339 4382
3339 4654
3339 4894
3340 3542
3340 3563
3340 4182
3340 4323
3340 4389
3341 3360
3341 3419
3341 3593
3341 3883
3342 4272
3343 3423
3344 4433
3345 3534
3345 4048
3345 4804
3346 3863
3346 4237
3346 4792
3346 4824
3347 3474
3347 3799
3347 4074
3347 4357
3347 4769
3348 3816
3348 4505
3349 3765
3349 4053
3349 4116
3349 4730
3350 3457
3350 4622
3350 4733
3351 3413
3351 3651
3351 4620
3351 4634
3352 3695
3352 4113
3352 4323
3352 4441
3352 4671
3352 4955
3353 3533
3353 3890
3354 3472
3354 3499
3354 3671
3354 4376
3355 3420
3355 3563
3355 3687
3355 4324
3355 4463
3356 3383
3356 3519
3356 4024
3356 4841
3356 4896
3357 3556
3357 3589
3357 3997
3357 4139
3358 3601
3358 3613
3358 4574
3359 3379
3359 3772
3359 4286
3359 4718
3359 4810
3360 3955
3360 4248
3361 4330
3362 3540
3362 3651
3362 4116
3362 4361
3362 4855
3363 3400
3363 4469
3363 4533
3364 4018
3365 4341
3365 4517
3365 4934
3366 4045
3366 4142
3366 4311
3366 4573
3366 4979
3367 3614
3367 3767
3367 4133
3368 4412
3368 4640
3370 3489
3370 3566
3370 4435
3370 4865
3371 4193
3371 4235
3371 4641
3372 3546
3372 3709
3372 3800
3372 3826
3372 4008
3372 4484
3373 4571
3374 4354
3374 4373
3374 4382
3374 4632
3375 4303
3376 4099
3376 4102
3376 4550
3377 3678
3377 4470
3378 4176
3378 4907
3379 3831
3379 4288
3380 3614
3380 3817
3380 4316
3380 4660
3381 3461
3381 3924
3381 4033
3381 4935
3382 3705
3382 3861
3382 4096
3382 4268
3382 4874
3383 3587
3383 4642
3384 3816
3384 3948
3384 3998
3384 4123
3384 4405
3385 3780
3385 4215
3385 4825
3385 4844
3386 4370
3386 4383
3387 3611
3388 3678
3388 4026
3388 4278
3388 4301
3389 3603
3389 4148
3390 3509
3390 4169
3391 3621
3391 4229
3391 4434
3391 4631
3391 4876
3392 4168
3392 4585
3392 4697
3393 3836
3393 4908
3393 4992
3394 3938
3394 4587
3395 3738
3395 3969
3395 4115
3395 4746
3396 3726
3396 4084
3396 4442
3396 4526
3397 3762
3397 3816
3397 4696
3397 4855
3398 3399
3398 4241
3398 4326
3398 4339
3398 4783
3398 4917
3399 3682
3399 4888
3400 3455
3400 3508
3400 4500
3401 4238
3401 4891
3401 4977
3402 3939
3402 4242
3402 4855
3404 3674
3404 3716
3404 4316
3405 4098
3405 4914
3406 3461
3406 3731
3406 4004
3406 4670
3407 4537
3407 4718
3408 4027
3409 3882
3409 4072
3409 4660
3410 4171
3410 4866
3411 3488
3411 3570
3412 4144
3412 4349
3412 4450
3412 4854
3412 4979
3413 3423
3413 4275
3413 4549
3414 3459
3414 4118
3414 4592
3414 4845
3415 3576
3415 3636
3415 3852
3415 3939
3415 3961
3415 4701
3415 4810
3416 4081
3416 4152
3416 4670
3417 3618
3417 3702
3417 3939
3417 3970
3417 4240
3417 4783
3418 3582
3418 3761
3418 4203
3419 3584
3419 3598
3419 3605
3419 3717
3419 3761
3419 3905
3419 3919
3419 4841
3420 3779
3420 3846
3420 4860
3421 3937
3421 4048
3421 4753
3422 4966
3423 3892
3424 3820
3424 4217
3424 4800
3424 4981
3425 3769
3425 4103
3425 4338
3425 4433
3425 4563
3425 4666
3427 4268
3427 4869
3428 3832
3428 4235
3428 4274
3428 4639
3429 3597
3429 3840
3429 4804
3430 3440
3430 4328
3430 4730
3431 3952
3432 4300
3433 3471
3433 3603
3433 4670
3434 3739
3434 4889
3435 3503
3435 3558
3435 4416
3435 4485
3435 4749
3436 3652
3436 4373
3436 4412
3437 4842
3438 4172
3438 4670
3439 3506
3439 4532
3439 4588
3439 4591
3439 4937
3440 3593
3440 4162
3440 4563
3441 3802
3441 4969
3442 4253
3442 4573
3442 4638
3442 4754
3443 3677
3443 4175
3443 4216
3443 4405
3443 4978
3444 3566
3444 4119
3444 4474
3445 4659
3445 4665
3445 4835
3446 3971
3446 4467
3446 4529
3447 3949
3447 4400
3447 4739
3448 4041
3448 4225
3449 3939
3450 3462
3450 3716
3450 3839
3451 3535
3451 4162
3451 4551
3452 3830
3452 4019
3452 4437
3452 4976
3453 3778
3453 3809
3453 4053
3453 4310
3453 4331
3453 4374
3453 4876
3454 4109
3454 4666
3454 4773
3455 3621
3455 4639
3457 4178
3457 4223
3457 4413
3457 4491
3457 4813
3458 4105
3458 4114
3459 3767
3459 4034
3459 4904
3460 3668
3460 3670
3460 3845
3460 3874
3460 3932
3461 3606
3461 3820
3461 3949
3461 4242
3461 4259
3461 4327
3461 4937
3462 4318
3462 4916
3463 3860
3464 3759
3464 3857
3465 4250
3466 3798
3466 4254
3466 4635
3466 4879
3467 4203
3467 4752
3468 3859
3468 4080
3468 4348
3468 4929
3469 3534
3469 3576
3469 3635
3469 4750
3470 3942
3470 4093
3470 4317
3471 4130
3471 4244
3471 4377
3471 4553
3471 4957
3472 4310
3472 4632
3473 3758
3473 4111
3473 4568
3473 4659
3474 3880
3474 4433
3474 4504
3475 3964
3476 4014
3476 4192
3476 4789
3477 3931
3477 4357
3477 4656
3477 4711
3477 4824
3478 3514
3478 3830
3478 4065
3478 4268
3478 4332
3478 4432
3478 4606
3478 4654
3478 4747
3479 3936
3480 4399
3482 3523
3482 3957
3482 4204
3483 4709
3483 4801
3484 3533
3484 3609
3484 3646
3484 3771
3484 3951
3484 4198
3484 4679
3484 4811
3484 4901
3485 4556
3486 3669
3486 4609
3487 4083
3487 4836
3488 4772
3489 3560
3489 4032
3489 4043
3489 4131
3490 3743
3490 3886
3490 4913
3491 4758
3491 4849
3491 4880
3491 4961
3491 4972
3492 4413
3492 4826
3492 4937
3493 3777
3493 4365
3493 4370
3493 4433
3494 3512
3494 3970
3494 4397
3494 4778
3495 4121
3495 4143
3495 4306
3495 4604
3496 3730
3496 3974
3496 4532
3496 4725
3498 3625
3498 4334
3499 3787
3499 3931
3500 3620
3500 3743
3500 4010
3500 4123
3501 3963
3501 4047
3503 3886
3503 4630
3503 4937
3504 4804
3504 4874
3505 4926
3505 4990
3505 4993
3506 3570
3506 3934
3506 4966
3507 3697
3507 3915
3507 4154
3508 4040
3508 4202
3508 4227
3509 3632
3510 4583
3510 4894
3511 4985
3512 3933
3512 4000
3512 4872
3512 4969
3513 3784
3513 3966
3514 3537
3514 3892
3514 3987
3514 4004
3514 4883
3515 4180
3515 4253
3516 3964
3516 4800
3518 4186
3518 4481
3518 4866
3518 4884
3519 4656
3519 4970
3520 3976
3520 4056
3520 4158
3520 4437
3521 3875
3521 4246
3521 4342
3522 4016
3522 4173
3522 4189
3522 4233
3522 4307
3522 4746
3523 3593
3523 4260
3524 4383
3525 4670
3525 4982
3526 4500
3526 4687
3527 4319
3527 4859
3528 3568
3529 3587
3529 3780
3529 4286
3530 3693
3530 4148
3530 4601
3530 4651
3531 3746
3531 4262
3531 4590
3531 4958
3531 4982
3532 3954
3532 4566
3532 4682
3532 4992
3533 4383
3534 3840
3534 4209
3534 4562
3535 3651
3535 3715
3535 3814
3535 4056
3535 4926
3536 3750
3536 4226
3537 3857
3537 4030
3537 4825
3538 3580
3538 4240
3538 4732
3539 3806
3539 4532
3539 4846
3540 4807
3540 4982
3541 4175
3541 4681
3542 4292
3542 4401
3543 4473
3544 4084
3544 4086
3545 4086
3545 4228
3545 4485
3545 4612
3546 3908
3546 4365
3547 3890
3547 3914
3547 3939
3547 4245
3547 4386
3548 3884
3549 3718
3549 4182
3550 4793
3550 4976
3552 4101
3552 4966
3553 3645
3553 4356
3553 4739
3554 3929
3554 4603
3554 4734
3555 3996
3555 4333
3555 4611
3558 3824
3558 4105
3558 4212
3558 4275
3558 4277
3558 4798
3559 3573
3559 4726
3560 4123
3560 4591
3561 4121
3562 3793
3562 3891
3562 4876
3563 3836
3563 4810
3564 3727
3564 4834
3565 3568
3565 3697
3565 4021
3566 3634
3566 4189
3566 4937
3567 4194
3567 4698
3568 4724
3569 3703
3569 3747
3569 3797
3569 3878
3569 4327
3569 4549
3569 4641
3570 4053
3570 4394
3570 4450
3570 4708
3571 3754
3571 4340
3571 4395
3571 4499
3572 4231
3572 4497
3573 4148
3574 4160
3574 4995
3575 4266
3575 4699
3575 4786
3575 4952
3576 3819
3576 3897
3576 4228
3576 4304
3576 4380
3576 4654
3577 4115
3577 4498
3578 3717
3578 4963
3580 3675
3581 4081
3581 4842
3582 4080
3583 4394
3583 4767
3584 4188
3584 4894
3585 3748
3585 3919
3585 4235
3585 4277
3585 4769
3586 4119
3586 4125
3586 4163
3586 4849
3586 4851
3587 3591
3587 3708
3587 3984
3587 4209
3587 4322
3587 4590
3588 4271
3588 4868
3589 4253
3590 3676
3590 3783
3591 4657
3592 3813
3592 4489
3593 4376
3593 4560
3593 4599
3593 4997
3594 3932
3595 3629
3596 3787
3596 4558
3596 4821
3597 3703
3597 3817
3597 4056
3597 4163
3597 4241
3597 4376
3597 4823
3598 4030
3598 4236
3598 4626
3599 4121
3599 4384
3600 3711
3600 4002
3601 4298
3603 3885
3603 4891
3603 4905
3605 3786
3605 4732
3606 4016
3606 4328
3606 4517
3607 4888
3607 4947
3608 4421
3608 4626
3609 3767
3609 3872
3609 4753
3610 3965
3610 4128
3610 4244
3610 4605
3610 4734
3610 4737
3610 4940
3611 4236
3612 3870
3612 4081
3612 4251
3613 3763
3613 4092
3613 4362
3613 4948
3613 4973
3614 4016
3614 4039
3614 4417
3614 4835
3615 4182
3616 4793
3617 3657
3617 4200
3617 4512
3618 3785
3618 4712
3618 4975
3619 4100
3621 4176
3622 3791
3622 3953
3622 4387
3622 4646
3623 3669
3623 3748
3623 4625
3623 4773
3624 4269
3624 4777
3624 4858
3625 3858
3625 4010
3625 4770
3626 3896
3626 4351
3627 3870
3627 4196
3627 4823
3628 4279
3628 4488
3628 4976
3629 3831
3629 3999
3629 4437
3629 4845
3630 3765
3630 4195
3630 4205
3630 4817
3631 3809
3631 4524
3632 3715
3632 3875
3632 4023
3632 4730
3633 3827
3633 4142
3633 4280
3633 4872
3634 4679
3634 4808
3635 3681
3635 3693
3635 3836
3635 4104
3635 4519
3635 4935
3635 4976
3636 3850
3636 4216
3636 4289
3636 4624
3637 4017
3637 4362
3638 4113
3638 4320
3638 4436
3639 4182
3639 4232
3639 4389
3640 3814
3640 4021
3640 4399
3640 4744
3641 4293
3641 4632
3641 4822
3642 3873
3642 4276
3642 4488
3642 4540
3643 4273
3643 4503
3644 4261
3644 4333
3644 4631
3644 4953
3645 3994
3645 4219
3645 4575
3645 4597
3646 4649
3646 4686
3646 4927
3647 4832
3648 4212
3648 4804
3650 3691
3650 3782
3650 3952
3650 4353
3652 3752
3652 3796
3652 4821
3652 4931
3654 3948
3654 4042
3654 4345
3655 4595
3655 4796
3656 4188
3656 4380
3656 4544
3657 4651
3657 4853
3658 4123
3658 4413
3658 4765
3659 3986
3660 4914
3661 4168
3662 3909
3662 3976
3662 4060
3662 4849
3662 4935
3663 4234
3664 4532
3664 4705
3665 3877
3665 4184
3666 3912
3667 4818
3668 3923
3668 4034
3668 4103
3668 4132
3668 4845
3669 4580
3669 4649
3669 4920
3670 4188
3670 4560
3670 4628
3670 4987
3671 4439
3671 4445
3671 4927
3672 4021
3672 4134
3673 4219
3673 4388
3674 4509
3674 4823
3674 4890
3674 4907
3675 4078
3675 4182
3675 4205
3675 4447
3676 3984
3676 4444
3676 4767
3676 4878
3677 4727
3677 4755
3678 4090
3678 4491
3679 3745
3679 3835
3679 4446
3679 4925
3680 4133
3680 4325
3681 4218
3681 4473
3682 4500
3683 4429
3683 4855
3683 4925
3684 3871
3684 3902
3684 4221
3684 4638
3686 4148
3686 4222
3687 4500
3687 4544
3688 4758
3689 3942
3690 3710
3690 3755
3690 4506
3690 4810
3691 3964
3691 4155
3691 4602
3691 4693
3693 4205
3693 4448
3693 4524
3693 4654
3694 3996
3694 4417
3694 4949
3695 3989
3695 4398
3695 4607
3696 3897
3696 4594
3697 4250
3698 4123
3698 4516
3699 4981
3700 4101
3700 4629
3701 4014
3701 4103
3701 4481
3701 4819
3702 3975
3702 4561
3702 4623
3702 4988
3703 3864
3703 4133
3703 4216
3703 4450
3705 4169
3706 4484
3706 4752
3707 4597
3708 4558
3708 4620
3708 4656
3709 4140
3710 4281
3711 4479
3712 4784
3713 4510
3713 4599
3714 3955
3714 4114
3714 4924
3715 4766
3715 4897
3716 4353
3718 4102
3719 4200
3719 4290
3719 4849
3719 4951
3720 4434
3720 4611
3720 4785
3721 4254
3721 4551
3721 4964
3722 3750
3722 4272
3722 4497
3723 4538
3724 3852
3724 3867
3724 4172
3725 4268
3725 4906
3726 4277
3726 4642
3726 4701
3727 3897
3727 4240
3727 4522
3728 3755
3729 3764
3729 4815
3729 4945
3730 3840
3730 3968
3730 4310
3731 3759
3731 4082
3731 4477
3731 4551
3732 4248
3732 4359
3732 4381
3732 4537
3733 4556
3734 3747
3734 4353
3734 4713
3735 4265
3735 4411
3735 4475
3736 3887
3736 4693
3736 4886
3736 4924
3737 4722
3737 4736
3737 4769
3738 4078
3738 4311
3738 4825
3739 3822
3740 3882
3740 3928
3740 4300
3740 4750
3741 3964
3741 4625
3741 4734
3741 4997
3742 3840
3742 3914
3742 4439
3742 4915
3743 4901
3743 4916
3744 3763
3744 4491
3745 4320
3745 4655
3745 4827
3745 4844
3746 4335
3746 4364
3747 3819
3747 4275
3747 4938
3748 3789
3749 4586
3749 4592
3749 4752
3749 4866
3750 4532
3750 4567
3751 4257
3751 4781
3751 4848
3751 4948
3752 3964
3752 4782
3753 3809
3753 4249
3753 4285
3753 4612
3755 4537
3755 4588
3756 3945
3756 4001
3756 4357
3756 4548
3756 4800
3757 3851
3757 3923
3757 3943
3757 4399
3757 4458
3757 4842
3758 4218
3759 3775
3760 3910
3760 4340
3760 4771
3761 4782
3761 4863
3762 4266
3762 4608
3762 4768
3762 4779
3763 3965
3763 4525
3764 3924
3764 4253
3764 4281
3767 4013
3767 4920
3768 3987
3768 4006
3768 4447
3768 4571
3769 3794
3769 4117
3769 4341
3769 4643
3770 4035
3770 4616
3770 4745
3771 4710
3772 3999
3772 4557
3773 3893
3773 4823
3774 4282
3774 4497
3775 4385
3776 3978
3777 4608
3777 4856
3778 4704
3778 4901
3779 4281
3780 4159
3780 4284
3780 4546
3780 4976
3781 3987
3781 4156
3781 4655
3782 4066
3782 4570
3782 4875
3783 3878
3784 4170
3784 4286
3785 4771
3786 3945
3786 3983
3786 4007
3787 3826
3788 3862
3788 4307
3789 4250
3789 4543
3789 4826
3790 3845
3790 4928
3792 4408
3792 4698
3793 4254
3793 4734
3794 4154
3795 4716
3796 4238
3796 4782
3797 4413
3797 4743
3798 4078
3798 4098
3798 4226
3798 4531
3798 4625
3800 4234
3800 4866
3801 3841
3801 3944
3801 4003
3801 4234
3802 3873
3802 3993
3802 4118
3802 4623
3803 4638
3804 4355
3805 3986
3805 4626
3805 4927
3806 4456
3806 4738
3807 3839
3807 4739
3808 4294
3809 4047
3809 4191
3809 4593
3810 4003
3810 4040
3810 4061
3810 4171
3810 4715
3811 3903
3812 4100
3812 4623
3813 4059
3813 4340
3813 4522
3813 4526
3813 4935
3814 4322
3814 4415
3814 4949
3815 3933
3815 3980
3815 4580
3815 4852
3815 4946
3816 4733
3817 3916
3817 4243
3817 4794
3818 4357
3818 4779
3819 3892
3819 4327
3820 3891
3820 4199
3820 4402
3820 4422
3822 4160
3822 4260
3822 4421
3822 4991
3824 4021
3825 3864
3825 4797
3826 4111
3826 4329
3826 4609
3826 4798
3827 4004
3827 4383
3827 4870
3828 4445
3828 4713
3829 4264
3829 4568
3829 4824
3830 4007
3832 4481
3833 4174
3833 4707
3834 3886
3834 4501
3835 4423
3835 4841
3835 4896
3836 4130
3836 4277
3836 4716
3836 4812
3837 4048
3837 4396
3837 4609
3837 4830
3838 4293
3838 4371
3838 4424
3838 4862
3838 4871
3839 4565
3839 4752
3839 4953
3840 4042
3841 3916
3841 4859
3842 3984
3842 4430
3842 4979
3842 4980
3843 4433
3845 3986
3845 4000
3845 4211
3846 4032
3846 4043
3846 4300
3846 4910
3847 3982
3847 4076
3847 4228
3847 4613
3849 4375
3850 4095
3850 4219
3850 4309
3851 4290
3851 4919
3852 4140
3852 4240
3852 4571
3853 4203
3853 4282
3853 4964
3854 4020
3854 4142
3854 4231
3854 4409
3854 4790
3855 4279
3855 4528
3855 4798
3856 4219
3856 4403
3856 4609
3857 4293
3857 4407
3857 4940
3858 4453
3858 4566
3858 4802
3859 4381
3859 4466
3859 4526
3859 4590
3859 4969
3859 4990
3860 4719
3862 4050
3862 4441
3863 4323
3863 4584
3864 3902
3864 4432
3864 4669
3864 4850
3864 4968
3864 4984
3865 4159
3865 4956
3866 4552
3866 4839
3868 4166
3868 4752
3869 4221
3869 4470
3869 4789
3870 4117
3870 4623
3870 4777
3871 4233
3872 4870
3873 4528
3873 4686
3874 4010
3874 4934
3875 4017
3876 4892
3877 4591
3877 4727
3879 4336
3880 4749
3880 4924
3880 4942
3881 4018
3882 4076
3882 4472
3882 4759
3883 4048
3883 4109
3883 4383
3883 4444
3883 4699
3883 4788
3884 4111
3884 4321
3884 4718
3884 4876
3885 4307
3885 4975
3886 4198
3886 4584
3886 4783
3887 3971
3887 4058
3887 4718
3888 4311
3888 4437
3888 4767
3890 4064
3890 4440
3891 4805
3891 4984
3892 4466
3892 4807
3892 4932
3892 4973
3892 4977
3893 4102
3893 4131
3893 4505
3893 4563
3893 4958
3893 4997
3894 4116
3894 4533
3895 4271
3896 4156
3896 4311
3896 4427
3897 3929
3898 4203
3898 4230
3898 4276
3898 4342
3898 4532
3898 4659
3899 4018
3899 4655
3900 4824
3901 4429
3901 4475
3901 4795
3902 4049
3902 4520
3902 4974
3903 3918
3903 4828
3903 4910
3904 3911
3904 4060
3904 4442
3904 4531
3904 4860
3906 4040
3907 3944
3907 4255
3907 4533
3907 4627
3907 4650
3907 4716
3907 4767
3908 4670
3909 4657
3910 4433
3911 3960
3911 4732
3912 4705
3913 4061
3913 4192
3914 4176
3914 4182
3914 4367
3914 4814
3914 4821
3915 4064
3915 4425
3916 4015
3917 3986
3917 4420
3917 4519
3917 4955
3918 4529
3918 4656
3919 4248
3919 4446
3919 4571
3919 4920
3920 4629
3920 4730
3920 4842
3921 4229
3921 4882
3922 4792
3923 4068
3923 4188
3923 4297
3923 4481
3923 4532
3924 4135
3924 4416
3924 4474
3924 4949
3925 3928
3925 4147
3925 4415
3926 4110
3926 4195
3926 4568
3926 4897
3927 4010
3927 4047
3927 4285
3927 4720
3927 4901
3929 4573
3929 4957
3930 4275
3931 3958
3931 4764
3932 4067
3932 4406
3932 4481
3932 4857
3933 4111
3934 4633
3935 4339
3935 4353
3935 4664
3935 4913
3936 4083
3936 4743
3937 4129
3937 4527
3937 4544
3939 4447
3939 4463
3940 3977
3940 4213
3940 4329
3940 4679
3940 4705
3941 4337
3941 4367
3941 4553
3941 4745
3942 4023
3942 4060
3942 4659
3943 4028
3943 4257
3943 4419
3944 4127
3944 4335
3945 4110
3945 4250
3945 4406
3946 4479
3946 4571
3946 4883
3948 4085
3950 4458
3951 3971
3951 4054
3951 4872
3953 4162
3954 4284
3955 4546
3955 4836
3955 4895
3956 3991
3956 4721
3957 4141
3957 4814
3958 4052
3958 4409
3958 4632
3958 4933
3959 4042
3959 4626
3960 4391
3960 4959
3961 4550
3961 4767
3962 4082
3962 4292
3962 4763
3962 4806
3962 4816
3964 4472
3964 4943
3966 4032
3966 4571
3966 4603
3966 4830
3967 4547
3967 4618
3967 4655
3967 4920
3967 4936
3969 3991
3969 4273
3969 4308
3969 4482
3969 4636
3970 4477
3970 4758
3970 4846
3970 4969
3971 4071
3973 4129
3973 4149
3973 4274
3973 4991
3974 4108
3974 4109
3974 4562
3975 4028
3976 4017
3976 4230
3976 4537
3977 4609
3977 4769
3978 4327
3978 4980
3979 4626
3980 4069
3980 4573
3982 4579
3982 4810
3982 4853
3982 4935
3983 4540
3984 4562
3984 4950
3985 4569
3985 4571
3985 4623
3985 4710
3986 4947
3988 4527
3989 4075
3989 4084
3989 4395
3990 4533
3990 4592
3990 4847
3991 4570
3992 4133
3992 4511
3992 4960
3993 4167
3993 4334
3993 4386
3994 4592
3995 4406
3997 4808
3998 4441
3998 4630
3998 4733
3998 4807
3999 4415
4000 4507
4002 4342
4002 4415
4002 4416
4002 4428
4003 4430
4005 4321
4005 4572
4005 4981
4006 4155
4007 4094
4008 4042
4008 4637
4009 4142
4009 4342
4010 4201
4010 4470
4010 4641
4010 4662
4011 4112
4011 4939
4011 4962
4012 4225
4012 4253
4012 4806
4012 4889
4012 4938
4013 4083
4013 4781
4014 4513
4014 4722
4015 4335
4015 4466
4015 4738
4016 4655
4016 4759
4016 4918
4017 4694
4017 4799
4018 4327
4018 4361
4018 4681
4018 4955
4019 4062
4019 4763
4020 4062
4021 4206
4021 4635
4021 4802
4021 4927
4022 4134
4022 4937
4023 4994
4024 4156
4024 4391
4024 4858
4025 4078
4025 4175
4025 4256
4025 4517
4025 4740
4025 4845
4026 4331
4026 4398
4026 4563
4028 4448
4029 4052
4029 4130
4029 4150
4032 4294
4032 4302
4032 4392
4032 4713
4033 4282
4033 4532
4034 4249
4034 4260
4034 4878
4035 4292
4036 4812
4038 4697
4038 4956
4039 4155
4039 4440
4039 4700
4039 4801
4040 4899
4041 4517
4041 4863
4042 4585
4042 4941
4043 4863
4044 4586
4044 4954
4045 4462
4045 4912
4047 4179
4047 4602
4048 4448
4049 4314
4049 4954
4050 4607
4051 4347
4052 4789
4052 4809
4053 4564
4055 4987
4057 4465
4057 4476
4057 4530
4057 4532
4057 4813
4058 4411
4059 4194
4059 4987
4061 4433
4061 4440
4062 4394
4062 4892
4063 4335
4063 4961
4064 4649
4064 4850
4064 4945
4065 4289
4065 4719
4065 4806
4066 4309
4067 4327
4069 4673
4069 4734
4070 4524
4070 4530
4070 4797
4071 4675
4071 4717
4072 4430
4073 4545
4073 4726
4074 4086
4074 4685
4075 4591
4075 4990
4076 4809
4076 4889
4077 4230
4077 4299
4077 4457
4078 4316
4078 4818
4078 4829
4079 4411
4079 4797
4080 4561
4080 4836
4081 4437
4081 4769
4081 4786
4082 4273
4082 4425
4082 4701
4082 4848
4083 4352
4083 4639
4084 4673
4085 4241
4085 4248
4085 4286
4085 4363
4085 4443
4085 4448
4086 4301
4086 4735
4087 4269
4087 4580
4088 4564
4088 4842
4088 4986
4089 4457
4091 4468
4092 4878
4092 4913
4093 4172
4093 4864
4094 4707
4094 4792
4094 4884
4095 4286
4095 4630
4096 4635
4100 4941
4101 4299
4101 4772
4101 4919
4102 4345
4102 4789
4103 4109
4103 4412
4103 4637
4103 4750
4103 4997
4104 4336
4104 4446
4104 4860
4104 4923
4105 4202
4105 4675
4105 4855
4106 4354
4107 4477
4108 4229
4108 4987
4109 4165
4109 4898
4111 4467
4113 4777
4113 4827
4115 4136
4117 4252
4117 4543
4117 4731
4117 4883
4120 4241
4120 4269
4121 4321
4121 4915
4122 4385
4124 4157
4124 4706
4126 4369
4126 4940
4127 4660
4128 4529
4128 4587
4129 4359
4129 4525
4129 4916
4130 4173
4130 4526
4130 4738
4130 4959
4134 4164
4135 4569
4135 4679
4135 4687
4136 4304
4136 4380
4136 4426
4136 4566
4136 4848
4137 4216
4137 4976
4138 4542
4138 4850
4139 4731
4140 4498
4140 4820
4141 4209
4141 4919
4142 4250
4142 4456
4142 4807
4142 4842
4143 4347
4143 4495
4143 4547
4143 4800
4143 4966
4146 4230
4148 4603
4148 4611
4148 4810
4149 4708
4151 4485
4151 4709
4151 4930
4152 4283
4152 4332
4152 4771
4153 4201
4153 4887
4154 4560
4154 4987
4155 4590
4157 4306
4157 4938
4158 4256
4158 4348
4158 4504
4158 4771
4159 4563
4159 4750
4160 4692
4160 4993
4161 4504
4162 4278
4162 4445
4162 4478
4163 4255
4163 4794
4164 4223
4166 4295
4166 4608
4167 4511
4167 4770
4167 4915
4167 4962
4169 4456
4169 4592
4169 4938
4170 4848
4171 4423
4172 4669
4175 4606
4176 4241
4177 4288
4177 4814
4178 4664
4179 4983
4180 4207
4180 4480
4180 4677
4180 4875
4181 4437
4182 4265
4182 4649
4182 4785
4183 4671
4183 4940
4184 4801
4186 4329
4186 4580
4186 4614
4186 4967
4187 4278
4188 4815
4189 4997
4190 4932
4191 4758
4191 4806
4192 4682
4193 4868
4194 4358
4194 4787
4194 4956
4194 4980
4195 4524
4196 4651
4196 4678
4196 4783
4196 4979
4197 4681
4198 4970
4200 4592
4200 4720
4201 4610
4201 4828
4202 4231
4202 4735
4203 4863
4205 4343
4206 4243
4207 4594
4207 4678
4207 4817
4208 4662
4208 4810
4209 4698
4210 4469
4211 4258
4211 4399
4211 4588
4214 4604
4215 4459
4216 4451
4216 4614
4216 4850
4216 4890
4216 4966
4217 4283
4219 4676
4220 4523
4220 4834
4220 4865
4221 4423
4221 4736
4222 4351
4222 4449
4222 4789
4222 4879
4224 4771
4225 4394
4225 4606
4226 4980
4227 4593
4229 4526
4230 4530
4231 4843
4233 4568
4234 4759
4234 4817
4235 4496
4235 4614
4237 4322
4237 4499
4237 4787
4238 4446
4239 4312
4241 4576
4242 4651
4242 4720
4245 4422
4245 4497
4245 4968
4246 4749
4247 4740
4248 4884
4249 4615
4251 4525
4252 4530
4254 4901
4255 4504
4255 4730
4255 4951
4256 4452
4256 4725
4256 4769
4256 4813
4258 4537
4259 4517
4259 4696
4260 4599
4261 4897
4262 4884
4262 4888
4263 4403
4263 4580
4263 4891
4264 4833
4265 4599
4265 4699
4265 4917
4266 4330
4266 4475
4266 4577
4266 4589
4266 4723
4267 4480
4267 4638
4269 4563
4269 4598
4272 4830
4272 4872
4272 4905
4272 4994
4273 4684
4273 4841
4274 4366
4276 4449
4278 4491
4278 4905
4278 4963
4279 4348
4279 4417
4279 4690
4281 4460
4281 4607
4284 4590
4286 4503
4287 4478
4287 4575
4287 4723
4287 4896
4290 4930
4291 4841
4293 4402
4293 4472
4293 4473
4293 4788
4293 4864
4295 4562
4298 4357
4299 4619
4300 4873
4302 4701
4303 4676
4304 4684
4307 4387
4309 4313
4309 4707
4309 4851
4311 4420
4311 4840
4311 4943
4311 4959
4315 4740
4316 4738
4316 4814
4317 4690
4317 4750
4318 4454
4323 4384
4323 4531
4324 4351
4324 4962
4325 4424
4325 4439
4325 4451
4327 4381
4327 4548
4328 4375
4329 4391
4329 4592
4329 4857
4329 4926
4331 4696
4331 4748
4332 4551
4333 4571
4333 4601
4337 4410
4337 4533
4338 4497
4338 4831
4339 4868
4341 4364
4343 4447
4343 4620
4344 4365
4345 4641
4346 4494
4346 4567
4346 4580
4349 4959
4350 4385
4351 4727
4351 4735
4352 4360
4352 4431
4352 4709
4353 4821
4356 4438
4356 4557
4356 4575
4357 4804
4359 4469
4359 4626
4359 4832
4361 4590
4361 4608
4361 4702
4365 4640
4365 4948
4366 4756
4366 4759
4367 4799
4369 4625
4372 4822
4373 4375
4373 4385
4373 4882
4374 4433
4374 4617
4376 4793
4377 4614
4378 4601
4378 4662
4379 4509
4379 4990
4381 4898
4382 4487
4383 4669
4383 4951
4384 4492
4388 4977
4389 4674
4389 4977
4390 4780
4391 4436
4391 4482
4391 4563
4391 4685
4391 4849
4393 4720
4393 4785
4393 4833
4395 4399
4396 4420
4396 4488
4397 4688
4399 4912
4401 4552
4401 4691
4402 4965
4404 4442
4404 4995
4406 4627
4408 4506
4408 4719
4408 4995
4409 4699
4409 4886
4411 4541
4411 4869
4412 4569
4414 4505
4416 4901
4418 4667
4419 4444
4419 4651
4421 4935
4422 4686
4423 4681
4425 4616
4425 4765
4426 4922
4427 4658
4427 4828
4428 4495
4430 4550
4430 4555
4432 4888
4433 4813
4433 4818
4434 4497
4434 4758
4434 4780
4435 4481
4436 4593
4438 4711
4440 4954
4441 4494
4442 4481
4442 4636
4442 4997
4443 4554
4443 4893
4444 4910
4446 4579
4446 4618
4448 4560
4449 4506
4449 4804
4450 4924
4452 4964
4453 4958
4455 4500
4456 4665
4457 4712
4458 4544
4458 4627
4459 4776
4459 4794
4460 4537
4460 4605
4462 4738
4464 4967
4466 4705
4467 4800
4468 4571
4468 4583
4468 4884
4470 4479
4470 4830
4473 4574
4473 4653
4473 4874
4473 4907
4477 4492
4479 4613
4479 4908
4482 4992
4483 4867
4484 4569
4486 4693
4486 4768
4486 4946
4487 4635
4487 4710
4487 4905
4488 4822
4490 4782
4490 4854
4491 4774
4494 4505
4494 4527
4494 4828
4494 4914
4496 4548
4496 4967
4498 4669
4499 4758
4501 4964
4502 4763
4503 4786
4505 4942
4506 4912
4510 4524
4511 4540
4511 4593
4511 4893
4512 4797
4513 4701
4518 4562
4521 4599
4522 4716
4523 4578
4526 4916
4527 4610
4528 4871
4528 4994
4529 4776
4530 4730
4530 4864
4533 4838
4534 4855
4535 4755
4536 4758
4537 4768
4538 4761
4539 4935
4540 4558
4540 4816
4540 4850
4540 4961
4542 4595
4542 4643
4542 4702
4542 4841
4543 4602
4543 4775
4544 4806
4545 4934
4546 4892
4547 4697
4548 4604
4549 4882
4549 4911
4553 4577
4553 4767
4553 4960
4555 4565
4556 4565
4557 4942
4558 4796
4558 4910
4559 4643
4560 4982
4561 4992
4562 4866
4562 4998
4563 4750
4564 4683
4565 4570
4565 4790
4566 4977
4567 4784
4567 4790
4568 4856
4569 4589
4569 4679
4571 4980
4572 4744
4572 4915
4573 4616
4574 4736
4578 4883
4581 4949
4582 4942
4583 4606
4583 4613
4583 4653
4583 4906
4584 4783
4584 4980
4587 4926
4589 4852
4590 4664
4590 4828
4590 4880
4590 4913
4593 4786
4593 4805
4593 4820
4597 4698
4598 4736
4600 4960
4601 4697
4602 4907
4603 4828
4606 4943
4607 4910
4608 4712
4608 4872
4609 4839
4610 4851
4611 4923
4612 4769
4612 4812
4613 4648
4613 4886
4614 4725
4616 4622
4616 4806
4620 4772
4622 4703
4624 4668
4624 4837
4624 4933
4626 4720
4626 4855
4629 4879
4630 4751
4631 4650
4631 4725
4631 4966
4632 4898
4632 4914
4633 4747
4633 4814
4633 4991
4634 4730
4634 4893
4636 4812
4636 4846
4637 4706
4637 4801
4639 4817
4640 4841
4641 4647
4644 4758
4646 4798
4647 4714
4647 4808
4650 4826
4653 4786
4655 4664
4656 4977
4658 4673
4658 4767
4658 4981
4659 4661
4660 4702
4660 4833
4661 4958
4662 4703
4662 4717
4662 4990
4664 4665
4671 4923
4673 4677
4673 4715
4675 4709
4676 4694
4676 4810
4680 4776
4681 4896
4688 4697
4688 4950
4693 4972
4694 4939
4695 4789
4696 4982
4699 4900
4700 4719
4702 4703
4702 4738
4703 4854
4703 4867
4705 4965
4706 4925
4713 4765
4719 4751
4719 4896
4720 4825
4726 4743
4728 4924
4730 4891
4734 4968
4735 4806
4736 4921
4739 4981
4740 4981
4741 4928
4741 4932
4745 4947
4746 4852
4752 4956
4754 4896
4754 4978
4756 4994
4757 4796
4759 4974
4760 4793
4762 4912
4763 4923
4763 4975
4765 4872
4765 4964
4766 4773
4767 4788
4768 4797
4768 4815
4772 4790
4772 4959
4772 4996
4780 4923
4781 4885
4782 4865
4784 4955
4786 4822
4786 4866
4786 4920
4787 4898
4788 4866
4793 4907
4794 4892
4800 4919
4803 4865
4803 4952
4804 4885
4809 4863
4811 4981
4812 4818
4813 4819
4814 4995
4817 4982
4820 4982
4821 4899
4830 4972
4831 4949
4844 4901
4844 4934
4856 4896
4857 4908
4860 4944
4860 4969
4861 4907
4868 4939
4868 4940
4876 4915
4876 4925
4885 4947
4886 4949
4891 4982
4896 4988
4899 4967
4903 4939
4908 4923
4914 4997
4919 4996
4932 4956
4934 4986
4979 4982
