# Erdos-Renyi general graph G(n, p)
# nodes=500 edge_probability=0.14 seed=42 edges=17688
# first data line: '<node count> <edge count>', then one '<source> <target>' pair per line
500 17688
0 2
0 8
0 10
0 13
0 20
0 27
0 28
0 42
0 45
0 47
0 68
0 89
0 90
0 91
0 95
0 101
0 107
0 125
0 127
0 132
0 135
0 137
0 140
0 155
0 161
0 166
0 170
0 177
0 184
0 198
0 208
0 225
0 231
0 236
0 253
0 257
0 270
0 275
0 276
0 277
0 288
0 291
0 298
0 299
0 306
0 314
0 325
0 334
0 343
0 354
0 359
0 369
0 376
0 387
0 395
0 407
0 416
0 420
0 428
0 431
0 436
0 461
0 466
0 470
0 482
0 494
1 2
1 4
1 7
1 9
1 11
1 20
1 21
1 31
1 33
1 42
1 45
1 46
1 52
1 55
1 59
1 69
1 86
1 92
1 101
1 103
1 111
1 124
1 126
1 136
1 140
1 146
1 154
1 159
1 161
1 166
1 186
1 187
1 206
1 212
1 218
1 219
1 223
1 231
1 240
1 271
1 278
1 282
1 320
1 329
1 354
1 355
1 361
1 367
1 376
1 385
1 411
1 432
1 436
1 448
1 459
1 467
1 469
1 474
1 479
1 483
1 485
1 494
1 498
2 6
2 13
2 19
2 22
2 24
2 32
2 35
2 39
2 40
2 45
2 52
2 55
2 61
2 67
2 68
2 70
2 79
2 91
2 97
2 99
2 100
2 107
2 120
2 131
2 139
2 145
2 154
2 155
2 165
2 171
2 174
2 177
2 180
2 188
2 190
2 191
2 198
2 199
2 205
2 216
2 242
2 246
2 250
2 252
2 267
2 268
2 286
2 287
2 321
2 322
2 324
2 328
2 331
2 361
2 366
2 379
2 380
2 385
2 390
2 394
2 397
2 398
2 404
2 407
2 411
2 414
2 423
2 425
2 435
2 443
2 452
2 456
2 458
2 470
2 483
2 488
2 495
3 6
3 15
3 16
3 31
3 43
3 48
3 53
3 62
3 64
3 66
3 72
3 79
3 92
3 93
3 105
3 118
3 119
3 134
3 135
3 145
3 152
3 167
3 173
3 189
3 195
3 205
3 206
3 231
3 245
3 247
3 248
3 257
3 258
3 287
3 305
3 312
3 315
3 317
3 329
3 346
3 348
3 358
3 372
3 384
3 387
3 388
3 395
3 400
3 413
3 416
3 418
3 425
3 428
3 434
3 442
3 444
3 447
3 449
3 471
3 472
3 483
3 488
3 490
3 491
3 494
4 5
4 19
4 44
4 50
4 65
4 68
4 83
4 117
4 118
4 127
4 135
4 137
4 141
4 146
4 147
4 164
4 167
4 168
4 175
4 177
4 182
4 183
4 187
4 195
4 203
4 208
4 216
4 225
4 229
4 235
4 236
4 240
4 245
4 247
4 253
4 260
4 263
4 267
4 273
4 284
4 299
4 320
4 333
4 338
4 345
4 357
4 358
4 361
4 374
4 390
4 399
4 400
4 419
4 420
4 421
4 427
4 439
4 441
4 442
4 451
4 452
4 462
4 463
4 468
4 472
4 490
4 493
5 10
5 16
5 30
5 37
5 44
5 57
5 58
5 61
5 64
5 68
5 84
5 86
5 89
5 94
5 95
5 98
5 101
5 104
5 108
5 117
5 118
5 124
5 126
5 139
5 143
5 150
5 158
5 159
5 161
5 162
5 169
5 182
5 186
5 187
5 194
5 203
5 208
5 211
5 214
5 221
5 226
5 242
5 250
5 256
5 269
5 276
5 280
5 284
5 287
5 294
5 295
5 296
5 298
5 310
5 323
5 328
5 331
5 338
5 345
5 346
5 349
5 357
5 358
5 361
5 365
5 371
5 378
5 384
5 386
5 406
5 412
5 417
5 430
5 441
5 445
5 448
5 453
5 463
5 465
5 481
5 488
6 8
6 15
6 17
6 18
6 26
6 32
6 37
6 43
6 47
6 52
6 61
6 71
6 74
6 80
6 90
6 93
6 107
6 115
6 121
6 131
6 149
6 157
6 162
6 169
6 175
6 177
6 195
6 198
6 210
6 211
6 232
6 235
6 239
6 253
6 261
6 262
6 284
6 299
6 300
6 307
6 320
6 326
6 328
6 341
6 348
6 354
6 357
6 366
6 387
6 393
6 397
6 401
6 415
6 417
6 419
6 420
6 421
6 429
6 434
6 440
6 443
6 449
6 451
6 456
6 458
6 466
6 477
6 479
6 489
6 493
6 495
6 497
7 18
7 27
7 33
7 37
7 47
7 50
7 53
7 54
7 63
7 71
7 80
7 85
7 93
7 102
7 105
7 114
7 127
7 148
7 160
7 172
7 174
7 191
7 214
7 222
7 233
7 237
7 248
7 267
7 275
7 276
7 281
7 292
7 293
7 302
7 310
7 312
7 315
7 322
7 336
7 337
7 361
7 362
7 366
7 368
7 380
7 386
7 401
7 402
7 403
7 405
7 440
7 442
7 448
7 472
7 474
7 480
7 489
7 490
7 494
7 496
8 11
8 15
8 33
8 39
8 42
8 45
8 47
8 55
8 65
8 66
8 77
8 78
8 116
8 117
8 121
8 123
8 124
8 139
8 144
8 146
8 155
8 156
8 169
8 170
8 187
8 188
8 189
8 197
8 200
8 203
8 221
8 228
8 241
8 253
8 271
8 274
8 295
8 305
8 306
8 329
8 344
8 349
8 351
8 352
8 355
8 358
8 367
8 369
8 395
8 400
8 404
8 408
8 436
8 437
8 440
8 456
8 458
8 464
8 470
8 480
8 489
8 494
8 496
8 497
9 12
9 14
9 19
9 23
9 33
9 47
9 52
9 56
9 70
9 72
9 74
9 78
9 87
9 92
9 94
9 102
9 103
9 107
9 117
9 156
9 164
9 166
9 171
9 186
9 187
9 197
9 201
9 206
9 215
9 216
9 218
9 220
9 223
9 224
9 232
9 236
9 242
9 249
9 255
9 256
9 261
9 263
9 265
9 275
9 278
9 283
9 285
9 291
9 297
9 305
9 322
9 328
9 341
9 348
9 357
9 371
9 389
9 391
9 393
9 399
9 408
9 421
9 429
9 437
9 443
9 447
9 460
9 461
9 484
9 485
9 492
9 498
10 16
10 19
10 25
10 37
10 41
10 45
10 52
10 66
10 75
10 76
10 78
10 86
10 93
10 98
10 126
10 137
10 145
10 150
10 163
10 168
10 172
10 174
10 186
10 189
10 199
10 203
10 206
10 207
10 223
10 242
10 249
10 250
10 272
10 282
10 283
10 289
10 294
10 310
10 311
10 314
10 318
10 340
10 341
10 342
10 347
10 371
10 380
10 382
10 386
10 390
10 401
10 406
10 409
10 414
10 418
10 421
10 422
10 434
10 449
10 461
10 467
10 476
10 490
10 491
10 492
10 497
10 498
11 17
11 19
11 37
11 41
11 56
11 57
11 78
11 89
11 92
11 97
11 104
11 107
11 112
11 119
11 120
11 122
11 123
11 132
11 137
11 139
11 141
11 148
11 160
11 166
11 173
11 174
11 178
11 180
11 182
11 195
11 202
11 204
11 206
11 221
11 228
11 234
11 244
11 256
11 261
11 263
11 264
11 277
11 293
11 295
11 298
11 306
11 309
11 312
11 318
11 328
11 331
11 338
11 341
11 345
11 351
11 356
11 368
11 372
11 382
11 385
11 389
11 399
11 404
11 418
11 425
11 438
11 440
11 444
11 457
11 474
11 480
11 481
11 487
11 491
12 20
12 30
12 32
12 37
12 40
12 47
12 51
12 57
12 58
12 69
12 72
12 80
12 85
12 88
12 100
12 109
12 112
12 118
12 129
12 131
12 143
12 149
12 150
12 151
12 154
12 157
12 158
12 161
12 162
12 164
12 173
12 183
12 185
12 192
12 205
12 207
12 208
12 209
12 213
12 215
12 225
12 232
12 235
12 239
12 242
12 247
12 263
12 267
12 268
12 269
12 270
12 277
12 278
12 290
12 297
12 303
12 306
12 321
12 322
12 326
12 329
12 338
12 341
12 355
12 370
12 375
12 377
12 379
12 395
12 419
12 427
12 435
12 437
12 445
12 447
12 454
12 458
12 468
12 494
13 22
13 30
13 40
13 58
13 59
13 63
13 67
13 102
13 105
13 111
13 118
13 134
13 135
13 143
13 144
13 153
13 166
13 170
13 171
13 172
13 191
13 194
13 200
13 207
13 208
13 221
13 225
13 233
13 239
13 249
13 252
13 253
13 260
13 267
13 273
13 287
13 301
13 306
13 307
13 308
13 309
13 311
13 316
13 318
13 323
13 338
13 340
13 341
13 356
13 357
13 358
13 359
13 372
13 383
13 384
13 404
13 412
13 423
13 437
13 440
13 445
13 446
13 452
13 453
13 456
13 461
13 473
13 474
13 479
13 480
13 489
13 492
14 16
14 32
14 34
14 37
14 41
14 46
14 58
14 74
14 78
14 81
14 86
14 93
14 94
14 98
14 100
14 124
14 127
14 128
14 146
14 148
14 151
14 160
14 162
14 171
14 177
14 211
14 216
14 221
14 224
14 233
14 235
14 241
14 242
14 246
14 252
14 253
14 260
14 267
14 268
14 283
14 294
14 299
14 309
14 314
14 315
14 332
14 335
14 346
14 347
14 358
14 363
14 367
14 389
14 390
14 391
14 408
14 422
14 424
14 426
14 430
14 435
14 442
14 445
14 454
14 455
14 456
14 459
14 460
14 465
14 470
14 475
14 486
14 488
14 499
15 27
15 30
15 52
15 54
15 67
15 68
15 69
15 74
15 75
15 83
15 86
15 90
15 101
15 111
15 117
15 124
15 127
15 143
15 154
15 155
15 171
15 177
15 178
15 179
15 193
15 224
15 226
15 236
15 251
15 255
15 256
15 258
15 262
15 267
15 268
15 274
15 277
15 280
15 291
15 293
15 333
15 334
15 341
15 348
15 349
15 354
15 362
15 363
15 367
15 373
15 384
15 385
15 391
15 404
15 411
15 419
15 423
15 428
15 461
15 466
15 479
15 493
15 495
16 17
16 22
16 34
16 44
16 57
16 58
16 62
16 74
16 91
16 104
16 124
16 135
16 136
16 150
16 167
16 168
16 170
16 173
16 175
16 190
16 193
16 198
16 213
16 215
16 222
16 237
16 245
16 251
16 262
16 263
16 266
16 282
16 283
16 284
16 288
16 293
16 294
16 321
16 336
16 357
16 365
16 372
16 382
16 385
16 392
16 408
16 409
16 413
16 424
16 425
16 430
16 439
16 448
16 449
16 454
16 461
16 475
16 485
16 487
16 492
16 497
17 28
17 30
17 31
17 32
17 34
17 41
17 45
17 68
17 69
17 72
17 75
17 96
17 97
17 101
17 135
17 142
17 147
17 158
17 166
17 170
17 172
17 175
17 185
17 195
17 215
17 216
17 217
17 249
17 250
17 255
17 256
17 271
17 272
17 273
17 278
17 283
17 284
17 297
17 299
17 306
17 313
17 325
17 329
17 332
17 333
17 362
17 364
17 374
17 378
17 385
17 396
17 414
17 422
17 427
17 428
17 432
17 438
17 442
17 444
17 447
17 450
17 461
17 464
17 466
17 472
17 481
17 483
17 484
17 488
18 21
18 27
18 28
18 37
18 41
18 67
18 69
18 73
18 85
18 86
18 90
18 95
18 98
18 100
18 101
18 117
18 120
18 134
18 151
18 152
18 155
18 158
18 164
18 170
18 173
18 182
18 185
18 196
18 219
18 229
18 230
18 236
18 245
18 247
18 252
18 267
18 272
18 275
18 280
18 293
18 298
18 305
18 311
18 312
18 321
18 335
18 338
18 351
18 355
18 358
18 361
18 372
18 374
18 386
18 402
18 409
18 412
18 420
18 427
18 439
18 455
18 462
18 473
18 477
18 480
18 483
19 21
19 24
19 27
19 33
19 34
19 36
19 43
19 47
19 57
19 58
19 62
19 100
19 102
19 110
19 115
19 119
19 121
19 130
19 135
19 146
19 161
19 163
19 164
19 178
19 181
19 182
19 183
19 184
19 198
19 200
19 206
19 208
19 215
19 225
19 231
19 233
19 234
19 238
19 267
19 272
19 277
19 279
19 293
19 294
19 296
19 297
19 302
19 312
19 320
19 324
19 329
19 337
19 345
19 354
19 362
19 365
19 393
19 413
19 414
19 417
19 421
19 429
19 434
19 442
19 452
19 455
19 462
19 471
19 480
19 487
19 491
19 492
19 496
20 21
20 25
20 36
20 39
20 40
20 42
20 43
20 48
20 49
20 75
20 78
20 81
20 86
20 99
20 119
20 125
20 128
20 129
20 142
20 144
20 146
20 174
20 186
20 187
20 190
20 191
20 194
20 203
20 206
20 212
20 214
20 218
20 223
20 230
20 235
20 240
20 244
20 245
20 252
20 253
20 261
20 266
20 273
20 282
20 285
20 286
20 288
20 295
20 296
20 313
20 319
20 331
20 333
20 337
20 343
20 347
20 351
20 365
20 366
20 380
20 381
20 384
20 395
20 407
20 412
20 417
20 421
20 422
20 423
20 427
20 429
20 439
20 459
20 462
20 472
20 476
20 477
20 487
21 22
21 36
21 41
21 45
21 53
21 54
21 59
21 60
21 64
21 72
21 78
21 87
21 92
21 102
21 121
21 123
21 137
21 142
21 144
21 152
21 161
21 163
21 182
21 184
21 185
21 199
21 200
21 220
21 221
21 228
21 231
21 244
21 266
21 269
21 288
21 289
21 291
21 300
21 303
21 306
21 307
21 311
21 322
21 329
21 336
21 341
21 352
21 371
21 383
21 384
21 393
21 422
21 425
21 428
21 435
21 453
21 458
21 473
21 480
21 486
22 31
22 43
22 46
22 48
22 53
22 56
22 71
22 72
22 77
22 80
22 82
22 83
22 88
22 101
22 105
22 113
22 121
22 122
22 131
22 139
22 140
22 159
22 173
22 177
22 178
22 181
22 186
22 190
22 194
22 199
22 220
22 229
22 238
22 242
22 245
22 260
22 261
22 263
22 270
22 284
22 294
22 301
22 303
22 306
22 339
22 341
22 353
22 358
22 361
22 362
22 375
22 383
22 387
22 394
22 415
22 417
22 423
22 425
22 434
22 444
22 456
22 462
22 468
22 471
22 486
23 36
23 46
23 71
23 78
23 79
23 84
23 88
23 92
23 104
23 109
23 116
23 118
23 148
23 170
23 191
23 193
23 199
23 209
23 212
23 215
23 218
23 228
23 229
23 237
23 244
23 266
23 280
23 316
23 330
23 337
23 345
23 350
23 351
23 360
23 367
23 369
23 385
23 386
23 390
23 394
23 396
23 410
23 422
23 429
23 431
23 433
23 451
23 467
23 481
23 485
23 487
23 497
23 499
24 35
24 46
24 50
24 64
24 75
24 78
24 83
24 85
24 87
24 92
24 98
24 108
24 111
24 112
24 115
24 126
24 131
24 134
24 138
24 152
24 166
24 170
24 173
24 180
24 189
24 202
24 220
24 222
24 229
24 242
24 246
24 253
24 254
24 256
24 261
24 264
24 272
24 280
24 300
24 301
24 307
24 321
24 339
24 341
24 343
24 354
24 374
24 389
24 399
24 408
24 414
24 417
24 428
24 430
24 453
24 458
24 473
24 481
24 486
25 34
25 38
25 51
25 52
25 59
25 61
25 74
25 77
25 82
25 84
25 104
25 105
25 125
25 140
25 156
25 157
25 158
25 167
25 176
25 180
25 189
25 193
25 197
25 202
25 211
25 239
25 252
25 253
25 259
25 262
25 273
25 290
25 296
25 302
25 311
25 317
25 321
25 346
25 380
25 386
25 407
25 416
25 417
25 419
25 434
25 452
25 456
25 469
25 470
25 481
25 484
25 495
26 27
26 31
26 33
26 37
26 41
26 57
26 61
26 64
26 65
26 71
26 72
26 82
26 83
26 87
26 88
26 90
26 93
26 94
26 105
26 107
26 115
26 133
26 134
26 139
26 142
26 144
26 150
26 162
26 175
26 176
26 181
26 187
26 191
26 203
26 205
26 213
26 219
26 220
26 227
26 242
26 252
26 254
26 257
26 269
26 285
26 294
26 297
26 300
26 308
26 314
26 316
26 328
26 333
26 335
26 336
26 337
26 356
26 362
26 365
26 374
26 380
26 384
26 403
26 405
26 411
26 423
26 445
26 446
26 447
26 448
26 449
26 450
26 452
26 456
26 465
26 466
26 472
26 479
26 485
26 487
26 492
26 496
27 39
27 48
27 69
27 71
27 114
27 120
27 123
27 125
27 131
27 133
27 134
27 135
27 138
27 152
27 154
27 156
27 161
27 167
27 168
27 173
27 181
27 187
27 188
27 199
27 208
27 213
27 218
27 227
27 228
27 235
27 239
27 244
27 252
27 260
27 267
27 269
27 270
27 272
27 275
27 277
27 284
27 290
27 293
27 303
27 307
27 314
27 325
27 326
27 327
27 351
27 375
27 405
27 415
27 421
27 425
27 436
27 456
27 461
27 468
27 475
27 476
28 37
28 49
28 64
28 66
28 68
28 69
28 80
28 81
28 94
28 95
28 98
28 105
28 109
28 111
28 112
28 113
28 115
28 122
28 126
28 128
28 158
28 168
28 177
28 182
28 202
28 205
28 211
28 213
28 217
28 221
28 231
28 234
28 245
28 246
28 250
28 255
28 283
28 294
28 300
28 304
28 311
28 313
28 327
28 328
28 330
28 333
28 338
28 340
28 347
28 350
28 359
28 365
28 370
28 373
28 391
28 393
28 394
28 397
28 403
28 411
28 414
28 415
28 424
28 432
28 451
28 473
28 489
28 495
29 42
29 47
29 55
29 58
29 59
29 68
29 73
29 77
29 83
29 85
29 89
29 92
29 115
29 123
29 133
29 135
29 144
29 148
29 149
29 155
29 162
29 165
29 171
29 173
29 176
29 185
29 207
29 212
29 213
29 216
29 225
29 231
29 239
29 246
29 258
29 266
29 269
29 271
29 272
29 277
29 284
29 285
29 314
29 321
29 332
29 343
29 348
29 350
29 362
29 368
29 370
29 393
29 400
29 404
29 407
29 415
29 418
29 434
29 438
29 451
29 456
29 459
29 472
29 476
29 478
30 41
30 44
30 45
30 54
30 59
30 62
30 64
30 66
30 70
30 73
30 76
30 81
30 87
30 88
30 89
30 91
30 93
30 98
30 101
30 128
30 130
30 132
30 134
30 154
30 157
30 164
30 170
30 172
30 173
30 176
30 179
30 191
30 194
30 213
30 223
30 232
30 233
30 253
30 255
30 257
30 271
30 272
30 303
30 307
30 308
30 310
30 311
30 321
30 324
30 329
30 330
30 332
30 333
30 350
30 354
30 370
30 372
30 373
30 375
30 376
30 383
30 385
30 390
30 409
30 425
30 426
30 429
30 434
30 458
30 475
30 484
30 486
31 40
31 43
31 51
31 59
31 68
31 76
31 90
31 97
31 101
31 106
31 109
31 111
31 113
31 115
31 127
31 134
31 141
31 150
31 152
31 159
31 160
31 174
31 195
31 198
31 202
31 214
31 221
31 241
31 245
31 262
31 264
31 273
31 280
31 283
31 289
31 297
31 300
31 302
31 312
31 335
31 340
31 360
31 374
31 402
31 422
31 425
31 428
31 434
31 442
31 447
31 450
31 455
31 463
31 474
31 480
31 483
31 488
31 491
31 493
31 496
32 35
32 40
32 63
32 70
32 73
32 80
32 86
32 87
32 89
32 94
32 112
32 127
32 131
32 133
32 135
32 136
32 142
32 146
32 172
32 174
32 232
32 233
32 239
32 250
32 275
32 288
32 289
32 296
32 303
32 311
32 316
32 319
32 323
32 329
32 332
32 333
32 335
32 337
32 348
32 358
32 361
32 368
32 373
32 381
32 388
32 391
32 392
32 394
32 403
32 407
32 415
32 417
32 422
32 424
32 438
32 448
32 457
32 461
32 466
32 467
32 471
32 474
32 483
32 489
32 494
32 495
33 38
33 47
33 48
33 49
33 62
33 68
33 77
33 80
33 82
33 87
33 93
33 96
33 98
33 120
33 123
33 138
33 145
33 151
33 152
33 155
33 158
33 172
33 187
33 198
33 202
33 205
33 209
33 211
33 213
33 229
33 230
33 238
33 248
33 265
33 268
33 269
33 271
33 279
33 289
33 298
33 312
33 318
33 321
33 324
33 330
33 331
33 333
33 336
33 339
33 345
33 356
33 357
33 380
33 385
33 389
33 397
33 398
33 400
33 409
33 413
33 415
33 419
33 432
33 435
33 450
33 451
33 461
33 466
33 483
33 486
33 494
33 497
34 38
34 45
34 53
34 56
34 66
34 74
34 82
34 92
34 104
34 113
34 118
34 122
34 127
34 130
34 141
34 164
34 169
34 190
34 194
34 198
34 200
34 201
34 215
34 227
34 231
34 233
34 236
34 240
34 249
34 250
34 261
34 263
34 275
34 278
34 288
34 289
34 295
34 296
34 300
34 301
34 308
34 315
34 333
34 338
34 339
34 346
34 348
34 350
34 359
34 362
34 366
34 367
34 376
34 380
34 401
34 409
34 416
34 418
34 426
34 435
34 436
34 444
34 452
34 457
34 463
34 465
34 467
34 473
34 476
34 477
34 480
34 485
34 499
35 48
35 51
35 53
35 74
35 92
35 93
35 98
35 111
35 118
35 119
35 120
35 123
35 125
35 130
35 133
35 140
35 142
35 143
35 144
35 150
35 155
35 156
35 167
35 180
35 183
35 184
35 190
35 193
35 201
35 218
35 219
35 228
35 232
35 247
35 256
35 262
35 265
35 273
35 275
35 276
35 281
35 289
35 292
35 306
35 311
35 321
35 324
35 326
35 328
35 336
35 354
35 361
35 363
35 364
35 382
35 383
35 388
35 402
35 405
35 411
35 412
35 414
35 415
35 417
35 421
35 425
35 429
35 431
35 432
35 434
35 446
35 448
35 449
35 450
35 464
35 470
35 476
35 491
36 45
36 49
36 51
36 53
36 58
36 80
36 87
36 94
36 102
36 135
36 138
36 148
36 162
36 182
36 189
36 192
36 197
36 200
36 215
36 221
36 234
36 237
36 243
36 248
36 249
36 253
36 258
36 259
36 263
36 268
36 300
36 313
36 314
36 316
36 320
36 325
36 328
36 337
36 349
36 385
36 391
36 400
36 405
36 412
36 415
36 424
36 429
36 431
36 440
36 441
36 445
36 448
36 450
36 467
36 470
36 473
36 488
36 489
36 498
36 499
37 38
37 39
37 50
37 62
37 67
37 69
37 74
37 81
37 84
37 118
37 139
37 153
37 154
37 157
37 159
37 161
37 172
37 174
37 186
37 187
37 211
37 221
37 228
37 238
37 250
37 254
37 259
37 275
37 279
37 280
37 289
37 295
37 303
37 306
37 314
37 318
37 326
37 333
37 341
37 347
37 352
37 362
37 379
37 381
37 382
37 383
37 386
37 392
37 395
37 411
37 412
37 420
37 423
37 433
37 440
37 447
37 478
37 480
37 486
38 44
38 51
38 53
38 56
38 63
38 65
38 79
38 81
38 84
38 87
38 89
38 106
38 108
38 115
38 118
38 123
38 130
38 139
38 142
38 144
38 147
38 150
38 151
38 158
38 174
38 206
38 214
38 222
38 227
38 236
38 239
38 249
38 270
38 281
38 284
38 286
38 293
38 307
38 312
38 321
38 337
38 342
38 349
38 354
38 363
38 371
38 381
38 397
38 398
38 402
38 403
38 407
38 412
38 414
38 423
38 426
38 442
38 452
38 456
38 465
38 471
38 498
38 499
39 41
39 43
39 45
39 57
39 72
39 74
39 82
39 87
39 91
39 95
39 106
39 108
39 120
39 135
39 173
39 188
39 189
39 204
39 211
39 212
39 221
39 238
39 250
39 252
39 255
39 263
39 265
39 266
39 272
39 278
39 286
39 313
39 317
39 318
39 328
39 334
39 337
39 338
39 351
39 354
39 356
39 362
39 373
39 381
39 391
39 397
39 401
39 412
39 417
39 429
39 433
39 440
39 441
39 444
39 454
39 456
39 457
39 468
39 471
39 486
39 496
39 498
40 52
40 58
40 63
40 66
40 67
40 72
40 75
40 77
40 80
40 83
40 89
40 97
40 102
40 105
40 115
40 135
40 138
40 142
40 144
40 149
40 150
40 151
40 153
40 157
40 171
40 178
40 184
40 185
40 188
40 190
40 200
40 208
40 216
40 217
40 223
40 225
40 228
40 229
40 236
40 237
40 242
40 243
40 245
40 252
40 274
40 281
40 282
40 285
40 286
40 301
40 306
40 316
40 317
40 318
40 324
40 337
40 340
40 349
40 352
40 364
40 367
40 368
40 371
40 373
40 374
40 378
40 383
40 388
40 412
40 415
40 432
40 445
40 462
40 464
40 479
40 480
40 495
41 44
41 61
41 74
41 79
41 82
41 88
41 90
41 95
41 96
41 102
41 103
41 111
41 120
41 122
41 129
41 130
41 136
41 142
41 143
41 149
41 150
41 152
41 163
41 171
41 180
41 185
41 191
41 199
41 218
41 238
41 248
41 262
41 280
41 282
41 286
41 290
41 311
41 327
41 336
41 347
41 350
41 355
41 363
41 372
41 384
41 396
41 408
41 410
41 420
41 424
41 432
41 442
41 444
41 450
41 456
41 462
41 470
41 485
41 492
41 498
42 50
42 55
42 57
42 60
42 64
42 78
42 83
42 88
42 89
42 90
42 92
42 103
42 106
42 112
42 115
42 121
42 143
42 149
42 153
42 155
42 163
42 180
42 181
42 183
42 196
42 203
42 213
42 220
42 222
42 229
42 236
42 262
42 280
42 282
42 285
42 293
42 313
42 327
42 336
42 339
42 341
42 343
42 348
42 351
42 354
42 355
42 360
42 366
42 373
42 378
42 387
42 391
42 393
42 395
42 408
42 414
42 417
42 434
42 451
42 453
42 461
42 473
43 50
43 53
43 57
43 58
43 63
43 74
43 85
43 89
43 107
43 123
43 126
43 129
43 137
43 140
43 141
43 146
43 157
43 164
43 173
43 179
43 185
43 190
43 196
43 211
43 213
43 216
43 221
43 227
43 235
43 236
43 239
43 240
43 244
43 252
43 265
43 274
43 278
43 285
43 286
43 287
43 288
43 307
43 317
43 318
43 332
43 336
43 339
43 344
43 368
43 375
43 382
43 383
43 390
43 392
43 422
43 427
43 432
43 435
43 438
43 445
43 454
43 461
43 470
43 475
43 494
43 499
44 50
44 60
44 64
44 67
44 72
44 76
44 80
44 89
44 93
44 101
44 107
44 123
44 132
44 136
44 150
44 153
44 154
44 157
44 160
44 162
44 169
44 175
44 183
44 198
44 199
44 206
44 209
44 215
44 217
44 219
44 225
44 230
44 234
44 238
44 249
44 256
44 262
44 274
44 282
44 286
44 296
44 299
44 300
44 303
44 306
44 308
44 313
44 317
44 327
44 331
44 334
44 344
44 352
44 353
44 373
44 386
44 389
44 391
44 394
44 398
44 400
44 404
44 405
44 407
44 416
44 421
44 423
44 425
44 445
44 447
44 456
44 469
44 473
44 493
44 499
45 57
45 61
45 64
45 73
45 74
45 92
45 96
45 98
45 100
45 102
45 108
45 113
45 140
45 156
45 172
45 176
45 177
45 189
45 196
45 214
45 218
45 223
45 236
45 246
45 251
45 253
45 257
45 258
45 272
45 276
45 277
45 283
45 303
45 312
45 322
45 325
45 331
45 348
45 350
45 363
45 367
45 375
45 377
45 384
45 387
45 388
45 396
45 404
45 454
45 457
45 469
45 484
45 494
45 499
46 48
46 74
46 85
46 93
46 94
46 96
46 110
46 112
46 130
46 146
46 154
46 156
46 161
46 164
46 169
46 170
46 175
46 194
46 196
46 215
46 217
46 225
46 228
46 234
46 242
46 257
46 264
46 270
46 276
46 280
46 286
46 296
46 300
46 305
46 312
46 314
46 319
46 328
46 336
46 340
46 348
46 351
46 368
46 377
46 390
46 398
46 403
46 410
46 412
46 413
46 418
46 423
46 427
46 429
46 430
46 431
46 437
46 439
46 441
46 448
46 451
46 457
46 461
46 462
46 464
46 471
46 476
46 478
46 480
46 485
46 492
46 493
46 494
46 498
47 48
47 51
47 54
47 55
47 60
47 73
47 80
47 151
47 168
47 179
47 180
47 184
47 189
47 190
47 197
47 198
47 205
47 208
47 228
47 229
47 234
47 240
47 254
47 256
47 259
47 266
47 277
47 278
47 287
47 290
47 291
47 297
47 309
47 323
47 325
47 326
47 329
47 332
47 335
47 337
47 339
47 342
47 347
47 348
47 351
47 355
47 356
47 357
47 361
47 375
47 379
47 381
47 388
47 392
47 405
47 406
47 423
47 424
47 438
47 448
47 453
47 459
47 464
47 472
47 473
47 478
47 494
47 496
48 49
48 55
48 66
48 77
48 80
48 89
48 92
48 99
48 100
48 101
48 105
48 111
48 115
48 126
48 148
48 149
48 150
48 157
48 160
48 163
48 168
48 182
48 189
48 190
48 191
48 198
48 220
48 223
48 225
48 226
48 234
48 237
48 238
48 251
48 253
48 255
48 263
48 267
48 275
48 280
48 300
48 307
48 314
48 326
48 331
48 334
48 339
48 341
48 342
48 343
48 344
48 348
48 353
48 358
48 359
48 366
48 370
48 371
48 389
48 393
48 403
48 404
48 440
48 442
48 443
48 445
48 450
48 452
48 454
48 461
48 467
48 482
48 496
49 56
49 64
49 72
49 73
49 74
49 93
49 110
49 115
49 120
49 123
49 126
49 127
49 135
49 142
49 144
49 147
49 155
49 163
49 168
49 172
49 174
49 185
49 191
49 200
49 224
49 228
49 238
49 249
49 252
49 257
49 278
49 282
49 288
49 290
49 291
49 327
49 333
49 346
49 347
49 351
49 352
49 355
49 359
49 360
49 364
49 365
49 382
49 385
49 397
49 400
49 412
49 413
49 418
49 420
49 445
49 447
49 448
49 449
49 452
49 454
49 455
49 459
49 476
49 484
49 495
49 498
50 52
50 64
50 68
50 74
50 83
50 92
50 104
50 108
50 117
50 122
50 142
50 149
50 154
50 156
50 157
50 160
50 163
50 174
50 176
50 179
50 183
50 186
50 198
50 202
50 205
50 206
50 211
50 232
50 241
50 272
50 293
50 295
50 300
50 318
50 320
50 324
50 325
50 326
50 328
50 330
50 336
50 349
50 364
50 365
50 381
50 389
50 391
50 400
50 409
50 411
50 413
50 417
50 419
50 421
50 428
50 432
50 456
50 465
50 472
50 475
50 486
50 487
50 492
50 497
51 52
51 59
51 62
51 63
51 71
51 76
51 77
51 78
51 81
51 91
51 93
51 104
51 119
51 124
51 125
51 128
51 130
51 132
51 135
51 138
51 143
51 157
51 162
51 168
51 169
51 170
51 188
51 189
51 208
51 216
51 222
51 225
51 232
51 238
51 247
51 262
51 274
51 289
51 292
51 295
51 297
51 301
51 303
51 307
51 313
51 326
51 329
51 330
51 339
51 352
51 360
51 366
51 373
51 377
51 390
51 392
51 396
51 400
51 415
51 424
51 426
51 431
51 444
51 454
51 458
51 465
51 474
51 487
51 494
51 498
52 58
52 70
52 85
52 90
52 99
52 108
52 116
52 119
52 126
52 140
52 141
52 153
52 171
52 180
52 182
52 206
52 209
52 213
52 217
52 231
52 239
52 243
52 257
52 260
52 261
52 274
52 286
52 292
52 299
52 300
52 301
52 321
52 325
52 327
52 328
52 333
52 336
52 346
52 373
52 385
52 407
52 413
52 415
52 422
52 427
52 431
52 450
52 456
52 459
52 462
52 469
52 476
52 477
52 484
52 488
53 56
53 58
53 62
53 64
53 68
53 80
53 81
53 82
53 91
53 98
53 102
53 111
53 123
53 125
53 139
53 144
53 149
53 157
53 163
53 167
53 173
53 181
53 190
53 191
53 195
53 196
53 198
53 206
53 207
53 209
53 211
53 237
53 239
53 242
53 244
53 249
53 250
53 255
53 257
53 264
53 280
53 282
53 293
53 300
53 309
53 318
53 321
53 335
53 344
53 360
53 364
53 367
53 368
53 369
53 382
53 409
53 412
53 437
53 461
53 477
53 485
53 487
54 60
54 68
54 75
54 88
54 89
54 92
54 93
54 97
54 106
54 110
54 122
54 129
54 139
54 154
54 169
54 173
54 177
54 185
54 225
54 231
54 249
54 254
54 265
54 282
54 314
54 318
54 319
54 323
54 324
54 330
54 336
54 359
54 362
54 368
54 418
54 450
54 451
54 466
54 472
54 476
54 478
54 479
54 480
54 485
54 486
54 497
55 58
55 67
55 71
55 75
55 90
55 91
55 105
55 111
55 112
55 115
55 120
55 122
55 128
55 132
55 141
55 152
55 157
55 164
55 166
55 167
55 169
55 172
55 178
55 193
55 196
55 197
55 213
55 244
55 256
55 265
55 266
55 302
55 305
55 324
55 328
55 341
55 359
55 365
55 369
55 379
55 384
55 405
55 410
55 413
55 430
55 447
55 448
55 449
55 454
55 458
55 463
55 466
55 468
55 484
55 491
56 63
56 71
56 72
56 73
56 78
56 82
56 91
56 104
56 111
56 125
56 169
56 176
56 177
56 181
56 187
56 190
56 193
56 204
56 217
56 237
56 240
56 248
56 267
56 275
56 300
56 302
56 308
56 311
56 324
56 325
56 327
56 328
56 329
56 339
56 346
56 351
56 354
56 372
56 377
56 383
56 389
56 397
56 399
56 401
56 402
56 420
56 421
56 431
56 433
56 444
56 459
56 463
56 473
56 477
56 479
57 62
57 65
57 72
57 73
57 79
57 90
57 93
57 96
57 103
57 107
57 108
57 111
57 124
57 131
57 132
57 133
57 152
57 159
57 162
57 171
57 174
57 181
57 182
57 184
57 186
57 197
57 218
57 223
57 233
57 234
57 258
57 259
57 262
57 269
57 275
57 277
57 279
57 289
57 290
57 312
57 315
57 323
57 325
57 330
57 332
57 337
57 338
57 343
57 348
57 360
57 361
57 364
57 380
57 382
57 390
57 426
57 454
57 460
57 468
57 472
57 474
57 475
57 476
57 488
57 493
58 59
58 68
58 69
58 72
58 73
58 74
58 79
58 81
58 82
58 90
58 91
58 93
58 102
58 111
58 114
58 126
58 127
58 131
58 133
58 138
58 142
58 145
58 152
58 155
58 159
58 170
58 195
58 198
58 204
58 219
58 230
58 235
58 256
58 257
58 269
58 279
58 286
58 291
58 305
58 309
58 312
58 325
58 328
58 329
58 333
58 337
58 340
58 342
58 345
58 359
58 381
58 386
58 388
58 394
58 395
58 396
58 399
58 407
58 413
58 416
58 435
58 446
58 447
58 450
58 457
58 483
58 497
59 65
59 76
59 81
59 99
59 100
59 104
59 120
59 129
59 130
59 145
59 151
59 159
59 172
59 185
59 196
59 200
59 206
59 214
59 234
59 238
59 239
59 240
59 246
59 252
59 254
59 257
59 265
59 270
59 291
59 297
59 308
59 315
59 333
59 334
59 336
59 339
59 344
59 348
59 352
59 354
59 367
59 373
59 374
59 382
59 391
59 397
59 398
59 402
59 414
59 437
59 448
59 457
59 462
59 466
59 479
59 490
59 495
59 498
59 499
60 65
60 70
60 72
60 82
60 83
60 85
60 88
60 90
60 91
60 95
60 96
60 105
60 135
60 142
60 160
60 167
60 172
60 181
60 194
60 195
60 197
60 201
60 222
60 232
60 244
60 252
60 256
60 262
60 287
60 289
60 309
60 319
60 324
60 325
60 328
60 334
60 338
60 339
60 350
60 359
60 368
60 370
60 380
60 386
60 392
60 408
60 409
60 430
60 438
60 440
60 446
60 468
61 62
61 63
61 79
61 90
61 97
61 110
61 113
61 114
61 119
61 120
61 123
61 129
61 133
61 142
61 147
61 179
61 190
61 192
61 193
61 201
61 219
61 231
61 248
61 253
61 265
61 276
61 277
61 278
61 280
61 283
61 285
61 288
61 291
61 294
61 299
61 303
61 321
61 323
61 327
61 328
61 334
61 337
61 343
61 365
61 380
61 383
61 392
61 396
61 397
61 400
61 401
61 405
61 410
61 457
61 471
61 472
61 479
61 483
61 486
61 493
61 495
62 63
62 67
62 96
62 99
62 102
62 110
62 111
62 121
62 125
62 128
62 135
62 141
62 149
62 157
62 165
62 166
62 175
62 176
62 182
62 192
62 203
62 204
62 205
62 208
62 243
62 251
62 252
62 254
62 264
62 266
62 268
62 270
62 275
62 276
62 279
62 302
62 313
62 322
62 331
62 335
62 336
62 345
62 346
62 349
62 358
62 376
62 386
62 389
62 398
62 414
62 424
62 431
62 437
62 449
62 456
62 464
62 470
62 476
62 478
62 490
62 497
63 67
63 71
63 98
63 102
63 112
63 123
63 124
63 145
63 151
63 172
63 173
63 175
63 178
63 203
63 204
63 224
63 229
63 231
63 238
63 253
63 257
63 259
63 263
63 276
63 283
63 300
63 306
63 308
63 313
63 326
63 338
63 341
63 343
63 347
63 351
63 355
63 362
63 364
63 370
63 372
63 375
63 392
63 395
63 396
63 397
63 412
63 422
63 426
63 427
63 431
63 440
63 456
63 457
63 459
63 464
63 478
63 481
64 65
64 67
64 73
64 76
64 80
64 82
64 93
64 100
64 115
64 118
64 131
64 134
64 138
64 147
64 150
64 153
64 170
64 176
64 177
64 190
64 198
64 200
64 202
64 207
64 220
64 221
64 233
64 249
64 250
64 253
64 279
64 291
64 294
64 299
64 300
64 313
64 314
64 320
64 322
64 333
64 334
64 336
64 344
64 346
64 371
64 384
64 393
64 401
64 404
64 416
64 427
64 428
64 434
64 441
64 445
64 455
64 460
64 471
64 484
64 489
64 492
64 496
64 498
65 71
65 102
65 117
65 120
65 122
65 123
65 125
65 134
65 137
65 147
65 152
65 166
65 172
65 189
65 190
65 193
65 200
65 209
65 247
65 255
65 262
65 271
65 276
65 291
65 294
65 299
65 300
65 307
65 325
65 328
65 333
65 340
65 341
65 344
65 346
65 369
65 375
65 377
65 382
65 383
65 387
65 392
65 394
65 408
65 413
65 414
65 418
65 419
65 421
65 422
65 431
65 469
65 472
65 475
65 480
65 498
66 69
66 77
66 81
66 84
66 85
66 86
66 89
66 93
66 98
66 119
66 126
66 131
66 142
66 143
66 164
66 196
66 205
66 206
66 218
66 234
66 243
66 246
66 252
66 278
66 281
66 284
66 310
66 311
66 316
66 319
66 321
66 331
66 352
66 353
66 356
66 365
66 400
66 415
66 418
66 427
66 436
66 444
66 460
66 464
66 476
66 482
66 488
66 490
66 493
66 497
67 68
67 72
67 73
67 87
67 91
67 92
67 96
67 98
67 100
67 101
67 112
67 113
67 129
67 130
67 131
67 135
67 147
67 148
67 157
67 167
67 168
67 172
67 175
67 184
67 186
67 187
67 190
67 211
67 215
67 217
67 228
67 229
67 236
67 251
67 254
67 262
67 265
67 282
67 285
67 293
67 294
67 298
67 303
67 308
67 312
67 328
67 331
67 347
67 352
67 358
67 362
67 364
67 366
67 378
67 384
67 391
67 417
67 426
67 427
67 428
67 449
67 450
67 458
67 459
67 466
67 472
67 481
67 487
67 497
67 499
68 87
68 89
68 90
68 97
68 116
68 131
68 133
68 143
68 163
68 169
68 170
68 192
68 194
68 207
68 208
68 213
68 216
68 218
68 221
68 229
68 233
68 246
68 265
68 270
68 271
68 272
68 273
68 280
68 287
68 301
68 311
68 320
68 323
68 324
68 326
68 327
68 336
68 337
68 344
68 347
68 348
68 358
68 372
68 377
68 378
68 383
68 388
68 417
68 429
68 432
68 442
68 443
68 447
68 456
68 458
68 490
68 492
68 497
69 70
69 83
69 84
69 96
69 103
69 104
69 105
69 117
69 119
69 127
69 132
69 133
69 137
69 144
69 148
69 155
69 159
69 160
69 161
69 164
69 175
69 184
69 185
69 191
69 193
69 194
69 199
69 204
69 210
69 211
69 227
69 230
69 233
69 241
69 253
69 261
69 275
69 284
69 289
69 293
69 307
69 321
69 323
69 327
69 330
69 334
69 335
69 345
69 354
69 358
69 362
69 363
69 364
69 370
69 374
69 388
69 404
69 407
69 416
69 420
69 422
69 432
69 437
69 438
69 441
69 445
69 449
69 450
69 451
69 457
69 458
69 470
69 472
69 474
69 492
70 89
70 92
70 111
70 114
70 115
70 121
70 136
70 137
70 139
70 146
70 155
70 158
70 161
70 207
70 212
70 217
70 222
70 229
70 232
70 233
70 234
70 235
70 236
70 238
70 264
70 270
70 272
70 273
70 277
70 290
70 293
70 294
70 298
70 300
70 303
70 309
70 310
70 317
70 329
70 330
70 332
70 337
70 346
70 348
70 355
70 358
70 360
70 363
70 365
70 369
70 372
70 374
70 387
70 396
70 401
70 403
70 410
70 414
70 422
70 443
70 450
70 458
70 462
70 472
70 478
70 486
70 487
70 497
71 76
71 82
71 88
71 91
71 97
71 99
71 107
71 118
71 120
71 121
71 124
71 128
71 129
71 161
71 174
71 183
71 185
71 191
71 210
71 211
71 229
71 238
71 264
71 266
71 270
71 274
71 275
71 282
71 283
71 286
71 292
71 304
71 332
71 333
71 336
71 339
71 350
71 353
71 360
71 362
71 368
71 378
71 379
71 393
71 407
71 418
71 423
71 425
71 431
71 436
71 438
71 441
71 444
71 450
71 464
71 466
71 469
71 475
71 478
71 479
71 480
71 481
72 77
72 79
72 88
72 92
72 101
72 102
72 114
72 128
72 135
72 140
72 159
72 173
72 177
72 184
72 195
72 207
72 208
72 211
72 212
72 222
72 223
72 229
72 230
72 235
72 245
72 252
72 258
72 267
72 278
72 311
72 321
72 354
72 364
72 379
72 383
72 385
72 388
72 400
72 402
72 405
72 412
72 421
72 422
72 423
72 442
72 446
72 452
72 457
72 470
72 472
72 479
72 486
72 489
72 498
73 74
73 76
73 84
73 92
73 107
73 109
73 135
73 145
73 148
73 150
73 157
73 162
73 164
73 188
73 191
73 197
73 211
73 217
73 222
73 225
73 258
73 269
73 276
73 278
73 290
73 297
73 300
73 314
73 318
73 325
73 334
73 341
73 344
73 365
73 367
73 386
73 388
73 399
73 401
73 407
73 408
73 418
73 422
73 427
73 429
73 432
73 434
73 435
73 448
73 456
73 465
73 466
73 467
73 468
73 470
73 478
74 83
74 88
74 89
74 104
74 110
74 114
74 115
74 122
74 123
74 156
74 165
74 185
74 186
74 191
74 193
74 195
74 196
74 212
74 213
74 223
74 235
74 236
74 238
74 239
74 259
74 262
74 265
74 281
74 284
74 290
74 292
74 297
74 311
74 312
74 314
74 315
74 317
74 334
74 346
74 353
74 370
74 382
74 383
74 400
74 411
74 412
74 414
74 417
74 424
74 431
74 433
74 444
74 458
74 462
74 467
74 477
74 483
74 489
74 490
75 84
75 89
75 97
75 101
75 105
75 108
75 115
75 134
75 142
75 156
75 159
75 162
75 170
75 171
75 177
75 180
75 192
75 198
75 206
75 212
75 216
75 221
75 223
75 231
75 239
75 248
75 249
75 298
75 313
75 314
75 316
75 318
75 323
75 328
75 329
75 345
75 353
75 365
75 372
75 386
75 389
75 394
75 398
75 399
75 401
75 402
75 403
75 405
75 409
75 410
75 429
75 431
75 432
75 436
75 438
75 441
75 447
75 448
75 458
75 473
75 484
75 493
75 494
76 80
76 88
76 92
76 95
76 108
76 114
76 119
76 139
76 157
76 158
76 162
76 163
76 169
76 175
76 179
76 204
76 214
76 224
76 225
76 241
76 250
76 253
76 272
76 276
76 284
76 295
76 301
76 306
76 339
76 349
76 362
76 364
76 366
76 375
76 386
76 387
76 390
76 398
76 400
76 401
76 410
76 412
76 413
76 422
76 433
76 434
76 435
76 443
76 446
76 455
76 460
76 472
76 478
76 482
76 487
76 489
76 492
77 89
77 103
77 105
77 108
77 113
77 115
77 123
77 129
77 130
77 135
77 136
77 137
77 140
77 156
77 157
77 180
77 181
77 227
77 253
77 268
77 278
77 293
77 294
77 301
77 332
77 342
77 350
77 355
77 358
77 382
77 413
77 416
77 426
77 427
77 441
77 452
77 459
77 466
77 474
77 484
77 486
77 489
77 492
77 497
77 498
78 86
78 107
78 110
78 122
78 123
78 127
78 131
78 136
78 151
78 167
78 175
78 176
78 185
78 192
78 200
78 205
78 220
78 221
78 223
78 226
78 227
78 236
78 237
78 238
78 241
78 256
78 258
78 260
78 264
78 265
78 296
78 309
78 310
78 319
78 321
78 328
78 329
78 338
78 340
78 350
78 366
78 378
78 395
78 401
78 405
78 406
78 409
78 417
78 422
78 426
78 439
78 440
78 442
78 465
78 476
78 480
79 96
79 118
79 127
79 134
79 139
79 156
79 159
79 160
79 174
79 180
79 182
79 198
79 222
79 227
79 229
79 266
79 280
79 303
79 312
79 319
79 325
79 328
79 334
79 337
79 359
79 376
79 377
79 382
79 404
79 416
79 419
79 449
79 450
79 455
79 463
79 468
79 469
79 478
80 85
80 98
80 100
80 103
80 108
80 114
80 118
80 136
80 137
80 154
80 160
80 174
80 178
80 191
80 194
80 195
80 199
80 240
80 262
80 272
80 277
80 309
80 312
80 313
80 315
80 318
80 319
80 320
80 324
80 333
80 337
80 340
80 347
80 355
80 379
80 380
80 387
80 401
80 410
80 414
80 424
80 425
80 431
80 433
80 459
80 460
80 463
80 482
80 496
81 83
81 90
81 99
81 109
81 123
81 124
81 128
81 131
81 135
81 139
81 147
81 163
81 167
81 171
81 182
81 192
81 197
81 202
81 207
81 208
81 211
81 216
81 250
81 263
81 275
81 288
81 290
81 292
81 301
81 302
81 318
81 324
81 327
81 330
81 337
81 347
81 350
81 361
81 362
81 364
81 373
81 389
81 390
81 396
81 399
81 403
81 404
81 409
81 410
81 430
81 435
81 451
81 472
81 477
81 482
81 489
81 494
81 495
81 497
82 95
82 99
82 100
82 101
82 104
82 105
82 106
82 114
82 117
82 118
82 120
82 144
82 154
82 156
82 160
82 181
82 185
82 188
82 203
82 205
82 215
82 216
82 218
82 221
82 222
82 223
82 225
82 226
82 227
82 230
82 235
82 242
82 249
82 251
82 257
82 280
82 281
82 282
82 285
82 307
82 308
82 311
82 316
82 324
82 334
82 338
82 339
82 355
82 366
82 370
82 372
82 384
82 388
82 401
82 420
82 421
82 432
82 435
82 436
82 459
82 462
82 464
82 470
82 477
83 85
83 88
83 90
83 92
83 94
83 96
83 97
83 101
83 111
83 122
83 128
83 148
83 149
83 165
83 168
83 174
83 177
83 183
83 189
83 195
83 214
83 219
83 224
83 239
83 243
83 256
83 258
83 281
83 286
83 330
83 336
83 338
83 341
83 345
83 347
83 348
83 354
83 355
83 356
83 358
83 370
83 376
83 378
83 384
83 392
83 396
83 399
83 402
83 404
83 423
83 426
83 442
83 443
83 447
83 481
83 496
83 497
83 499
84 85
84 93
84 100
84 108
84 113
84 123
84 135
84 150
84 169
84 213
84 217
84 223
84 238
84 240
84 243
84 246
84 248
84 249
84 254
84 266
84 271
84 286
84 287
84 319
84 325
84 355
84 365
84 366
84 376
84 380
84 381
84 382
84 383
84 386
84 387
84 397
84 401
84 406
84 407
84 413
84 415
84 416
84 418
84 422
84 428
84 439
84 442
84 472
84 475
84 479
84 482
84 483
85 105
85 113
85 114
85 117
85 118
85 120
85 121
85 126
85 132
85 138
85 144
85 148
85 159
85 161
85 164
85 167
85 170
85 172
85 186
85 188
85 189
85 192
85 196
85 199
85 220
85 238
85 240
85 251
85 256
85 258
85 259
85 261
85 264
85 265
85 272
85 293
85 317
85 322
85 323
85 324
85 325
85 338
85 357
85 363
85 366
85 371
85 373
85 377
85 396
85 402
85 406
85 413
85 419
85 420
85 423
85 424
85 429
85 432
85 455
85 458
85 459
85 462
85 466
85 479
85 488
85 489
85 492
85 497
86 92
86 93
86 108
86 109
86 117
86 120
86 139
86 147
86 150
86 162
86 166
86 172
86 175
86 182
86 184
86 186
86 188
86 194
86 195
86 198
86 206
86 218
86 219
86 220
86 221
86 234
86 245
86 256
86 266
86 272
86 281
86 283
86 294
86 300
86 310
86 312
86 317
86 320
86 329
86 334
86 343
86 358
86 360
86 361
86 373
86 383
86 398
86 405
86 408
86 414
86 422
86 442
86 448
86 450
86 467
86 477
86 484
87 106
87 110
87 111
87 121
87 132
87 145
87 153
87 157
87 168
87 172
87 174
87 175
87 176
87 179
87 181
87 189
87 190
87 206
87 230
87 246
87 249
87 263
87 267
87 273
87 293
87 294
87 295
87 296
87 304
87 326
87 332
87 337
87 343
87 355
87 369
87 373
87 377
87 395
87 398
87 399
87 413
87 421
87 425
87 430
87 442
87 447
87 458
87 459
87 462
87 468
87 469
87 480
87 483
87 491
88 111
88 119
88 144
88 149
88 153
88 154
88 159
88 162
88 166
88 169
88 170
88 176
88 179
88 184
88 195
88 199
88 205
88 209
88 215
88 224
88 225
88 226
88 227
88 230
88 249
88 250
88 256
88 261
88 274
88 276
88 277
88 282
88 285
88 294
88 315
88 318
88 324
88 329
88 340
88 348
88 349
88 351
88 360
88 361
88 363
88 369
88 385
88 386
88 394
88 428
88 429
88 432
88 439
88 445
88 455
88 456
88 459
88 466
88 469
88 482
88 483
88 485
88 486
88 491
88 494
89 106
89 108
89 121
89 122
89 124
89 133
89 138
89 139
89 141
89 142
89 152
89 153
89 156
89 159
89 166
89 168
89 169
89 181
89 191
89 195
89 198
89 202
89 216
89 219
89 221
89 225
89 229
89 234
89 244
89 251
89 259
89 263
89 265
89 269
89 289
89 293
89 295
89 302
89 306
89 308
89 317
89 336
89 340
89 341
89 353
89 358
89 364
89 374
89 376
89 379
89 385
89 390
89 394
89 395
89 408
89 411
89 414
89 429
89 438
89 454
89 465
89 469
89 479
89 486
89 488
90 91
90 94
90 97
90 100
90 107
90 109
90 110
90 111
90 113
90 125
90 132
90 150
90 153
90 155
90 164
90 173
90 181
90 190
90 192
90 195
90 202
90 203
90 223
90 224
90 231
90 237
90 245
90 247
90 261
90 264
90 270
90 280
90 283
90 288
90 289
90 314
90 329
90 334
90 336
90 350
90 357
90 373
90 383
90 386
90 387
90 389
90 392
90 394
90 397
90 400
90 409
90 412
90 415
90 421
90 425
90 428
90 440
90 453
90 465
90 466
90 468
90 472
90 473
90 480
90 482
90 483
90 493
91 92
91 96
91 102
91 108
91 109
91 116
91 125
91 126
91 130
91 132
91 140
91 149
91 160
91 161
91 177
91 187
91 195
91 196
91 203
91 219
91 236
91 243
91 245
91 257
91 269
91 285
91 299
91 301
91 304
91 319
91 325
91 327
91 332
91 341
91 347
91 350
91 367
91 370
91 387
91 391
91 397
91 406
91 407
91 419
91 420
91 423
91 426
91 431
91 439
91 465
91 470
91 478
91 480
91 483
91 498
92 93
92 101
92 127
92 140
92 146
92 153
92 154
92 158
92 179
92 184
92 193
92 194
92 224
92 245
92 275
92 276
92 280
92 284
92 302
92 307
92 308
92 309
92 315
92 319
92 326
92 327
92 336
92 340
92 341
92 343
92 346
92 349
92 352
92 359
92 363
92 371
92 374
92 381
92 382
92 383
92 384
92 392
92 393
92 394
92 395
92 417
92 431
92 432
92 442
92 453
92 457
92 465
92 471
92 473
92 480
92 485
92 496
92 497
92 498
93 94
93 104
93 110
93 112
93 119
93 143
93 149
93 155
93 158
93 172
93 173
93 183
93 184
93 190
93 197
93 200
93 204
93 212
93 229
93 232
93 238
93 246
93 257
93 265
93 279
93 281
93 290
93 299
93 306
93 308
93 323
93 327
93 331
93 333
93 336
93 337
93 343
93 354
93 356
93 359
93 365
93 373
93 381
93 388
93 409
93 412
93 414
93 428
93 429
93 441
93 445
93 451
93 475
93 492
93 498
94 96
94 109
94 118
94 119
94 142
94 143
94 145
94 147
94 164
94 169
94 172
94 182
94 186
94 189
94 192
94 207
94 209
94 213
94 223
94 226
94 248
94 258
94 259
94 260
94 275
94 282
94 285
94 286
94 287
94 289
94 303
94 308
94 317
94 320
94 324
94 348
94 350
94 354
94 359
94 362
94 367
94 380
94 387
94 392
94 401
94 415
94 419
94 424
94 426
94 435
94 443
94 451
94 459
94 460
94 464
94 478
94 489
94 498
95 105
95 114
95 122
95 125
95 127
95 129
95 133
95 135
95 143
95 155
95 168
95 174
95 177
95 186
95 189
95 197
95 198
95 234
95 237
95 243
95 246
95 251
95 268
95 277
95 286
95 291
95 293
95 295
95 303
95 318
95 341
95 349
95 353
95 369
95 372
95 377
95 388
95 394
95 399
95 403
95 415
95 421
95 424
95 434
95 455
95 463
95 467
95 468
95 469
95 470
95 471
95 475
95 479
95 484
95 486
95 487
95 497
96 99
96 101
96 102
96 103
96 107
96 116
96 120
96 121
96 124
96 127
96 132
96 135
96 137
96 138
96 147
96 148
96 151
96 157
96 161
96 165
96 171
96 174
96 177
96 181
96 190
96 194
96 197
96 232
96 233
96 248
96 249
96 251
96 256
96 271
96 286
96 287
96 290
96 292
96 300
96 312
96 316
96 317
96 319
96 322
96 325
96 349
96 350
96 352
96 359
96 360
96 370
96 373
96 383
96 389
96 402
96 409
96 410
96 411
96 412
96 419
96 426
96 428
96 430
96 443
96 452
96 458
96 462
96 464
96 472
96 487
96 488
96 492
97 110
97 115
97 125
97 126
97 129
97 136
97 148
97 168
97 169
97 173
97 181
97 194
97 195
97 209
97 213
97 223
97 233
97 242
97 247
97 253
97 268
97 274
97 278
97 281
97 283
97 285
97 303
97 308
97 329
97 343
97 356
97 378
97 388
97 402
97 412
97 417
97 419
97 429
97 430
97 433
97 435
97 456
97 477
98 102
98 108
98 109
98 127
98 149
98 172
98 183
98 190
98 197
98 201
98 206
98 216
98 218
98 228
98 231
98 235
98 241
98 244
98 252
98 254
98 265
98 270
98 278
98 291
98 292
98 297
98 306
98 307
98 309
98 310
98 315
98 332
98 338
98 350
98 354
98 355
98 358
98 366
98 373
98 378
98 393
98 396
98 397
98 408
98 415
98 416
98 417
98 418
98 421
98 423
98 428
98 431
98 435
98 445
98 454
98 458
98 463
98 469
98 475
98 476
98 481
98 484
98 485
98 489
99 103
99 112
99 118
99 126
99 132
99 140
99 158
99 160
99 167
99 175
99 188
99 190
99 191
99 192
99 195
99 196
99 197
99 213
99 229
99 231
99 251
99 252
99 270
99 283
99 289
99 292
99 317
99 322
99 328
99 345
99 359
99 364
99 371
99 380
99 383
99 390
99 391
99 393
99 395
99 399
99 404
99 405
99 411
99 424
99 427
99 428
99 435
99 445
99 456
99 458
99 468
99 472
99 477
99 487
99 490
99 495
99 498
100 104
100 109
100 124
100 134
100 135
100 137
100 158
100 171
100 172
100 175
100 181
100 190
100 194
100 198
100 199
100 216
100 225
100 226
100 229
100 235
100 239
100 244
100 249
100 266
100 281
100 285
100 289
100 331
100 335
100 338
100 345
100 346
100 359
100 364
100 368
100 369
100 377
100 382
100 383
100 389
100 393
100 404
100 405
100 407
100 408
100 411
100 417
100 433
100 440
100 455
100 458
100 464
100 468
100 473
100 481
100 487
100 491
101 115
101 124
101 149
101 154
101 158
101 166
101 167
101 172
101 177
101 180
101 185
101 186
101 198
101 199
101 202
101 204
101 221
101 224
101 226
101 227
101 232
101 242
101 243
101 268
101 286
101 288
101 314
101 322
101 324
101 328
101 336
101 337
101 351
101 359
101 360
101 372
101 376
101 377
101 380
101 385
101 388
101 390
101 396
101 399
101 411
101 422
101 427
101 428
101 429
101 430
101 432
101 438
101 444
101 454
101 458
101 464
101 466
101 475
101 476
101 478
102 114
102 119
102 120
102 124
102 125
102 139
102 162
102 163
102 177
102 178
102 190
102 197
102 201
102 202
102 204
102 206
102 218
102 219
102 228
102 233
102 284
102 290
102 294
102 298
102 304
102 306
102 310
102 317
102 328
102 339
102 343
102 350
102 376
102 380
102 381
102 383
102 384
102 389
102 394
102 398
102 405
102 409
102 420
102 422
102 425
102 431
102 435
102 437
102 439
102 440
102 445
102 451
102 459
102 472
102 475
102 476
102 485
102 489
102 494
103 125
103 127
103 131
103 141
103 143
103 146
103 160
103 169
103 173
103 178
103 184
103 190
103 191
103 192
103 198
103 202
103 218
103 228
103 233
103 234
103 235
103 236
103 237
103 247
103 252
103 263
103 278
103 282
103 283
103 297
103 343
103 345
103 355
103 368
103 369
103 381
103 386
103 387
103 394
103 395
103 396
103 400
103 404
103 434
103 452
103 453
103 461
103 473
103 480
103 485
103 488
103 489
103 491
103 497
104 108
104 110
104 129
104 133
104 135
104 140
104 142
104 145
104 149
104 152
104 153
104 172
104 176
104 190
104 214
104 218
104 225
104 227
104 234
104 240
104 247
104 250
104 268
104 273
104 284
104 295
104 304
104 319
104 320
104 334
104 339
104 343
104 353
104 361
104 370
104 379
104 387
104 388
104 394
104 396
104 398
104 403
104 404
104 405
104 410
104 411
104 412
104 413
104 422
104 423
104 425
104 427
104 430
104 435
104 441
104 445
104 455
104 460
104 462
104 472
104 477
104 484
104 489
104 494
104 498
105 109
105 112
105 113
105 114
105 117
105 129
105 132
105 136
105 151
105 153
105 169
105 191
105 204
105 216
105 235
105 240
105 244
105 249
105 252
105 253
105 262
105 267
105 273
105 278
105 281
105 284
105 285
105 289
105 309
105 311
105 312
105 326
105 331
105 353
105 368
105 371
105 372
105 376
105 384
105 389
105 398
105 401
105 420
105 423
105 425
105 433
105 434
105 440
105 449
105 450
105 464
105 465
105 481
105 486
105 489
105 491
106 109
106 111
106 116
106 119
106 120
106 123
106 129
106 133
106 143
106 150
106 159
106 167
106 183
106 186
106 193
106 203
106 207
106 209
106 211
106 220
106 221
106 222
106 230
106 235
106 236
106 244
106 246
106 252
106 259
106 260
106 262
106 263
106 272
106 282
106 293
106 300
106 302
106 304
106 309
106 317
106 330
106 344
106 346
106 352
106 365
106 374
106 378
106 399
106 410
106 411
106 414
106 420
106 424
106 426
106 427
106 428
106 451
106 453
106 457
106 459
106 467
106 473
106 483
106 493
106 495
107 132
107 137
107 143
107 162
107 168
107 170
107 172
107 182
107 190
107 201
107 207
107 209
107 212
107 216
107 223
107 248
107 249
107 255
107 258
107 262
107 273
107 286
107 304
107 317
107 323
107 324
107 329
107 335
107 350
107 356
107 357
107 388
107 393
107 398
107 408
107 410
107 422
107 429
107 430
107 442
107 459
107 466
107 469
107 475
107 488
107 489
107 498
108 121
108 123
108 153
108 155
108 170
108 175
108 181
108 183
108 184
108 188
108 203
108 208
108 217
108 222
108 223
108 228
108 234
108 240
108 243
108 248
108 264
108 270
108 271
108 273
108 281
108 284
108 295
108 300
108 303
108 308
108 315
108 325
108 348
108 351
108 357
108 358
108 359
108 369
108 372
108 375
108 383
108 386
108 392
108 406
108 410
108 421
108 422
108 431
108 438
108 447
108 450
108 455
108 481
109 114
109 134
109 136
109 148
109 173
109 180
109 181
109 187
109 191
109 202
109 205
109 218
109 222
109 223
109 224
109 240
109 258
109 260
109 266
109 267
109 268
109 272
109 274
109 275
109 278
109 283
109 295
109 306
109 315
109 321
109 323
109 324
109 329
109 333
109 350
109 351
109 368
109 391
109 392
109 393
109 422
109 435
109 449
109 450
109 452
109 454
109 456
109 457
109 460
109 461
109 468
109 473
109 476
109 481
109 494
110 121
110 124
110 128
110 144
110 149
110 151
110 160
110 172
110 174
110 176
110 188
110 200
110 203
110 217
110 220
110 221
110 223
110 240
110 244
110 254
110 255
110 262
110 263
110 268
110 280
110 284
110 293
110 297
110 300
110 314
110 315
110 317
110 332
110 336
110 339
110 344
110 349
110 359
110 360
110 364
110 376
110 377
110 378
110 390
110 405
110 410
110 415
110 416
110 439
110 441
110 447
110 451
110 454
110 464
110 492
110 496
111 116
111 120
111 122
111 125
111 127
111 146
111 151
111 163
111 175
111 176
111 178
111 180
111 188
111 195
111 203
111 204
111 221
111 224
111 238
111 246
111 249
111 252
111 253
111 254
111 258
111 260
111 262
111 275
111 290
111 292
111 306
111 309
111 314
111 322
111 330
111 342
111 359
111 361
111 370
111 378
111 381
111 402
111 434
111 435
111 436
111 442
111 445
111 446
111 467
111 471
111 472
111 475
112 115
112 117
112 118
112 125
112 137
112 160
112 188
112 190
112 205
112 208
112 216
112 225
112 227
112 230
112 246
112 249
112 256
112 259
112 282
112 284
112 285
112 290
112 291
112 300
112 312
112 314
112 317
112 320
112 322
112 333
112 335
112 348
112 350
112 359
112 367
112 375
112 387
112 388
112 390
112 398
112 399
112 402
112 409
112 413
112 418
112 436
112 463
112 471
112 483
112 486
112 490
112 494
113 114
113 129
113 131
113 132
113 141
113 159
113 166
113 168
113 170
113 173
113 177
113 188
113 189
113 194
113 201
113 202
113 215
113 217
113 222
113 224
113 225
113 229
113 247
113 257
113 262
113 269
113 280
113 281
113 287
113 306
113 313
113 317
113 319
113 324
113 333
113 338
113 339
113 340
113 372
113 379
113 392
113 395
113 398
113 417
113 426
113 438
113 439
113 450
113 476
113 489
113 490
113 491
113 492
113 495
113 496
113 497
114 115
114 116
114 119
114 124
114 126
114 128
114 131
114 132
114 143
114 152
114 155
114 156
114 162
114 165
114 168
114 190
114 193
114 194
114 196
114 204
114 223
114 225
114 231
114 233
114 234
114 236
114 250
114 266
114 268
114 272
114 274
114 280
114 283
114 288
114 296
114 303
114 304
114 313
114 314
114 326
114 327
114 330
114 334
114 355
114 381
114 393
114 395
114 420
114 422
114 425
114 426
114 432
114 436
114 438
114 441
114 442
114 445
114 450
114 454
114 455
114 474
114 480
114 490
114 493
115 116
115 129
115 133
115 141
115 162
115 167
115 176
115 195
115 197
115 216
115 220
115 223
115 230
115 244
115 256
115 258
115 265
115 269
115 276
115 280
115 281
115 289
115 295
115 296
115 299
115 300
115 315
115 335
115 342
115 344
115 358
115 369
115 370
115 374
115 376
115 387
115 388
115 400
115 402
115 407
115 418
115 422
115 429
115 437
115 449
115 451
115 459
115 462
115 478
115 481
115 488
115 492
115 494
116 125
116 126
116 150
116 154
116 160
116 166
116 176
116 178
116 185
116 188
116 192
116 199
116 200
116 208
116 209
116 213
116 216
116 220
116 224
116 236
116 240
116 241
116 260
116 263
116 264
116 267
116 270
116 271
116 285
116 292
116 299
116 301
116 309
116 313
116 314
116 328
116 342
116 347
116 350
116 353
116 359
116 365
116 377
116 378
116 382
116 390
116 395
116 400
116 409
116 410
116 411
116 426
116 431
116 433
116 438
116 445
116 448
116 449
116 451
116 452
116 461
116 470
116 477
116 478
116 480
116 484
116 489
116 498
117 132
117 141
117 147
117 149
117 154
117 158
117 161
117 163
117 164
117 172
117 175
117 180
117 190
117 193
117 200
117 234
117 238
117 239
117 241
117 249
117 250
117 251
117 253
117 261
117 275
117 278
117 282
117 285
117 287
117 291
117 296
117 314
117 321
117 334
117 335
117 339
117 340
117 343
117 354
117 355
117 361
117 363
117 377
117 380
117 385
117 394
117 395
117 400
117 409
117 414
117 415
117 416
117 420
117 425
117 429
117 432
117 438
117 439
117 441
117 445
117 448
117 455
117 467
117 489
117 498
117 499
118 119
118 124
118 143
118 145
118 149
118 150
118 155
118 161
118 172
118 184
118 190
118 196
118 204
118 214
118 215
118 220
118 235
118 241
118 247
118 254
118 255
118 257
118 263
118 264
118 272
118 277
118 285
118 295
118 314
118 322
118 328
118 331
118 342
118 356
118 360
118 376
118 377
118 386
118 390
118 393
118 403
118 411
118 419
118 425
118 436
118 437
118 445
118 463
118 469
118 470
118 482
118 495
118 497
119 123
119 124
119 135
119 137
119 142
119 145
119 146
119 147
119 149
119 150
119 158
119 165
119 173
119 186
119 189
119 195
119 207
119 218
119 221
119 235
119 241
119 246
119 254
119 256
119 259
119 263
119 267
119 278
119 280
119 293
119 294
119 297
119 301
119 316
119 319
119 325
119 332
119 337
119 353
119 368
119 371
119 393
119 400
119 410
119 424
119 429
119 433
119 441
119 450
119 464
119 468
119 477
119 491
119 495
120 129
120 134
120 143
120 144
120 151
120 153
120 155
120 159
120 168
120 170
120 171
120 178
120 179
120 181
120 186
120 206
120 220
120 229
120 254
120 255
120 256
120 267
120 270
120 273
120 300
120 306
120 307
120 309
120 315
120 322
120 326
120 327
120 329
120 337
120 339
120 358
120 363
120 367
120 370
120 378
120 400
120 404
120 411
120 413
120 423
120 431
120 437
120 452
120 456
120 465
120 478
120 483
120 487
120 491
120 497
121 127
121 132
121 136
121 145
121 148
121 149
121 154
121 161
121 166
121 173
121 191
121 208
121 209
121 226
121 242
121 245
121 249
121 254
121 268
121 279
121 287
121 289
121 292
121 293
121 299
121 318
121 319
121 320
121 322
121 334
121 336
121 340
121 345
121 360
121 361
121 363
121 402
121 407
121 411
121 416
121 421
121 428
121 431
121 432
121 438
121 441
121 443
121 447
121 452
121 465
121 471
121 481
121 498
122 124
122 126
122 129
122 155
122 163
122 170
122 172
122 173
122 176
122 179
122 182
122 190
122 213
122 216
122 220
122 223
122 229
122 232
122 241
122 297
122 298
122 301
122 306
122 316
122 319
122 320
122 334
122 335
122 354
122 360
122 370
122 376
122 384
122 385
122 390
122 391
122 401
122 408
122 411
122 421
122 429
122 433
122 434
122 458
122 460
122 463
122 477
122 487
123 145
123 151
123 164
123 169
123 171
123 180
123 181
123 182
123 195
123 200
123 215
123 225
123 226
123 233
123 237
123 241
123 273
123 283
123 300
123 312
123 324
123 346
123 348
123 349
123 365
123 378
123 385
123 390
123 405
123 406
123 412
123 416
123 419
123 432
123 440
123 443
123 447
123 451
123 455
123 471
123 475
123 484
123 494
123 499
124 131
124 136
124 155
124 158
124 178
124 181
124 195
124 206
124 208
124 213
124 215
124 222
124 228
124 231
124 240
124 258
124 262
124 265
124 266
124 267
124 277
124 287
124 289
124 293
124 294
124 306
124 309
124 317
124 329
124 334
124 344
124 349
124 352
124 358
124 372
124 379
124 383
124 390
124 392
124 401
124 402
124 405
124 408
124 418
124 419
124 422
124 433
124 437
124 440
124 443
124 486
124 488
125 154
125 165
125 170
125 174
125 177
125 179
125 184
125 190
125 191
125 209
125 211
125 221
125 222
125 227
125 229
125 230
125 234
125 242
125 244
125 283
125 300
125 303
125 308
125 309
125 316
125 323
125 338
125 345
125 368
125 369
125 375
125 385
125 386
125 390
125 393
125 419
125 434
125 440
125 443
125 450
125 454
125 455
125 468
125 479
125 480
125 482
125 483
125 488
125 495
126 165
126 172
126 189
126 198
126 208
126 217
126 224
126 228
126 236
126 237
126 247
126 259
126 265
126 268
126 283
126 286
126 287
126 289
126 294
126 299
126 310
126 318
126 329
126 347
126 349
126 352
126 367
126 371
126 385
126 390
126 392
126 393
126 398
126 400
126 405
126 407
126 410
126 420
126 424
126 426
126 456
126 457
126 471
126 475
126 484
126 492
126 497
127 149
127 160
127 161
127 163
127 166
127 178
127 182
127 190
127 192
127 194
127 199
127 208
127 212
127 216
127 224
127 239
127 241
127 243
127 246
127 249
127 260
127 271
127 273
127 286
127 295
127 296
127 301
127 309
127 316
127 327
127 339
127 356
127 359
127 361
127 366
127 374
127 386
127 391
127 395
127 402
127 407
127 409
127 421
127 423
127 425
127 426
127 427
127 436
127 450
127 451
127 463
127 465
127 482
127 491
127 495
127 497
128 129
128 167
128 170
128 174
128 180
128 186
128 214
128 218
128 227
128 246
128 252
128 256
128 267
128 275
128 276
128 286
128 301
128 304
128 305
128 311
128 314
128 315
128 319
128 324
128 329
128 334
128 336
128 344
128 346
128 348
128 356
128 358
128 371
128 372
128 377
128 383
128 393
128 403
128 414
128 425
128 429
128 431
128 434
128 438
128 460
128 469
128 496
129 132
129 133
129 135
129 137
129 167
129 173
129 182
129 183
129 202
129 208
129 209
129 210
129 223
129 236
129 237
129 244
129 254
129 256
129 264
129 267
129 269
129 272
129 279
129 292
129 294
129 303
129 306
129 310
129 318
129 320
129 321
129 322
129 334
129 336
129 362
129 367
129 369
129 370
129 378
129 386
129 387
129 394
129 396
129 397
129 399
129 405
129 412
129 419
129 420
129 440
129 441
129 447
129 456
129 457
129 461
129 464
129 467
129 470
129 472
129 480
129 496
130 137
130 142
130 146
130 150
130 153
130 156
130 160
130 163
130 174
130 175
130 188
130 191
130 198
130 207
130 215
130 219
130 220
130 227
130 240
130 250
130 258
130 269
130 278
130 291
130 293
130 298
130 300
130 311
130 316
130 329
130 359
130 381
130 412
130 413
130 422
130 423
130 433
130 449
130 452
130 454
130 458
130 464
130 484
130 486
130 493
130 498
131 139
131 161
131 164
131 179
131 180
131 181
131 183
131 186
131 189
131 194
131 195
131 216
131 223
131 225
131 234
131 256
131 257
131 259
131 262
131 263
131 264
131 269
131 273
131 278
131 287
131 291
131 297
131 314
131 321
131 323
131 330
131 336
131 344
131 348
131 361
131 366
131 376
131 381
131 385
131 392
131 393
131 401
131 411
131 413
131 425
131 433
131 435
131 441
131 442
131 448
131 453
131 463
131 471
131 490
131 498
132 134
132 135
132 150
132 156
132 159
132 167
132 169
132 174
132 186
132 189
132 203
132 210
132 211
132 223
132 227
132 234
132 255
132 260
132 266
132 273
132 297
132 298
132 300
132 302
132 309
132 320
132 329
132 330
132 333
132 335
132 359
132 375
132 384
132 390
132 402
132 406
132 411
132 419
132 421
132 428
132 429
132 436
132 452
132 463
132 473
132 476
132 495
133 142
133 148
133 156
133 164
133 168
133 169
133 183
133 184
133 189
133 192
133 197
133 208
133 214
133 216
133 226
133 228
133 235
133 238
133 251
133 252
133 259
133 264
133 269
133 276
133 281
133 285
133 291
133 297
133 305
133 320
133 323
133 328
133 339
133 340
133 348
133 350
133 353
133 363
133 364
133 367
133 368
133 375
133 383
133 392
133 395
133 399
133 405
133 413
133 414
133 423
133 424
133 429
133 438
133 439
133 445
133 446
133 452
133 462
133 465
133 488
133 497
134 141
134 143
134 144
134 148
134 149
134 151
134 155
134 166
134 170
134 173
134 181
134 184
134 194
134 208
134 210
134 215
134 217
134 219
134 220
134 221
134 226
134 233
134 235
134 238
134 239
134 246
134 254
134 260
134 273
134 279
134 283
134 285
134 288
134 289
134 299
134 301
134 326
134 333
134 335
134 337
134 347
134 358
134 359
134 360
134 381
134 382
134 387
134 389
134 401
134 451
134 454
134 458
134 464
134 468
134 475
134 488
135 148
135 153
135 159
135 163
135 168
135 211
135 219
135 229
135 233
135 243
135 246
135 248
135 258
135 265
135 273
135 287
135 290
135 296
135 298
135 299
135 308
135 315
135 320
135 332
135 334
135 341
135 346
135 353
135 356
135 359
135 368
135 373
135 375
135 376
135 380
135 382
135 386
135 402
135 404
135 407
135 410
135 424
135 462
135 470
135 474
135 475
135 476
135 480
135 489
135 490
135 492
136 138
136 140
136 143
136 147
136 156
136 158
136 162
136 163
136 182
136 187
136 188
136 201
136 202
136 216
136 224
136 231
136 236
136 257
136 261
136 264
136 271
136 274
136 288
136 295
136 314
136 341
136 344
136 348
136 349
136 361
136 362
136 366
136 372
136 374
136 391
136 393
136 398
136 401
136 407
136 411
136 412
136 414
136 421
136 422
136 429
136 431
136 454
136 461
136 463
136 471
136 481
136 482
136 483
136 486
136 493
136 498
137 140
137 144
137 145
137 152
137 171
137 174
137 186
137 193
137 202
137 203
137 216
137 219
137 220
137 223
137 229
137 239
137 241
137 249
137 251
137 254
137 289
137 292
137 320
137 355
137 361
137 368
137 373
137 374
137 375
137 377
137 384
137 396
137 411
137 427
137 436
137 439
137 448
137 456
137 460
137 464
137 472
137 485
137 487
137 494
137 496
138 141
138 182
138 187
138 190
138 192
138 202
138 209
138 217
138 224
138 225
138 236
138 250
138 255
138 262
138 269
138 270
138 293
138 308
138 309
138 323
138 324
138 347
138 352
138 361
138 367
138 369
138 383
138 391
138 392
138 394
138 398
138 399
138 405
138 408
138 409
138 411
138 416
138 417
138 423
138 426
138 431
138 436
138 441
138 443
138 448
138 457
138 462
138 466
138 471
138 473
138 474
138 478
138 482
138 485
138 487
138 494
138 495
139 140
139 141
139 155
139 165
139 172
139 176
139 183
139 185
139 197
139 201
139 202
139 204
139 210
139 213
139 218
139 219
139 225
139 235
139 245
139 251
139 255
139 264
139 276
139 288
139 295
139 296
139 323
139 330
139 336
139 343
139 349
139 350
139 359
139 366
139 376
139 392
139 402
139 408
139 438
139 444
139 452
139 468
139 475
139 495
139 498
140 156
140 160
140 163
140 173
140 180
140 186
140 190
140 194
140 202
140 204
140 216
140 218
140 226
140 230
140 235
140 242
140 248
140 250
140 285
140 286
140 300
140 301
140 303
140 308
140 322
140 323
140 344
140 345
140 363
140 366
140 367
140 382
140 384
140 390
140 392
140 399
140 410
140 413
140 424
140 425
140 430
140 431
140 448
140 449
140 476
140 479
140 488
140 489
140 492
141 149
141 150
141 169
141 176
141 186
141 191
141 197
141 203
141 212
141 217
141 218
141 225
141 251
141 256
141 264
141 266
141 280
141 282
141 286
141 292
141 299
141 307
141 309
141 315
141 326
141 328
141 335
141 336
141 370
141 375
141 377
141 392
141 394
141 399
141 401
141 411
141 417
141 418
141 419
141 425
141 427
141 437
141 445
141 449
141 450
141 467
141 468
141 470
141 477
141 478
141 489
141 495
141 497
141 499
142 147
142 148
142 149
142 152
142 163
142 167
142 171
142 182
142 185
142 186
142 195
142 199
142 204
142 208
142 213
142 235
142 240
142 243
142 257
142 267
142 275
142 286
142 307
142 318
142 319
142 326
142 337
142 344
142 348
142 350
142 356
142 365
142 369
142 376
142 378
142 382
142 403
142 408
142 413
142 416
142 420
142 433
142 440
142 443
142 446
142 450
142 461
142 485
142 495
143 144
143 145
143 146
143 147
143 152
143 157
143 161
143 169
143 170
143 175
143 177
143 180
143 184
143 187
143 192
143 194
143 199
143 204
143 209
143 218
143 219
143 221
143 222
143 226
143 229
143 246
143 253
143 271
143 274
143 281
143 283
143 286
143 287
143 301
143 309
143 329
143 340
143 349
143 354
143 356
143 357
143 358
143 374
143 375
143 382
143 387
143 392
143 408
143 411
143 412
143 424
143 430
143 440
143 457
143 464
143 465
143 468
143 481
143 487
143 488
144 147
144 148
144 151
144 158
144 173
144 174
144 176
144 179
144 190
144 196
144 203
144 205
144 211
144 214
144 218
144 225
144 226
144 232
144 243
144 244
144 253
144 280
144 288
144 293
144 305
144 312
144 314
144 316
144 318
144 351
144 352
144 364
144 365
144 376
144 380
144 381
144 391
144 395
144 399
144 402
144 411
144 413
144 424
144 428
144 432
144 433
144 447
144 449
144 451
144 455
144 456
144 459
144 466
144 470
144 475
144 480
145 147
145 157
145 161
145 164
145 180
145 210
145 237
145 241
145 255
145 257
145 259
145 269
145 272
145 277
145 281
145 284
145 285
145 293
145 303
145 321
145 322
145 333
145 340
145 342
145 345
145 354
145 355
145 377
145 379
145 383
145 384
145 391
145 395
145 397
145 405
145 415
145 424
145 427
145 428
145 430
145 438
145 451
145 454
145 459
145 464
145 474
145 492
146 148
146 158
146 160
146 164
146 181
146 184
146 186
146 187
146 197
146 199
146 202
146 205
146 215
146 229
146 251
146 269
146 270
146 280
146 283
146 294
146 300
146 302
146 303
146 305
146 311
146 312
146 317
146 324
146 325
146 327
146 331
146 345
146 354
146 362
146 363
146 367
146 375
146 383
146 385
146 388
146 391
146 396
146 397
146 406
146 416
146 418
146 426
146 439
146 443
146 450
146 474
146 480
146 484
146 488
146 489
146 493
146 495
146 496
147 152
147 158
147 160
147 162
147 175
147 180
147 183
147 185
147 203
147 224
147 225
147 227
147 232
147 245
147 251
147 256
147 263
147 283
147 301
147 304
147 310
147 311
147 314
147 325
147 326
147 329
147 332
147 347
147 357
147 377
147 399
147 403
147 404
147 406
147 420
147 425
147 439
147 443
147 446
147 448
147 458
147 460
147 466
147 468
147 469
147 490
148 171
148 172
148 173
148 182
148 187
148 188
148 195
148 215
148 222
148 227
148 230
148 231
148 235
148 239
148 241
148 252
148 253
148 261
148 276
148 283
148 286
148 288
148 305
148 319
148 322
148 329
148 344
148 351
148 358
148 367
148 370
148 371
148 397
148 403
148 406
148 413
148 419
148 420
148 424
148 428
148 432
148 442
148 445
148 449
148 450
148 451
148 456
148 462
148 468
148 480
148 489
148 495
148 496
149 168
149 170
149 189
149 203
149 208
149 211
149 213
149 233
149 240
149 250
149 255
149 261
149 265
149 270
149 290
149 295
149 299
149 310
149 318
149 321
149 345
149 349
149 352
149 354
149 355
149 356
149 365
149 367
149 369
149 370
149 379
149 381
149 386
149 394
149 398
149 402
149 406
149 416
149 417
149 419
149 425
149 446
149 448
149 473
149 480
149 494
149 497
149 499
150 155
150 157
150 162
150 167
150 188
150 191
150 196
150 198
150 202
150 205
150 206
150 208
150 210
150 222
150 224
150 229
150 238
150 245
150 247
150 248
150 280
150 281
150 285
150 294
150 308
150 314
150 316
150 325
150 326
150 342
150 351
150 367
150 368
150 374
150 379
150 380
150 382
150 387
150 388
150 389
150 392
150 394
150 395
150 418
150 424
150 426
150 428
150 436
150 440
150 472
150 476
150 480
150 481
150 489
151 158
151 161
151 167
151 171
151 178
151 182
151 183
151 189
151 194
151 195
151 206
151 211
151 216
151 236
151 247
151 251
151 254
151 261
151 262
151 263
151 264
151 272
151 300
151 309
151 322
151 328
151 336
151 340
151 348
151 353
151 357
151 361
151 365
151 376
151 384
151 390
151 400
151 405
151 411
151 413
151 420
151 433
151 442
151 446
151 450
151 461
151 476
151 482
151 485
151 488
151 489
151 493
151 494
152 174
152 188
152 195
152 196
152 205
152 215
152 218
152 222
152 225
152 234
152 236
152 238
152 242
152 246
152 255
152 258
152 259
152 282
152 289
152 290
152 296
152 300
152 306
152 307
152 308
152 309
152 315
152 318
152 319
152 320
152 323
152 325
152 352
152 362
152 368
152 377
152 379
152 380
152 383
152 386
152 412
152 421
152 422
152 438
152 446
152 462
152 470
152 479
152 480
152 482
152 486
152 490
152 495
153 158
153 159
153 173
153 176
153 182
153 184
153 204
153 207
153 209
153 229
153 231
153 242
153 244
153 249
153 251
153 256
153 274
153 286
153 296
153 302
153 310
153 321
153 324
153 326
153 329
153 331
153 341
153 342
153 352
153 355
153 356
153 362
153 366
153 368
153 399
153 400
153 409
153 419
153 422
153 434
153 439
153 441
153 447
153 449
153 459
153 460
153 470
153 480
153 481
153 485
153 488
153 491
154 164
154 165
154 167
154 179
154 186
154 190
154 196
154 202
154 211
154 215
154 217
154 221
154 235
154 237
154 244
154 251
154 257
154 261
154 265
154 267
154 270
154 275
154 276
154 302
154 308
154 313
154 315
154 319
154 325
154 329
154 337
154 339
154 342
154 354
154 370
154 386
154 387
154 389
154 397
154 398
154 407
154 425
154 430
154 431
154 432
154 433
154 436
154 441
154 450
154 465
154 471
155 167
155 178
155 184
155 187
155 190
155 193
155 194
155 198
155 199
155 245
155 254
155 258
155 267
155 276
155 280
155 285
155 289
155 291
155 303
155 311
155 313
155 314
155 316
155 332
155 338
155 355
155 360
155 361
155 369
155 373
155 381
155 383
155 386
155 387
155 389
155 393
155 396
155 405
155 414
155 419
155 429
155 432
155 454
155 461
155 473
155 474
155 479
155 486
155 493
156 164
156 168
156 174
156 181
156 186
156 194
156 198
156 199
156 218
156 225
156 228
156 239
156 244
156 247
156 255
156 268
156 276
156 290
156 298
156 303
156 304
156 312
156 316
156 326
156 334
156 347
156 351
156 364
156 369
156 371
156 375
156 378
156 387
156 389
156 410
156 411
156 415
156 417
156 419
156 422
156 440
156 458
156 464
156 479
156 484
156 486
156 493
156 496
157 160
157 164
157 170
157 177
157 178
157 179
157 181
157 188
157 195
157 205
157 216
157 221
157 224
157 226
157 234
157 236
157 239
157 241
157 244
157 245
157 256
157 260
157 266
157 276
157 292
157 304
157 325
157 326
157 332
157 343
157 351
157 362
157 363
157 378
157 379
157 393
157 396
157 401
157 410
157 412
157 424
157 428
157 439
157 451
157 459
157 481
158 159
158 160
158 171
158 179
158 189
158 191
158 193
158 195
158 199
158 225
158 227
158 258
158 260
158 261
158 263
158 264
158 271
158 275
158 279
158 288
158 297
158 301
158 324
158 326
158 331
158 342
158 347
158 356
158 365
158 369
158 378
158 390
158 395
158 406
158 407
158 416
158 425
158 427
158 435
158 442
158 491
158 492
158 494
159 164
159 169
159 171
159 175
159 182
159 194
159 200
159 202
159 208
159 209
159 213
159 214
159 221
159 226
159 240
159 254
159 264
159 270
159 274
159 276
159 277
159 295
159 305
159 306
159 322
159 324
159 330
159 338
159 341
159 343
159 352
159 364
159 369
159 379
159 382
159 385
159 388
159 392
159 397
159 399
159 405
159 410
159 425
159 437
159 449
159 452
159 453
159 457
159 477
159 490
160 169
160 174
160 180
160 182
160 184
160 187
160 190
160 192
160 211
160 213
160 215
160 225
160 229
160 230
160 231
160 235
160 236
160 237
160 239
160 243
160 244
160 247
160 263
160 269
160 296
160 324
160 326
160 328
160 333
160 344
160 356
160 360
160 362
160 374
160 377
160 383
160 395
160 398
160 403
160 406
160 413
160 417
160 420
160 430
160 434
160 441
160 442
160 448
160 450
160 459
160 480
160 482
160 488
160 490
161 165
161 171
161 173
161 180
161 188
161 200
161 208
161 213
161 221
161 229
161 251
161 253
161 256
161 265
161 266
161 272
161 285
161 287
161 299
161 311
161 327
161 335
161 337
161 341
161 355
161 364
161 367
161 370
161 372
161 377
161 382
161 391
161 408
161 414
161 419
161 421
161 432
161 440
161 442
161 444
161 447
161 466
161 468
161 482
161 485
161 487
161 488
161 493
162 169
162 174
162 178
162 192
162 196
162 198
162 201
162 204
162 209
162 220
162 230
162 237
162 254
162 258
162 295
162 296
162 300
162 305
162 314
162 330
162 336
162 350
162 351
162 361
162 369
162 374
162 376
162 380
162 390
162 398
162 404
162 412
162 418
162 422
162 423
162 431
162 437
162 440
162 443
162 445
162 450
162 454
162 459
162 463
162 467
162 481
162 485
162 491
162 492
162 498
163 166
163 171
163 175
163 183
163 193
163 200
163 208
163 210
163 217
163 218
163 222
163 228
163 242
163 244
163 250
163 251
163 263
163 264
163 267
163 269
163 297
163 299
163 308
163 312
163 319
163 329
163 335
163 346
163 358
163 359
163 363
163 366
163 369
163 376
163 379
163 380
163 382
163 384
163 391
163 398
163 408
163 410
163 411
163 413
163 414
163 415
163 424
163 428
163 436
163 441
163 445
163 447
163 461
163 462
163 468
163 481
163 486
163 487
163 498
164 169
164 179
164 181
164 189
164 192
164 196
164 201
164 207
164 211
164 218
164 221
164 226
164 233
164 243
164 245
164 271
164 273
164 274
164 275
164 276
164 288
164 289
164 292
164 293
164 301
164 302
164 308
164 314
164 317
164 328
164 340
164 352
164 357
164 360
164 372
164 388
164 389
164 390
164 391
164 400
164 402
164 408
164 411
164 415
164 421
164 422
164 452
164 458
164 466
164 470
164 479
164 488
164 496
165 173
165 178
165 191
165 200
165 204
165 211
165 220
165 224
165 247
165 250
165 251
165 254
165 265
165 269
165 291
165 293
165 304
165 307
165 326
165 328
165 333
165 336
165 340
165 341
165 348
165 356
165 362
165 368
165 375
165 376
165 381
165 383
165 390
165 392
165 394
165 404
165 415
165 421
165 430
165 441
165 448
165 452
165 454
165 461
165 476
165 480
165 493
166 176
166 179
166 182
166 193
166 207
166 218
166 224
166 229
166 230
166 232
166 237
166 240
166 250
166 255
166 257
166 264
166 273
166 288
166 307
166 313
166 322
166 337
166 340
166 346
166 354
166 357
166 360
166 371
166 375
166 387
166 394
166 400
166 401
166 436
166 443
166 447
166 451
166 455
166 465
166 471
166 483
166 492
166 494
167 174
167 182
167 190
167 198
167 203
167 207
167 221
167 230
167 237
167 239
167 240
167 244
167 246
167 251
167 265
167 281
167 283
167 284
167 288
167 289
167 307
167 325
167 328
167 332
167 335
167 338
167 349
167 368
167 393
167 398
167 409
167 413
167 418
167 424
167 430
167 432
167 434
167 437
167 439
167 447
167 453
167 455
167 468
167 471
167 473
167 477
167 486
167 488
167 499
168 179
168 184
168 186
168 192
168 193
168 204
168 210
168 216
168 249
168 256
168 263
168 281
168 282
168 285
168 291
168 308
168 315
168 325
168 332
168 347
168 353
168 354
168 355
168 358
168 359
168 367
168 383
168 405
168 407
168 408
168 413
168 414
168 423
168 428
168 436
168 447
168 449
168 452
168 460
168 478
168 482
168 488
168 491
168 493
169 172
169 175
169 184
169 188
169 201
169 203
169 209
169 212
169 241
169 245
169 246
169 248
169 250
169 261
169 263
169 264
169 270
169 284
169 293
169 295
169 298
169 312
169 317
169 318
169 323
169 325
169 336
169 345
169 347
169 353
169 371
169 379
169 390
169 393
169 396
169 416
169 420
169 423
169 428
169 430
169 436
169 440
169 447
169 456
169 459
169 468
169 488
169 492
170 171
170 176
170 181
170 184
170 192
170 194
170 206
170 210
170 211
170 215
170 216
170 229
170 231
170 234
170 235
170 238
170 244
170 248
170 256
170 257
170 260
170 266
170 277
170 283
170 288
170 289
170 299
170 307
170 316
170 327
170 342
170 351
170 361
170 366
170 372
170 374
170 378
170 380
170 392
170 402
170 416
170 431
170 433
170 435
170 436
170 442
170 451
170 465
170 479
170 485
170 494
171 183
171 187
171 195
171 196
171 201
171 207
171 216
171 228
171 233
171 237
171 238
171 239
171 248
171 260
171 263
171 264
171 268
171 274
171 278
171 296
171 298
171 312
171 320
171 348
171 376
171 377
171 380
171 388
171 395
171 409
171 410
171 412
171 415
171 417
171 418
171 427
171 441
171 450
171 451
171 456
171 460
171 466
171 471
171 472
171 473
171 474
171 475
171 476
171 483
172 174
172 183
172 189
172 203
172 208
172 221
172 234
172 239
172 240
172 243
172 245
172 246
172 251
172 255
172 256
172 261
172 263
172 264
172 273
172 287
172 306
172 308
172 327
172 357
172 359
172 381
172 391
172 392
172 395
172 398
172 401
172 404
172 415
172 425
172 435
172 442
172 444
172 448
172 452
172 462
172 465
172 479
172 488
172 490
173 189
173 191
173 198
173 199
173 202
173 220
173 232
173 240
173 244
173 248
173 251
173 252
173 265
173 270
173 274
173 278
173 296
173 299
173 316
173 320
173 337
173 344
173 346
173 353
173 355
173 361
173 373
173 375
173 380
173 382
173 395
173 397
173 404
173 406
173 407
173 412
173 417
173 419
173 438
173 442
173 453
173 467
173 471
173 495
173 498
174 184
174 190
174 196
174 205
174 208
174 224
174 229
174 232
174 236
174 237
174 243
174 252
174 260
174 271
174 289
174 313
174 316
174 325
174 332
174 333
174 334
174 336
174 339
174 340
174 349
174 354
174 366
174 379
174 384
174 390
174 392
174 399
174 400
174 402
174 407
174 413
174 418
174 429
174 430
174 431
174 433
174 439
174 455
174 456
174 459
174 463
174 464
174 481
174 483
174 486
174 488
175 188
175 199
175 202
175 203
175 219
175 225
175 231
175 234
175 244
175 259
175 263
175 268
175 274
175 276
175 283
175 284
175 286
175 288
175 289
175 309
175 315
175 317
175 322
175 342
175 351
175 364
175 368
175 374
175 379
175 396
175 398
175 401
175 408
175 421
175 440
175 444
175 452
175 455
175 457
175 460
175 465
175 466
175 467
175 470
175 472
175 476
175 478
175 483
175 484
175 496
176 179
176 193
176 205
176 212
176 213
176 216
176 217
176 218
176 224
176 226
176 232
176 234
176 244
176 250
176 251
176 262
176 272
176 273
176 299
176 301
176 308
176 317
176 340
176 354
176 356
176 358
176 363
176 371
176 384
176 385
176 391
176 402
176 407
176 410
176 414
176 416
176 420
176 424
176 426
176 428
176 431
176 434
176 435
176 445
176 464
176 465
176 479
176 484
176 487
176 496
177 182
177 188
177 191
177 194
177 198
177 202
177 204
177 212
177 213
177 216
177 230
177 231
177 247
177 255
177 256
177 258
177 268
177 273
177 275
177 277
177 284
177 286
177 288
177 290
177 300
177 304
177 312
177 316
177 327
177 332
177 339
177 354
177 358
177 365
177 368
177 371
177 378
177 387
177 408
177 413
177 424
177 425
177 433
177 434
177 446
177 454
177 456
177 459
177 466
177 468
177 473
177 475
177 480
177 493
178 183
178 185
178 187
178 192
178 200
178 206
178 212
178 215
178 216
178 217
178 224
178 234
178 244
178 260
178 261
178 267
178 271
178 276
178 286
178 288
178 307
178 321
178 330
178 340
178 350
178 361
178 372
178 374
178 375
178 389
178 409
178 411
178 418
178 422
178 432
178 437
178 439
178 450
178 451
178 458
178 460
178 471
178 473
178 475
178 477
178 484
179 193
179 195
179 199
179 208
179 214
179 221
179 229
179 230
179 235
179 238
179 239
179 241
179 256
179 268
179 278
179 297
179 307
179 309
179 315
179 319
179 324
179 327
179 335
179 337
179 338
179 364
179 368
179 375
179 382
179 390
179 396
179 416
179 420
179 423
179 448
179 460
179 464
179 465
179 466
179 471
179 476
180 182
180 183
180 190
180 204
180 216
180 219
180 220
180 245
180 248
180 263
180 275
180 295
180 296
180 301
180 302
180 304
180 306
180 307
180 309
180 315
180 317
180 327
180 337
180 339
180 341
180 346
180 356
180 365
180 372
180 385
180 389
180 391
180 392
180 404
180 407
180 411
180 413
180 427
180 429
180 432
180 446
180 481
180 492
180 497
180 498
181 194
181 196
181 197
181 201
181 215
181 217
181 225
181 232
181 240
181 242
181 255
181 256
181 260
181 264
181 274
181 282
181 284
181 296
181 303
181 304
181 306
181 311
181 312
181 315
181 324
181 330
181 343
181 345
181 346
181 349
181 352
181 355
181 356
181 358
181 370
181 375
181 376
181 387
181 392
181 396
181 410
181 415
181 437
181 439
181 448
181 455
181 469
181 483
181 490
181 491
181 492
182 184
182 208
182 216
182 217
182 267
182 271
182 278
182 294
182 300
182 304
182 315
182 328
182 333
182 343
182 346
182 349
182 354
182 358
182 364
182 372
182 376
182 386
182 392
182 399
182 401
182 402
182 403
182 439
182 446
182 453
182 457
182 463
182 464
182 479
182 491
182 492
182 495
182 499
183 184
183 185
183 186
183 194
183 199
183 200
183 204
183 205
183 207
183 208
183 211
183 219
183 224
183 231
183 232
183 237
183 255
183 269
183 291
183 294
183 305
183 314
183 323
183 326
183 339
183 345
183 347
183 349
183 359
183 360
183 364
183 366
183 367
183 371
183 375
183 379
183 387
183 388
183 390
183 392
183 397
183 399
183 404
183 410
183 412
183 420
183 426
183 434
183 442
183 453
183 472
183 478
183 492
183 494
184 195
184 196
184 208
184 209
184 213
184 217
184 219
184 224
184 227
184 232
184 237
184 243
184 246
184 247
184 249
184 258
184 260
184 270
184 273
184 280
184 290
184 292
184 296
184 300
184 302
184 304
184 319
184 341
184 348
184 350
184 353
184 354
184 361
184 366
184 369
184 382
184 386
184 390
184 392
184 395
184 398
184 411
184 414
184 417
184 419
184 426
184 427
184 434
184 457
184 466
184 470
184 493
185 188
185 193
185 195
185 205
185 218
185 231
185 233
185 235
185 237
185 239
185 240
185 241
185 247
185 253
185 266
185 288
185 296
185 298
185 300
185 302
185 310
185 314
185 319
185 323
185 324
185 327
185 336
185 344
185 353
185 369
185 371
185 390
185 404
185 405
185 406
185 416
185 427
185 441
185 447
185 453
185 466
185 471
185 480
185 483
185 485
185 492
186 188
186 189
186 207
186 219
186 223
186 232
186 239
186 245
186 250
186 262
186 272
186 275
186 276
186 277
186 287
186 292
186 293
186 294
186 295
186 300
186 303
186 304
186 309
186 319
186 322
186 328
186 334
186 339
186 341
186 349
186 350
186 371
186 373
186 383
186 395
186 402
186 403
186 404
186 412
186 413
186 426
186 435
186 442
186 446
186 453
186 458
186 460
186 480
186 495
186 499
187 196
187 209
187 212
187 217
187 221
187 229
187 236
187 237
187 243
187 246
187 260
187 279
187 294
187 296
187 324
187 336
187 340
187 341
187 347
187 348
187 358
187 361
187 364
187 366
187 370
187 376
187 385
187 387
187 393
187 403
187 415
187 421
187 431
187 447
187 457
187 473
187 488
187 491
187 495
187 496
187 497
188 193
188 221
188 230
188 244
188 245
188 247
188 249
188 251
188 257
188 275
188 280
188 286
188 309
188 310
188 312
188 314
188 315
188 320
188 330
188 338
188 346
188 347
188 352
188 354
188 358
188 393
188 399
188 400
188 411
188 412
188 419
188 428
188 445
188 452
188 456
188 473
188 481
188 490
189 191
189 192
189 197
189 199
189 221
189 223
189 232
189 235
189 237
189 241
189 250
189 260
189 261
189 273
189 283
189 284
189 286
189 291
189 297
189 306
189 309
189 310
189 317
189 329
189 358
189 366
189 387
189 388
189 393
189 411
189 415
189 421
189 428
189 437
189 438
189 449
189 453
189 488
189 494
190 196
190 199
190 207
190 216
190 222
190 223
190 225
190 230
190 243
190 266
190 287
190 292
190 305
190 329
190 353
190 356
190 358
190 359
190 364
190 366
190 371
190 372
190 379
190 384
190 386
190 389
190 401
190 413
190 414
190 421
190 422
190 430
190 444
190 449
190 453
190 494
190 496
191 201
191 202
191 206
191 207
191 212
191 217
191 218
191 229
191 244
191 245
191 249
191 253
191 256
191 265
191 279
191 292
191 296
191 312
191 316
191 321
191 323
191 329
191 331
191 333
191 341
191 354
191 359
191 362
191 366
191 383
191 387
191 388
191 395
191 396
191 402
191 405
191 406
191 409
191 413
191 416
191 422
191 427
191 439
191 441
191 443
191 453
191 457
191 459
191 462
191 495
191 496
192 194
192 201
192 213
192 223
192 231
192 232
192 237
192 245
192 248
192 256
192 265
192 269
192 278
192 283
192 291
192 295
192 303
192 306
192 319
192 326
192 327
192 330
192 331
192 337
192 341
192 343
192 347
192 348
192 349
192 350
192 358
192 360
192 365
192 370
192 371
192 379
192 390
192 395
192 402
192 404
192 406
192 420
192 427
192 434
192 447
192 466
192 467
192 475
192 488
192 497
192 498
193 197
193 212
193 213
193 220
193 221
193 240
193 249
193 296
193 306
193 307
193 308
193 317
193 336
193 341
193 344
193 345
193 354
193 356
193 359
193 374
193 384
193 400
193 405
193 413
193 417
193 422
193 426
193 427
193 430
193 433
193 434
193 444
193 467
193 476
193 481
194 202
194 204
194 212
194 214
194 221
194 223
194 228
194 233
194 242
194 243
194 253
194 257
194 259
194 282
194 288
194 297
194 300
194 303
194 307
194 313
194 331
194 343
194 349
194 354
194 402
194 408
194 417
194 420
194 436
194 437
194 442
194 443
194 448
194 452
194 459
194 471
194 488
194 492
194 495
195 198
195 205
195 206
195 218
195 222
195 228
195 246
195 247
195 256
195 264
195 265
195 266
195 271
195 278
195 281
195 282
195 289
195 297
195 304
195 311
195 321
195 322
195 328
195 340
195 341
195 354
195 358
195 371
195 374
195 376
195 383
195 390
195 400
195 405
195 424
195 434
195 454
195 458
195 472
195 474
195 485
195 490
196 197
196 208
196 218
196 239
196 243
196 250
196 264
196 268
196 281
196 289
196 295
196 314
196 315
196 326
196 330
196 343
196 345
196 352
196 357
196 361
196 363
196 364
196 371
196 375
196 401
196 403
196 406
196 434
196 445
196 447
196 456
196 463
196 474
196 483
196 484
196 485
196 487
196 491
196 492
196 493
196 495
196 496
196 499
197 210
197 213
197 220
197 226
197 227
197 233
197 234
197 252
197 266
197 274
197 284
197 293
197 299
197 305
197 307
197 314
197 317
197 357
197 361
197 369
197 373
197 375
197 377
197 382
197 398
197 403
197 405
197 408
197 415
197 422
197 451
197 453
197 457
197 458
197 472
197 481
197 495
198 209
198 214
198 221
198 224
198 228
198 249
198 253
198 255
198 256
198 260
198 265
198 277
198 280
198 282
198 288
198 291
198 295
198 296
198 303
198 307
198 316
198 322
198 325
198 342
198 346
198 348
198 349
198 354
198 361
198 363
198 373
198 375
198 382
198 386
198 387
198 397
198 408
198 409
198 410
198 419
198 426
198 431
198 438
198 441
198 445
198 447
198 449
198 468
198 479
198 498
199 202
199 205
199 207
199 222
199 224
199 237
199 243
199 247
199 250
199 256
199 257
199 258
199 259
199 266
199 268
199 284
199 287
199 301
199 303
199 305
199 318
199 326
199 341
199 349
199 357
199 359
199 360
199 397
199 403
199 414
199 426
199 427
199 431
199 432
199 434
199 435
199 439
199 441
199 447
199 452
199 455
199 458
199 464
199 470
199 480
199 491
200 206
200 217
200 220
200 228
200 258
200 260
200 263
200 265
200 278
200 279
200 295
200 296
200 299
200 312
200 318
200 327
200 334
200 338
200 340
200 342
200 349
200 360
200 367
200 375
200 377
200 378
200 381
200 389
200 392
200 394
200 397
200 411
200 434
200 447
200 453
200 458
200 460
200 462
200 463
200 473
200 476
200 482
200 484
201 205
201 212
201 215
201 216
201 219
201 223
201 226
201 231
201 240
201 250
201 252
201 258
201 277
201 285
201 291
201 299
201 307
201 312
201 315
201 330
201 344
201 345
201 352
201 356
201 372
201 374
201 378
201 380
201 383
201 401
201 404
201 406
201 410
201 420
201 423
201 429
201 430
201 431
201 432
201 438
201 472
201 493
202 208
202 215
202 216
202 230
202 231
202 238
202 246
202 249
202 256
202 258
202 262
202 263
202 274
202 278
202 286
202 288
202 299
202 317
202 331
202 334
202 348
202 356
202 358
202 362
202 363
202 369
202 377
202 380
202 381
202 386
202 390
202 411
202 417
202 418
202 438
202 440
202 445
202 450
202 451
202 459
202 460
202 464
202 466
202 470
202 474
202 477
202 486
203 208
203 228
203 239
203 254
203 266
203 267
203 277
203 281
203 290
203 295
203 297
203 307
203 314
203 327
203 336
203 349
203 353
203 362
203 365
203 366
203 372
203 384
203 385
203 399
203 408
203 415
203 416
203 417
203 427
203 430
203 451
203 461
203 464
203 466
203 467
203 482
203 491
203 495
203 497
204 244
204 268
204 287
204 291
204 295
204 300
204 304
204 307
204 322
204 340
204 347
204 349
204 352
204 361
204 364
204 371
204 379
204 390
204 401
204 405
204 412
204 418
204 419
204 424
204 440
204 442
204 460
204 464
204 468
204 476
204 486
204 491
205 210
205 212
205 214
205 243
205 248
205 251
205 257
205 260
205 279
205 295
205 306
205 313
205 323
205 331
205 335
205 337
205 341
205 351
205 357
205 362
205 368
205 370
205 373
205 390
205 396
205 397
205 408
205 410
205 423
205 427
205 428
205 438
205 449
205 455
205 458
205 464
205 475
205 476
205 477
205 479
205 491
205 492
206 212
206 222
206 223
206 234
206 237
206 238
206 239
206 249
206 261
206 274
206 280
206 285
206 299
206 300
206 302
206 324
206 348
206 349
206 360
206 375
206 382
206 386
206 387
206 393
206 408
206 419
206 422
206 444
206 446
206 459
206 491
206 495
206 497
207 212
207 216
207 221
207 249
207 264
207 265
207 271
207 294
207 300
207 305
207 312
207 321
207 333
207 334
207 336
207 344
207 349
207 352
207 364
207 366
207 371
207 373
207 375
207 386
207 387
207 395
207 402
207 410
207 418
207 420
207 435
207 436
207 437
207 454
207 469
207 476
207 485
207 487
207 493
208 211
208 225
208 233
208 243
208 254
208 256
208 268
208 291
208 299
208 308
208 312
208 322
208 334
208 337
208 338
208 359
208 370
208 376
208 396
208 399
208 410
208 413
208 422
208 431
208 433
208 449
208 450
208 455
208 459
208 477
208 482
208 498
209 218
209 220
209 244
209 249
209 250
209 251
209 259
209 262
209 275
209 282
209 284
209 326
209 347
209 352
209 369
209 370
209 373
209 376
209 393
209 405
209 410
209 425
209 426
209 434
209 446
209 447
209 461
209 467
209 495
209 496
209 498
210 219
210 229
210 232
210 250
210 254
210 257
210 258
210 267
210 287
210 289
210 290
210 291
210 293
210 299
210 301
210 309
210 319
210 332
210 342
210 347
210 348
210 363
210 367
210 385
210 386
210 395
210 396
210 406
210 408
210 430
210 440
210 450
210 470
210 493
210 499
211 223
211 228
211 236
211 242
211 247
211 252
211 260
211 262
211 264
211 266
211 268
211 269
211 292
211 294
211 295
211 298
211 299
211 300
211 329
211 344
211 351
211 352
211 355
211 367
211 374
211 384
211 385
211 397
211 400
211 408
211 409
211 424
211 435
211 440
211 442
211 448
211 452
211 459
211 464
211 465
211 469
211 474
211 476
211 477
211 482
211 498
212 240
212 252
212 268
212 289
212 293
212 296
212 310
212 320
212 340
212 343
212 345
212 346
212 349
212 355
212 357
212 359
212 360
212 380
212 387
212 392
212 393
212 399
212 400
212 427
212 432
212 433
212 459
212 464
212 471
212 477
212 498
213 214
213 220
213 238
213 246
213 250
213 283
213 288
213 295
213 300
213 301
213 319
213 321
213 332
213 343
213 356
213 358
213 360
213 365
213 370
213 371
213 372
213 376
213 380
213 381
213 391
213 400
213 409
213 413
213 425
213 426
213 441
213 442
213 445
213 446
213 450
213 453
213 473
213 486
213 491
213 493
213 499
214 233
214 237
214 264
214 274
214 276
214 277
214 278
214 280
214 290
214 294
214 308
214 312
214 318
214 319
214 322
214 325
214 329
214 332
214 334
214 335
214 346
214 347
214 348
214 349
214 355
214 356
214 366
214 369
214 371
214 381
214 386
214 390
214 408
214 411
214 420
214 430
214 440
214 453
214 459
214 476
214 478
214 485
214 488
214 490
215 217
215 226
215 227
215 229
215 236
215 237
215 238
215 239
215 243
215 245
215 249
215 271
215 278
215 287
215 288
215 292
215 295
215 308
215 312
215 322
215 328
215 366
215 367
215 369
215 375
215 377
215 384
215 385
215 391
215 397
215 410
215 415
215 434
215 446
215 450
215 458
215 465
215 469
215 479
215 482
215 489
215 493
215 497
216 245
216 246
216 247
216 252
216 253
216 260
216 261
216 264
216 279
216 288
216 291
216 302
216 313
216 317
216 328
216 330
216 339
216 348
216 357
216 366
216 381
216 382
216 393
216 395
216 401
216 409
216 414
216 416
216 423
216 449
216 452
216 455
216 456
216 471
216 479
216 482
216 483
216 491
216 494
217 221
217 229
217 237
217 240
217 243
217 246
217 249
217 263
217 265
217 266
217 268
217 273
217 278
217 284
217 288
217 293
217 294
217 297
217 298
217 302
217 306
217 311
217 317
217 319
217 326
217 340
217 342
217 343
217 347
217 350
217 367
217 368
217 384
217 389
217 393
217 395
217 401
217 412
217 432
217 435
217 436
217 448
217 463
217 466
217 469
217 471
217 474
217 476
217 480
217 492
218 222
218 238
218 246
218 271
218 280
218 283
218 288
218 289
218 291
218 295
218 299
218 304
218 305
218 331
218 336
218 344
218 347
218 357
218 365
218 375
218 379
218 396
218 418
218 419
218 422
218 427
218 428
218 436
218 453
218 456
218 458
218 480
218 482
218 488
218 495
218 497
219 222
219 230
219 234
219 243
219 260
219 265
219 273
219 283
219 286
219 291
219 304
219 313
219 317
219 319
219 322
219 333
219 337
219 338
219 340
219 351
219 354
219 358
219 360
219 365
219 384
219 389
219 394
219 404
219 411
219 417
219 422
219 432
219 439
219 443
219 445
219 446
219 460
219 466
219 472
219 473
219 477
220 226
220 228
220 239
220 244
220 247
220 264
220 268
220 270
220 271
220 275
220 288
220 289
220 293
220 297
220 298
220 318
220 321
220 324
220 341
220 344
220 350
220 358
220 362
220 363
220 364
220 372
220 373
220 378
220 381
220 390
220 402
220 409
220 420
220 448
220 467
220 479
220 481
220 491
220 494
220 495
221 224
221 227
221 234
221 238
221 241
221 246
221 256
221 263
221 267
221 269
221 271
221 281
221 284
221 312
221 327
221 328
221 330
221 331
221 334
221 336
221 340
221 343
221 345
221 351
221 352
221 359
221 369
221 409
221 415
221 416
221 417
221 428
221 440
221 443
221 447
221 461
221 469
221 476
221 493
221 496
222 223
222 233
222 249
222 273
222 276
222 278
222 286
222 288
222 289
222 291
222 296
222 298
222 299
222 302
222 311
222 312
222 314
222 321
222 328
222 332
222 338
222 342
222 350
222 354
222 367
222 379
222 388
222 392
222 395
222 400
222 401
222 402
222 414
222 429
222 437
222 438
222 439
222 447
222 457
222 459
222 471
222 477
222 481
222 486
222 493
222 496
223 243
223 244
223 245
223 247
223 250
223 259
223 264
223 278
223 289
223 293
223 304
223 318
223 319
223 323
223 338
223 350
223 357
223 361
223 374
223 375
223 389
223 396
223 413
223 415
223 419
223 425
223 434
223 444
223 445
223 451
223 453
223 457
223 461
223 475
223 479
223 494
224 228
224 238
224 242
224 247
224 248
224 252
224 254
224 257
224 258
224 262
224 272
224 285
224 287
224 291
224 293
224 308
224 316
224 328
224 331
224 333
224 337
224 339
224 341
224 354
224 358
224 374
224 380
224 381
224 387
224 391
224 392
224 425
224 433
224 434
224 445
224 452
224 454
224 460
224 461
224 462
224 474
224 487
224 493
225 230
225 239
225 246
225 247
225 260
225 264
225 278
225 279
225 282
225 288
225 292
225 293
225 301
225 306
225 310
225 311
225 313
225 320
225 329
225 331
225 340
225 341
225 346
225 361
225 365
225 366
225 370
225 376
225 384
225 385
225 394
225 405
225 408
225 414
225 418
225 430
225 432
225 440
225 441
225 449
225 451
225 455
225 457
225 462
225 474
225 484
225 485
225 486
225 487
225 488
225 496
225 499
226 233
226 241
226 244
226 248
226 256
226 263
226 265
226 268
226 277
226 282
226 284
226 288
226 294
226 303
226 304
226 321
226 327
226 354
226 381
226 385
226 395
226 401
226 402
226 415
226 423
226 431
226 433
226 441
226 444
226 455
226 456
226 465
226 470
226 472
226 474
226 475
226 485
226 492
227 239
227 243
227 261
227 263
227 268
227 295
227 297
227 298
227 304
227 309
227 316
227 320
227 325
227 329
227 355
227 356
227 363
227 374
227 415
227 429
227 433
227 437
227 440
227 442
227 451
227 459
227 469
227 476
227 477
227 482
227 490
227 493
227 497
227 498
228 237
228 270
228 276
228 278
228 283
228 290
228 316
228 317
228 330
228 351
228 364
228 369
228 370
228 374
228 376
228 385
228 390
228 395
228 397
228 399
228 402
228 403
228 440
228 444
228 455
228 467
228 485
228 487
228 489
228 490
228 495
229 231
229 234
229 247
229 249
229 255
229 259
229 269
229 276
229 299
229 309
229 311
229 319
229 326
229 339
229 340
229 352
229 357
229 362
229 370
229 372
229 373
229 379
229 390
229 399
229 406
229 407
229 408
229 411
229 426
229 427
229 450
229 452
229 459
229 468
229 478
229 482
229 496
230 231
230 232
230 240
230 246
230 258
230 264
230 265
230 287
230 288
230 297
230 299
230 309
230 310
230 325
230 327
230 341
230 346
230 350
230 354
230 355
230 357
230 359
230 393
230 394
230 442
230 447
230 456
230 463
230 475
230 484
230 485
230 487
230 488
230 491
231 235
231 251
231 261
231 276
231 277
231 281
231 282
231 283
231 285
231 289
231 300
231 305
231 318
231 330
231 339
231 362
231 365
231 370
231 371
231 380
231 381
231 387
231 398
231 424
231 433
231 441
231 451
231 455
231 458
231 472
231 473
231 490
231 491
231 494
231 496
232 235
232 237
232 263
232 268
232 274
232 277
232 285
232 289
232 308
232 312
232 316
232 318
232 327
232 345
232 351
232 361
232 374
232 381
232 383
232 387
232 391
232 398
232 403
232 404
232 438
232 442
232 448
232 449
232 451
232 453
232 456
232 460
232 463
232 468
232 473
232 476
232 478
232 486
232 494
233 240
233 244
233 247
233 263
233 272
233 274
233 283
233 287
233 298
233 299
233 300
233 305
233 307
233 310
233 311
233 325
233 328
233 345
233 349
233 366
233 371
233 373
233 375
233 381
233 382
233 383
233 399
233 404
233 405
233 410
233 413
233 417
233 420
233 425
233 427
233 428
233 429
233 431
233 434
233 443
233 447
233 455
233 470
233 479
233 483
233 489
233 494
233 496
234 237
234 249
234 268
234 286
234 288
234 295
234 299
234 303
234 306
234 310
234 317
234 327
234 331
234 333
234 341
234 344
234 345
234 347
234 348
234 353
234 356
234 357
234 365
234 370
234 376
234 378
234 381
234 383
234 412
234 419
234 425
234 430
234 443
234 462
234 470
234 473
234 475
234 491
235 243
235 246
235 249
235 253
235 256
235 265
235 271
235 273
235 297
235 301
235 304
235 308
235 309
235 320
235 323
235 324
235 327
235 333
235 348
235 353
235 360
235 361
235 364
235 369
235 372
235 377
235 388
235 395
235 397
235 398
235 414
235 426
235 431
235 446
235 448
235 453
235 457
235 463
235 469
235 473
235 487
235 499
236 239
236 246
236 267
236 269
236 271
236 275
236 286
236 288
236 289
236 300
236 302
236 313
236 335
236 339
236 340
236 352
236 360
236 375
236 377
236 386
236 387
236 399
236 404
236 408
236 410
236 415
236 421
236 427
236 428
236 431
236 437
236 451
236 464
236 468
236 472
236 477
236 480
236 481
236 495
237 240
237 244
237 248
237 249
237 255
237 259
237 260
237 277
237 280
237 304
237 305
237 324
237 331
237 337
237 345
237 352
237 353
237 368
237 372
237 374
237 375
237 384
237 389
237 411
237 414
237 417
237 425
237 443
237 476
237 488
237 489
237 490
237 493
238 261
238 262
238 264
238 281
238 292
238 301
238 307
238 311
238 313
238 323
238 333
238 334
238 340
238 341
238 352
238 354
238 359
238 389
238 391
238 404
238 411
238 414
238 420
238 441
238 446
238 460
238 463
238 466
238 470
238 474
238 480
238 485
238 493
239 240
239 252
239 266
239 269
239 274
239 285
239 291
239 297
239 298
239 305
239 311
239 338
239 341
239 343
239 346
239 350
239 356
239 357
239 382
239 387
239 388
239 403
239 418
239 419
239 435
239 437
239 441
239 446
239 452
239 457
239 462
239 474
239 476
239 488
239 491
239 492
239 498
240 244
240 256
240 267
240 270
240 275
240 277
240 283
240 304
240 311
240 312
240 321
240 332
240 353
240 358
240 363
240 369
240 384
240 390
240 409
240 415
240 416
240 422
240 426
240 437
240 441
240 447
240 460
240 461
240 469
240 472
241 249
241 256
241 262
241 270
241 282
241 285
241 293
241 296
241 300
241 316
241 325
241 328
241 343
241 344
241 351
241 370
241 375
241 376
241 379
241 380
241 388
241 389
241 395
241 400
241 408
241 409
241 416
241 418
241 432
241 435
241 436
241 437
241 438
241 447
241 448
241 464
241 472
241 481
241 484
241 487
241 490
242 248
242 250
242 252
242 257
242 258
242 259
242 267
242 277
242 283
242 284
242 293
242 297
242 301
242 309
242 320
242 336
242 339
242 345
242 355
242 359
242 385
242 388
242 404
242 417
242 418
242 431
242 436
242 450
242 458
242 461
242 495
243 251
243 260
243 263
243 299
243 309
243 313
243 315
243 320
243 321
243 329
243 334
243 345
243 346
243 347
243 348
243 350
243 359
243 362
243 363
243 369
243 384
243 385
243 389
243 400
243 403
243 414
243 419
243 432
243 434
243 435
243 438
243 445
243 447
243 456
243 467
243 469
243 474
243 497
244 245
244 265
244 269
244 276
244 277
244 278
244 283
244 284
244 291
244 304
244 328
244 343
244 360
244 365
244 374
244 376
244 378
244 391
244 394
244 397
244 401
244 406
244 431
244 444
244 465
244 467
244 475
244 476
244 494
245 247
245 250
245 253
245 265
245 279
245 283
245 285
245 291
245 292
245 305
245 309
245 314
245 315
245 324
245 327
245 329
245 335
245 339
245 346
245 348
245 349
245 353
245 358
245 363
245 368
245 396
245 402
245 403
245 412
245 424
245 425
245 427
245 435
245 449
245 457
245 464
245 490
245 493
245 499
246 249
246 254
246 256
246 259
246 260
246 264
246 271
246 274
246 280
246 294
246 309
246 325
246 327
246 330
246 337
246 340
246 341
246 346
246 348
246 359
246 367
246 383
246 387
246 397
246 404
246 420
246 436
246 438
246 456
246 462
246 471
246 474
246 494
246 497
247 257
247 258
247 262
247 287
247 292
247 295
247 302
247 303
247 308
247 317
247 338
247 339
247 350
247 371
247 394
247 396
247 409
247 420
247 439
247 460
247 461
247 485
247 492
247 497
248 260
248 286
248 294
248 299
248 316
248 327
248 334
248 335
248 343
248 348
248 352
248 361
248 364
248 384
248 394
248 395
248 408
248 419
248 423
248 426
248 447
248 460
248 468
248 474
248 477
248 478
248 495
248 496
248 498
249 261
249 263
249 265
249 300
249 301
249 315
249 323
249 333
249 341
249 345
249 359
249 367
249 375
249 377
249 378
249 382
249 383
249 385
249 402
249 406
249 407
249 416
249 421
249 423
249 452
249 454
249 484
249 491
249 493
249 497
250 252
250 254
250 257
250 258
250 267
250 282
250 285
250 305
250 307
250 313
250 321
250 342
250 346
250 357
250 361
250 369
250 370
250 376
250 382
250 383
250 385
250 386
250 392
250 395
250 402
250 408
250 415
250 421
250 425
250 427
250 449
250 453
250 461
250 466
250 498
251 253
251 261
251 262
251 266
251 271
251 280
251 287
251 299
251 304
251 311
251 324
251 326
251 334
251 339
251 354
251 361
251 364
251 369
251 380
251 389
251 406
251 412
251 414
251 419
251 420
251 453
251 454
251 469
251 480
251 486
251 488
251 491
251 493
251 497
252 255
252 259
252 273
252 291
252 292
252 300
252 301
252 316
252 321
252 322
252 326
252 334
252 335
252 338
252 347
252 355
252 360
252 371
252 376
252 384
252 391
252 400
252 401
252 414
252 416
252 422
252 423
252 428
252 431
252 447
252 451
252 464
252 472
252 477
252 489
252 495
253 254
253 258
253 263
253 266
253 271
253 276
253 277
253 278
253 286
253 291
253 297
253 303
253 305
253 309
253 312
253 322
253 324
253 326
253 329
253 339
253 359
253 371
253 372
253 376
253 378
253 383
253 385
253 416
253 417
253 418
253 419
253 439
253 441
253 446
253 462
253 470
253 484
253 488
253 490
253 491
254 257
254 261
254 262
254 266
254 278
254 279
254 283
254 285
254 298
254 310
254 313
254 320
254 321
254 336
254 337
254 340
254 351
254 362
254 365
254 376
254 389
254 391
254 395
254 415
254 422
254 426
254 427
254 444
254 449
254 452
254 464
254 493
255 263
255 264
255 282
255 286
255 288
255 289
255 297
255 303
255 309
255 314
255 320
255 321
255 324
255 331
255 343
255 353
255 355
255 360
255 364
255 365
255 371
255 372
255 386
255 393
255 398
255 413
255 421
255 431
255 436
255 438
255 443
255 449
255 458
255 472
255 477
255 481
255 482
255 486
255 487
255 494
255 498
256 263
256 265
256 267
256 277
256 278
256 280
256 295
256 306
256 315
256 318
256 319
256 327
256 344
256 351
256 357
256 362
256 363
256 397
256 399
256 419
256 423
256 424
256 429
256 438
256 442
256 449
256 454
256 455
256 465
256 467
256 487
256 493
256 496
257 266
257 267
257 282
257 284
257 286
257 292
257 300
257 310
257 319
257 326
257 339
257 340
257 342
257 345
257 361
257 363
257 365
257 378
257 381
257 383
257 388
257 402
257 405
257 408
257 426
257 429
257 430
257 436
257 438
257 457
257 475
258 271
258 272
258 288
258 292
258 300
258 301
258 314
258 322
258 349
258 357
258 360
258 386
258 391
258 399
258 403
258 404
258 419
258 452
258 457
258 490
259 271
259 282
259 284
259 285
259 287
259 292
259 297
259 304
259 305
259 306
259 308
259 313
259 329
259 334
259 344
259 345
259 353
259 354
259 361
259 365
259 374
259 384
259 385
259 388
259 394
259 396
259 397
259 398
259 400
259 408
259 411
259 420
259 423
259 424
259 450
259 451
259 456
259 457
259 468
259 475
259 483
259 485
259 487
259 493
260 264
260 265
260 270
260 275
260 277
260 281
260 288
260 290
260 294
260 299
260 307
260 313
260 314
260 318
260 320
260 323
260 325
260 337
260 341
260 350
260 352
260 368
260 379
260 385
260 386
260 399
260 401
260 404
260 423
260 424
260 428
260 429
260 431
260 436
260 440
260 445
260 449
260 451
260 462
260 464
260 471
260 486
261 279
261 295
261 297
261 299
261 309
261 312
261 319
261 320
261 328
261 331
261 335
261 340
261 344
261 346
261 353
261 357
261 359
261 360
261 366
261 386
261 391
261 403
261 405
261 408
261 425
261 427
261 433
261 436
261 437
261 442
261 449
261 452
261 457
261 459
261 462
261 481
261 486
261 489
262 263
262 269
262 270
262 271
262 287
262 293
262 297
262 300
262 308
262 311
262 314
262 335
262 337
262 346
262 355
262 360
262 365
262 376
262 380
262 384
262 386
262 403
262 408
262 411
262 420
262 421
262 423
262 442
262 446
262 458
262 461
262 473
262 482
263 264
263 266
263 280
263 285
263 289
263 298
263 304
263 310
263 312
263 315
263 319
263 324
263 328
263 337
263 344
263 360
263 372
263 373
263 379
263 396
263 403
263 411
263 414
263 416
263 419
263 431
263 446
263 459
263 462
263 469
263 476
263 480
263 481
263 489
264 270
264 290
264 308
264 312
264 313
264 344
264 352
264 358
264 367
264 368
264 389
264 393
264 399
264 401
264 406
264 412
264 414
264 419
264 420
264 422
264 425
264 429
264 436
264 446
264 448
264 472
264 479
264 490
264 491
265 267
265 269
265 272
265 301
265 314
265 325
265 329
265 333
265 335
265 337
265 339
265 341
265 348
265 349
265 371
265 388
265 391
265 399
265 401
265 404
265 406
265 415
265 443
265 444
265 445
265 471
265 480
265 485
265 492
265 496
266 285
266 296
266 316
266 324
266 328
266 329
266 337
266 343
266 344
266 371
266 393
266 404
266 414
266 415
266 423
266 441
266 454
266 457
266 467
266 470
266 471
266 472
266 486
266 494
266 499
267 268
267 269
267 281
267 296
267 312
267 315
267 323
267 324
267 326
267 327
267 329
267 336
267 342
267 345
267 346
267 350
267 357
267 361
267 366
267 367
267 401
267 403
267 405
267 408
267 410
267 426
267 432
267 437
267 440
267 444
267 446
267 447
267 456
267 481
267 486
268 272
268 276
268 280
268 282
268 285
268 290
268 292
268 302
268 307
268 309
268 317
268 319
268 335
268 338
268 340
268 366
268 379
268 382
268 384
268 399
268 401
268 416
268 423
268 437
268 438
268 448
268 451
268 452
268 454
268 455
268 457
268 461
268 474
268 480
268 483
268 490
269 283
269 285
269 287
269 292
269 313
269 322
269 333
269 343
269 344
269 355
269 358
269 374
269 383
269 384
269 389
269 395
269 408
269 430
269 435
269 439
269 442
269 443
269 444
269 445
269 451
269 455
269 462
269 471
269 479
269 493
269 496
270 275
270 278
270 282
270 305
270 313
270 314
270 316
270 320
270 321
270 324
270 326
270 332
270 339
270 360
270 365
270 367
270 371
270 373
270 386
270 397
270 405
270 407
270 428
270 440
270 441
270 442
270 458
270 462
270 466
270 469
270 490
270 493
271 273
271 276
271 278
271 305
271 310
271 323
271 327
271 332
271 337
271 338
271 342
271 343
271 349
271 352
271 354
271 358
271 380
271 383
271 398
271 435
271 445
271 450
271 469
271 474
271 485
271 487
272 275
272 293
272 300
272 301
272 317
272 321
272 323
272 325
272 333
272 342
272 353
272 355
272 361
272 379
272 383
272 388
272 400
272 407
272 413
272 419
272 420
272 427
272 430
272 435
272 437
272 441
272 442
272 448
272 454
272 460
272 464
272 477
272 497
273 274
273 284
273 299
273 314
273 327
273 329
273 334
273 343
273 351
273 353
273 362
273 363
273 367
273 380
273 383
273 384
273 395
273 402
273 419
273 427
273 433
273 434
273 436
273 437
273 443
273 450
273 455
273 459
273 477
273 486
273 492
273 495
273 497
274 275
274 277
274 278
274 282
274 283
274 285
274 312
274 313
274 314
274 319
274 321
274 324
274 328
274 330
274 334
274 338
274 339
274 357
274 368
274 375
274 376
274 378
274 393
274 399
274 411
274 413
274 423
274 424
274 442
274 456
274 457
274 458
274 464
274 471
274 474
274 476
274 477
274 480
274 486
274 488
274 489
274 490
275 280
275 282
275 288
275 293
275 300
275 314
275 324
275 328
275 350
275 353
275 360
275 376
275 379
275 383
275 387
275 391
275 399
275 422
275 426
275 432
275 434
275 435
275 442
275 447
275 457
275 459
275 479
275 491
275 493
276 282
276 286
276 300
276 316
276 319
276 322
276 324
276 330
276 346
276 350
276 355
276 391
276 392
276 393
276 398
276 403
276 419
276 437
276 439
276 442
276 446
276 457
276 464
276 476
276 486
276 493
276 494
276 499
277 279
277 291
277 292
277 303
277 314
277 316
277 323
277 325
277 328
277 329
277 342
277 359
277 360
277 362
277 365
277 375
277 378
277 387
277 392
277 394
277 396
277 397
277 398
277 400
277 404
277 405
277 420
277 426
277 427
277 435
277 440
277 449
277 463
277 467
277 469
277 470
277 475
277 489
277 491
277 497
278 280
278 296
278 309
278 313
278 337
278 356
278 358
278 364
278 369
278 373
278 382
278 399
278 408
278 410
278 424
278 433
278 440
278 441
278 443
278 448
278 462
278 464
278 473
278 477
278 479
278 484
279 280
279 285
279 288
279 296
279 312
279 313
279 328
279 342
279 358
279 364
279 367
279 371
279 372
279 381
279 383
279 385
279 386
279 388
279 394
279 396
279 400
279 403
279 409
279 416
279 417
279 423
279 441
279 443
279 446
279 447
279 449
279 458
279 459
279 461
279 467
279 470
279 479
279 484
279 486
280 290
280 299
280 303
280 308
280 318
280 322
280 346
280 358
280 361
280 368
280 370
280 371
280 377
280 378
280 390
280 391
280 396
280 398
280 404
280 414
280 420
280 431
280 438
280 444
280 448
280 464
280 467
280 469
280 472
280 480
280 493
281 287
281 288
281 294
281 299
281 304
281 318
281 328
281 331
281 332
281 335
281 338
281 348
281 353
281 362
281 368
281 375
281 376
281 378
281 383
281 392
281 396
281 399
281 406
281 411
281 425
281 440
281 450
281 467
281 472
281 487
281 488
281 490
281 493
281 494
282 296
282 303
282 306
282 307
282 313
282 329
282 332
282 333
282 337
282 344
282 346
282 347
282 366
282 371
282 384
282 391
282 397
282 437
282 449
282 453
282 454
282 470
282 475
282 481
283 295
283 296
283 317
283 320
283 321
283 332
283 333
283 334
283 338
283 339
283 340
283 342
283 344
283 348
283 352
283 362
283 366
283 367
283 371
283 375
283 379
283 382
283 388
283 390
283 391
283 393
283 406
283 419
283 421
283 425
283 435
283 444
283 455
283 461
283 463
283 464
283 474
283 481
283 487
283 489
283 491
284 285
284 290
284 308
284 319
284 326
284 331
284 347
284 348
284 358
284 363
284 373
284 378
284 384
284 413
284 421
284 431
284 432
284 433
284 441
284 453
284 460
284 496
285 316
285 320
285 324
285 330
285 332
285 333
285 335
285 341
285 345
285 357
285 361
285 369
285 370
285 389
285 403
285 409
285 413
285 417
285 432
285 434
285 435
285 446
285 451
285 452
285 463
285 477
285 485
285 490
285 498
285 499
286 287
286 290
286 302
286 306
286 310
286 314
286 321
286 332
286 333
286 339
286 340
286 345
286 348
286 354
286 362
286 363
286 367
286 376
286 377
286 380
286 386
286 387
286 395
286 415
286 418
286 424
286 426
286 427
286 431
286 432
286 433
286 447
286 457
286 463
286 464
286 465
286 476
286 483
287 290
287 309
287 310
287 311
287 317
287 332
287 338
287 354
287 364
287 371
287 377
287 380
287 399
287 402
287 409
287 411
287 412
287 413
287 416
287 418
287 427
287 434
287 449
287 452
287 459
287 460
287 461
287 474
287 488
287 490
287 497
288 296
288 304
288 311
288 334
288 335
288 339
288 340
288 350
288 370
288 378
288 391
288 403
288 416
288 420
288 430
288 432
288 463
288 464
288 466
288 467
288 472
288 473
288 482
288 485
288 492
288 493
289 292
289 300
289 314
289 316
289 318
289 322
289 334
289 339
289 340
289 342
289 343
289 358
289 363
289 366
289 373
289 395
289 402
289 406
289 407
289 408
289 414
289 423
289 431
289 432
289 443
289 453
289 455
289 476
289 483
289 485
289 491
290 291
290 295
290 300
290 306
290 317
290 334
290 335
290 348
290 349
290 351
290 364
290 370
290 373
290 381
290 385
290 386
290 392
290 396
290 416
290 425
290 430
290 432
290 440
290 442
290 454
290 456
290 461
290 475
290 482
290 499
291 295
291 300
291 302
291 303
291 323
291 325
291 327
291 329
291 340
291 345
291 346
291 367
291 375
291 383
291 391
291 393
291 404
291 408
291 414
291 419
291 421
291 425
291 439
291 441
291 452
291 475
291 476
291 495
291 499
292 306
292 313
292 317
292 335
292 342
292 348
292 352
292 356
292 360
292 363
292 364
292 376
292 379
292 383
292 407
292 424
292 430
292 441
292 447
292 455
292 456
292 463
292 472
292 483
292 487
292 497
293 297
293 301
293 303
293 310
293 313
293 315
293 322
293 326
293 338
293 342
293 359
293 369
293 370
293 372
293 373
293 376
293 388
293 393
293 394
293 399
293 403
293 426
293 465
293 468
293 475
293 476
293 478
293 490
293 492
293 493
293 495
293 497
293 498
294 305
294 309
294 310
294 323
294 326
294 330
294 332
294 340
294 342
294 349
294 360
294 363
294 373
294 376
294 381
294 398
294 400
294 404
294 406
294 413
294 437
294 450
294 464
294 476
294 496
295 296
295 311
295 313
295 318
295 319
295 320
295 325
295 332
295 334
295 339
295 341
295 342
295 348
295 361
295 362
295 374
295 382
295 384
295 396
295 399
295 408
295 418
295 428
295 431
295 432
295 444
295 454
295 459
295 465
295 484
295 492
295 499
296 302
296 304
296 325
296 328
296 330
296 339
296 347
296 354
296 357
296 360
296 368
296 371
296 380
296 388
296 389
296 395
296 407
296 419
296 421
296 424
296 430
296 455
296 457
296 460
296 479
296 484
296 485
296 490
296 495
297 298
297 299
297 301
297 303
297 309
297 311
297 315
297 316
297 318
297 324
297 339
297 340
297 344
297 351
297 360
297 367
297 374
297 375
297 376
297 379
297 383
297 389
297 396
297 407
297 413
297 418
297 421
297 422
297 424
297 434
297 436
297 440
297 445
297 446
297 452
297 472
297 490
297 492
298 300
298 303
298 305
298 333
298 334
298 341
298 353
298 355
298 357
298 365
298 379
298 382
298 391
298 397
298 403
298 410
298 413
298 414
298 422
298 424
298 428
298 436
298 441
298 446
298 458
298 463
298 466
298 471
298 481
298 492
299 302
299 306
299 307
299 320
299 322
299 333
299 334
299 337
299 343
299 351
299 355
299 358
299 362
299 366
299 368
299 371
299 377
299 381
299 382
299 383
299 384
299 387
299 389
299 392
299 395
299 399
299 412
299 416
299 420
299 425
299 427
299 436
299 442
299 450
299 451
299 468
299 471
299 487
299 488
300 304
300 310
300 317
300 321
300 324
300 326
300 331
300 340
300 347
300 348
300 364
300 366
300 386
300 387
300 404
300 420
300 423
300 427
300 430
300 439
300 445
300 456
300 459
300 462
300 464
300 465
300 466
300 472
300 480
300 481
300 490
301 309
301 310
301 311
301 319
301 323
301 330
301 336
301 340
301 344
301 346
301 354
301 358
301 368
301 381
301 395
301 396
301 399
301 401
301 411
301 419
301 424
301 430
301 456
301 463
301 470
301 483
301 484
301 487
301 495
301 498
302 303
302 306
302 308
302 314
302 315
302 317
302 327
302 337
302 338
302 390
302 397
302 404
302 405
302 406
302 410
302 444
302 450
302 453
302 455
302 466
302 481
302 486
302 492
302 493
302 494
302 498
302 499
303 309
303 311
303 314
303 317
303 323
303 324
303 327
303 331
303 333
303 350
303 351
303 361
303 367
303 378
303 380
303 383
303 387
303 389
303 418
303 448
303 454
303 457
303 463
303 479
304 306
304 307
304 321
304 323
304 332
304 347
304 353
304 355
304 357
304 361
304 380
304 385
304 388
304 390
304 431
304 433
304 445
304 447
304 450
304 466
304 478
304 487
305 316
305 323
305 334
305 340
305 341
305 345
305 346
305 353
305 360
305 367
305 373
305 376
305 379
305 393
305 395
305 397
305 412
305 421
305 423
305 434
305 438
305 443
305 453
305 463
305 471
305 472
305 475
305 476
305 479
305 491
305 496
306 310
306 325
306 326
306 329
306 333
306 340
306 341
306 352
306 359
306 360
306 362
306 369
306 376
306 378
306 385
306 387
306 391
306 398
306 406
306 417
306 420
306 421
306 423
306 427
306 428
306 436
306 437
306 450
306 454
306 456
306 460
306 465
306 474
306 477
306 492
307 308
307 318
307 322
307 325
307 328
307 344
307 350
307 351
307 353
307 362
307 367
307 369
307 370
307 371
307 372
307 373
307 378
307 381
307 383
307 390
307 395
307 399
307 404
307 408
307 413
307 414
307 415
307 433
307 435
307 437
307 438
307 439
307 444
307 449
307 452
307 455
307 470
307 481
307 485
307 486
308 321
308 324
308 343
308 349
308 354
308 357
308 364
308 366
308 367
308 378
308 381
308 392
308 393
308 407
308 408
308 410
308 411
308 412
308 413
308 418
308 427
308 436
308 441
308 444
308 457
308 471
308 486
308 490
309 311
309 315
309 325
309 335
309 337
309 344
309 348
309 351
309 354
309 357
309 359
309 361
309 378
309 380
309 405
309 413
309 418
309 426
309 445
309 448
309 454
309 463
309 466
309 469
309 470
309 482
309 485
309 491
309 493
310 314
310 321
310 364
310 365
310 366
310 379
310 385
310 386
310 396
310 399
310 403
310 413
310 416
310 420
310 427
310 433
310 448
310 450
310 451
310 453
310 456
310 458
310 461
310 463
310 466
310 470
310 472
310 474
310 480
310 484
310 485
310 491
311 312
311 354
311 374
311 375
311 381
311 384
311 385
311 392
311 398
311 409
311 410
311 415
311 440
311 462
311 464
311 467
311 469
311 471
311 478
311 485
311 493
311 496
311 498
312 313
312 321
312 323
312 329
312 335
312 338
312 346
312 349
312 351
312 360
312 362
312 392
312 398
312 400
312 401
312 406
312 410
312 418
312 433
312 435
312 442
312 446
312 455
312 457
312 463
312 477
312 481
312 489
312 495
313 321
313 323
313 330
313 352
313 365
313 369
313 371
313 375
313 393
313 395
313 397
313 401
313 413
313 416
313 420
313 421
313 447
313 457
313 468
313 474
313 487
313 491
314 328
314 331
314 337
314 338
314 342
314 349
314 350
314 357
314 358
314 367
314 375
314 386
314 398
314 404
314 412
314 416
314 420
314 433
314 435
314 441
314 445
314 448
314 450
314 457
314 464
314 466
314 470
314 483
314 486
314 489
314 494
315 317
315 322
315 327
315 329
315 335
315 337
315 340
315 341
315 346
315 350
315 408
315 418
315 419
315 422
315 438
315 450
315 451
315 455
315 456
315 458
315 460
315 463
315 467
315 472
315 493
315 494
316 317
316 320
316 327
316 336
316 340
316 348
316 354
316 369
316 378
316 381
316 392
316 410
316 412
316 415
316 428
316 430
316 441
316 447
316 448
316 457
316 468
316 471
316 483
316 484
316 495
317 338
317 339
317 341
317 354
317 359
317 368
317 378
317 380
317 382
317 383
317 385
317 389
317 392
317 400
317 405
317 410
317 432
317 437
317 447
317 448
317 495
317 497
317 498
318 319
318 322
318 327
318 329
318 331
318 333
318 339
318 346
318 349
318 357
318 367
318 368
318 370
318 377
318 389
318 391
318 392
318 401
318 406
318 412
318 415
318 418
318 422
318 427
318 428
318 429
318 430
318 446
318 461
318 469
318 494
319 326
319 339
319 351
319 362
319 384
319 387
319 393
319 412
319 428
319 432
319 454
319 473
319 476
319 483
319 493
320 321
320 335
320 339
320 341
320 342
320 343
320 355
320 370
320 376
320 392
320 396
320 405
320 416
320 417
320 419
320 421
320 430
320 446
320 448
320 449
320 450
320 451
320 458
320 465
320 467
320 482
320 487
320 495
320 497
320 498
320 499
321 338
321 339
321 341
321 343
321 345
321 346
321 356
321 365
321 370
321 371
321 372
321 390
321 394
321 400
321 402
321 425
321 428
321 439
321 442
321 447
321 473
321 479
321 482
322 326
322 330
322 335
322 341
322 343
322 356
322 362
322 367
322 373
322 381
322 403
322 412
322 415
322 423
322 438
322 460
322 461
322 470
322 499
323 340
323 350
323 351
323 356
323 366
323 369
323 391
323 395
323 400
323 402
323 404
323 411
323 420
323 422
323 424
323 425
323 431
323 436
323 437
323 441
323 447
323 449
323 457
323 469
323 470
323 472
323 477
323 482
323 495
324 330
324 341
324 352
324 368
324 372
324 375
324 379
324 381
324 396
324 408
324 413
324 416
324 430
324 431
324 434
324 437
324 447
324 450
324 456
324 458
324 460
324 462
324 467
324 478
324 479
324 489
324 490
324 494
325 332
325 335
325 342
325 343
325 350
325 365
325 367
325 393
325 400
325 402
325 417
325 420
325 430
325 434
325 443
325 452
325 456
325 461
325 462
325 469
325 478
325 479
325 490
325 493
325 494
326 339
326 366
326 369
326 391
326 392
326 394
326 395
326 397
326 398
326 400
326 405
326 412
326 415
326 418
326 422
326 424
326 425
326 439
326 444
326 449
326 452
326 454
326 456
326 464
326 468
326 481
326 482
326 484
326 498
327 334
327 346
327 347
327 356
327 374
327 383
327 406
327 416
327 431
327 441
327 446
327 456
327 457
327 462
327 465
327 479
327 481
327 485
327 486
328 329
328 333
328 358
328 373
328 385
328 391
328 392
328 409
328 418
328 423
328 426
328 430
328 437
328 453
328 457
328 460
328 461
328 466
328 468
328 472
328 474
328 477
328 478
328 479
328 480
328 494
328 498
328 499
329 331
329 339
329 344
329 345
329 350
329 351
329 362
329 366
329 367
329 372
329 378
329 385
329 386
329 391
329 396
329 399
329 400
329 403
329 436
329 442
329 447
329 448
329 449
329 453
329 459
329 465
329 468
329 470
329 477
329 480
329 481
329 483
329 484
329 485
329 491
329 498
329 499
330 345
330 351
330 361
330 371
330 375
330 378
330 383
330 388
330 396
330 413
330 424
330 436
330 440
330 450
330 456
330 475
330 477
330 478
330 479
330 483
330 484
331 337
331 344
331 354
331 364
331 366
331 367
331 372
331 377
331 405
331 410
331 419
331 441
331 442
331 448
331 454
331 461
331 465
331 478
331 490
331 497
332 341
332 358
332 382
332 390
332 398
332 402
332 405
332 408
332 418
332 425
332 428
332 432
332 451
332 452
332 457
332 464
332 476
332 485
332 496
332 498
332 499
333 336
333 354
333 357
333 362
333 363
333 366
333 367
333 369
333 370
333 371
333 378
333 380
333 381
333 384
333 386
333 395
333 399
333 407
333 434
333 443
333 455
333 470
333 471
333 473
333 479
333 487
333 495
333 496
334 338
334 343
334 361
334 365
334 371
334 388
334 389
334 403
334 407
334 411
334 418
334 419
334 421
334 430
334 442
334 451
334 455
334 491
334 497
334 498
335 339
335 370
335 382
335 387
335 395
335 406
335 416
335 421
335 430
335 441
335 446
335 452
335 461
335 466
335 472
335 475
335 490
335 497
336 337
336 338
336 339
336 341
336 352
336 354
336 359
336 364
336 373
336 378
336 401
336 426
336 427
336 434
336 474
336 486
336 490
336 494
337 338
337 345
337 347
337 355
337 356
337 364
337 379
337 383
337 400
337 405
337 413
337 414
337 422
337 423
337 427
337 429
337 441
337 445
337 447
337 450
337 455
337 460
337 468
337 474
337 478
337 480
337 483
337 494
337 498
338 343
338 344
338 347
338 351
338 354
338 363
338 365
338 382
338 389
338 390
338 399
338 403
338 409
338 415
338 416
338 418
338 424
338 440
338 445
338 456
338 461
338 471
338 485
338 492
338 494
339 353
339 355
339 356
339 373
339 375
339 382
339 388
339 397
339 402
339 403
339 406
339 408
339 415
339 424
339 425
339 426
339 437
339 446
339 450
339 452
339 455
339 465
339 466
339 471
339 488
339 491
339 494
340 341
340 343
340 348
340 356
340 378
340 380
340 427
340 428
340 431
340 434
340 443
340 444
340 452
340 481
340 488
340 493
340 497
341 353
341 369
341 379
341 394
341 400
341 401
341 407
341 412
341 418
341 422
341 425
341 429
341 430
341 439
341 440
341 448
341 450
341 457
341 462
341 471
341 476
341 490
341 498
342 348
342 350
342 351
342 361
342 382
342 387
342 388
342 390
342 392
342 399
342 410
342 411
342 426
342 428
342 430
342 441
342 443
342 448
342 455
342 457
342 477
342 489
342 496
342 498
343 346
343 348
343 350
343 368
343 370
343 374
343 379
343 387
343 398
343 404
343 413
343 450
343 475
343 477
343 481
343 482
343 489
344 350
344 357
344 368
344 380
344 390
344 391
344 395
344 434
344 435
344 438
344 458
344 460
344 471
344 477
344 491
344 494
344 497
345 358
345 360
345 363
345 370
345 372
345 373
345 384
345 394
345 395
345 398
345 406
345 413
345 420
345 438
345 441
345 447
345 451
345 454
345 467
345 469
345 478
345 493
345 494
345 499
346 354
346 362
346 368
346 374
346 387
346 391
346 395
346 403
346 406
346 407
346 420
346 425
346 429
346 439
346 442
346 443
346 447
346 455
346 459
346 462
346 464
346 488
346 490
346 493
347 359
347 371
347 372
347 373
347 376
347 381
347 383
347 384
347 390
347 392
347 393
347 399
347 406
347 407
347 408
347 419
347 423
347 427
347 433
347 442
347 449
347 453
347 463
347 468
347 479
347 483
347 494
347 497
348 354
348 385
348 386
348 391
348 397
348 399
348 400
348 434
348 440
348 441
348 442
348 457
348 472
348 499
349 360
349 362
349 365
349 380
349 384
349 401
349 404
349 425
349 427
349 428
349 432
349 433
349 436
349 442
349 443
349 446
349 448
349 449
349 453
349 456
349 475
349 482
349 485
349 491
349 498
350 357
350 360
350 370
350 373
350 376
350 378
350 380
350 389
350 396
350 397
350 399
350 404
350 408
350 415
350 420
350 428
350 431
350 441
350 443
350 466
350 467
350 479
350 484
350 485
351 362
351 365
351 368
351 371
351 374
351 376
351 377
351 379
351 386
351 388
351 395
351 413
351 414
351 429
351 471
351 489
351 491
351 492
351 496
351 497
352 354
352 372
352 378
352 383
352 388
352 414
352 425
352 432
352 442
352 450
352 451
352 455
352 459
352 472
352 490
352 494
352 496
352 499
353 376
353 391
353 395
353 403
353 409
353 410
353 413
353 416
353 418
353 421
353 422
353 430
353 442
353 448
353 452
353 466
353 477
353 490
354 355
354 364
354 366
354 377
354 378
354 384
354 388
354 391
354 394
354 402
354 405
354 412
354 429
354 440
354 453
354 454
354 455
354 457
354 462
354 466
354 469
354 472
354 476
354 489
354 494
354 498
355 356
355 366
355 367
355 374
355 384
355 387
355 393
355 400
355 414
355 437
355 442
355 456
355 464
355 468
355 475
355 478
355 490
356 369
356 371
356 385
356 391
356 394
356 405
356 418
356 421
356 425
356 433
356 439
356 448
356 454
356 455
356 483
356 488
357 362
357 365
357 368
357 375
357 393
357 398
357 402
357 404
357 407
357 408
357 421
357 441
357 447
357 457
357 458
357 475
357 479
357 481
357 487
357 491
358 364
358 380
358 381
358 386
358 398
358 415
358 429
358 434
358 438
358 457
358 466
358 470
359 382
359 386
359 398
359 414
359 422
359 428
359 444
359 446
359 448
359 457
359 465
359 486
359 493
359 499
360 369
360 382
360 389
360 391
360 393
360 403
360 405
360 412
360 424
360 426
360 433
360 434
360 438
360 449
360 460
360 470
360 480
360 481
360 486
360 487
360 492
361 363
361 384
361 389
361 397
361 398
361 405
361 414
361 419
361 422
361 424
361 426
361 428
361 431
361 443
361 447
361 449
361 450
361 456
361 458
361 464
361 499
362 364
362 384
362 385
362 388
362 399
362 411
362 416
362 427
362 429
362 453
362 469
362 470
362 481
362 488
362 492
362 495
363 369
363 377
363 403
363 416
363 434
363 438
363 457
363 472
363 478
363 479
363 491
364 366
364 373
364 378
364 388
364 396
364 398
364 402
364 403
364 409
364 413
364 416
364 420
364 426
364 429
364 430
364 449
364 451
364 454
364 455
364 457
364 458
364 467
364 469
364 473
364 474
364 484
364 491
364 497
364 498
365 374
365 376
365 383
365 386
365 389
365 394
365 398
365 405
365 416
365 421
365 442
365 450
365 454
365 461
365 470
365 475
365 490
365 493
365 494
366 369
366 372
366 380
366 383
366 384
366 391
366 399
366 401
366 404
366 408
366 418
366 425
366 430
366 436
366 446
366 452
366 454
366 463
366 465
366 466
366 467
366 472
366 479
366 486
366 496
367 382
367 403
367 406
367 415
367 418
367 424
367 425
367 429
367 432
367 437
367 462
367 469
367 474
367 475
367 476
367 492
367 493
367 495
367 499
368 375
368 383
368 385
368 391
368 395
368 400
368 405
368 425
368 434
368 436
368 437
368 442
368 457
368 482
368 491
368 495
369 371
369 382
369 390
369 394
369 398
369 400
369 403
369 406
369 414
369 426
369 430
369 439
369 440
369 449
369 454
369 463
369 471
369 473
369 480
369 486
369 493
369 494
369 499
370 378
370 393
370 396
370 397
370 414
370 415
370 424
370 425
370 426
370 436
370 456
370 475
370 476
370 477
370 479
370 486
371 376
371 377
371 397
371 410
371 413
371 422
371 429
371 431
371 438
371 450
371 453
371 458
371 463
371 478
371 489
371 490
372 383
372 390
372 401
372 419
372 427
372 438
372 439
372 442
372 445
372 446
372 449
372 458
372 475
372 482
372 490
372 492
372 493
372 497
373 375
373 376
373 397
373 413
373 417
373 423
373 429
373 433
373 438
373 441
373 445
373 448
373 459
373 468
373 487
373 496
374 387
374 396
374 415
374 426
374 430
374 432
374 443
374 450
374 452
374 466
374 482
374 484
374 496
375 377
375 395
375 399
375 407
375 414
375 426
375 434
375 435
375 438
375 448
375 456
375 458
375 478
375 489
376 378
376 381
376 387
376 390
376 391
376 392
376 397
376 398
376 408
376 412
376 416
376 427
376 430
376 433
376 436
376 444
376 451
376 453
376 455
376 456
376 457
376 472
376 475
376 477
376 487
376 488
376 489
376 493
376 497
377 380
377 382
377 390
377 392
377 408
377 417
377 428
377 429
377 437
377 456
377 464
377 469
377 470
377 476
377 492
377 494
378 380
378 389
378 394
378 402
378 424
378 427
378 435
378 443
378 449
378 459
378 466
378 471
378 472
378 476
378 479
378 481
378 492
378 493
379 390
379 405
379 413
379 436
379 444
379 449
379 450
379 461
379 469
379 470
379 474
379 479
379 489
379 496
380 383
380 398
380 399
380 401
380 403
380 413
380 423
380 424
380 431
380 433
380 437
380 445
380 466
380 473
380 483
380 485
380 486
380 491
380 495
380 496
381 383
381 394
381 397
381 408
381 409
381 422
381 432
381 433
381 438
381 439
381 441
381 443
381 444
381 455
381 458
381 464
381 466
381 471
381 473
381 477
381 492
381 498
382 392
382 393
382 394
382 396
382 399
382 404
382 406
382 409
382 425
382 426
382 428
382 430
382 432
382 434
382 437
382 442
382 446
382 452
382 458
382 466
382 470
382 477
382 492
382 497
383 385
383 392
383 398
383 403
383 419
383 420
383 422
383 424
383 425
383 427
383 436
383 446
383 448
383 449
383 451
383 459
383 468
383 478
383 481
384 389
384 393
384 396
384 417
384 418
384 439
384 441
384 447
384 449
384 458
384 460
384 465
384 467
384 469
384 474
384 476
384 482
384 483
385 388
385 408
385 423
385 429
385 450
385 455
385 460
385 473
385 478
385 492
385 494
385 498
386 391
386 416
386 427
386 434
386 435
386 444
386 459
386 466
386 471
386 486
386 488
387 399
387 402
387 407
387 416
387 417
387 422
387 426
387 433
387 452
387 453
387 463
387 472
387 480
388 390
388 396
388 402
388 403
388 414
388 415
388 417
388 421
388 422
388 425
388 433
388 434
388 435
388 437
388 442
388 465
388 467
388 477
388 479
388 480
388 488
388 489
388 495
388 499
389 395
389 396
389 443
389 447
389 453
389 459
389 471
389 472
389 473
389 479
389 485
390 393
390 399
390 404
390 408
390 417
390 419
390 431
390 438
390 441
390 445
390 451
390 452
390 464
390 467
390 473
390 474
390 489
391 406
391 407
391 421
391 427
391 440
391 442
391 447
391 449
391 453
391 478
392 401
392 404
392 408
392 412
392 413
392 416
392 435
392 449
392 452
392 454
392 456
392 487
392 497
393 396
393 412
393 417
393 426
393 435
393 438
393 443
393 444
393 452
393 464
393 487
393 491
393 493
394 403
394 407
394 433
394 439
394 440
394 443
394 444
394 446
394 453
394 455
394 477
394 478
394 486
394 493
395 414
395 425
395 432
395 437
395 438
395 447
395 454
395 459
395 478
395 486
396 402
396 405
396 409
396 414
396 423
396 427
396 430
396 442
396 444
396 450
396 468
396 479
396 495
396 498
397 400
397 423
397 427
397 433
397 447
397 449
397 455
397 456
397 466
397 467
397 472
397 483
397 488
397 493
398 404
398 423
398 429
398 430
398 435
398 444
398 445
398 449
398 458
398 468
398 470
398 493
398 496
398 497
399 401
399 405
399 408
399 414
399 425
399 430
399 454
399 457
399 465
399 467
399 469
399 472
399 484
399 492
400 420
400 428
400 429
400 436
400 457
400 470
400 472
400 480
401 416
401 423
401 424
401 433
401 443
401 462
401 466
401 471
401 482
401 483
401 485
401 489
401 491
401 494
401 497
402 407
402 421
402 424
402 429
402 438
402 441
402 457
402 470
402 472
402 479
402 483
402 488
403 418
403 430
403 437
403 446
403 450
403 451
403 459
403 463
403 475
403 477
403 485
404 428
404 444
404 445
404 446
404 447
404 455
404 459
404 464
404 476
404 485
404 486
405 419
405 429
405 434
405 440
405 444
405 455
405 457
405 459
405 460
405 467
405 471
405 474
405 490
405 493
405 496
406 412
406 423
406 433
406 439
406 443
406 448
406 450
406 453
406 480
406 481
406 486
406 489
407 408
407 410
407 421
407 423
407 427
407 428
407 437
407 441
407 445
407 453
407 455
407 459
407 460
407 465
407 469
407 484
407 486
407 490
407 496
407 498
408 419
408 422
408 424
408 426
408 427
408 431
408 434
408 440
408 443
408 447
408 457
408 462
408 464
408 467
408 469
408 473
408 474
408 475
408 482
408 483
408 484
409 414
409 421
409 424
409 435
409 438
409 468
409 473
409 478
409 480
409 483
409 487
410 412
410 419
410 426
410 436
410 442
410 452
410 459
410 469
410 473
410 474
410 478
410 479
410 489
410 492
410 494
410 496
411 453
411 488
411 497
412 423
412 425
412 437
412 439
412 441
412 445
412 482
412 483
412 493
412 498
413 421
413 425
413 430
413 431
413 433
413 446
413 466
413 471
413 475
413 476
413 478
413 482
413 485
413 490
413 491
413 494
413 498
414 427
414 430
414 431
414 435
414 440
414 449
414 452
414 468
414 469
414 477
414 483
414 493
415 436
415 449
415 455
415 461
415 468
415 469
415 478
415 479
415 483
415 490
415 492
416 423
416 425
416 426
416 430
416 437
416 439
416 453
416 469
416 483
416 484
416 487
416 495
416 499
417 422
417 431
417 439
417 440
417 443
417 451
417 454
417 458
417 466
417 467
417 468
417 471
417 484
417 486
417 492
417 493
418 420
418 428
418 429
418 431
418 436
418 437
418 441
418 443
418 479
418 481
418 485
418 489
418 493
419 423
419 425
419 426
419 445
419 457
419 461
419 466
419 473
419 475
419 481
419 485
419 486
420 427
420 438
420 453
420 456
420 460
420 465
420 471
420 487
420 490
420 494
420 497
421 434
421 439
421 445
421 448
421 450
421 458
421 463
421 477
421 478
421 485
421 498
421 499
422 429
422 433
422 442
422 449
422 452
422 481
422 493
423 424
423 426
423 428
423 443
423 448
423 450
423 465
423 466
423 467
423 476
423 497
424 428
424 431
424 433
424 434
424 448
424 457
424 459
424 460
424 472
424 482
424 486
424 487
424 495
425 438
425 440
425 441
425 442
425 444
425 446
425 447
425 460
425 462
425 463
425 471
425 476
425 477
425 479
425 484
425 485
425 486
425 498
426 436
426 443
426 446
426 450
426 460
426 472
426 479
426 481
427 441
427 442
427 461
427 483
427 488
427 495
428 434
428 436
428 446
428 454
428 458
428 463
428 465
428 468
428 469
428 470
428 472
428 475
428 480
428 484
429 471
429 475
429 489
430 431
430 433
430 449
430 463
430 474
430 480
430 485
430 489
430 497
431 432
431 439
431 454
431 481
431 483
431 488
431 496
432 434
432 443
432 446
432 453
432 461
432 464
432 481
432 484
432 489
432 492
433 435
433 440
433 446
433 451
433 452
433 457
433 464
433 473
433 484
433 486
434 436
434 444
434 462
434 473
434 482
434 494
434 497
435 452
435 456
435 457
435 465
435 468
435 477
435 478
435 487
435 492
435 496
436 444
436 447
436 472
436 480
436 484
436 486
436 493
436 494
437 442
437 443
437 445
437 449
437 462
437 465
437 478
437 491
437 493
437 494
438 446
438 459
438 460
438 482
439 446
439 447
439 448
439 450
439 474
439 479
439 483
439 484
439 485
439 496
440 461
440 470
440 474
440 475
440 483
440 486
440 489
440 495
440 497
441 445
441 461
441 463
441 468
441 475
441 480
441 487
441 492
442 454
442 458
442 468
442 479
442 493
442 496
443 449
443 453
443 459
443 472
443 487
443 496
444 467
444 475
444 495
445 447
445 467
445 483
446 455
446 464
446 471
446 496
446 497
447 450
447 455
447 456
447 460
447 464
447 478
447 481
447 488
448 450
448 454
448 465
448 474
448 483
448 494
449 450
449 451
449 457
449 459
449 462
449 467
449 475
451 457
451 474
451 488
451 489
451 496
452 490
453 461
453 473
453 475
453 485
453 491
453 497
454 462
454 466
454 473
454 476
455 457
455 459
455 471
455 476
455 477
455 489
455 491
455 494
456 459
456 464
456 465
456 471
456 474
456 489
456 494
456 498
457 462
457 463
457 472
457 494
457 499
458 467
458 474
458 479
458 480
458 486
458 487
458 496
458 499
459 460
459 461
459 465
459 475
459 476
459 477
459 478
459 491
459 494
459 498
460 470
460 474
460 476
460 477
460 487
460 498
461 465
461 470
461 477
461 485
461 487
461 493
461 494
462 473
462 480
462 482
462 486
462 494
462 497
463 469
463 473
463 484
463 487
463 489
463 495
463 496
463 497
464 466
464 473
464 475
464 476
464 482
464 490
465 468
465 474
465 478
465 481
465 482
465 492
466 473
466 476
466 480
466 485
466 492
466 493
466 496
466 497
466 498
467 470
467 472
467 488
467 498
468 487
468 490
468 492
468 499
469 474
469 476
469 481
469 486
469 489
469 491
469 496
469 498
470 483
470 493
470 496
471 477
471 489
472 477
472 483
472 484
473 485
473 491
473 495
473 499
474 483
474 484
474 488
474 499
475 476
475 482
475 498
476 491
477 479
477 485
477 491
477 493
477 496
478 481
478 483
478 487
478 489
478 495
478 497
479 480
479 493
479 499
480 485
480 486
480 487
480 488
480 491
480 495
481 491
481 499
482 486
482 490
482 497
483 492
483 493
483 494
484 486
485 499
486 490
486 496
486 497
488 495
489 496
490 494
491 494
491 495
492 496
492 499
493 497
494 497
495 498
498 499
