# Erdos-Renyi general graph G(n, p)
# nodes=1000 edge_probability=0.1 seed=42 edges=49929
# first data line: '<node count> <edge count>', then one '<source> <target>' pair per line
1000 49929
0 2
0 8
0 10
0 13
0 20
0 27
0 28
0 42
0 45
0 68
0 89
0 90
0 95
0 101
0 125
0 127
0 132
0 135
0 137
0 161
0 166
0 177
0 184
0 198
0 208
0 225
0 231
0 253
0 257
0 270
0 288
0 291
0 298
0 299
0 325
0 343
0 369
0 376
0 395
0 407
0 416
0 420
0 428
0 436
0 461
0 470
0 482
0 494
0 502
0 505
0 509
0 518
0 519
0 529
0 544
0 550
0 584
0 590
0 599
0 601
0 609
0 638
0 652
0 657
0 659
0 684
0 685
0 704
0 716
0 717
0 721
0 729
0 738
0 776
0 818
0 827
0 852
0 853
0 859
0 865
0 874
0 883
0 909
0 930
0 957
0 967
0 972
0 981
0 992
0 996
1 3
1 16
1 21
1 29
1 36
1 37
1 42
1 52
1 58
1 64
1 65
1 67
1 76
1 88
1 94
1 96
1 97
1 128
1 136
1 142
1 151
1 152
1 168
1 171
1 177
1 185
1 187
1 188
1 196
1 202
1 239
1 243
1 247
1 249
1 264
1 283
1 284
1 319
1 325
1 376
1 377
1 382
1 394
1 395
1 404
1 411
1 420
1 422
1 432
1 440
1 449
1 453
1 455
1 480
1 485
1 492
1 499
1 508
1 509
1 541
1 546
1 559
1 565
1 572
1 585
1 611
1 612
1 627
1 628
1 645
1 660
1 666
1 682
1 698
1 724
1 738
1 741
1 750
1 805
1 810
1 822
1 839
1 865
1 877
1 880
1 906
1 909
1 911
1 921
1 927
1 935
1 937
1 940
1 942
1 964
1 965
1 981
1 984
1 987
1 993
2 10
2 41
2 56
2 74
2 108
2 109
2 118
2 126
2 128
2 132
2 138
2 155
2 158
2 159
2 166
2 168
2 173
2 174
2 178
2 186
2 199
2 207
2 216
2 220
2 227
2 236
2 238
2 244
2 254
2 258
2 311
2 324
2 329
2 336
2 348
2 381
2 390
2 410
2 430
2 432
2 442
2 443
2 459
2 484
2 495
2 515
2 522
2 529
2 542
2 543
2 549
2 569
2 574
2 580
2 593
2 602
2 611
2 624
2 643
2 644
2 646
2 647
2 654
2 667
2 671
2 672
2 693
2 696
2 699
2 711
2 727
2 735
2 741
2 754
2 761
2 769
2 772
2 779
2 780
2 783
2 795
2 813
2 816
2 823
2 831
2 842
2 843
2 850
2 856
2 863
2 869
2 891
2 902
2 915
2 926
2 930
2 938
2 973
2 986
2 993
2 996
3 14
3 19
3 25
3 29
3 43
3 53
3 56
3 62
3 72
3 75
3 89
3 113
3 139
3 144
3 151
3 157
3 180
3 193
3 214
3 217
3 221
3 244
3 266
3 281
3 289
3 302
3 308
3 323
3 330
3 336
3 339
3 375
3 379
3 383
3 411
3 416
3 422
3 431
3 433
3 438
3 440
3 448
3 461
3 471
3 479
3 492
3 501
3 507
3 511
3 527
3 528
3 537
3 554
3 579
3 634
3 646
3 665
3 696
3 707
3 711
3 722
3 741
3 749
3 750
3 766
3 767
3 776
3 784
3 789
3 811
3 835
3 836
3 854
3 875
3 876
3 877
3 879
3 914
3 916
3 922
3 948
3 963
3 964
3 968
3 970
3 976
3 980
4 9
4 12
4 25
4 35
4 48
4 86
4 87
4 91
4 93
4 94
4 109
4 114
4 116
4 125
4 126
4 140
4 157
4 159
4 167
4 170
4 173
4 198
4 211
4 223
4 244
4 265
4 275
4 299
4 314
4 319
4 322
4 325
4 328
4 339
4 365
4 370
4 374
4 378
4 406
4 407
4 426
4 428
4 440
4 450
4 466
4 467
4 472
4 474
4 479
4 507
4 512
4 516
4 532
4 538
4 547
4 552
4 554
4 562
4 563
4 567
4 616
4 624
4 631
4 646
4 647
4 657
4 661
4 666
4 676
4 678
4 680
4 692
4 696
4 702
4 709
4 716
4 721
4 725
4 735
4 738
4 743
4 745
4 751
4 757
4 765
4 782
4 788
4 851
4 853
4 859
4 868
4 881
4 889
4 897
4 952
4 958
4 965
4 968
4 974
4 986
4 990
5 30
5 31
5 41
5 48
5 53
5 81
5 92
5 105
5 123
5 127
5 129
5 144
5 154
5 162
5 197
5 227
5 237
5 244
5 249
5 265
5 266
5 273
5 296
5 297
5 302
5 335
5 337
5 341
5 345
5 356
5 361
5 364
5 369
5 376
5 389
5 416
5 422
5 431
5 445
5 446
5 452
5 453
5 480
5 484
5 500
5 521
5 532
5 535
5 540
5 547
5 555
5 562
5 563
5 565
5 575
5 580
5 584
5 616
5 617
5 621
5 623
5 625
5 638
5 645
5 649
5 664
5 671
5 687
5 706
5 720
5 736
5 738
5 741
5 749
5 755
5 761
5 771
5 774
5 781
5 784
5 794
5 811
5 825
5 828
5 847
5 868
5 881
5 887
5 900
5 923
5 924
5 930
5 934
5 950
5 962
5 967
5 970
5 981
5 987
5 988
6 9
6 22
6 37
6 46
6 49
6 68
6 80
6 88
6 91
6 94
6 98
6 101
6 110
6 120
6 122
6 129
6 150
6 162
6 172
6 179
6 205
6 206
6 207
6 214
6 215
6 227
6 234
6 258
6 259
6 263
6 266
6 275
6 278
6 307
6 312
6 314
6 316
6 332
6 356
6 372
6 382
6 384
6 391
6 431
6 453
6 463
6 481
6 482
6 490
6 525
6 557
6 566
6 567
6 576
6 594
6 614
6 617
6 623
6 631
6 644
6 648
6 656
6 662
6 672
6 675
6 676
6 683
6 710
6 729
6 730
6 731
6 734
6 739
6 746
6 763
6 780
6 782
6 795
6 806
6 807
6 827
6 835
6 868
6 869
6 875
6 876
6 884
6 902
6 912
6 924
6 940
6 942
6 945
6 949
6 954
6 966
6 982
6 989
6 994
7 10
7 14
7 40
7 43
7 44
7 78
7 87
7 132
7 140
7 149
7 151
7 158
7 162
7 168
7 169
7 184
7 199
7 210
7 215
7 225
7 248
7 251
7 262
7 263
7 274
7 279
7 283
7 305
7 307
7 324
7 338
7 340
7 342
7 346
7 351
7 361
7 370
7 371
7 372
7 375
7 381
7 386
7 391
7 404
7 415
7 427
7 430
7 452
7 454
7 467
7 468
7 474
7 475
7 483
7 486
7 501
7 511
7 517
7 524
7 527
7 543
7 555
7 571
7 577
7 578
7 579
7 593
7 626
7 636
7 655
7 658
7 662
7 667
7 668
7 677
7 691
7 693
7 733
7 741
7 748
7 754
7 762
7 767
7 773
7 784
7 785
7 791
7 819
7 823
7 861
7 866
7 879
7 893
7 895
7 900
7 905
7 917
7 927
7 940
7 945
7 957
7 974
7 987
8 16
8 27
8 28
8 42
8 60
8 62
8 65
8 67
8 82
8 105
8 107
8 114
8 143
8 158
8 175
8 176
8 185
8 186
8 228
8 264
8 274
8 277
8 284
8 301
8 305
8 316
8 317
8 322
8 346
8 353
8 367
8 379
8 384
8 389
8 402
8 404
8 408
8 415
8 443
8 449
8 470
8 471
8 475
8 509
8 532
8 540
8 546
8 569
8 591
8 624
8 629
8 630
8 645
8 646
8 647
8 657
8 658
8 680
8 687
8 699
8 703
8 707
8 736
8 738
8 748
8 752
8 759
8 788
8 796
8 801
8 802
8 812
8 816
8 818
8 821
8 835
8 846
8 882
8 883
8 892
8 896
8 922
8 924
8 928
8 940
8 945
8 950
8 953
8 955
8 956
8 972
8 975
9 17
9 20
9 23
9 29
9 35
9 38
9 47
9 61
9 84
9 94
9 95
9 101
9 112
9 132
9 137
9 140
9 145
9 158
9 163
9 170
9 176
9 177
9 186
9 200
9 203
9 220
9 226
9 237
9 239
9 274
9 277
9 292
9 304
9 327
9 338
9 342
9 345
9 372
9 378
9 379
9 381
9 388
9 392
9 402
9 403
9 445
9 447
9 455
9 460
9 466
9 480
9 506
9 508
9 509
9 526
9 527
9 528
9 545
9 570
9 576
9 578
9 579
9 612
9 617
9 622
9 624
9 638
9 639
9 641
9 657
9 665
9 669
9 674
9 690
9 699
9 710
9 738
9 758
9 759
9 762
9 766
9 774
9 779
9 787
9 800
9 816
9 832
9 836
9 837
9 841
9 845
9 849
9 860
9 864
9 867
9 872
9 902
9 905
9 910
9 923
9 949
9 952
9 966
9 970
9 998
10 22
10 25
10 26
10 38
10 41
10 47
10 53
10 65
10 70
10 75
10 79
10 80
10 87
10 88
10 96
10 108
10 117
10 120
10 123
10 131
10 148
10 168
10 172
10 178
10 182
10 186
10 200
10 216
10 219
10 242
10 247
10 256
10 258
10 262
10 264
10 274
10 294
10 297
10 307
10 311
10 312
10 322
10 358
10 366
10 373
10 391
10 405
10 415
10 434
10 450
10 455
10 457
10 476
10 495
10 497
10 512
10 513
10 533
10 557
10 579
10 582
10 601
10 602
10 619
10 620
10 624
10 635
10 642
10 649
10 665
10 684
10 696
10 706
10 738
10 741
10 748
10 766
10 786
10 793
10 821
10 833
10 836
10 838
10 843
10 846
10 861
10 862
10 870
10 872
10 873
10 878
10 891
10 895
10 903
10 912
10 921
10 930
10 949
10 963
10 967
10 976
10 980
10 989
11 22
11 40
11 44
11 47
11 62
11 72
11 96
11 103
11 108
11 141
11 155
11 160
11 163
11 164
11 177
11 185
11 189
11 217
11 225
11 227
11 236
11 246
11 258
11 264
11 273
11 324
11 356
11 357
11 362
11 370
11 394
11 396
11 426
11 448
11 469
11 471
11 477
11 487
11 490
11 493
11 496
11 507
11 522
11 544
11 594
11 615
11 638
11 645
11 647
11 663
11 668
11 672
11 674
11 688
11 700
11 707
11 709
11 711
11 729
11 759
11 777
11 788
11 803
11 828
11 831
11 836
11 838
11 864
11 865
11 884
11 887
11 891
11 919
11 933
11 942
11 975
11 982
11 995
12 19
12 30
12 66
12 105
12 107
12 109
12 120
12 165
12 180
12 183
12 194
12 196
12 239
12 247
12 252
12 274
12 292
12 301
12 314
12 317
12 322
12 324
12 344
12 345
12 380
12 396
12 397
12 407
12 416
12 420
12 429
12 433
12 437
12 442
12 451
12 513
12 530
12 536
12 542
12 561
12 586
12 626
12 656
12 657
12 659
12 696
12 709
12 721
12 724
12 735
12 740
12 744
12 750
12 754
12 770
12 778
12 784
12 785
12 800
12 801
12 803
12 806
12 807
12 818
12 820
12 828
12 846
12 847
12 852
12 855
12 857
12 863
12 875
12 888
12 894
12 900
12 904
12 916
12 918
12 926
12 940
12 965
12 967
12 970
12 982
13 21
13 24
13 27
13 55
13 60
13 63
13 64
13 89
13 92
13 101
13 107
13 111
13 132
13 138
13 150
13 172
13 174
13 175
13 176
13 177
13 179
13 183
13 192
13 212
13 214
13 219
13 223
13 238
13 247
13 268
13 319
13 324
13 330
13 332
13 333
13 337
13 351
13 353
13 355
13 360
13 366
13 367
13 372
13 380
13 386
13 398
13 412
13 417
13 434
13 443
13 459
13 468
13 469
13 474
13 483
13 492
13 502
13 506
13 524
13 525
13 526
13 550
13 604
13 614
13 624
13 635
13 655
13 660
13 675
13 707
13 719
13 734
13 736
13 738
13 739
13 750
13 751
13 764
13 775
13 779
13 781
13 783
13 796
13 798
13 828
13 838
13 847
13 852
13 872
13 875
13 881
13 887
13 891
13 901
13 904
13 915
13 916
13 920
13 925
13 953
13 964
13 970
13 974
13 981
13 997
13 998
14 15
14 18
14 23
14 32
14 35
14 50
14 55
14 58
14 76
14 82
14 96
14 99
14 100
14 117
14 136
14 158
14 174
14 180
14 197
14 210
14 213
14 223
14 228
14 232
14 247
14 278
14 288
14 290
14 299
14 310
14 317
14 326
14 328
14 331
14 340
14 362
14 367
14 368
14 380
14 386
14 394
14 401
14 427
14 439
14 476
14 498
14 503
14 517
14 523
14 555
14 562
14 570
14 573
14 593
14 606
14 611
14 614
14 627
14 631
14 633
14 665
14 669
14 678
14 683
14 686
14 688
14 690
14 694
14 700
14 705
14 711
14 712
14 713
14 715
14 717
14 722
14 725
14 752
14 754
14 756
14 758
14 778
14 781
14 788
14 794
14 796
14 803
14 815
14 818
14 837
14 847
14 856
14 857
14 877
14 879
14 881
14 896
14 927
14 931
14 948
14 954
14 956
14 974
14 978
14 994
14 999
15 16
15 23
15 25
15 30
15 69
15 74
15 98
15 124
15 126
15 148
15 151
15 159
15 167
15 176
15 198
15 209
15 214
15 217
15 219
15 221
15 223
15 235
15 249
15 258
15 260
15 267
15 282
15 303
15 306
15 310
15 322
15 349
15 353
15 370
15 372
15 381
15 388
15 391
15 397
15 405
15 408
15 410
15 443
15 448
15 468
15 482
15 536
15 542
15 558
15 563
15 582
15 591
15 599
15 615
15 648
15 661
15 662
15 664
15 687
15 702
15 706
15 708
15 710
15 711
15 717
15 721
15 749
15 807
15 808
15 825
15 850
15 864
15 871
15 878
15 886
15 891
15 894
15 904
15 907
15 923
15 943
15 956
15 966
15 967
15 978
15 982
15 990
15 992
15 997
16 40
16 58
16 59
16 66
16 75
16 81
16 86
16 87
16 96
16 105
16 107
16 120
16 126
16 135
16 140
16 145
16 151
16 154
16 156
16 178
16 181
16 196
16 203
16 209
16 210
16 213
16 216
16 256
16 260
16 263
16 267
16 269
16 271
16 287
16 288
16 296
16 323
16 326
16 327
16 356
16 376
16 379
16 382
16 389
16 391
16 394
16 397
16 414
16 415
16 438
16 447
16 455
16 456
16 458
16 471
16 473
16 490
16 493
16 508
16 519
16 524
16 544
16 552
16 555
16 568
16 576
16 579
16 589
16 605
16 627
16 636
16 641
16 645
16 650
16 653
16 664
16 687
16 692
16 713
16 723
16 724
16 750
16 756
16 759
16 772
16 773
16 784
16 786
16 798
16 801
16 811
16 812
16 818
16 819
16 823
16 824
16 838
16 861
16 862
16 869
16 882
16 885
16 890
16 903
16 939
16 941
16 958
16 959
16 975
16 980
16 988
16 990
16 996
16 999
17 18
17 21
17 26
17 53
17 56
17 58
17 79
17 98
17 103
17 123
17 124
17 128
17 130
17 135
17 138
17 145
17 147
17 148
17 155
17 160
17 172
17 185
17 188
17 189
17 195
17 198
17 206
17 223
17 224
17 233
17 237
17 252
17 261
17 270
17 278
17 280
17 281
17 286
17 294
17 311
17 316
17 326
17 329
17 331
17 333
17 341
17 359
17 366
17 368
17 369
17 387
17 388
17 393
17 416
17 419
17 420
17 422
17 434
17 437
17 439
17 451
17 454
17 455
17 475
17 496
17 513
17 548
17 562
17 570
17 603
17 606
17 616
17 650
17 657
17 668
17 683
17 689
17 705
17 711
17 716
17 717
17 727
17 736
17 768
17 781
17 782
17 784
17 793
17 796
17 805
17 853
17 868
17 873
17 880
17 883
17 892
17 897
17 899
17 908
17 913
17 916
17 918
17 935
17 941
17 957
17 967
17 969
17 980
17 992
17 997
17 999
18 23
18 67
18 88
18 103
18 110
18 123
18 160
18 177
18 187
18 199
18 203
18 208
18 238
18 244
18 252
18 255
18 263
18 267
18 275
18 282
18 301
18 311
18 328
18 331
18 332
18 335
18 341
18 344
18 369
18 382
18 389
18 396
18 427
18 435
18 454
18 461
18 466
18 473
18 475
18 489
18 494
18 499
18 525
18 528
18 540
18 549
18 554
18 557
18 560
18 561
18 568
18 584
18 624
18 632
18 637
18 646
18 680
18 691
18 696
18 703
18 717
18 752
18 759
18 764
18 781
18 791
18 807
18 812
18 824
18 833
18 852
18 862
18 866
18 875
18 881
18 908
18 909
18 911
18 913
18 915
18 944
18 952
18 957
18 961
18 965
18 990
19 63
19 78
19 79
19 94
19 102
19 111
19 128
19 140
19 145
19 155
19 156
19 162
19 168
19 176
19 207
19 218
19 224
19 227
19 241
19 246
19 263
19 271
19 291
19 302
19 307
19 319
19 334
19 344
19 346
19 347
19 358
19 361
19 376
19 388
19 401
19 412
19 415
19 416
19 421
19 424
19 426
19 432
19 438
19 451
19 454
19 464
19 484
19 487
19 491
19 499
19 506
19 527
19 534
19 539
19 557
19 565
19 566
19 572
19 574
19 577
19 578
19 586
19 594
19 623
19 631
19 634
19 635
19 650
19 655
19 665
19 666
19 673
19 686
19 698
19 701
19 713
19 717
19 720
19 722
19 723
19 727
19 761
19 764
19 811
19 829
19 851
19 868
19 886
19 895
19 902
19 903
19 927
19 929
19 936
19 943
19 949
19 957
19 978
19 987
19 998
20 27
20 46
20 66
20 76
20 90
20 110
20 118
20 139
20 155
20 164
20 175
20 178
20 183
20 200
20 212
20 224
20 236
20 238
20 248
20 270
20 278
20 284
20 290
20 298
20 320
20 326
20 340
20 345
20 363
20 368
20 373
20 374
20 375
20 388
20 391
20 397
20 400
20 428
20 438
20 440
20 465
20 468
20 488
20 498
20 521
20 547
20 567
20 578
20 598
20 621
20 624
20 626
20 628
20 636
20 639
20 640
20 645
20 651
20 658
20 663
20 672
20 676
20 680
20 693
20 699
20 702
20 719
20 738
20 746
20 758
20 791
20 794
20 798
20 799
20 804
20 815
20 826
20 848
20 864
20 870
20 878
20 881
20 882
20 887
20 905
20 914
20 920
20 926
20 931
20 937
20 952
20 957
20 976
20 977
20 981
20 985
20 993
21 28
21 37
21 48
21 49
21 51
21 70
21 80
21 81
21 95
21 102
21 107
21 131
21 146
21 153
21 155
21 185
21 190
21 195
21 198
21 201
21 208
21 238
21 257
21 262
21 278
21 285
21 290
21 294
21 298
21 307
21 311
21 319
21 341
21 350
21 354
21 368
21 371
21 372
21 375
21 380
21 387
21 393
21 401
21 417
21 424
21 427
21 433
21 437
21 443
21 452
21 467
21 474
21 480
21 514
21 517
21 518
21 521
21 524
21 531
21 549
21 571
21 591
21 604
21 607
21 609
21 612
21 616
21 618
21 622
21 625
21 634
21 639
21 643
21 663
21 665
21 674
21 691
21 711
21 717
21 729
21 733
21 746
21 764
21 768
21 770
21 772
21 774
21 780
21 785
21 812
21 828
21 861
21 890
21 895
21 908
21 918
21 925
21 930
21 944
21 948
21 949
21 975
21 984
21 994
21 997
22 26
22 43
22 45
22 58
22 62
22 70
22 72
22 79
22 82
22 83
22 99
22 149
22 164
22 179
22 189
22 194
22 196
22 222
22 241
22 258
22 260
22 294
22 302
22 309
22 317
22 318
22 323
22 342
22 363
22 365
22 373
22 376
22 382
22 405
22 412
22 418
22 424
22 434
22 453
22 467
22 476
22 484
22 488
22 516
22 525
22 538
22 546
22 551
22 558
22 560
22 561
22 566
22 571
22 575
22 577
22 578
22 579
22 585
22 587
22 589
22 596
22 599
22 605
22 609
22 610
22 612
22 619
22 624
22 626
22 628
22 633
22 642
22 648
22 651
22 654
22 655
22 680
22 768
22 779
22 780
22 789
22 790
22 797
22 798
22 834
22 854
22 859
22 866
22 878
22 887
22 891
22 897
22 909
22 923
22 925
22 926
22 929
22 932
22 935
22 937
22 939
22 947
22 951
22 955
22 956
22 975
22 988
22 992
23 29
23 47
23 62
23 72
23 77
23 83
23 88
23 118
23 120
23 130
23 141
23 155
23 167
23 175
23 176
23 180
23 186
23 201
23 223
23 224
23 225
23 232
23 235
23 238
23 243
23 257
23 264
23 265
23 266
23 295
23 300
23 301
23 309
23 326
23 330
23 338
23 342
23 350
23 355
23 382
23 401
23 409
23 414
23 416
23 418
23 423
23 433
23 441
23 445
23 446
23 478
23 479
23 515
23 518
23 527
23 536
23 542
23 557
23 571
23 581
23 589
23 597
23 598
23 618
23 635
23 640
23 645
23 648
23 651
23 660
23 667
23 669
23 672
23 688
23 697
23 699
23 716
23 725
23 749
23 753
23 763
23 774
23 777
23 813
23 815
23 816
23 852
23 871
23 872
23 876
23 884
23 885
23 889
23 890
23 910
23 922
23 938
23 943
23 945
23 970
23 972
23 973
23 974
23 977
23 980
23 984
24 26
24 45
24 48
24 51
24 73
24 91
24 103
24 107
24 116
24 153
24 155
24 159
24 162
24 173
24 175
24 182
24 185
24 201
24 204
24 231
24 240
24 271
24 292
24 294
24 299
24 317
24 319
24 324
24 327
24 329
24 364
24 380
24 388
24 399
24 410
24 416
24 418
24 420
24 427
24 431
24 455
24 471
24 474
24 485
24 486
24 509
24 510
24 518
24 524
24 528
24 538
24 540
24 551
24 566
24 571
24 572
24 577
24 585
24 590
24 604
24 609
24 615
24 616
24 635
24 669
24 672
24 685
24 694
24 709
24 721
24 739
24 742
24 744
24 748
24 754
24 760
24 773
24 799
24 813
24 820
24 839
24 843
24 847
24 873
24 878
24 891
24 901
24 905
24 912
24 921
24 934
24 945
24 952
24 964
24 979
24 984
25 36
25 39
25 46
25 60
25 61
25 73
25 91
25 102
25 126
25 129
25 133
25 151
25 159
25 163
25 177
25 180
25 181
25 194
25 206
25 212
25 219
25 221
25 241
25 245
25 247
25 248
25 253
25 256
25 266
25 305
25 327
25 333
25 335
25 342
25 347
25 351
25 376
25 379
25 382
25 389
25 396
25 404
25 408
25 422
25 428
25 430
25 434
25 446
25 447
25 448
25 457
25 468
25 477
25 489
25 491
25 510
25 515
25 529
25 533
25 539
25 557
25 561
25 562
25 564
25 572
25 573
25 575
25 577
25 603
25 605
25 615
25 616
25 630
25 646
25 659
25 675
25 684
25 687
25 701
25 710
25 726
25 733
25 734
25 735
25 748
25 775
25 827
25 843
25 871
25 879
25 899
25 900
25 903
25 904
25 908
25 921
25 933
25 950
25 965
25 980
25 988
26 92
26 103
26 152
26 157
26 161
26 168
26 174
26 200
26 206
26 289
26 310
26 314
26 317
26 318
26 323
26 324
26 335
26 349
26 353
26 357
26 372
26 373
26 394
26 397
26 402
26 414
26 423
26 434
26 439
26 446
26 448
26 449
26 451
26 454
26 460
26 478
26 479
26 495
26 526
26 538
26 587
26 606
26 623
26 647
26 651
26 666
26 687
26 692
26 695
26 712
26 729
26 730
26 731
26 736
26 740
26 745
26 750
26 766
26 773
26 796
26 797
26 807
26 816
26 836
26 901
26 902
26 915
26 918
26 962
26 965
26 973
26 992
27 28
27 53
27 55
27 61
27 77
27 78
27 81
27 82
27 92
27 99
27 107
27 152
27 154
27 155
27 174
27 184
27 186
27 197
27 212
27 216
27 226
27 230
27 232
27 260
27 267
27 268
27 285
27 302
27 303
27 306
27 319
27 326
27 327
27 328
27 347
27 354
27 366
27 369
27 376
27 377
27 379
27 392
27 413
27 418
27 428
27 429
27 453
27 454
27 464
27 470
27 472
27 474
27 484
27 507
27 518
27 520
27 525
27 527
27 532
27 533
27 538
27 543
27 555
27 556
27 575
27 585
27 649
27 671
27 688
27 695
27 704
27 705
27 708
27 709
27 710
27 715
27 717
27 718
27 727
27 729
27 738
27 747
27 763
27 767
27 769
27 774
27 778
27 788
27 791
27 795
27 831
27 834
27 840
27 855
27 866
27 871
27 892
27 893
27 915
27 941
27 948
27 961
27 964
27 973
27 978
27 981
27 995
28 46
28 51
28 53
28 59
28 61
28 64
28 81
28 100
28 111
28 112
28 115
28 122
28 148
28 162
28 170
28 181
28 209
28 234
28 235
28 277
28 290
28 301
28 305
28 311
28 319
28 343
28 351
28 357
28 359
28 362
28 375
28 396
28 420
28 438
28 441
28 444
28 449
28 453
28 459
28 478
28 479
28 487
28 496
28 502
28 503
28 507
28 519
28 542
28 562
28 567
28 571
28 595
28 600
28 604
28 614
28 616
28 626
28 627
28 629
28 632
28 634
28 639
28 640
28 649
28 686
28 704
28 711
28 716
28 725
28 738
28 741
28 745
28 766
28 776
28 788
28 796
28 806
28 831
28 853
28 872
28 878
28 894
28 912
28 914
28 924
28 936
28 952
28 953
28 982
28 984
28 990
29 42
29 74
29 91
29 102
29 109
29 122
29 125
29 131
29 135
29 141
29 145
29 154
29 159
29 202
29 204
29 205
29 213
29 231
29 243
29 265
29 277
29 290
29 292
29 295
29 297
29 300
29 303
29 306
29 315
29 333
29 335
29 339
29 349
29 355
29 377
29 392
29 395
29 408
29 412
29 413
29 417
29 422
29 469
29 483
29 484
29 498
29 505
29 512
29 516
29 545
29 548
29 560
29 570
29 574
29 577
29 584
29 590
29 598
29 615
29 624
29 625
29 631
29 652
29 653
29 654
29 700
29 701
29 713
29 715
29 724
29 728
29 751
29 762
29 771
29 780
29 794
29 795
29 798
29 807
29 825
29 835
29 863
29 873
29 886
29 913
29 919
29 925
29 927
29 939
29 956
29 987
29 997
30 40
30 61
30 88
30 89
30 91
30 94
30 119
30 120
30 140
30 145
30 147
30 169
30 175
30 179
30 192
30 199
30 222
30 224
30 229
30 254
30 257
30 267
30 271
30 280
30 286
30 288
30 291
30 308
30 311
30 312
30 313
30 338
30 342
30 343
30 347
30 372
30 375
30 416
30 418
30 427
30 431
30 433
30 444
30 451
30 466
30 469
30 482
30 485
30 504
30 527
30 528
30 541
30 551
30 553
30 558
30 571
30 572
30 584
30 600
30 604
30 645
30 650
30 651
30 664
30 671
30 673
30 687
30 697
30 722
30 735
30 755
30 778
30 779
30 785
30 811
30 822
30 840
30 843
30 847
30 849
30 856
30 887
30 902
30 907
30 908
30 919
30 922
30 932
30 937
30 951
30 957
30 974
30 978
30 985
30 994
31 64
31 72
31 79
31 88
31 93
31 108
31 111
31 116
31 117
31 124
31 142
31 157
31 158
31 161
31 186
31 192
31 194
31 199
31 200
31 209
31 225
31 230
31 231
31 236
31 238
31 239
31 248
31 286
31 289
31 292
31 297
31 315
31 331
31 334
31 336
31 339
31 348
31 381
31 392
31 393
31 455
31 456
31 484
31 493
31 502
31 528
31 531
31 534
31 560
31 561
31 566
31 569
31 571
31 581
31 603
31 606
31 615
31 650
31 686
31 694
31 710
31 732
31 738
31 740
31 743
31 747
31 754
31 755
31 769
31 773
31 774
31 778
31 780
31 783
31 795
31 812
31 813
31 829
31 839
31 850
31 854
31 857
31 866
31 868
31 869
31 872
31 893
31 899
31 910
31 911
31 918
31 933
31 944
31 947
31 967
31 975
31 976
31 980
31 985
31 990
31 994
32 43
32 46
32 62
32 67
32 73
32 77
32 79
32 93
32 106
32 132
32 164
32 165
32 174
32 181
32 214
32 233
32 235
32 243
32 277
32 279
32 289
32 315
32 316
32 338
32 340
32 353
32 354
32 359
32 367
32 375
32 379
32 392
32 418
32 419
32 433
32 447
32 469
32 470
32 482
32 490
32 493
32 504
32 518
32 524
32 529
32 534
32 575
32 578
32 588
32 589
32 593
32 602
32 604
32 636
32 638
32 646
32 659
32 660
32 672
32 680
32 681
32 695
32 703
32 709
32 713
32 720
32 724
32 735
32 736
32 737
32 740
32 751
32 761
32 767
32 787
32 803
32 806
32 809
32 817
32 837
32 851
32 860
32 865
32 869
32 883
32 906
32 910
32 921
32 934
32 939
32 946
32 950
32 964
32 983
32 992
32 996
32 998
33 42
33 48
33 59
33 60
33 68
33 128
33 131
33 150
33 153
33 154
33 176
33 178
33 185
33 194
33 251
33 261
33 268
33 271
33 273
33 274
33 309
33 312
33 316
33 329
33 333
33 337
33 339
33 342
33 356
33 368
33 369
33 371
33 385
33 387
33 397
33 399
33 402
33 404
33 408
33 413
33 426
33 449
33 482
33 489
33 497
33 511
33 517
33 526
33 543
33 555
33 558
33 564
33 566
33 585
33 587
33 588
33 591
33 595
33 596
33 628
33 641
33 652
33 658
33 677
33 678
33 705
33 731
33 737
33 741
33 742
33 753
33 771
33 799
33 827
33 829
33 835
33 860
33 874
33 885
33 890
33 892
33 898
33 903
33 905
33 908
33 911
33 933
33 945
33 947
33 948
33 971
33 982
33 986
33 995
33 996
34 43
34 57
34 64
34 69
34 88
34 102
34 124
34 137
34 141
34 151
34 152
34 158
34 159
34 164
34 174
34 181
34 187
34 196
34 207
34 240
34 283
34 308
34 312
34 314
34 317
34 329
34 331
34 341
34 350
34 351
34 371
34 386
34 401
34 415
34 418
34 427
34 429
34 439
34 447
34 462
34 464
34 490
34 505
34 512
34 517
34 519
34 543
34 546
34 552
34 566
34 572
34 580
34 613
34 633
34 645
34 652
34 655
34 669
34 680
34 689
34 722
34 741
34 743
34 754
34 756
34 763
34 773
34 777
34 782
34 789
34 790
34 811
34 820
34 821
34 822
34 823
34 833
34 863
34 869
34 884
34 890
34 894
34 895
34 903
34 936
34 945
34 965
34 966
34 971
34 973
34 975
34 992
35 39
35 51
35 54
35 55
35 75
35 78
35 81
35 97
35 113
35 127
35 128
35 130
35 133
35 162
35 186
35 198
35 199
35 227
35 230
35 233
35 240
35 249
35 278
35 283
35 305
35 324
35 329
35 337
35 345
35 355
35 374
35 382
35 399
35 402
35 411
35 417
35 420
35 432
35 438
35 446
35 461
35 463
35 471
35 479
35 488
35 538
35 553
35 556
35 558
35 563
35 568
35 585
35 593
35 605
35 612
35 626
35 629
35 638
35 639
35 641
35 642
35 643
35 649
35 650
35 669
35 676
35 687
35 688
35 698
35 713
35 724
35 733
35 734
35 743
35 751
35 758
35 771
35 777
35 782
35 802
35 820
35 832
35 838
35 842
35 887
35 904
35 913
35 935
35 939
35 947
35 958
35 969
36 39
36 49
36 62
36 64
36 66
36 75
36 87
36 90
36 98
36 100
36 112
36 113
36 122
36 133
36 134
36 135
36 143
36 146
36 155
36 160
36 172
36 187
36 189
36 211
36 225
36 227
36 230
36 235
36 237
36 245
36 251
36 252
36 258
36 262
36 278
36 303
36 349
36 375
36 415
36 416
36 454
36 472
36 477
36 538
36 548
36 574
36 588
36 606
36 611
36 614
36 619
36 629
36 650
36 665
36 666
36 670
36 674
36 694
36 710
36 718
36 719
36 728
36 743
36 748
36 769
36 770
36 779
36 781
36 784
36 799
36 803
36 807
36 839
36 852
36 853
36 864
36 881
36 883
36 893
36 938
36 944
36 948
36 952
36 960
36 965
36 983
36 985
37 61
37 119
37 128
37 135
37 157
37 160
37 161
37 175
37 181
37 183
37 228
37 230
37 267
37 281
37 313
37 320
37 326
37 329
37 335
37 360
37 377
37 405
37 417
37 420
37 451
37 456
37 464
37 469
37 470
37 479
37 518
37 520
37 523
37 528
37 534
37 574
37 580
37 594
37 598
37 619
37 660
37 682
37 692
37 729
37 732
37 733
37 735
37 738
37 744
37 757
37 760
37 767
37 799
37 800
37 807
37 821
37 830
37 844
37 845
37 853
37 879
37 880
37 883
37 902
37 916
37 921
37 961
37 962
37 969
37 973
37 977
38 44
38 48
38 59
38 74
38 79
38 84
38 85
38 93
38 140
38 152
38 167
38 169
38 178
38 179
38 201
38 204
38 207
38 214
38 239
38 241
38 250
38 267
38 273
38 276
38 280
38 281
38 286
38 287
38 312
38 328
38 349
38 354
38 359
38 372
38 374
38 394
38 395
38 399
38 400
38 411
38 412
38 414
38 438
38 448
38 450
38 475
38 479
38 497
38 499
38 509
38 512
38 515
38 516
38 519
38 524
38 529
38 536
38 545
38 575
38 576
38 579
38 601
38 602
38 618
38 628
38 632
38 649
38 660
38 664
38 678
38 682
38 695
38 714
38 726
38 730
38 756
38 758
38 764
38 795
38 798
38 800
38 804
38 806
38 807
38 811
38 832
38 858
38 878
38 884
38 887
38 899
38 905
38 924
38 929
38 934
38 949
38 953
38 966
38 968
38 996
39 86
39 88
39 91
39 95
39 97
39 98
39 104
39 105
39 106
39 108
39 120
39 128
39 134
39 142
39 146
39 149
39 152
39 154
39 173
39 176
39 192
39 193
39 231
39 247
39 258
39 273
39 288
39 300
39 334
39 378
39 403
39 405
39 408
39 411
39 413
39 414
39 419
39 431
39 451
39 452
39 484
39 520
39 530
39 531
39 545
39 546
39 547
39 548
39 552
39 562
39 566
39 571
39 578
39 580
39 581
39 583
39 587
39 593
39 604
39 607
39 637
39 640
39 644
39 647
39 696
39 697
39 699
39 700
39 705
39 711
39 723
39 727
39 738
39 740
39 746
39 749
39 751
39 767
39 768
39 771
39 778
39 819
39 830
39 835
39 837
39 838
39 840
39 843
39 844
39 851
39 896
39 902
39 903
39 904
39 917
39 936
39 942
39 945
39 950
39 952
39 975
39 981
39 985
39 998
39 999
40 44
40 49
40 52
40 75
40 78
40 79
40 86
40 99
40 109
40 126
40 141
40 142
40 150
40 153
40 172
40 180
40 195
40 199
40 205
40 208
40 215
40 217
40 227
40 228
40 231
40 239
40 252
40 253
40 254
40 267
40 289
40 314
40 316
40 343
40 350
40 376
40 391
40 393
40 394
40 406
40 416
40 438
40 447
40 455
40 475
40 481
40 483
40 500
40 510
40 551
40 555
40 556
40 577
40 598
40 602
40 613
40 619
40 621
40 624
40 626
40 634
40 635
40 691
40 708
40 712
40 718
40 738
40 739
40 749
40 771
40 782
40 800
40 814
40 818
40 822
40 840
40 843
40 844
40 866
40 870
40 887
40 892
40 903
40 913
40 925
40 928
40 936
40 975
41 47
41 51
41 57
41 60
41 64
41 67
41 68
41 74
41 77
41 82
41 93
41 97
41 103
41 107
41 113
41 122
41 123
41 124
41 125
41 128
41 147
41 148
41 159
41 172
41 174
41 180
41 192
41 213
41 216
41 222
41 227
41 238
41 246
41 247
41 258
41 259
41 267
41 283
41 284
41 292
41 326
41 327
41 330
41 337
41 343
41 354
41 357
41 364
41 367
41 380
41 381
41 383
41 384
41 389
41 392
41 414
41 416
41 432
41 446
41 447
41 450
41 460
41 461
41 464
41 474
41 476
41 477
41 489
41 499
41 503
41 506
41 510
41 529
41 537
41 542
41 552
41 559
41 571
41 577
41 597
41 601
41 603
41 610
41 614
41 625
41 644
41 648
41 649
41 666
41 672
41 687
41 693
41 698
41 703
41 716
41 719
41 722
41 737
41 762
41 773
41 787
41 808
41 811
41 814
41 817
41 824
41 827
41 828
41 867
41 870
41 872
41 881
41 890
41 898
41 907
41 909
41 912
41 940
41 941
41 948
41 954
41 962
41 964
41 978
41 981
41 987
41 997
42 43
42 49
42 74
42 89
42 94
42 96
42 110
42 117
42 133
42 143
42 146
42 147
42 149
42 152
42 157
42 169
42 175
42 181
42 185
42 188
42 200
42 213
42 225
42 228
42 232
42 240
42 243
42 253
42 260
42 264
42 270
42 276
42 284
42 293
42 294
42 298
42 300
42 308
42 317
42 328
42 329
42 345
42 355
42 363
42 387
42 404
42 411
42 437
42 467
42 472
42 487
42 493
42 495
42 500
42 515
42 535
42 538
42 559
42 565
42 587
42 588
42 591
42 594
42 599
42 607
42 633
42 638
42 646
42 648
42 651
42 668
42 676
42 702
42 715
42 728
42 729
42 754
42 768
42 769
42 799
42 820
42 850
42 859
42 882
42 883
42 884
42 890
42 901
42 902
42 915
42 916
42 918
42 921
42 924
42 927
42 934
42 938
42 949
42 956
42 959
42 967
42 969
42 970
42 992
43 50
43 51
43 61
43 72
43 84
43 90
43 92
43 99
43 115
43 135
43 137
43 168
43 174
43 180
43 183
43 197
43 198
43 208
43 215
43 222
43 225
43 229
43 237
43 254
43 263
43 271
43 306
43 315
43 324
43 333
43 348
43 361
43 362
43 368
43 390
43 398
43 406
43 413
43 437
43 439
43 453
43 454
43 470
43 500
43 517
43 523
43 526
43 539
43 548
43 549
43 572
43 573
43 575
43 577
43 594
43 599
43 612
43 616
43 622
43 639
43 643
43 656
43 678
43 689
43 690
43 712
43 716
43 733
43 738
43 747
43 750
43 754
43 778
43 780
43 784
43 789
43 797
43 810
43 831
43 849
43 856
43 865
43 873
43 881
43 889
43 894
43 908
43 919
43 928
43 939
43 948
43 956
43 961
43 963
43 969
43 977
43 989
44 47
44 53
44 76
44 77
44 113
44 116
44 122
44 130
44 147
44 156
44 165
44 170
44 172
44 174
44 182
44 220
44 228
44 232
44 248
44 256
44 267
44 273
44 278
44 282
44 294
44 300
44 303
44 334
44 342
44 346
44 347
44 348
44 349
44 354
44 363
44 365
44 366
44 376
44 381
44 384
44 385
44 389
44 398
44 406
44 414
44 420
44 429
44 433
44 443
44 447
44 453
44 456
44 463
44 472
44 476
44 514
44 515
44 530
44 531
44 538
44 553
44 569
44 572
44 574
44 582
44 594
44 598
44 599
44 601
44 604
44 607
44 631
44 641
44 652
44 655
44 671
44 684
44 692
44 694
44 708
44 710
44 712
44 725
44 740
44 744
44 746
44 754
44 769
44 770
44 774
44 799
44 809
44 810
44 820
44 852
44 857
44 865
44 878
44 879
44 893
44 907
44 917
44 926
44 931
44 937
44 952
44 958
44 962
44 965
44 967
44 969
45 59
45 73
45 86
45 108
45 118
45 132
45 147
45 159
45 160
45 163
45 207
45 233
45 240
45 258
45 280
45 303
45 314
45 321
45 328
45 332
45 337
45 347
45 349
45 359
45 362
45 366
45 372
45 401
45 409
45 423
45 428
45 438
45 440
45 446
45 463
45 469
45 481
45 485
45 486
45 489
45 497
45 504
45 509
45 524
45 527
45 528
45 539
45 546
45 547
45 548
45 552
45 554
45 566
45 576
45 585
45 600
45 606
45 612
45 615
45 616
45 634
45 643
45 649
45 657
45 663
45 671
45 698
45 721
45 722
45 726
45 728
45 744
45 760
45 762
45 783
45 848
45 853
45 859
45 911
45 914
45 921
45 922
45 936
45 958
45 959
45 966
45 976
45 987
45 989
46 55
46 73
46 76
46 81
46 86
46 101
46 111
46 114
46 135
46 148
46 152
46 158
46 167
46 171
46 175
46 176
46 193
46 202
46 212
46 221
46 226
46 243
46 258
46 262
46 266
46 308
46 315
46 322
46 323
46 345
46 346
46 354
46 359
46 360
46 370
46 381
46 382
46 385
46 394
46 410
46 441
46 450
46 464
46 468
46 490
46 524
46 533
46 541
46 547
46 552
46 555
46 560
46 573
46 574
46 577
46 599
46 607
46 617
46 661
46 699
46 703
46 711
46 712
46 726
46 734
46 735
46 751
46 752
46 755
46 760
46 763
46 765
46 771
46 797
46 802
46 804
46 805
46 807
46 813
46 829
46 839
46 841
46 851
46 853
46 886
46 891
46 892
46 896
46 897
46 911
46 934
46 935
46 949
46 969
46 974
46 978
46 990
46 991
47 104
47 110
47 118
47 124
47 126
47 130
47 137
47 163
47 170
47 201
47 203
47 204
47 214
47 218
47 229
47 240
47 242
47 245
47 251
47 255
47 260
47 265
47 271
47 292
47 305
47 309
47 314
47 341
47 343
47 347
47 357
47 359
47 362
47 376
47 389
47 394
47 400
47 406
47 407
47 414
47 418
47 434
47 444
47 449
47 453
47 479
47 494
47 513
47 559
47 571
47 584
47 585
47 597
47 603
47 610
47 612
47 650
47 677
47 689
47 696
47 704
47 707
47 719
47 721
47 740
47 746
47 753
47 756
47 760
47 763
47 764
47 783
47 787
47 825
47 829
47 836
47 845
47 851
47 858
47 861
47 884
47 895
47 930
47 931
47 945
47 950
47 964
47 972
47 998
47 999
48 54
48 56
48 63
48 64
48 65
48 70
48 71
48 72
48 73
48 82
48 83
48 87
48 90
48 95
48 101
48 105
48 132
48 137
48 144
48 149
48 166
48 167
48 168
48 183
48 186
48 190
48 205
48 207
48 289
48 298
48 303
48 307
48 316
48 321
48 327
48 335
48 338
48 339
48 343
48 365
48 366
48 380
48 422
48 426
48 438
48 452
48 488
48 494
48 503
48 504
48 519
48 540
48 556
48 558
48 563
48 566
48 567
48 570
48 580
48 590
48 597
48 614
48 630
48 633
48 640
48 656
48 658
48 667
48 668
48 669
48 682
48 683
48 693
48 699
48 709
48 719
48 740
48 751
48 756
48 764
48 791
48 793
48 799
48 812
48 821
48 846
48 857
48 858
48 861
48 873
48 874
48 875
48 898
48 900
48 904
48 906
48 914
48 930
48 940
48 942
48 971
48 982
49 51
49 57
49 61
49 71
49 79
49 90
49 96
49 98
49 101
49 105
49 112
49 138
49 144
49 147
49 151
49 162
49 175
49 193
49 206
49 224
49 239
49 245
49 246
49 287
49 299
49 311
49 318
49 319
49 331
49 348
49 364
49 377
49 387
49 401
49 403
49 433
49 455
49 461
49 463
49 464
49 468
49 483
49 488
49 497
49 502
49 503
49 508
49 514
49 523
49 528
49 544
49 551
49 553
49 561
49 564
49 575
49 580
49 583
49 588
49 605
49 628
49 631
49 637
49 663
49 666
49 672
49 686
49 690
49 701
49 702
49 711
49 730
49 735
49 784
49 806
49 857
49 861
49 872
49 875
49 888
49 892
49 893
49 910
49 928
49 930
49 936
49 937
49 938
49 944
49 945
49 948
49 965
49 976
49 985
49 991
49 993
49 994
49 999
50 71
50 89
50 112
50 114
50 143
50 156
50 170
50 171
50 173
50 175
50 182
50 189
50 202
50 231
50 234
50 254
50 259
50 261
50 282
50 284
50 286
50 298
50 310
50 313
50 327
50 330
50 331
50 333
50 350
50 365
50 378
50 390
50 403
50 407
50 424
50 425
50 442
50 449
50 459
50 469
50 474
50 486
50 488
50 500
50 515
50 520
50 549
50 551
50 557
50 561
50 564
50 602
50 614
50 620
50 623
50 644
50 649
50 661
50 673
50 674
50 676
50 686
50 693
50 719
50 736
50 747
50 750
50 751
50 752
50 758
50 773
50 790
50 807
50 812
50 828
50 840
50 857
50 859
50 868
50 876
50 879
50 900
50 932
50 933
50 934
50 940
50 943
50 944
50 969
51 52
51 54
51 55
51 62
51 74
51 97
51 125
51 127
51 145
51 153
51 162
51 164
51 167
51 183
51 196
51 219
51 221
51 227
51 228
51 237
51 254
51 257
51 259
51 270
51 272
51 285
51 287
51 296
51 312
51 324
51 325
51 336
51 339
51 346
51 350
51 355
51 408
51 420
51 431
51 452
51 454
51 455
51 464
51 482
51 493
51 500
51 512
51 517
51 524
51 547
51 548
51 552
51 570
51 580
51 603
51 604
51 610
51 636
51 640
51 642
51 647
51 656
51 661
51 662
51 663
51 695
51 715
51 721
51 761
51 762
51 773
51 799
51 812
51 813
51 814
51 818
51 819
51 820
51 824
51 827
51 832
51 834
51 836
51 839
51 840
51 851
51 860
51 864
51 870
51 876
51 901
51 902
51 904
51 912
51 931
51 939
51 941
51 942
51 944
51 974
51 982
51 988
51 991
52 57
52 64
52 65
52 74
52 75
52 87
52 91
52 142
52 154
52 156
52 181
52 183
52 186
52 187
52 193
52 199
52 202
52 203
52 206
52 215
52 216
52 235
52 241
52 251
52 261
52 274
52 286
52 307
52 321
52 342
52 361
52 365
52 368
52 375
52 401
52 410
52 414
52 421
52 434
52 440
52 444
52 445
52 460
52 480
52 487
52 489
52 503
52 514
52 515
52 519
52 521
52 532
52 533
52 545
52 547
52 552
52 594
52 596
52 607
52 626
52 637
52 678
52 682
52 716
52 737
52 741
52 744
52 748
52 752
52 768
52 769
52 788
52 791
52 792
52 795
52 820
52 841
52 856
52 870
52 875
52 878
52 881
52 893
52 905
52 937
52 959
52 966
52 973
52 976
52 977
52 979
52 980
52 989
52 998
53 59
53 66
53 71
53 80
53 96
53 105
53 125
53 127
53 128
53 136
53 144
53 154
53 157
53 164
53 198
53 205
53 213
53 225
53 242
53 251
53 255
53 260
53 299
53 303
53 304
53 307
53 325
53 327
53 344
53 358
53 364
53 373
53 378
53 379
53 384
53 389
53 393
53 402
53 403
53 409
53 412
53 419
53 431
53 453
53 462
53 463
53 464
53 488
53 494
53 500
53 529
53 535
53 541
53 549
53 559
53 560
53 586
53 592
53 599
53 602
53 609
53 617
53 622
53 630
53 640
53 667
53 673
53 676
53 701
53 705
53 721
53 722
53 731
53 738
53 748
53 756
53 764
53 770
53 782
53 790
53 808
53 840
53 849
53 860
53 862
53 870
53 871
53 872
53 874
53 875
53 883
53 890
53 898
53 911
53 932
53 943
53 946
53 971
53 979
53 981
53 988
53 992
54 74
54 77
54 81
54 99
54 112
54 133
54 148
54 151
54 173
54 180
54 209
54 213
54 230
54 248
54 257
54 275
54 293
54 302
54 303
54 310
54 312
54 314
54 318
54 327
54 329
54 337
54 340
54 345
54 365
54 379
54 388
54 413
54 414
54 415
54 426
54 429
54 432
54 459
54 466
54 474
54 481
54 485
54 486
54 488
54 498
54 517
54 522
54 526
54 537
54 559
54 563
54 570
54 572
54 582
54 611
54 624
54 637
54 646
54 650
54 656
54 673
54 682
54 685
54 686
54 698
54 703
54 710
54 745
54 746
54 763
54 782
54 791
54 805
54 816
54 824
54 826
54 829
54 830
54 836
54 855
54 856
54 897
54 939
54 944
54 953
54 958
54 968
54 975
54 978
54 984
54 989
55 58
55 64
55 74
55 91
55 94
55 96
55 99
55 125
55 133
55 140
55 143
55 146
55 149
55 152
55 160
55 183
55 193
55 202
55 268
55 271
55 276
55 286
55 289
55 290
55 304
55 305
55 324
55 330
55 340
55 346
55 354
55 355
55 360
55 361
55 371
55 378
55 381
55 391
55 404
55 430
55 447
55 457
55 491
55 497
55 510
55 517
55 526
55 527
55 528
55 541
55 561
55 571
55 572
55 579
55 587
55 619
55 629
55 658
55 692
55 694
55 695
55 711
55 724
55 731
55 736
55 751
55 752
55 762
55 765
55 778
55 786
55 789
55 793
55 801
55 817
55 830
55 845
55 852
55 876
55 899
55 902
55 916
55 927
55 934
55 936
55 943
55 949
55 961
55 979
55 983
55 988
55 998
56 65
56 67
56 71
56 72
56 84
56 107
56 112
56 122
56 127
56 136
56 157
56 161
56 168
56 179
56 180
56 183
56 186
56 197
56 200
56 215
56 218
56 221
56 264
56 266
56 306
56 317
56 322
56 326
56 329
56 331
56 336
56 342
56 343
56 373
56 379
56 381
56 382
56 386
56 396
56 435
56 452
56 455
56 460
56 468
56 475
56 490
56 497
56 521
56 527
56 537
56 538
56 542
56 545
56 571
56 592
56 607
56 620
56 632
56 634
56 635
56 640
56 647
56 690
56 697
56 714
56 733
56 742
56 749
56 762
56 772
56 784
56 790
56 808
56 811
56 812
56 819
56 824
56 843
56 854
56 872
56 877
56 892
56 896
56 910
56 917
56 918
56 923
56 925
56 935
56 945
56 949
56 951
56 981
57 58
57 67
57 80
57 104
57 116
57 121
57 133
57 137
57 145
57 149
57 163
57 167
57 196
57 198
57 201
57 204
57 228
57 251
57 264
57 271
57 282
57 294
57 311
57 314
57 321
57 329
57 357
57 362
57 376
57 378
57 380
57 381
57 391
57 406
57 418
57 420
57 437
57 446
57 450
57 455
57 496
57 500
57 506
57 512
57 540
57 544
57 553
57 572
57 593
57 601
57 602
57 612
57 627
57 631
57 641
57 650
57 660
57 662
57 672
57 674
57 682
57 684
57 697
57 703
57 709
57 729
57 740
57 755
57 757
57 760
57 764
57 822
57 829
57 831
57 878
57 898
57 904
57 906
57 919
57 933
57 940
57 952
57 963
57 965
57 968
57 975
57 988
57 999
58 61
58 73
58 75
58 76
58 89
58 91
58 117
58 122
58 133
58 141
58 142
58 149
58 151
58 154
58 160
58 175
58 196
58 202
58 211
58 216
58 219
58 225
58 235
58 251
58 261
58 266
58 270
58 274
58 277
58 280
58 284
58 287
58 298
58 299
58 312
58 315
58 322
58 331
58 339
58 343
58 364
58 374
58 382
58 402
58 415
58 417
58 422
58 435
58 440
58 453
58 536
58 537
58 546
58 547
58 557
58 573
58 576
58 578
58 582
58 588
58 617
58 622
58 631
58 653
58 656
58 671
58 672
58 673
58 681
58 686
58 687
58 708
58 715
58 726
58 748
58 749
58 754
58 755
58 756
58 761
58 765
58 783
58 789
58 815
58 828
58 840
58 853
58 858
58 868
58 877
58 885
58 893
58 905
58 917
58 927
58 933
58 934
58 940
58 945
58 955
58 963
58 982
58 990
58 993
58 994
59 69
59 75
59 86
59 88
59 105
59 108
59 122
59 129
59 142
59 146
59 153
59 174
59 185
59 192
59 216
59 217
59 221
59 228
59 248
59 249
59 252
59 254
59 278
59 294
59 303
59 321
59 325
59 330
59 340
59 347
59 355
59 382
59 392
59 395
59 414
59 427
59 433
59 441
59 453
59 454
59 469
59 477
59 482
59 493
59 511
59 513
59 520
59 523
59 536
59 537
59 544
59 549
59 554
59 561
59 570
59 576
59 590
59 605
59 608
59 624
59 625
59 635
59 638
59 648
59 649
59 652
59 653
59 660
59 677
59 680
59 684
59 690
59 698
59 699
59 708
59 709
59 730
59 731
59 747
59 793
59 794
59 798
59 799
59 805
59 816
59 820
59 823
59 834
59 844
59 858
59 865
59 869
59 871
59 876
59 883
59 885
59 889
59 904
59 910
59 929
59 933
59 935
59 949
59 976
59 983
59 985
59 987
59 997
60 70
60 71
60 92
60 93
60 98
60 100
60 112
60 165
60 175
60 179
60 186
60 228
60 234
60 286
60 304
60 308
60 333
60 340
60 348
60 362
60 365
60 371
60 373
60 374
60 383
60 390
60 416
60 428
60 431
60 434
60 443
60 448
60 450
60 451
60 455
60 457
60 461
60 477
60 479
60 499
60 537
60 545
60 549
60 550
60 551
60 555
60 564
60 567
60 581
60 585
60 594
60 596
60 600
60 601
60 620
60 625
60 626
60 639
60 640
60 654
60 674
60 699
60 702
60 709
60 726
60 733
60 752
60 779
60 782
60 799
60 804
60 810
60 812
60 829
60 831
60 836
60 839
60 845
60 849
60 852
60 859
60 860
60 869
60 892
60 899
60 901
60 909
60 919
60 920
60 921
60 924
60 931
60 936
60 940
60 944
60 945
60 952
60 971
60 986
61 64
61 65
61 78
61 91
61 101
61 103
61 111
61 113
61 116
61 151
61 154
61 182
61 217
61 223
61 230
61 235
61 236
61 239
61 246
61 258
61 289
61 298
61 310
61 318
61 322
61 326
61 334
61 347
61 349
61 356
61 358
61 364
61 425
61 432
61 447
61 448
61 459
61 473
61 478
61 485
61 492
61 493
61 516
61 531
61 546
61 570
61 575
61 584
61 590
61 592
61 606
61 615
61 621
61 628
61 639
61 640
61 659
61 664
61 666
61 671
61 680
61 694
61 696
61 708
61 718
61 723
61 724
61 738
61 748
61 755
61 766
61 768
61 784
61 785
61 787
61 801
61 802
61 808
61 828
61 838
61 847
61 859
61 871
61 878
61 879
61 906
61 913
61 919
61 933
61 942
61 949
61 959
61 985
61 991
62 90
62 98
62 114
62 121
62 141
62 144
62 178
62 185
62 191
62 195
62 207
62 209
62 221
62 223
62 231
62 235
62 240
62 247
62 253
62 255
62 290
62 305
62 308
62 313
62 327
62 350
62 368
62 371
62 372
62 387
62 395
62 397
62 404
62 415
62 429
62 430
62 435
62 436
62 453
62 454
62 481
62 484
62 493
62 497
62 512
62 513
62 532
62 539
62 549
62 560
62 566
62 575
62 580
62 614
62 619
62 629
62 643
62 645
62 649
62 662
62 670
62 689
62 691
62 698
62 733
62 740
62 755
62 757
62 764
62 774
62 780
62 782
62 788
62 800
62 808
62 812
62 813
62 830
62 833
62 841
62 858
62 860
62 862
62 867
62 868
62 869
62 872
62 883
62 887
62 891
62 905
62 906
62 928
62 977
62 987
63 70
63 102
63 103
63 110
63 121
63 134
63 140
63 153
63 160
63 162
63 187
63 197
63 217
63 224
63 230
63 234
63 245
63 269
63 285
63 286
63 287
63 292
63 297
63 309
63 310
63 315
63 317
63 320
63 324
63 327
63 332
63 344
63 349
63 359
63 369
63 386
63 393
63 414
63 423
63 427
63 441
63 449
63 469
63 480
63 489
63 496
63 497
63 514
63 515
63 522
63 527
63 532
63 548
63 552
63 564
63 580
63 597
63 604
63 605
63 627
63 628
63 643
63 646
63 653
63 668
63 669
63 671
63 674
63 685
63 691
63 698
63 706
63 709
63 713
63 720
63 738
63 775
63 783
63 800
63 807
63 809
63 811
63 813
63 847
63 859
63 860
63 871
63 875
63 876
63 894
63 906
63 908
63 919
63 923
63 927
63 942
63 944
63 946
63 951
63 954
63 970
63 975
64 71
64 94
64 124
64 151
64 171
64 173
64 191
64 195
64 199
64 207
64 217
64 235
64 236
64 256
64 259
64 268
64 269
64 291
64 293
64 297
64 298
64 305
64 311
64 319
64 329
64 338
64 341
64 342
64 344
64 352
64 365
64 368
64 378
64 406
64 415
64 453
64 464
64 518
64 536
64 550
64 567
64 569
64 570
64 572
64 579
64 584
64 594
64 598
64 612
64 621
64 629
64 630
64 634
64 650
64 652
64 658
64 663
64 664
64 673
64 683
64 685
64 706
64 710
64 747
64 751
64 755
64 756
64 762
64 763
64 771
64 777
64 779
64 781
64 794
64 802
64 804
64 846
64 851
64 864
64 882
64 902
64 920
64 923
64 929
64 930
64 944
64 948
64 951
64 966
64 976
65 88
65 89
65 91
65 105
65 110
65 124
65 131
65 133
65 143
65 145
65 151
65 153
65 154
65 175
65 207
65 208
65 218
65 224
65 231
65 251
65 266
65 267
65 275
65 277
65 288
65 289
65 297
65 312
65 319
65 324
65 341
65 358
65 365
65 387
65 403
65 406
65 407
65 439
65 442
65 449
65 456
65 464
65 478
65 481
65 486
65 492
65 516
65 525
65 531
65 554
65 575
65 594
65 597
65 599
65 619
65 626
65 636
65 641
65 656
65 676
65 681
65 685
65 704
65 707
65 731
65 735
65 738
65 740
65 741
65 742
65 753
65 755
65 756
65 772
65 780
65 784
65 788
65 792
65 802
65 803
65 811
65 834
65 866
65 880
65 885
65 892
65 897
65 902
65 926
65 931
65 940
65 941
65 943
65 945
65 957
65 959
65 964
65 980
65 982
65 983
66 82
66 83
66 96
66 110
66 116
66 144
66 169
66 170
66 181
66 191
66 194
66 196
66 220
66 226
66 228
66 230
66 238
66 242
66 274
66 283
66 291
66 311
66 317
66 328
66 332
66 333
66 339
66 344
66 345
66 356
66 361
66 366
66 386
66 397
66 404
66 411
66 412
66 414
66 450
66 459
66 472
66 478
66 490
66 498
66 503
66 511
66 526
66 540
66 550
66 561
66 563
66 570
66 583
66 592
66 596
66 611
66 626
66 632
66 638
66 639
66 643
66 644
66 685
66 692
66 693
66 702
66 719
66 731
66 733
66 739
66 752
66 755
66 779
66 786
66 787
66 804
66 806
66 815
66 820
66 822
66 865
66 874
66 877
66 880
66 883
66 918
66 919
66 935
66 943
66 959
66 976
66 977
66 979
66 983
66 987
67 69
67 70
67 87
67 93
67 95
67 118
67 120
67 142
67 153
67 162
67 167
67 185
67 197
67 207
67 213
67 232
67 235
67 237
67 240
67 252
67 253
67 263
67 267
67 273
67 277
67 279
67 310
67 311
67 320
67 333
67 360
67 370
67 381
67 391
67 392
67 396
67 399
67 402
67 420
67 421
67 435
67 442
67 446
67 458
67 467
67 473
67 477
67 491
67 493
67 500
67 507
67 513
67 517
67 523
67 526
67 532
67 558
67 564
67 581
67 593
67 598
67 626
67 642
67 643
67 653
67 654
67 663
67 681
67 686
67 687
67 688
67 689
67 692
67 697
67 706
67 721
67 767
67 778
67 787
67 790
67 794
67 798
67 799
67 858
67 867
67 880
67 885
67 889
67 891
67 911
67 913
67 914
67 916
67 932
67 938
67 955
67 960
67 961
67 969
67 973
67 981
67 986
67 987
67 996
68 74
68 83
68 88
68 101
68 123
68 142
68 143
68 155
68 162
68 176
68 180
68 186
68 193
68 206
68 211
68 230
68 256
68 259
68 267
68 280
68 288
68 315
68 316
68 328
68 338
68 346
68 363
68 376
68 383
68 401
68 422
68 423
68 427
68 431
68 434
68 452
68 470
68 498
68 505
68 508
68 514
68 518
68 524
68 531
68 532
68 542
68 559
68 570
68 575
68 580
68 588
68 593
68 598
68 599
68 610
68 614
68 630
68 658
68 679
68 680
68 716
68 717
68 732
68 733
68 755
68 764
68 766
68 778
68 782
68 805
68 813
68 854
68 855
68 866
68 874
68 886
68 888
68 890
68 922
68 953
68 955
68 958
68 959
68 966
68 974
68 996
69 89
69 91
69 107
69 112
69 130
69 134
69 143
69 155
69 160
69 172
69 190
69 192
69 200
69 207
69 256
69 259
69 269
69 274
69 276
69 280
69 287
69 299
69 305
69 307
69 313
69 319
69 326
69 331
69 359
69 375
69 379
69 382
69 411
69 427
69 435
69 443
69 446
69 448
69 457
69 474
69 484
69 490
69 497
69 502
69 504
69 515
69 530
69 554
69 558
69 562
69 582
69 595
69 613
69 618
69 628
69 631
69 634
69 636
69 655
69 657
69 659
69 673
69 674
69 675
69 679
69 680
69 683
69 687
69 688
69 691
69 707
69 713
69 740
69 768
69 770
69 772
69 777
69 788
69 804
69 806
69 839
69 842
69 847
69 850
69 857
69 864
69 874
69 878
69 885
69 886
69 892
69 894
69 903
69 926
69 934
69 953
69 962
69 970
69 982
69 995
70 74
70 104
70 109
70 119
70 125
70 138
70 140
70 152
70 164
70 180
70 194
70 208
70 217
70 220
70 223
70 225
70 230
70 235
70 261
70 267
70 272
70 274
70 295
70 321
70 340
70 341
70 346
70 359
70 382
70 386
70 388
70 391
70 394
70 399
70 410
70 420
70 444
70 448
70 485
70 486
70 490
70 495
70 504
70 540
70 541
70 551
70 559
70 564
70 570
70 580
70 588
70 594
70 602
70 608
70 612
70 627
70 630
70 633
70 635
70 640
70 644
70 649
70 653
70 657
70 671
70 681
70 682
70 688
70 697
70 701
70 709
70 726
70 734
70 736
70 743
70 744
70 748
70 770
70 776
70 777
70 789
70 790
70 793
70 823
70 834
70 838
70 855
70 861
70 884
70 902
70 905
70 906
70 910
70 917
70 924
70 936
70 937
70 939
70 940
70 941
70 950
70 954
70 962
70 967
70 971
70 973
70 988
71 79
71 84
71 85
71 102
71 112
71 114
71 125
71 134
71 140
71 144
71 154
71 159
71 166
71 204
71 209
71 221
71 225
71 226
71 247
71 250
71 285
71 290
71 305
71 321
71 322
71 324
71 333
71 335
71 354
71 355
71 385
71 412
71 421
71 429
71 440
71 491
71 514
71 517
71 518
71 532
71 536
71 558
71 560
71 593
71 603
71 629
71 635
71 642
71 643
71 648
71 659
71 661
71 671
71 682
71 688
71 697
71 715
71 719
71 728
71 743
71 747
71 782
71 793
71 807
71 818
71 824
71 832
71 837
71 840
71 850
71 855
71 857
71 864
71 907
71 913
71 922
71 937
71 940
71 954
71 957
71 960
71 971
71 975
71 987
71 994
72 73
72 74
72 116
72 120
72 124
72 128
72 138
72 144
72 156
72 167
72 179
72 187
72 195
72 203
72 208
72 235
72 245
72 249
72 251
72 256
72 270
72 286
72 288
72 289
72 293
72 312
72 330
72 333
72 337
72 340
72 343
72 354
72 373
72 403
72 414
72 418
72 423
72 437
72 439
72 442
72 444
72 458
72 460
72 473
72 491
72 504
72 546
72 552
72 585
72 592
72 599
72 617
72 618
72 621
72 627
72 651
72 668
72 690
72 691
72 694
72 703
72 719
72 743
72 744
72 749
72 750
72 759
72 764
72 772
72 783
72 785
72 788
72 814
72 818
72 829
72 838
72 841
72 850
72 854
72 869
72 878
72 907
72 911
72 912
72 929
72 930
72 936
72 950
72 959
72 983
72 989
73 76
73 85
73 87
73 93
73 119
73 130
73 133
73 156
73 163
73 168
73 170
73 176
73 180
73 199
73 208
73 228
73 232
73 240
73 245
73 250
73 253
73 263
73 275
73 279
73 280
73 285
73 300
73 303
73 307
73 313
73 317
73 326
73 329
73 335
73 346
73 352
73 358
73 376
73 385
73 396
73 411
73 420
73 430
73 435
73 443
73 447
73 449
73 471
73 500
73 502
73 504
73 505
73 511
73 520
73 534
73 548
73 554
73 580
73 592
73 604
73 613
73 625
73 630
73 636
73 645
73 657
73 661
73 665
73 671
73 675
73 693
73 717
73 745
73 777
73 792
73 806
73 807
73 809
73 812
73 814
73 815
73 824
73 838
73 847
73 848
73 853
73 857
73 863
73 868
73 869
73 870
73 871
73 872
73 873
73 898
73 913
73 927
73 932
73 945
73 958
73 963
73 964
73 967
73 969
73 970
73 975
73 979
73 985
73 987
73 988
74 86
74 126
74 156
74 180
74 190
74 191
74 197
74 200
74 203
74 224
74 234
74 241
74 251
74 261
74 287
74 289
74 314
74 316
74 323
74 324
74 327
74 345
74 357
74 365
74 369
74 373
74 376
74 390
74 399
74 403
74 421
74 424
74 441
74 445
74 462
74 471
74 480
74 486
74 498
74 500
74 507
74 522
74 529
74 542
74 544
74 567
74 578
74 592
74 596
74 623
74 640
74 679
74 682
74 687
74 693
74 702
74 710
74 721
74 739
74 763
74 766
74 775
74 782
74 783
74 784
74 790
74 829
74 834
74 840
74 849
74 852
74 857
74 863
74 879
74 880
74 883
74 905
74 909
74 914
74 931
74 933
74 936
74 973
74 976
74 993
74 999
75 84
75 94
75 109
75 113
75 118
75 126
75 134
75 136
75 138
75 139
75 159
75 165
75 172
75 192
75 214
75 218
75 224
75 251
75 258
75 271
75 290
75 294
75 305
75 307
75 310
75 315
75 316
75 317
75 322
75 328
75 352
75 366
75 378
75 385
75 389
75 390
75 391
75 397
75 399
75 405
75 407
75 424
75 472
75 474
75 490
75 513
75 527
75 529
75 536
75 544
75 557
75 580
75 583
75 587
75 589
75 593
75 597
75 601
75 607
75 608
75 618
75 637
75 638
75 652
75 657
75 660
75 669
75 677
75 683
75 693
75 697
75 711
75 750
75 751
75 753
75 768
75 770
75 779
75 785
75 799
75 807
75 811
75 822
75 827
75 834
75 849
75 860
75 863
75 866
75 882
75 903
75 908
75 919
75 920
75 929
75 941
75 949
75 951
75 954
75 963
75 968
75 970
75 975
75 988
75 999
76 78
76 80
76 105
76 108
76 127
76 137
76 153
76 154
76 160
76 164
76 169
76 179
76 200
76 214
76 243
76 254
76 265
76 267
76 268
76 302
76 304
76 311
76 315
76 325
76 332
76 351
76 353
76 364
76 366
76 368
76 377
76 406
76 408
76 412
76 421
76 427
76 434
76 443
76 448
76 452
76 481
76 510
76 520
76 522
76 528
76 537
76 540
76 548
76 577
76 588
76 609
76 629
76 633
76 636
76 661
76 673
76 677
76 678
76 689
76 714
76 715
76 722
76 736
76 748
76 751
76 752
76 777
76 795
76 827
76 828
76 833
76 834
76 836
76 838
76 841
76 847
76 849
76 869
76 873
76 878
76 888
76 897
76 917
76 923
76 936
76 939
76 943
76 945
76 961
76 978
77 91
77 102
77 107
77 108
77 122
77 124
77 125
77 129
77 143
77 145
77 153
77 160
77 168
77 170
77 183
77 184
77 188
77 212
77 224
77 231
77 232
77 234
77 239
77 243
77 252
77 258
77 271
77 280
77 283
77 284
77 286
77 303
77 315
77 320
77 324
77 343
77 365
77 367
77 376
77 383
77 397
77 411
77 418
77 420
77 429
77 453
77 461
77 462
77 512
77 516
77 539
77 545
77 560
77 573
77 578
77 588
77 591
77 603
77 609
77 617
77 631
77 644
77 646
77 647
77 684
77 691
77 698
77 702
77 724
77 737
77 746
77 747
77 755
77 760
77 765
77 769
77 785
77 792
77 793
77 816
77 852
77 866
77 875
77 884
77 887
77 906
77 908
77 920
77 921
77 925
77 928
77 932
77 940
77 948
77 949
77 958
77 960
77 965
77 971
77 981
77 995
78 93
78 112
78 118
78 132
78 134
78 150
78 151
78 163
78 164
78 168
78 179
78 182
78 192
78 198
78 201
78 204
78 215
78 225
78 228
78 235
78 245
78 247
78 251
78 255
78 259
78 296
78 305
78 308
78 321
78 324
78 341
78 347
78 350
78 366
78 369
78 372
78 381
78 389
78 412
78 448
78 464
78 487
78 500
78 502
78 504
78 506
78 508
78 510
78 516
78 522
78 557
78 571
78 579
78 583
78 592
78 596
78 605
78 613
78 640
78 659
78 674
78 675
78 685
78 696
78 710
78 716
78 722
78 740
78 749
78 752
78 754
78 761
78 770
78 771
78 789
78 805
78 821
78 827
78 832
78 844
78 854
78 857
78 859
78 869
78 874
78 875
78 885
78 891
78 901
78 904
78 910
78 916
78 921
78 923
78 953
78 955
78 965
78 977
78 984
78 985
79 88
79 115
79 122
79 157
79 170
79 186
79 195
79 203
79 210
79 220
79 234
79 253
79 268
79 270
79 310
79 314
79 315
79 321
79 322
79 338
79 340
79 344
79 350
79 359
79 361
79 367
79 389
79 395
79 421
79 447
79 462
79 465
79 469
79 478
79 506
79 515
79 529
79 530
79 534
79 536
79 542
79 560
79 565
79 571
79 594
79 597
79 599
79 600
79 615
79 623
79 631
79 632
79 637
79 639
79 678
79 684
79 685
79 696
79 730
79 737
79 741
79 758
79 766
79 775
79 786
79 787
79 792
79 794
79 818
79 827
79 830
79 836
79 855
79 868
79 878
79 879
79 881
79 886
79 892
79 901
79 904
79 905
79 912
79 924
79 982
79 983
79 988
80 87
80 91
80 97
80 104
80 114
80 125
80 164
80 170
80 184
80 201
80 210
80 215
80 228
80 277
80 290
80 314
80 338
80 343
80 344
80 349
80 356
80 357
80 364
80 369
80 371
80 374
80 386
80 398
80 399
80 406
80 407
80 415
80 429
80 481
80 494
80 500
80 510
80 511
80 522
80 537
80 538
80 542
80 546
80 549
80 558
80 585
80 605
80 609
80 614
80 616
80 622
80 624
80 634
80 647
80 652
80 655
80 659
80 688
80 689
80 695
80 702
80 706
80 720
80 732
80 736
80 746
80 750
80 752
80 755
80 789
80 801
80 832
80 865
80 869
80 878
80 883
80 891
80 895
80 903
80 906
80 919
80 927
80 931
80 941
80 943
80 947
80 948
80 970
80 971
80 979
80 990
80 995
81 86
81 88
81 102
81 109
81 129
81 148
81 149
81 157
81 170
81 179
81 180
81 185
81 208
81 209
81 228
81 237
81 284
81 294
81 295
81 296
81 324
81 332
81 342
81 344
81 347
81 362
81 401
81 405
81 414
81 415
81 422
81 432
81 464
81 469
81 495
81 497
81 505
81 507
81 521
81 526
81 546
81 550
81 581
81 590
81 593
81 596
81 600
81 642
81 647
81 695
81 701
81 713
81 730
81 736
81 741
81 752
81 764
81 785
81 788
81 795
81 802
81 803
81 815
81 819
81 843
81 844
81 853
81 861
81 868
81 875
81 878
81 925
81 951
81 955
81 968
81 971
81 973
81 980
81 987
81 997
82 85
82 114
82 134
82 138
82 152
82 154
82 165
82 170
82 201
82 233
82 247
82 251
82 264
82 272
82 278
82 297
82 309
82 326
82 335
82 340
82 344
82 346
82 354
82 386
82 389
82 417
82 428
82 430
82 439
82 446
82 457
82 467
82 470
82 474
82 475
82 482
82 498
82 505
82 512
82 518
82 519
82 537
82 559
82 584
82 599
82 602
82 642
82 646
82 654
82 658
82 660
82 662
82 667
82 683
82 700
82 736
82 738
82 742
82 757
82 780
82 800
82 807
82 810
82 835
82 839
82 841
82 842
82 851
82 868
82 874
82 877
82 882
82 889
82 893
82 911
82 928
82 932
82 934
82 935
82 940
82 947
82 961
82 968
82 972
82 973
82 983
82 994
82 995
83 96
83 101
83 111
83 115
83 117
83 138
83 168
83 175
83 177
83 194
83 207
83 217
83 220
83 226
83 227
83 228
83 229
83 236
83 238
83 254
83 257
83 271
83 275
83 288
83 311
83 327
83 329
83 330
83 367
83 373
83 384
83 396
83 397
83 401
83 402
83 404
83 405
83 409
83 411
83 417
83 422
83 425
83 434
83 450
83 475
83 489
83 497
83 529
83 532
83 534
83 548
83 564
83 565
83 568
83 581
83 587
83 603
83 607
83 618
83 636
83 644
83 646
83 647
83 650
83 658
83 661
83 666
83 680
83 716
83 722
83 729
83 732
83 742
83 745
83 772
83 779
83 782
83 786
83 790
83 793
83 807
83 817
83 819
83 844
83 852
83 858
83 879
83 911
83 912
83 919
83 923
83 941
83 945
83 947
83 968
83 971
83 973
83 977
83 987
83 997
83 998
84 90
84 124
84 145
84 157
84 164
84 165
84 179
84 180
84 187
84 198
84 205
84 207
84 211
84 212
84 223
84 227
84 235
84 280
84 283
84 297
84 307
84 311
84 312
84 318
84 326
84 329
84 330
84 360
84 366
84 387
84 389
84 399
84 400
84 408
84 409
84 413
84 419
84 423
84 426
84 435
84 484
84 499
84 511
84 512
84 522
84 526
84 535
84 540
84 552
84 559
84 572
84 581
84 594
84 598
84 607
84 611
84 617
84 630
84 644
84 661
84 662
84 712
84 727
84 736
84 742
84 784
84 808
84 831
84 835
84 840
84 844
84 847
84 862
84 887
84 892
84 901
84 904
84 919
84 941
84 945
84 952
84 958
84 959
84 964
84 980
85 86
85 102
85 130
85 132
85 171
85 177
85 199
85 215
85 226
85 233
85 251
85 255
85 277
85 282
85 290
85 293
85 310
85 316
85 317
85 328
85 330
85 343
85 347
85 348
85 358
85 369
85 378
85 384
85 396
85 397
85 399
85 411
85 425
85 435
85 447
85 450
85 451
85 452
85 462
85 474
85 487
85 493
85 498
85 512
85 513
85 515
85 537
85 561
85 562
85 573
85 588
85 595
85 606
85 621
85 632
85 635
85 657
85 672
85 704
85 708
85 717
85 726
85 754
85 769
85 799
85 817
85 826
85 838
85 841
85 849
85 854
85 871
85 878
85 880
85 891
85 900
85 915
85 923
85 925
85 940
85 941
85 942
85 959
85 981
85 990
85 992
85 998
86 94
86 108
86 116
86 139
86 151
86 174
86 182
86 191
86 205
86 220
86 221
86 242
86 253
86 279
86 282
86 293
86 296
86 314
86 332
86 342
86 360
86 365
86 381
86 393
86 417
86 422
86 423
86 432
86 455
86 457
86 499
86 520
86 542
86 543
86 546
86 549
86 578
86 583
86 599
86 607
86 619
86 620
86 634
86 669
86 671
86 681
86 691
86 694
86 712
86 716
86 729
86 749
86 751
86 752
86 755
86 761
86 763
86 771
86 781
86 794
86 804
86 809
86 810
86 829
86 847
86 858
86 870
86 902
86 932
86 955
86 961
86 973
86 978
86 986
86 992
86 997
87 98
87 100
87 102
87 104
87 107
87 130
87 133
87 167
87 182
87 189
87 190
87 205
87 212
87 222
87 223
87 235
87 238
87 262
87 278
87 280
87 286
87 290
87 302
87 307
87 314
87 315
87 320
87 365
87 393
87 418
87 421
87 445
87 468
87 470
87 471
87 480
87 482
87 485
87 505
87 512
87 517
87 524
87 525
87 552
87 557
87 558
87 584
87 589
87 596
87 625
87 631
87 649
87 657
87 661
87 694
87 706
87 711
87 712
87 730
87 732
87 743
87 754
87 767
87 769
87 771
87 781
87 782
87 783
87 787
87 791
87 792
87 824
87 837
87 853
87 856
87 857
87 861
87 902
87 904
87 910
87 929
87 933
87 970
87 973
87 974
87 990
88 104
88 107
88 110
88 114
88 117
88 119
88 120
88 131
88 132
88 133
88 134
88 140
88 154
88 156
88 166
88 175
88 193
88 196
88 205
88 215
88 225
88 238
88 244
88 261
88 263
88 273
88 295
88 298
88 305
88 306
88 307
88 308
88 312
88 314
88 340
88 347
88 356
88 357
88 361
88 377
88 436
88 444
88 453
88 454
88 460
88 503
88 515
88 519
88 527
88 534
88 538
88 548
88 551
88 558
88 562
88 566
88 597
88 598
88 599
88 604
88 605
88 612
88 613
88 616
88 631
88 643
88 654
88 665
88 669
88 680
88 682
88 691
88 700
88 709
88 718
88 733
88 734
88 747
88 753
88 761
88 766
88 775
88 801
88 804
88 808
88 823
88 831
88 834
88 835
88 843
88 846
88 855
88 863
88 871
88 874
88 877
88 883
88 899
88 900
88 907
88 918
88 927
88 928
88 931
88 945
88 953
88 960
88 974
88 976
88 977
88 984
89 108
89 113
89 117
89 119
89 156
89 159
89 160
89 172
89 187
89 190
89 193
89 195
89 198
89 200
89 204
89 216
89 227
89 243
89 251
89 276
89 285
89 288
89 293
89 294
89 296
89 300
89 304
89 309
89 310
89 336
89 341
89 352
89 362
89 370
89 380
89 384
89 401
89 432
89 433
89 441
89 461
89 463
89 485
89 487
89 493
89 500
89 502
89 507
89 515
89 519
89 568
89 571
89 576
89 598
89 602
89 604
89 607
89 618
89 622
89 623
89 625
89 636
89 643
89 650
89 669
89 674
89 689
89 696
89 717
89 728
89 730
89 751
89 757
89 792
89 803
89 808
89 811
89 828
89 832
89 834
89 835
89 853
89 861
89 882
89 885
89 888
89 908
89 914
89 922
89 926
89 927
89 937
89 945
89 966
89 973
89 984
90 103
90 122
90 136
90 146
90 149
90 167
90 174
90 179
90 196
90 202
90 214
90 217
90 260
90 263
90 267
90 273
90 278
90 284
90 285
90 292
90 342
90 361
90 373
90 380
90 394
90 402
90 409
90 426
90 429
90 433
90 483
90 486
90 498
90 506
90 509
90 512
90 521
90 531
90 538
90 552
90 560
90 564
90 589
90 598
90 610
90 611
90 612
90 639
90 648
90 649
90 667
90 669
90 681
90 687
90 691
90 696
90 703
90 706
90 729
90 730
90 733
90 736
90 745
90 764
90 790
90 804
90 805
90 824
90 836
90 843
90 860
90 875
90 899
90 911
90 920
90 930
90 937
90 939
90 943
90 947
90 965
90 980
91 95
91 100
91 101
91 105
91 107
91 110
91 111
91 115
91 125
91 138
91 144
91 146
91 161
91 169
91 181
91 184
91 186
91 207
91 227
91 233
91 234
91 244
91 245
91 278
91 286
91 287
91 305
91 307
91 313
91 314
91 315
91 346
91 357
91 366
91 374
91 387
91 391
91 405
91 406
91 409
91 415
91 419
91 433
91 437
91 438
91 440
91 456
91 458
91 467
91 468
91 473
91 488
91 492
91 493
91 497
91 503
91 511
91 532
91 541
91 545
91 557
91 568
91 578
91 582
91 589
91 613
91 614
91 626
91 644
91 648
91 656
91 665
91 677
91 682
91 684
91 704
91 721
91 727
91 754
91 781
91 785
91 795
91 801
91 802
91 815
91 823
91 831
91 833
91 841
91 855
91 856
91 870
91 872
91 874
91 875
91 885
91 911
91 915
91 940
91 969
91 970
91 976
91 981
91 992
91 997
92 94
92 120
92 121
92 128
92 139
92 180
92 202
92 205
92 224
92 234
92 241
92 242
92 247
92 255
92 262
92 263
92 273
92 306
92 312
92 314
92 319
92 326
92 352
92 400
92 405
92 410
92 412
92 421
92 426
92 435
92 438
92 439
92 476
92 491
92 521
92 523
92 525
92 526
92 537
92 540
92 553
92 555
92 561
92 565
92 575
92 582
92 605
92 645
92 658
92 663
92 676
92 678
92 685
92 696
92 712
92 714
92 717
92 733
92 756
92 758
92 765
92 784
92 788
92 802
92 806
92 807
92 840
92 862
92 863
92 872
92 884
92 885
92 900
92 902
92 921
92 925
92 930
92 932
92 968
92 969
93 111
93 116
93 125
93 132
93 144
93 153
93 154
93 157
93 160
93 188
93 198
93 214
93 218
93 219
93 220
93 222
93 226
93 237
93 242
93 255
93 267
93 276
93 302
93 307
93 308
93 317
93 318
93 324
93 335
93 388
93 392
93 395
93 409
93 428
93 431
93 433
93 439
93 467
93 472
93 478
93 481
93 489
93 493
93 516
93 520
93 522
93 531
93 549
93 555
93 578
93 585
93 587
93 591
93 595
93 602
93 642
93 646
93 652
93 653
93 657
93 660
93 664
93 672
93 680
93 690
93 698
93 717
93 733
93 742
93 757
93 769
93 770
93 775
93 777
93 781
93 795
93 819
93 836
93 843
93 845
93 851
93 852
93 853
93 869
93 874
93 880
93 890
93 897
93 898
93 901
93 904
93 913
93 917
93 925
93 949
93 964
93 966
93 972
93 984
94 98
94 116
94 118
94 129
94 133
94 140
94 147
94 157
94 161
94 163
94 175
94 177
94 178
94 186
94 187
94 200
94 206
94 213
94 242
94 249
94 255
94 273
94 300
94 303
94 305
94 321
94 337
94 340
94 347
94 350
94 359
94 367
94 391
94 395
94 398
94 402
94 414
94 417
94 427
94 442
94 447
94 454
94 458
94 463
94 466
94 482
94 489
94 491
94 492
94 508
94 520
94 525
94 547
94 551
94 557
94 593
94 596
94 603
94 626
94 643
94 657
94 659
94 692
94 709
94 717
94 732
94 743
94 744
94 761
94 765
94 772
94 778
94 784
94 785
94 788
94 794
94 808
94 825
94 829
94 834
94 838
94 852
94 859
94 863
94 867
94 878
94 896
94 899
94 923
94 924
94 943
94 956
94 971
94 987
94 994
95 99
95 104
95 129
95 140
95 158
95 191
95 204
95 208
95 237
95 257
95 268
95 277
95 287
95 289
95 299
95 309
95 310
95 317
95 328
95 330
95 335
95 365
95 387
95 396
95 417
95 446
95 450
95 469
95 476
95 488
95 505
95 527
95 533
95 541
95 592
95 593
95 618
95 623
95 624
95 639
95 654
95 655
95 671
95 673
95 688
95 693
95 698
95 712
95 724
95 734
95 751
95 762
95 765
95 770
95 778
95 799
95 806
95 807
95 816
95 827
95 848
95 853
95 858
95 879
95 885
95 904
95 911
95 921
95 936
95 955
95 964
95 967
96 99
96 112
96 120
96 132
96 135
96 143
96 146
96 150
96 175
96 193
96 201
96 220
96 226
96 229
96 238
96 245
96 250
96 258
96 259
96 266
96 268
96 282
96 285
96 286
96 297
96 314
96 322
96 334
96 340
96 355
96 357
96 364
96 366
96 391
96 400
96 408
96 416
96 427
96 443
96 462
96 466
96 492
96 495
96 511
96 524
96 538
96 543
96 557
96 565
96 568
96 602
96 623
96 662
96 676
96 683
96 684
96 692
96 697
96 708
96 709
96 710
96 711
96 713
96 722
96 725
96 726
96 732
96 748
96 766
96 782
96 795
96 797
96 801
96 808
96 810
96 819
96 830
96 832
96 837
96 860
96 863
96 883
96 894
96 901
96 909
96 922
96 946
96 961
96 983
96 992
96 994
96 996
97 107
97 113
97 122
97 147
97 160
97 181
97 183
97 191
97 210
97 220
97 223
97 235
97 253
97 261
97 275
97 279
97 284
97 285
97 294
97 297
97 299
97 305
97 316
97 318
97 319
97 323
97 328
97 333
97 372
97 373
97 382
97 395
97 397
97 405
97 419
97 434
97 463
97 469
97 472
97 477
97 479
97 482
97 483
97 494
97 497
97 517
97 548
97 550
97 553
97 560
97 569
97 571
97 582
97 590
97 606
97 610
97 620
97 627
97 643
97 661
97 679
97 685
97 694
97 697
97 720
97 732
97 733
97 737
97 762
97 767
97 777
97 778
97 792
97 813
97 814
97 846
97 869
97 871
97 895
97 935
97 936
97 967
97 972
97 986
98 119
98 124
98 141
98 152
98 159
98 160
98 168
98 177
98 209
98 220
98 233
98 244
98 272
98 293
98 299
98 302
98 303
98 320
98 321
98 323
98 336
98 375
98 376
98 416
98 420
98 434
98 442
98 450
98 452
98 453
98 457
98 477
98 481
98 482
98 491
98 496
98 498
98 527
98 559
98 572
98 576
98 578
98 581
98 591
98 606
98 609
98 629
98 637
98 645
98 666
98 670
98 693
98 694
98 707
98 709
98 716
98 719
98 726
98 745
98 749
98 751
98 773
98 777
98 790
98 822
98 833
98 838
98 843
98 852
98 859
98 876
98 896
98 898
98 906
98 933
98 941
98 952
98 961
98 984
98 992
99 125
99 126
99 141
99 152
99 160
99 165
99 178
99 219
99 220
99 235
99 241
99 253
99 257
99 274
99 279
99 295
99 303
99 319
99 320
99 335
99 341
99 342
99 347
99 366
99 370
99 396
99 408
99 414
99 423
99 428
99 431
99 436
99 441
99 442
99 451
99 456
99 474
99 477
99 487
99 491
99 494
99 504
99 524
99 536
99 537
99 541
99 543
99 548
99 550
99 581
99 584
99 606
99 627
99 635
99 649
99 653
99 655
99 667
99 672
99 688
99 693
99 720
99 723
99 731
99 746
99 772
99 775
99 805
99 825
99 832
99 836
99 837
99 854
99 859
99 862
99 903
99 917
99 918
99 936
99 942
99 951
99 957
99 963
99 968
99 975
99 978
100 110
100 115
100 120
100 126
100 127
100 148
100 153
100 168
100 186
100 191
100 198
100 204
100 213
100 232
100 236
100 237
100 241
100 242
100 249
100 253
100 265
100 275
100 276
100 278
100 293
100 304
100 313
100 317
100 325
100 342
100 349
100 355
100 360
100 361
100 395
100 397
100 417
100 421
100 427
100 440
100 453
100 463
100 465
100 491
100 494
100 506
100 507
100 522
100 524
100 526
100 532
100 550
100 559
100 566
100 580
100 582
100 585
100 601
100 603
100 605
100 618
100 621
100 623
100 628
100 642
100 666
100 670
100 676
100 678
100 697
100 715
100 753
100 769
100 773
100 781
100 795
100 803
100 838
100 841
100 867
100 872
100 880
100 885
100 900
100 933
100 938
100 971
100 992
101 105
101 107
101 108
101 110
101 115
101 120
101 127
101 128
101 129
101 157
101 167
101 168
101 176
101 177
101 184
101 207
101 208
101 217
101 220
101 221
101 246
101 247
101 273
101 274
101 279
101 280
101 298
101 306
101 308
101 310
101 316
101 332
101 337
101 343
101 350
101 352
101 356
101 369
101 376
101 380
101 382
101 385
101 387
101 399
101 414
101 430
101 447
101 461
101 466
101 485
101 486
101 490
101 491
101 502
101 507
101 513
101 524
101 526
101 595
101 597
101 619
101 620
101 631
101 635
101 644
101 646
101 653
101 659
101 666
101 686
101 703
101 705
101 708
101 725
101 749
101 752
101 757
101 759
101 781
101 786
101 789
101 800
101 806
101 807
101 808
101 824
101 830
101 837
101 845
101 848
101 874
101 897
101 913
101 917
101 921
101 923
101 948
101 958
101 960
101 983
101 995
101 998
102 122
102 142
102 156
102 165
102 180
102 188
102 195
102 204
102 213
102 220
102 236
102 248
102 249
102 255
102 272
102 279
102 287
102 290
102 292
102 295
102 322
102 338
102 345
102 356
102 357
102 365
102 381
102 401
102 419
102 424
102 463
102 469
102 479
102 500
102 504
102 512
102 523
102 525
102 530
102 531
102 533
102 536
102 540
102 547
102 557
102 583
102 590
102 601
102 602
102 612
102 614
102 617
102 646
102 659
102 670
102 674
102 678
102 684
102 693
102 716
102 736
102 744
102 749
102 751
102 788
102 789
102 790
102 825
102 830
102 841
102 863
102 874
102 902
102 906
102 907
102 915
102 922
102 949
102 971
102 992
103 105
103 123
103 136
103 139
103 149
103 152
103 153
103 154
103 176
103 182
103 183
103 210
103 229
103 237
103 238
103 240
103 241
103 243
103 250
103 256
103 259
103 260
103 264
103 275
103 281
103 315
103 317
103 322
103 324
103 340
103 354
103 358
103 360
103 361
103 400
103 417
103 425
103 427
103 430
103 435
103 437
103 447
103 452
103 464
103 480
103 483
103 485
103 511
103 527
103 544
103 546
103 568
103 582
103 583
103 596
103 597
103 599
103 602
103 606
103 619
103 625
103 628
103 635
103 658
103 667
103 688
103 708
103 718
103 719
103 730
103 733
103 749
103 758
103 759
103 764
103 805
103 818
103 819
103 820
103 826
103 837
103 846
103 854
103 871
103 879
103 882
103 886
103 909
103 917
103 920
103 925
103 928
103 936
103 943
103 964
103 975
103 977
104 114
104 137
104 149
104 150
104 151
104 171
104 175
104 178
104 215
104 242
104 247
104 260
104 264
104 269
104 274
104 275
104 280
104 286
104 289
104 295
104 335
104 372
104 382
104 387
104 406
104 422
104 457
104 464
104 485
104 487
104 497
104 506
104 519
104 543
104 547
104 552
104 564
104 571
104 577
104 583
104 584
104 591
104 594
104 599
104 601
104 606
104 618
104 628
104 641
104 664
104 704
104 717
104 719
104 733
104 741
104 757
104 770
104 773
104 774
104 792
104 817
104 823
104 824
104 826
104 827
104 833
104 840
104 845
104 849
104 876
104 882
104 885
104 890
104 892
104 893
104 897
104 898
104 900
104 927
104 928
104 934
104 936
104 939
104 943
104 945
104 953
104 954
104 972
104 983
104 990
104 991
104 993
105 120
105 134
105 144
105 163
105 178
105 179
105 192
105 195
105 197
105 198
105 201
105 210
105 211
105 227
105 259
105 273
105 295
105 298
105 305
105 324
105 332
105 336
105 344
105 377
105 380
105 387
105 392
105 402
105 404
105 424
105 436
105 450
105 454
105 490
105 492
105 498
105 514
105 518
105 523
105 560
105 566
105 571
105 587
105 607
105 610
105 614
105 625
105 632
105 654
105 661
105 667
105 681
105 693
105 704
105 713
105 715
105 718
105 732
105 749
105 750
105 765
105 777
105 782
105 784
105 788
105 794
105 795
105 816
105 817
105 825
105 830
105 839
105 853
105 857
105 860
105 865
105 879
105 881
105 887
105 891
105 920
105 969
105 975
105 980
105 984
105 993
106 126
106 151
106 158
106 159
106 161
106 180
106 182
106 191
106 195
106 197
106 202
106 223
106 234
106 250
106 251
106 266
106 305
106 309
106 310
106 319
106 326
106 332
106 334
106 338
106 347
106 355
106 361
106 379
106 384
106 385
106 396
106 397
106 399
106 405
106 422
106 424
106 447
106 456
106 460
106 465
106 475
106 479
106 503
106 515
106 525
106 527
106 528
106 535
106 548
106 553
106 555
106 571
106 577
106 588
106 605
106 629
106 650
106 662
106 669
106 674
106 679
106 693
106 703
106 707
106 710
106 723
106 728
106 737
106 750
106 753
106 767
106 781
106 786
106 800
106 815
106 825
106 862
106 863
106 865
106 868
106 869
106 888
106 898
106 899
106 905
106 921
106 924
106 925
106 929
106 938
106 939
106 958
106 963
106 976
106 983
106 989
107 137
107 149
107 153
107 154
107 170
107 175
107 181
107 211
107 212
107 233
107 236
107 248
107 249
107 250
107 254
107 255
107 260
107 268
107 278
107 282
107 283
107 287
107 295
107 298
107 304
107 307
107 309
107 322
107 335
107 337
107 341
107 351
107 360
107 371
107 379
107 380
107 390
107 403
107 416
107 421
107 450
107 478
107 504
107 509
107 515
107 544
107 552
107 563
107 572
107 584
107 627
107 661
107 665
107 669
107 675
107 677
107 678
107 680
107 686
107 714
107 734
107 748
107 754
107 758
107 762
107 777
107 791
107 808
107 835
107 843
107 844
107 845
107 860
107 864
107 868
107 872
107 890
107 897
107 898
107 903
107 920
107 921
107 925
107 934
107 935
107 938
107 944
107 945
107 953
107 973
107 976
107 982
107 985
107 991
108 114
108 132
108 143
108 150
108 169
108 188
108 189
108 190
108 196
108 211
108 217
108 233
108 243
108 250
108 256
108 259
108 278
108 281
108 291
108 292
108 295
108 297
108 306
108 328
108 331
108 338
108 340
108 367
108 376
108 394
108 401
108 425
108 429
108 440
108 460
108 493
108 506
108 510
108 520
108 553
108 554
108 556
108 562
108 563
108 572
108 582
108 592
108 600
108 614
108 616
108 618
108 622
108 634
108 639
108 640
108 642
108 643
108 658
108 666
108 673
108 695
108 702
108 714
108 723
108 753
108 776
108 783
108 785
108 800
108 804
108 809
108 815
108 826
108 843
108 844
108 858
108 860
108 873
108 879
108 895
108 901
108 905
108 934
108 949
108 963
108 965
108 984
108 991
109 118
109 127
109 129
109 130
109 154
109 156
109 167
109 172
109 173
109 194
109 202
109 220
109 231
109 241
109 252
109 266
109 268
109 279
109 303
109 326
109 347
109 376
109 382
109 386
109 390
109 397
109 398
109 410
109 413
109 417
109 441
109 464
109 475
109 489
109 490
109 497
109 506
109 517
109 521
109 531
109 537
109 541
109 543
109 550
109 553
109 562
109 566
109 612
109 613
109 633
109 634
109 643
109 666
109 705
109 715
109 716
109 718
109 733
109 735
109 737
109 738
109 755
109 771
109 775
109 777
109 785
109 787
109 794
109 805
109 808
109 818
109 821
109 843
109 849
109 851
109 858
109 921
109 960
109 962
109 967
109 969
109 974
109 990
109 997
110 134
110 142
110 144
110 156
110 159
110 168
110 178
110 188
110 191
110 192
110 204
110 214
110 225
110 244
110 259
110 265
110 267
110 288
110 291
110 293
110 302
110 310
110 317
110 320
110 323
110 331
110 334
110 343
110 351
110 370
110 382
110 384
110 387
110 418
110 420
110 442
110 448
110 453
110 464
110 466
110 468
110 480
110 481
110 489
110 504
110 505
110 509
110 516
110 525
110 532
110 540
110 544
110 548
110 554
110 561
110 578
110 586
110 589
110 605
110 610
110 611
110 655
110 666
110 669
110 671
110 699
110 700
110 707
110 719
110 721
110 723
110 731
110 748
110 757
110 763
110 769
110 779
110 788
110 790
110 802
110 807
110 812
110 824
110 829
110 832
110 837
110 847
110 858
110 868
110 872
110 873
110 886
110 888
110 903
110 909
110 917
110 921
110 928
110 932
110 934
110 943
110 947
110 949
110 950
110 955
110 958
110 961
110 965
110 982
110 986
111 120
111 129
111 146
111 149
111 165
111 166
111 181
111 187
111 194
111 198
111 201
111 203
111 208
111 217
111 224
111 225
111 243
111 263
111 264
111 281
111 297
111 304
111 307
111 316
111 322
111 333
111 336
111 339
111 341
111 343
111 349
111 357
111 358
111 367
111 385
111 398
111 405
111 419
111 429
111 433
111 443
111 456
111 470
111 474
111 476
111 486
111 499
111 505
111 531
111 538
111 545
111 558
111 559
111 562
111 570
111 573
111 575
111 578
111 580
111 586
111 587
111 589
111 599
111 609
111 662
111 669
111 676
111 677
111 678
111 682
111 716
111 725
111 727
111 758
111 764
111 765
111 766
111 770
111 771
111 777
111 779
111 782
111 792
111 795
111 799
111 818
111 829
111 835
111 846
111 851
111 855
111 886
111 916
111 922
111 931
111 947
111 969
111 970
111 984
111 986
111 995
112 129
112 131
112 133
112 137
112 156
112 161
112 209
112 221
112 223
112 226
112 254
112 263
112 286
112 304
112 310
112 311
112 315
112 316
112 323
112 330
112 337
112 343
112 346
112 349
112 363
112 365
112 382
112 391
112 393
112 408
112 423
112 442
112 445
112 449
112 473
112 488
112 489
112 492
112 496
112 503
112 504
112 522
112 525
112 532
112 539
112 548
112 561
112 569
112 583
112 590
112 599
112 600
112 617
112 619
112 623
112 628
112 637
112 663
112 677
112 680
112 705
112 717
112 722
112 724
112 725
112 727
112 738
112 745
112 750
112 754
112 759
112 763
112 769
112 770
112 788
112 790
112 792
112 793
112 794
112 799
112 807
112 825
112 836
112 840
112 841
112 889
112 895
112 900
112 903
112 913
112 924
112 938
112 939
112 953
112 954
112 957
112 958
112 959
112 964
112 973
112 987
112 990
113 117
113 131
113 150
113 161
113 165
113 187
113 194
113 204
113 209
113 255
113 263
113 276
113 295
113 304
113 316
113 319
113 320
113 341
113 343
113 353
113 360
113 404
113 405
113 418
113 424
113 425
113 452
113 455
113 459
113 472
113 487
113 489
113 490
113 502
113 505
113 509
113 511
113 513
113 519
113 523
113 524
113 539
113 581
113 602
113 608
113 612
113 625
113 636
113 642
113 689
113 694
113 696
113 705
113 712
113 723
113 725
113 727
113 735
113 737
113 743
113 749
113 752
113 760
113 763
113 765
113 774
113 776
113 806
113 812
113 814
113 824
113 832
113 847
113 856
113 860
113 869
113 871
113 877
113 891
113 895
113 903
113 921
113 930
113 952
113 969
113 971
113 995
113 997
114 116
114 128
114 131
114 136
114 189
114 206
114 231
114 238
114 249
114 250
114 257
114 258
114 267
114 286
114 298
114 304
114 316
114 320
114 333
114 335
114 345
114 348
114 350
114 357
114 364
114 370
114 383
114 386
114 394
114 401
114 411
114 413
114 424
114 425
114 434
114 492
114 502
114 503
114 506
114 522
114 535
114 539
114 540
114 547
114 551
114 578
114 584
114 587
114 603
114 607
114 615
114 636
114 645
114 659
114 677
114 679
114 695
114 697
114 708
114 714
114 715
114 735
114 738
114 750
114 751
114 762
114 788
114 790
114 803
114 808
114 817
114 831
114 832
114 834
114 838
114 849
114 854
114 859
114 881
114 886
114 896
114 897
114 944
114 946
114 949
114 952
114 957
114 959
114 976
114 987
114 997
114 998
115 116
115 123
115 137
115 138
115 147
115 152
115 161
115 164
115 168
115 174
115 175
115 176
115 192
115 215
115 240
115 252
115 265
115 288
115 310
115 313
115 338
115 354
115 358
115 380
115 402
115 409
115 426
115 444
115 446
115 447
115 448
115 460
115 481
115 497
115 501
115 510
115 521
115 522
115 526
115 535
115 553
115 554
115 563
115 592
115 600
115 602
115 603
115 624
115 626
115 653
115 654
115 655
115 673
115 677
115 683
115 685
115 708
115 722
115 725
115 730
115 756
115 762
115 765
115 786
115 790
115 795
115 801
115 816
115 827
115 841
115 863
115 898
115 920
115 921
115 930
115 986
115 987
115 992
116 119
116 122
116 144
116 153
116 155
116 173
116 175
116 178
116 184
116 189
116 190
116 200
116 202
116 225
116 235
116 248
116 269
116 300
116 303
116 307
116 309
116 324
116 336
116 341
116 344
116 358
116 359
116 362
116 365
116 378
116 384
116 386
116 395
116 406
116 407
116 418
116 434
116 437
116 444
116 445
116 469
116 495
116 502
116 504
116 519
116 545
116 558
116 564
116 571
116 581
116 592
116 595
116 596
116 641
116 644
116 666
116 667
116 669
116 670
116 672
116 673
116 675
116 680
116 687
116 693
116 719
116 724
116 731
116 743
116 757
116 781
116 793
116 794
116 821
116 830
116 853
116 863
116 888
116 903
116 904
116 909
116 912
116 926
116 932
116 933
116 947
116 951
116 976
116 991
117 121
117 145
117 154
117 162
117 166
117 189
117 197
117 202
117 208
117 210
117 213
117 214
117 235
117 237
117 245
117 250
117 256
117 268
117 272
117 273
117 284
117 291
117 297
117 305
117 306
117 309
117 342
117 348
117 354
117 355
117 359
117 365
117 374
117 383
117 386
117 387
117 389
117 390
117 391
117 397
117 404
117 405
117 436
117 446
117 450
117 453
117 458
117 463
117 471
117 488
117 499
117 515
117 525
117 531
117 550
117 552
117 553
117 554
117 558
117 587
117 597
117 607
117 609
117 610
117 615
117 620
117 648
117 662
117 685
117 691
117 704
117 708
117 733
117 740
117 751
117 768
117 808
117 812
117 828
117 838
117 842
117 861
117 862
117 867
117 895
117 906
117 908
117 909
117 912
117 933
117 939
117 942
117 943
117 945
117 947
117 954
117 962
117 971
117 975
118 129
118 138
118 150
118 165
118 166
118 168
118 174
118 182
118 190
118 198
118 203
118 221
118 225
118 231
118 248
118 263
118 267
118 271
118 278
118 279
118 281
118 290
118 311
118 351
118 357
118 358
118 363
118 406
118 411
118 419
118 440
118 454
118 465
118 470
118 485
118 490
118 514
118 521
118 525
118 526
118 528
118 546
118 551
118 565
118 588
118 613
118 621
118 661
118 673
118 677
118 681
118 687
118 694
118 696
118 704
118 713
118 728
118 732
118 749
118 754
118 762
118 763
118 771
118 772
118 776
118 778
118 794
118 796
118 823
118 827
118 847
118 853
118 854
118 857
118 861
118 875
118 892
118 899
118 909
118 913
118 919
118 925
118 926
118 928
118 934
118 950
118 955
118 966
118 971
118 995
119 122
119 124
119 145
119 163
119 178
119 192
119 193
119 198
119 205
119 214
119 215
119 216
119 227
119 236
119 240
119 242
119 245
119 255
119 256
119 261
119 278
119 284
119 290
119 297
119 305
119 327
119 329
119 376
119 380
119 383
119 392
119 393
119 401
119 430
119 442
119 446
119 476
119 486
119 507
119 508
119 519
119 525
119 529
119 536
119 537
119 546
119 557
119 569
119 583
119 597
119 605
119 612
119 614
119 615
119 625
119 646
119 651
119 652
119 656
119 663
119 674
119 675
119 690
119 694
119 705
119 707
119 712
119 721
119 768
119 794
119 799
119 807
119 833
119 870
119 895
119 897
119 925
119 965
119 966
119 970
120 156
120 167
120 173
120 190
120 193
120 210
120 220
120 222
120 234
120 244
120 263
120 270
120 288
120 291
120 304
120 319
120 343
120 349
120 365
120 377
120 394
120 409
120 432
120 445
120 446
120 462
120 465
120 467
120 491
120 493
120 496
120 514
120 527
120 528
120 531
120 536
120 538
120 545
120 547
120 554
120 561
120 562
120 563
120 578
120 588
120 618
120 634
120 649
120 652
120 660
120 691
120 692
120 697
120 703
120 705
120 740
120 747
120 748
120 763
120 778
120 805
120 818
120 821
120 836
120 840
120 857
120 860
120 881
120 883
120 884
120 888
120 889
120 898
120 899
120 904
120 905
120 909
120 912
120 931
120 938
120 941
120 954
120 962
120 965
120 975
120 978
120 981
120 983
120 985
121 123
121 135
121 155
121 158
121 168
121 193
121 194
121 211
121 212
121 237
121 240
121 243
121 246
121 251
121 252
121 254
121 261
121 263
121 288
121 289
121 304
121 364
121 366
121 367
121 376
121 394
121 400
121 405
121 410
121 447
121 454
121 472
121 473
121 477
121 481
121 494
121 516
121 518
121 521
121 544
121 563
121 571
121 577
121 578
121 581
121 584
121 586
121 589
121 590
121 616
121 620
121 634
121 645
121 677
121 690
121 691
121 697
121 701
121 707
121 718
121 742
121 753
121 766
121 767
121 768
121 770
121 775
121 779
121 785
121 802
121 807
121 811
121 813
121 823
121 844
121 850
121 894
121 899
121 913
121 925
121 935
121 947
121 969
121 985
121 991
121 994
122 144
122 148
122 171
122 177
122 178
122 211
122 227
122 230
122 233
122 240
122 258
122 267
122 269
122 272
122 273
122 286
122 306
122 312
122 322
122 340
122 344
122 346
122 352
122 356
122 386
122 387
122 392
122 404
122 435
122 463
122 472
122 476
122 528
122 544
122 560
122 574
122 590
122 592
122 611
122 632
122 639
122 654
122 667
122 676
122 678
122 688
122 690
122 697
122 709
122 718
122 719
122 734
122 745
122 755
122 765
122 766
122 772
122 777
122 786
122 807
122 820
122 821
122 828
122 842
122 849
122 854
122 866
122 873
122 879
122 881
122 887
122 924
122 944
122 945
122 948
122 987
122 989
123 137
123 153
123 154
123 165
123 176
123 179
123 189
123 223
123 254
123 258
123 277
123 292
123 298
123 299
123 311
123 321
123 328
123 333
123 343
123 351
123 353
123 357
123 358
123 371
123 375
123 381
123 384
123 385
123 404
123 412
123 422
123 424
123 429
123 439
123 446
123 452
123 453
123 463
123 472
123 475
123 478
123 483
123 494
123 505
123 510
123 539
123 550
123 559
123 579
123 582
123 583
123 591
123 594
123 602
123 605
123 613
123 626
123 630
123 640
123 652
123 658
123 668
123 685
123 687
123 688
123 689
123 694
123 701
123 708
123 757
123 769
123 772
123 778
123 779
123 786
123 816
123 823
123 828
123 830
123 846
123 847
123 849
123 853
123 860
123 868
123 876
123 880
123 885
123 910
123 921
123 942
123 967
123 976
123 986
124 130
124 134
124 143
124 146
124 154
124 166
124 170
124 179
124 180
124 189
124 194
124 203
124 213
124 220
124 234
124 239
124 247
124 262
124 265
124 283
124 284
124 294
124 295
124 305
124 344
124 345
124 355
124 374
124 394
124 407
124 419
124 426
124 428
124 435
124 455
124 460
124 486
124 507
124 514
124 551
124 569
124 570
124 573
124 582
124 616
124 617
124 621
124 625
124 647
124 663
124 667
124 673
124 679
124 683
124 691
124 695
124 698
124 737
124 746
124 762
124 771
124 790
124 805
124 807
124 818
124 827
124 841
124 857
124 859
124 871
124 876
124 894
124 906
124 925
124 933
124 934
124 955
124 957
125 126
125 129
125 135
125 138
125 139
125 140
125 164
125 178
125 192
125 201
125 203
125 204
125 205
125 220
125 225
125 235
125 236
125 241
125 245
125 262
125 278
125 287
125 298
125 299
125 307
125 326
125 334
125 339
125 346
125 362
125 385
125 393
125 415
125 418
125 426
125 434
125 450
125 457
125 462
125 463
125 470
125 472
125 484
125 516
125 524
125 547
125 555
125 560
125 561
125 572
125 580
125 581
125 590
125 607
125 629
125 631
125 633
125 643
125 653
125 661
125 663
125 667
125 675
125 696
125 713
125 721
125 725
125 726
125 731
125 742
125 745
125 757
125 770
125 780
125 786
125 787
125 791
125 803
125 806
125 812
125 821
125 840
125 857
125 859
125 861
125 864
125 871
125 874
125 891
125 895
125 897
125 899
125 907
125 917
125 923
125 935
125 957
125 962
125 966
125 979
125 984
126 128
126 130
126 135
126 144
126 154
126 156
126 157
126 159
126 176
126 186
126 189
126 212
126 216
126 219
126 262
126 264
126 270
126 272
126 283
126 288
126 297
126 299
126 305
126 306
126 345
126 360
126 366
126 392
126 410
126 415
126 431
126 441
126 466
126 477
126 485
126 494
126 516
126 521
126 536
126 561
126 569
126 578
126 579
126 588
126 614
126 615
126 625
126 634
126 642
126 663
126 669
126 676
126 687
126 688
126 690
126 694
126 695
126 698
126 707
126 708
126 710
126 715
126 740
126 752
126 753
126 761
126 768
126 772
126 778
126 779
126 836
126 854
126 855
126 856
126 862
126 868
126 891
126 896
126 900
126 909
126 911
126 923
126 930
126 933
126 937
126 943
126 956
126 965
126 966
126 981
127 134
127 149
127 170
127 177
127 181
127 236
127 239
127 243
127 247
127 248
127 251
127 270
127 284
127 287
127 289
127 291
127 322
127 332
127 337
127 358
127 367
127 384
127 385
127 405
127 432
127 434
127 453
127 489
127 490
127 492
127 499
127 523
127 524
127 564
127 575
127 587
127 588
127 597
127 604
127 609
127 636
127 658
127 662
127 667
127 676
127 680
127 683
127 695
127 697
127 703
127 732
127 748
127 751
127 755
127 778
127 788
127 802
127 804
127 810
127 821
127 822
127 827
127 838
127 848
127 860
127 879
127 885
127 886
127 891
127 900
127 901
127 924
127 926
127 949
127 952
127 953
127 957
127 981
127 986
128 150
128 152
128 157
128 177
128 204
128 212
128 220
128 241
128 256
128 264
128 298
128 305
128 344
128 348
128 353
128 364
128 365
128 367
128 373
128 379
128 386
128 400
128 403
128 408
128 417
128 420
128 449
128 467
128 493
128 505
128 512
128 521
128 525
128 526
128 534
128 538
128 550
128 552
128 614
128 615
128 616
128 617
128 629
128 634
128 646
128 656
128 698
128 704
128 708
128 721
128 723
128 724
128 731
128 754
128 757
128 760
128 769
128 780
128 790
128 796
128 800
128 805
128 807
128 810
128 843
128 846
128 859
128 872
128 876
128 877
128 886
128 890
128 902
128 904
128 914
128 918
128 935
128 945
128 947
128 962
128 964
128 966
128 971
128 987
128 997
129 132
129 134
129 139
129 143
129 144
129 145
129 152
129 153
129 154
129 181
129 184
129 195
129 198
129 233
129 238
129 240
129 243
129 247
129 261
129 268
129 275
129 285
129 291
129 301
129 308
129 318
129 322
129 323
129 327
129 328
129 343
129 345
129 390
129 434
129 447
129 449
129 461
129 463
129 465
129 469
129 507
129 531
129 535
129 540
129 541
129 543
129 556
129 576
129 585
129 586
129 592
129 595
129 625
129 630
129 635
129 644
129 663
129 664
129 672
129 688
129 715
129 728
129 734
129 747
129 758
129 762
129 769
129 771
129 785
129 788
129 792
129 799
129 801
129 815
129 845
129 866
129 875
129 883
129 884
129 887
129 895
129 902
129 910
129 911
129 915
129 928
129 937
129 953
129 954
129 956
129 961
129 962
129 968
130 137
130 141
130 145
130 149
130 159
130 161
130 162
130 193
130 197
130 202
130 209
130 211
130 217
130 221
130 222
130 253
130 268
130 271
130 275
130 280
130 302
130 305
130 309
130 327
130 332
130 338
130 343
130 351
130 356
130 371
130 378
130 391
130 392
130 403
130 412
130 463
130 470
130 472
130 474
130 489
130 494
130 496
130 511
130 513
130 522
130 543
130 555
130 578
130 580
130 581
130 593
130 603
130 608
130 616
130 633
130 635
130 637
130 641
130 655
130 657
130 658
130 671
130 672
130 674
130 679
130 680
130 704
130 711
130 714
130 718
130 728
130 740
130 747
130 782
130 801
130 823
130 845
130 847
130 857
130 865
130 869
130 876
130 880
130 883
130 886
130 891
130 952
130 970
130 981
130 983
130 999
131 145
131 162
131 167
131 171
131 179
131 182
131 189
131 204
131 231
131 233
131 238
131 246
131 251
131 263
131 278
131 281
131 298
131 306
131 318
131 329
131 334
131 335
131 340
131 356
131 367
131 369
131 384
131 392
131 410
131 421
131 430
131 445
131 464
131 469
131 477
131 480
131 489
131 490
131 499
131 504
131 508
131 522
131 547
131 555
131 559
131 561
131 568
131 569
131 579
131 582
131 599
131 628
131 630
131 631
131 657
131 658
131 680
131 704
131 708
131 737
131 742
131 743
131 754
131 778
131 791
131 792
131 806
131 814
131 820
131 836
131 838
131 843
131 850
131 855
131 862
131 867
131 890
131 900
131 911
131 925
131 928
131 941
131 947
131 960
131 975
131 984
132 143
132 151
132 177
132 213
132 247
132 254
132 279
132 285
132 290
132 291
132 295
132 299
132 323
132 336
132 360
132 369
132 386
132 387
132 393
132 395
132 490
132 507
132 522
132 587
132 599
132 601
132 611
132 617
132 623
132 633
132 637
132 644
132 672
132 674
132 691
132 692
132 704
132 706
132 709
132 717
132 722
132 729
132 732
132 747
132 756
132 762
132 763
132 772
132 794
132 799
132 815
132 820
132 821
132 828
132 840
132 841
132 846
132 857
132 858
132 859
132 872
132 875
132 879
132 890
132 894
132 897
132 918
132 923
132 928
132 943
132 945
132 951
132 952
132 975
132 977
132 981
133 134
133 138
133 149
133 160
133 162
133 166
133 173
133 175
133 190
133 202
133 208
133 215
133 216
133 240
133 243
133 247
133 259
133 263
133 264
133 265
133 269
133 271
133 287
133 317
133 320
133 322
133 329
133 334
133 336
133 346
133 349
133 351
133 356
133 358
133 372
133 382
133 394
133 406
133 421
133 455
133 461
133 469
133 479
133 494
133 495
133 501
133 533
133 543
133 549
133 555
133 557
133 560
133 566
133 568
133 572
133 574
133 580
133 582
133 604
133 610
133 615
133 619
133 633
133 641
133 645
133 649
133 656
133 668
133 703
133 735
133 753
133 770
133 773
133 787
133 794
133 796
133 798
133 805
133 810
133 820
133 826
133 841
133 858
133 861
133 862
133 892
133 893
133 896
133 917
133 927
133 941
133 960
133 992
133 993
133 999
134 136
134 156
134 168
134 184
134 202
134 207
134 211
134 237
134 242
134 248
134 253
134 262
134 263
134 266
134 300
134 323
134 328
134 343
134 353
134 357
134 361
134 380
134 387
134 437
134 444
134 462
134 464
134 467
134 477
134 488
134 499
134 505
134 506
134 509
134 510
134 511
134 512
134 522
134 529
134 544
134 556
134 564
134 573
134 574
134 579
134 587
134 588
134 595
134 650
134 666
134 667
134 669
134 681
134 713
134 715
134 733
134 742
134 748
134 753
134 756
134 761
134 764
134 767
134 775
134 796
134 797
134 803
134 831
134 842
134 847
134 868
134 870
134 872
134 884
134 897
134 900
134 903
134 908
134 916
134 917
134 921
134 927
134 931
134 949
134 953
134 954
134 959
134 964
134 965
134 967
134 988
135 147
135 159
135 217
135 235
135 246
135 249
135 276
135 278
135 282
135 285
135 289
135 290
135 307
135 308
135 313
135 315
135 329
135 335
135 352
135 358
135 360
135 363
135 372
135 399
135 403
135 405
135 412
135 430
135 445
135 452
135 465
135 496
135 515
135 543
135 560
135 567
135 579
135 581
135 599
135 623
135 637
135 639
135 641
135 685
135 713
135 715
135 736
135 741
135 754
135 805
135 818
135 835
135 842
135 844
135 852
135 868
135 872
135 873
135 912
135 933
135 934
135 935
135 939
135 942
135 972
135 974
135 976
135 977
135 982
135 994
135 998
136 142
136 153
136 168
136 173
136 175
136 187
136 218
136 227
136 231
136 236
136 240
136 250
136 251
136 299
136 305
136 307
136 315
136 324
136 368
136 371
136 380
136 383
136 384
136 394
136 399
136 410
136 413
136 457
136 465
136 470
136 478
136 481
136 487
136 489
136 499
136 503
136 514
136 519
136 530
136 537
136 538
136 557
136 558
136 571
136 599
136 610
136 635
136 644
136 650
136 661
136 662
136 672
136 680
136 692
136 693
136 694
136 696
136 707
136 718
136 735
136 737
136 739
136 747
136 757
136 763
136 774
136 776
136 786
136 789
136 791
136 800
136 801
136 805
136 830
136 848
136 870
136 877
136 889
136 898
136 937
136 942
136 952
136 955
136 974
136 999
137 141
137 144
137 150
137 167
137 175
137 189
137 193
137 203
137 208
137 209
137 212
137 232
137 233
137 237
137 238
137 243
137 246
137 251
137 280
137 298
137 304
137 311
137 315
137 336
137 340
137 361
137 371
137 377
137 386
137 390
137 397
137 404
137 405
137 408
137 433
137 439
137 446
137 452
137 453
137 456
137 480
137 485
137 491
137 496
137 525
137 526
137 577
137 626
137 645
137 649
137 658
137 698
137 700
137 715
137 742
137 750
137 760
137 808
137 811
137 817
137 818
137 821
137 839
137 842
137 879
137 881
137 887
137 897
137 902
137 910
137 933
137 936
137 941
137 959
137 972
137 977
137 978
137 989
138 139
138 148
138 150
138 151
138 178
138 214
138 217
138 231
138 249
138 260
138 297
138 330
138 344
138 345
138 387
138 392
138 414
138 421
138 422
138 426
138 429
138 434
138 438
138 453
138 454
138 457
138 467
138 478
138 490
138 495
138 504
138 506
138 515
138 518
138 521
138 533
138 542
138 547
138 549
138 556
138 559
138 568
138 599
138 607
138 608
138 630
138 655
138 656
138 662
138 664
138 675
138 694
138 712
138 749
138 764
138 801
138 810
138 817
138 861
138 875
138 890
138 896
138 899
138 901
138 910
138 911
138 912
138 914
138 919
138 940
138 942
138 943
138 951
138 955
138 967
138 968
138 970
138 974
138 978
138 979
138 984
138 998
139 146
139 150
139 160
139 161
139 171
139 193
139 197
139 216
139 244
139 245
139 248
139 279
139 281
139 286
139 295
139 298
139 302
139 304
139 327
139 333
139 343
139 344
139 362
139 383
139 418
139 423
139 432
139 435
139 444
139 451
139 454
139 473
139 475
139 481
139 483
139 485
139 487
139 506
139 507
139 511
139 518
139 538
139 540
139 572
139 626
139 630
139 638
139 641
139 647
139 657
139 658
139 664
139 666
139 668
139 675
139 694
139 700
139 715
139 737
139 742
139 757
139 782
139 784
139 807
139 812
139 815
139 820
139 828
139 834
139 838
139 851
139 856
139 859
139 863
139 869
139 897
139 900
139 917
139 922
139 924
139 959
139 962
139 963
139 970
139 982
139 986
139 995
140 143
140 158
140 173
140 179
140 223
140 227
140 228
140 243
140 250
140 254
140 289
140 296
140 309
140 314
140 328
140 330
140 338
140 354
140 365
140 381
140 395
140 412
140 413
140 459
140 489
140 497
140 516
140 530
140 548
140 563
140 578
140 587
140 591
140 623
140 652
140 665
140 669
140 677
140 693
140 709
140 710
140 712
140 716
140 717
140 727
140 737
140 748
140 749
140 765
140 774
140 783
140 785
140 819
140 820
140 834
140 850
140 851
140 866
140 868
140 869
140 905
140 911
140 926
140 927
140 930
140 931
140 939
140 960
140 961
140 968
140 995
140 996
141 142
141 161
141 187
141 191
141 196
141 219
141 233
141 242
141 248
141 256
141 293
141 305
141 336
141 369
141 386
141 388
141 402
141 420
141 442
141 446
141 448
141 459
141 465
141 467
141 474
141 480
141 481
141 503
141 510
141 512
141 527
141 532
141 537
141 554
141 581
141 585
141 589
141 590
141 597
141 598
141 606
141 608
141 611
141 621
141 625
141 627
141 635
141 641
141 651
141 654
141 658
141 678
141 681
141 682
141 686
141 687
141 688
141 692
141 700
141 715
141 719
141 720
141 755
141 759
141 774
141 798
141 843
141 858
141 862
141 872
141 877
141 883
141 887
141 888
141 911
141 920
141 923
142 147
142 155
142 161
142 174
142 189
142 205
142 210
142 222
142 242
142 249
142 251
142 263
142 269
142 315
142 331
142 332
142 333
142 343
142 344
142 351
142 356
142 360
142 364
142 369
142 378
142 382
142 384
142 385
142 413
142 415
142 429
142 432
142 433
142 450
142 460
142 471
142 494
142 501
142 505
142 510
142 511
142 514
142 516
142 528
142 533
142 537
142 539
142 558
142 560
142 564
142 568
142 583
142 590
142 594
142 620
142 635
142 648
142 649
142 671
142 675
142 678
142 685
142 688
142 690
142 732
142 733
142 753
142 754
142 758
142 784
142 789
142 790
142 791
142 793
142 799
142 819
142 839
142 840
142 850
142 856
142 859
142 880
142 901
142 903
142 923
142 929
142 931
142 932
142 935
142 937
142 950
142 953
142 975
142 976
142 979
142 992
142 996
143 150
143 168
143 169
143 176
143 179
143 189
143 195
143 198
143 202
143 218
143 219
143 245
143 252
143 262
143 288
143 302
143 308
143 313
143 314
143 337
143 341
143 345
143 367
143 373
143 389
143 391
143 410
143 413
143 416
143 424
143 428
143 439
143 441
143 442
143 460
143 461
143 465
143 476
143 481
143 530
143 544
143 546
143 550
143 567
143 580
143 586
143 588
143 590
143 596
143 598
143 621
143 625
143 637
143 643
143 660
143 679
143 700
143 706
143 721
143 724
143 758
143 762
143 772
143 806
143 811
143 813
143 832
143 834
143 839
143 851
143 853
143 861
143 891
143 897
143 910
143 921
143 925
143 962
143 982
143 995
143 998
144 150
144 156
144 158
144 175
144 177
144 180
144 198
144 201
144 202
144 204
144 208
144 216
144 222
144 230
144 240
144 242
144 252
144 257
144 281
144 283
144 296
144 307
144 312
144 318
144 323
144 326
144 333
144 362
144 363
144 410
144 417
144 426
144 429
144 431
144 437
144 490
144 498
144 533
144 539
144 540
144 561
144 584
144 597
144 602
144 615
144 617
144 621
144 625
144 633
144 648
144 649
144 650
144 663
144 681
144 689
144 694
144 721
144 754
144 785
144 816
144 821
144 832
144 839
144 840
144 849
144 887
144 899
144 938
144 959
144 967
144 979
144 994
145 150
145 152
145 168
145 169
145 173
145 175
145 194
145 204
145 218
145 220
145 235
145 242
145 306
145 307
145 318
145 319
145 321
145 325
145 330
145 337
145 338
145 344
145 352
145 359
145 391
145 406
145 414
145 415
145 416
145 425
145 428
145 438
145 443
145 461
145 464
145 516
145 517
145 530
145 541
145 543
145 547
145 558
145 567
145 570
145 583
145 594
145 600
145 613
145 620
145 648
145 650
145 675
145 689
145 693
145 697
145 699
145 705
145 710
145 716
145 734
145 756
145 770
145 777
145 793
145 812
145 833
145 840
145 845
145 862
145 880
145 893
145 894
145 905
145 918
145 923
145 926
145 930
145 941
145 942
145 955
145 968
145 973
145 980
145 984
145 990
145 991
146 150
146 158
146 161
146 167
146 170
146 173
146 179
146 188
146 193
146 232
146 235
146 244
146 246
146 253
146 259
146 277
146 278
146 279
146 292
146 302
146 309
146 322
146 325
146 326
146 330
146 338
146 342
146 349
146 350
146 361
146 374
146 397
146 413
146 441
146 442
146 444
146 454
146 455
146 488
146 498
146 513
146 538
146 544
146 551
146 554
146 565
146 569
146 573
146 587
146 594
146 600
146 622
146 635
146 644
146 651
146 661
146 663
146 678
146 710
146 714
146 735
146 739
146 743
146 763
146 775
146 781
146 787
146 793
146 795
146 796
146 798
146 811
146 814
146 836
146 856
146 860
146 889
146 892
146 901
146 905
146 907
146 912
146 923
146 926
146 927
146 958
146 962
146 972
146 976
146 986
146 989
146 997
147 152
147 171
147 177
147 208
147 219
147 224
147 230
147 235
147 246
147 263
147 266
147 270
147 279
147 286
147 302
147 307
147 308
147 315
147 321
147 338
147 348
147 352
147 357
147 376
147 379
147 381
147 414
147 416
147 461
147 467
147 476
147 486
147 491
147 504
147 524
147 529
147 533
147 543
147 551
147 563
147 569
147 574
147 578
147 581
147 586
147 592
147 595
147 602
147 604
147 609
147 615
147 636
147 650
147 664
147 666
147 691
147 696
147 698
147 701
147 710
147 732
147 733
147 744
147 765
147 788
147 789
147 790
147 792
147 803
147 853
147 863
147 867
147 889
147 935
147 945
147 961
147 963
147 972
147 983
148 167
148 177
148 182
148 207
148 235
148 248
148 251
148 264
148 275
148 279
148 293
148 319
148 328
148 330
148 332
148 337
148 356
148 381
148 393
148 405
148 406
148 421
148 427
148 431
148 433
148 435
148 446
148 458
148 465
148 473
148 474
148 480
148 501
148 519
148 543
148 545
148 561
148 580
148 582
148 593
148 604
148 610
148 611
148 612
148 614
148 623
148 627
148 635
148 642
148 648
148 682
148 683
148 687
148 695
148 697
148 699
148 705
148 712
148 721
148 723
148 725
148 726
148 727
148 752
148 773
148 775
148 780
148 789
148 794
148 811
148 823
148 829
148 831
148 858
148 863
148 871
148 874
148 908
148 915
148 918
148 930
148 938
148 956
148 957
148 960
148 973
148 978
148 990
148 994
149 151
149 152
149 153
149 156
149 160
149 161
149 166
149 169
149 188
149 199
149 211
149 219
149 220
149 222
149 245
149 250
149 259
149 261
149 281
149 313
149 323
149 330
149 332
149 335
149 343
149 349
149 350
149 351
149 357
149 369
149 385
149 388
149 398
149 417
149 420
149 428
149 430
149 431
149 446
149 463
149 474
149 487
149 508
149 524
149 532
149 548
149 569
149 583
149 586
149 593
149 596
149 639
149 640
149 641
149 644
149 649
149 671
149 678
149 681
149 689
149 693
149 702
149 704
149 710
149 720
149 726
149 740
149 768
149 790
149 796
149 797
149 800
149 805
149 808
149 813
149 828
149 836
149 865
149 874
149 887
149 908
149 915
149 916
149 927
149 931
149 938
149 960
149 975
149 996
149 999
150 155
150 157
150 195
150 222
150 225
150 232
150 244
150 246
150 247
150 260
150 277
150 305
150 315
150 327
150 328
150 340
150 344
150 347
150 353
150 364
150 366
150 380
150 388
150 391
150 414
150 415
150 420
150 426
150 429
150 445
150 516
150 527
150 542
150 555
150 566
150 585
150 607
150 608
150 613
150 617
150 624
150 626
150 630
150 636
150 650
150 661
150 671
150 697
150 700
150 709
150 717
150 718
150 719
150 720
150 744
150 746
150 785
150 796
150 815
150 830
150 834
150 839
150 845
150 870
150 875
150 879
150 890
150 926
150 928
150 936
150 993
150 995
151 158
151 176
151 177
151 178
151 186
151 201
151 206
151 207
151 209
151 216
151 218
151 232
151 246
151 248
151 249
151 257
151 267
151 298
151 306
151 318
151 319
151 336
151 341
151 346
151 357
151 363
151 370
151 376
151 378
151 385
151 417
151 419
151 421
151 435
151 436
151 459
151 466
151 495
151 500
151 505
151 511
151 523
151 549
151 555
151 576
151 584
151 585
151 587
151 588
151 607
151 608
151 610
151 621
151 624
151 637
151 643
151 658
151 664
151 666
151 681
151 688
151 694
151 725
151 738
151 749
151 756
151 758
151 762
151 763
151 766
151 771
151 780
151 785
151 792
151 824
151 830
151 835
151 850
151 854
151 857
151 888
151 894
151 895
151 898
151 901
151 917
151 930
151 944
151 974
151 977
151 994
152 162
152 165
152 167
152 170
152 175
152 177
152 194
152 199
152 206
152 211
152 219
152 220
152 229
152 231
152 233
152 237
152 244
152 246
152 253
152 260
152 271
152 275
152 293
152 305
152 307
152 312
152 320
152 330
152 344
152 351
152 376
152 399
152 418
152 427
152 453
152 456
152 459
152 469
152 490
152 511
152 528
152 535
152 538
152 566
152 576
152 581
152 596
152 610
152 618
152 633
152 635
152 638
152 640
152 645
152 651
152 663
152 667
152 670
152 683
152 691
152 705
152 707
152 708
152 712
152 740
152 745
152 752
152 764
152 780
152 815
152 820
152 831
152 834
152 844
152 847
152 854
152 857
152 877
152 883
152 889
152 905
152 907
152 912
152 915
152 924
152 940
152 943
152 948
152 955
152 959
152 963
152 974
152 980
152 982
153 183
153 184
153 188
153 205
153 208
153 213
153 217
153 218
153 245
153 253
153 278
153 315
153 325
153 339
153 341
153 346
153 362
153 365
153 379
153 395
153 401
153 411
153 416
153 423
153 425
153 445
153 462
153 492
153 499
153 518
153 529
153 539
153 540
153 549
153 551
153 575
153 587
153 590
153 605
153 636
153 658
153 684
153 690
153 698
153 708
153 721
153 727
153 740
153 745
153 755
153 758
153 771
153 788
153 796
153 805
153 813
153 814
153 824
153 848
153 866
153 889
153 892
153 895
153 903
153 913
153 919
153 952
154 201
154 202
154 204
154 209
154 217
154 234
154 240
154 242
154 275
154 286
154 287
154 305
154 310
154 330
154 336
154 345
154 351
154 352
154 362
154 365
154 367
154 368
154 394
154 395
154 427
154 436
154 440
154 441
154 447
154 448
154 476
154 487
154 525
154 529
154 530
154 533
154 535
154 537
154 552
154 603
154 619
154 622
154 627
154 629
154 647
154 650
154 684
154 690
154 697
154 704
154 710
154 726
154 730
154 737
154 747
154 758
154 762
154 798
154 811
154 817
154 819
154 831
154 834
154 837
154 853
154 859
154 869
154 875
154 887
154 891
154 892
154 900
154 903
154 904
154 906
154 924
154 932
154 950
154 981
155 156
155 165
155 176
155 192
155 196
155 210
155 221
155 233
155 239
155 263
155 267
155 268
155 271
155 290
155 291
155 314
155 319
155 343
155 368
155 396
155 413
155 424
155 428
155 441
155 442
155 457
155 466
155 477
155 483
155 500
155 517
155 524
155 539
155 549
155 555
155 557
155 558
155 559
155 560
155 572
155 573
155 574
155 575
155 591
155 592
155 593
155 594
155 596
155 599
155 603
155 626
155 627
155 645
155 663
155 690
155 696
155 699
155 713
155 714
155 725
155 728
155 786
155 791
155 798
155 804
155 829
155 844
155 859
155 865
155 888
155 892
155 916
155 920
155 931
155 948
155 953
155 955
156 168
156 169
156 176
156 183
156 196
156 201
156 208
156 233
156 247
156 257
156 294
156 301
156 327
156 328
156 330
156 333
156 335
156 346
156 375
156 387
156 395
156 401
156 406
156 414
156 415
156 418
156 438
156 455
156 468
156 482
156 496
156 497
156 505
156 507
156 517
156 531
156 542
156 544
156 568
156 579
156 581
156 582
156 598
156 600
156 610
156 612
156 614
156 620
156 632
156 640
156 648
156 654
156 656
156 658
156 665
156 674
156 678
156 682
156 688
156 699
156 702
156 721
156 732
156 741
156 749
156 759
156 777
156 793
156 799
156 814
156 822
156 824
156 851
156 854
156 864
156 872
156 873
156 883
156 886
156 890
156 897
156 920
156 922
156 934
156 942
156 992
156 993
157 165
157 170
157 171
157 183
157 214
157 217
157 218
157 236
157 244
157 245
157 247
157 265
157 269
157 302
157 321
157 328
157 337
157 339
157 356
157 359
157 381
157 395
157 426
157 428
157 429
157 431
157 444
157 449
157 465
157 466
157 480
157 496
157 517
157 519
157 520
157 530
157 543
157 560
157 580
157 595
157 607
157 619
157 631
157 644
157 649
157 662
157 665
157 667
157 670
157 682
157 691
157 704
157 717
157 726
157 727
157 728
157 752
157 759
157 779
157 790
157 791
157 806
157 826
157 832
157 859
157 864
157 870
157 871
157 881
157 892
157 906
157 916
157 923
157 930
157 941
157 945
157 947
157 950
157 966
157 980
157 995
158 175
158 185
158 198
158 210
158 215
158 256
158 262
158 297
158 298
158 300
158 301
158 313
158 314
158 317
158 339
158 349
158 353
158 377
158 385
158 405
158 417
158 433
158 483
158 485
158 488
158 492
158 497
158 502
158 538
158 545
158 550
158 555
158 569
158 579
158 603
158 617
158 622
158 628
158 632
158 658
158 665
158 670
158 674
158 684
158 688
158 690
158 706
158 710
158 743
158 746
158 749
158 750
158 756
158 763
158 773
158 775
158 784
158 795
158 801
158 810
158 818
158 823
158 832
158 837
158 857
158 865
158 869
158 878
158 881
158 924
158 963
158 967
158 980
158 981
159 162
159 177
159 180
159 182
159 185
159 188
159 189
159 195
159 197
159 201
159 214
159 231
159 240
159 258
159 271
159 281
159 285
159 291
159 293
159 337
159 343
159 348
159 357
159 366
159 369
159 370
159 382
159 395
159 410
159 423
159 430
159 436
159 454
159 467
159 469
159 510
159 513
159 517
159 528
159 551
159 561
159 570
159 576
159 582
159 584
159 585
159 586
159 595
159 596
159 603
159 611
159 621
159 623
159 635
159 673
159 675
159 687
159 706
159 718
159 727
159 750
159 771
159 785
159 792
159 805
159 807
159 809
159 810
159 813
159 814
159 819
159 824
159 826
159 827
159 832
159 834
159 863
159 864
159 870
159 871
159 877
159 891
159 895
159 914
159 917
159 918
159 925
159 926
159 929
159 930
159 955
159 966
159 973
159 974
160 182
160 184
160 188
160 193
160 200
160 226
160 232
160 237
160 242
160 245
160 250
160 253
160 270
160 284
160 345
160 391
160 398
160 414
160 419
160 450
160 465
160 468
160 482
160 496
160 501
160 516
160 518
160 527
160 539
160 551
160 553
160 562
160 586
160 590
160 591
160 604
160 610
160 617
160 620
160 630
160 631
160 650
160 653
160 663
160 679
160 688
160 696
160 713
160 715
160 739
160 740
160 744
160 750
160 757
160 767
160 771
160 784
160 788
160 799
160 805
160 807
160 827
160 846
160 847
160 883
160 886
160 889
160 899
160 905
160 908
160 910
160 915
160 938
160 942
160 944
160 961
160 963
160 971
161 193
161 194
161 196
161 201
161 206
161 214
161 221
161 225
161 265
161 275
161 281
161 295
161 297
161 317
161 326
161 330
161 331
161 346
161 357
161 362
161 363
161 367
161 370
161 395
161 406
161 408
161 412
161 413
161 420
161 432
161 440
161 464
161 471
161 474
161 490
161 491
161 494
161 503
161 512
161 524
161 530
161 533
161 569
161 571
161 583
161 588
161 594
161 615
161 627
161 632
161 641
161 642
161 643
161 649
161 660
161 674
161 686
161 687
161 705
161 708
161 716
161 739
161 747
161 758
161 760
161 787
161 811
161 814
161 831
161 844
161 851
161 857
161 863
161 864
161 884
161 908
161 916
161 919
161 928
161 936
161 938
161 950
161 967
161 973
161 974
161 978
161 997
162 163
162 169
162 177
162 178
162 181
162 190
162 196
162 205
162 226
162 227
162 247
162 252
162 281
162 292
162 308
162 317
162 318
162 322
162 331
162 332
162 334
162 338
162 354
162 364
162 377
162 379
162 395
162 400
162 403
162 409
162 419
162 427
162 434
162 442
162 446
162 458
162 464
162 470
162 471
162 473
162 474
162 482
162 517
162 533
162 537
162 542
162 562
162 582
162 596
162 628
162 652
162 655
162 672
162 689
162 697
162 710
162 713
162 719
162 734
162 741
162 744
162 748
162 752
162 768
162 773
162 775
162 776
162 781
162 785
162 790
162 814
162 825
162 828
162 832
162 833
162 851
162 865
162 867
162 869
162 872
162 874
162 894
162 895
162 896
162 907
162 930
162 932
162 941
162 944
162 954
162 958
162 959
162 971
162 998
163 179
163 191
163 195
163 202
163 223
163 231
163 239
163 247
163 255
163 257
163 262
163 271
163 274
163 283
163 288
163 290
163 294
163 307
163 309
163 314
163 317
163 340
163 358
163 368
163 371
163 385
163 386
163 391
163 404
163 410
163 425
163 427
163 433
163 444
163 445
163 460
163 469
163 480
163 488
163 489
163 500
163 509
163 511
163 513
163 516
163 518
163 531
163 533
163 536
163 541
163 545
163 556
163 559
163 565
163 567
163 572
163 589
163 623
163 629
163 638
163 650
163 653
163 656
163 662
163 666
163 668
163 679
163 689
163 730
163 734
163 740
163 747
163 753
163 759
163 768
163 773
163 775
163 806
163 807
163 838
163 839
163 843
163 859
163 863
163 889
163 902
163 908
163 916
163 946
163 962
163 974
163 980
163 993
164 169
164 179
164 180
164 204
164 214
164 222
164 224
164 225
164 235
164 251
164 262
164 264
164 271
164 276
164 295
164 298
164 299
164 310
164 334
164 353
164 361
164 362
164 377
164 382
164 394
164 395
164 397
164 400
164 414
164 428
164 433
164 442
164 448
164 454
164 459
164 464
164 477
164 479
164 481
164 497
164 517
164 518
164 531
164 553
164 555
164 566
164 576
164 593
164 602
164 620
164 639
164 647
164 649
164 661
164 667
164 679
164 684
164 690
164 694
164 695
164 700
164 727
164 738
164 752
164 763
164 777
164 784
164 795
164 822
164 826
164 829
164 875
164 882
164 911
164 916
164 924
164 936
164 938
164 943
164 974
164 979
164 987
165 174
165 183
165 213
165 214
165 218
165 227
165 234
165 236
165 243
165 291
165 319
165 321
165 322
165 332
165 341
165 351
165 356
165 367
165 370
165 389
165 415
165 422
165 432
165 434
165 455
165 472
165 486
165 493
165 509
165 510
165 511
165 517
165 559
165 577
165 578
165 587
165 589
165 605
165 621
165 630
165 631
165 666
165 670
165 671
165 677
165 685
165 688
165 692
165 702
165 705
165 706
165 713
165 721
165 728
165 756
165 757
165 768
165 771
165 808
165 826
165 837
165 839
165 841
165 869
165 872
165 880
165 887
165 895
165 897
165 901
165 923
165 924
165 943
165 954
165 982
165 983
165 998
166 182
166 184
166 206
166 208
166 225
166 227
166 238
166 239
166 243
166 262
166 264
166 271
166 279
166 281
166 286
166 289
166 307
166 314
166 315
166 319
166 339
166 344
166 360
166 382
166 390
166 398
166 399
166 400
166 405
166 427
166 441
166 444
166 458
166 468
166 473
166 475
166 479
166 482
166 484
166 485
166 487
166 491
166 494
166 539
166 544
166 555
166 562
166 585
166 586
166 592
166 602
166 607
166 625
166 641
166 646
166 662
166 664
166 671
166 681
166 682
166 685
166 707
166 722
166 734
166 741
166 743
166 757
166 759
166 764
166 778
166 780
166 781
166 800
166 806
166 807
166 815
166 825
166 831
166 842
166 843
166 846
166 869
166 910
166 927
166 929
166 942
166 960
166 965
166 975
166 984
166 992
166 998
167 173
167 176
167 181
167 200
167 213
167 228
167 231
167 236
167 259
167 261
167 275
167 283
167 292
167 307
167 319
167 320
167 327
167 329
167 331
167 355
167 368
167 380
167 396
167 397
167 407
167 415
167 422
167 427
167 439
167 446
167 450
167 451
167 460
167 477
167 487
167 488
167 490
167 492
167 506
167 510
167 550
167 551
167 552
167 561
167 567
167 580
167 585
167 606
167 632
167 648
167 674
167 679
167 685
167 687
167 691
167 699
167 735
167 788
167 797
167 799
167 823
167 825
167 831
167 835
167 844
167 853
167 862
167 894
167 908
167 926
167 930
167 942
167 957
167 958
167 959
167 968
168 170
168 176
168 182
168 186
168 190
168 192
168 210
168 224
168 235
168 249
168 275
168 287
168 294
168 297
168 324
168 328
168 333
168 344
168 360
168 361
168 388
168 389
168 391
168 405
168 410
168 411
168 420
168 424
168 432
168 442
168 445
168 454
168 462
168 468
168 475
168 484
168 488
168 494
168 513
168 517
168 527
168 528
168 572
168 581
168 584
168 603
168 606
168 613
168 623
168 638
168 641
168 698
168 701
168 707
168 720
168 728
168 738
168 741
168 742
168 744
168 745
168 772
168 787
168 802
168 828
168 848
168 854
168 867
168 884
168 891
168 903
168 908
168 911
168 913
168 921
168 924
168 930
168 939
168 940
168 962
168 991
168 992
168 996
169 182
169 199
169 210
169 211
169 219
169 223
169 226
169 229
169 236
169 237
169 240
169 275
169 279
169 284
169 297
169 307
169 308
169 314
169 348
169 388
169 402
169 412
169 414
169 430
169 433
169 449
169 469
169 477
169 481
169 484
169 485
169 492
169 500
169 504
169 509
169 515
169 519
169 533
169 555
169 561
169 562
169 563
169 606
169 620
169 637
169 638
169 641
169 646
169 649
169 652
169 653
169 659
169 673
169 674
169 678
169 682
169 684
169 689
169 693
169 701
169 705
169 714
169 723
169 726
169 727
169 738
169 744
169 745
169 747
169 758
169 759
169 786
169 797
169 818
169 828
169 843
169 849
169 868
169 872
169 878
169 881
169 891
169 905
169 907
169 909
169 931
169 937
169 948
169 962
169 965
169 998
170 186
170 195
170 208
170 217
170 238
170 244
170 246
170 252
170 258
170 274
170 287
170 305
170 330
170 356
170 360
170 364
170 375
170 383
170 389
170 411
170 413
170 420
170 437
170 442
170 444
170 467
170 472
170 496
170 507
170 520
170 527
170 533
170 541
170 558
170 574
170 582
170 585
170 591
170 592
170 595
170 612
170 622
170 632
170 634
170 637
170 651
170 669
170 671
170 678
170 682
170 695
170 724
170 731
170 740
170 757
170 760
170 761
170 776
170 789
170 791
170 797
170 803
170 804
170 806
170 820
170 837
170 845
170 847
170 849
170 869
170 872
170 878
170 888
170 901
170 910
170 916
170 931
170 935
170 955
170 969
170 978
170 986
170 996
171 180
171 208
171 214
171 244
171 260
171 283
171 290
171 295
171 319
171 320
171 335
171 364
171 366
171 370
171 374
171 375
171 379
171 381
171 402
171 408
171 415
171 423
171 433
171 437
171 443
171 453
171 478
171 480
171 490
171 546
171 555
171 562
171 576
171 608
171 633
171 638
171 649
171 668
171 687
171 693
171 697
171 702
171 712
171 715
171 732
171 776
171 807
171 811
171 814
171 831
171 840
171 845
171 869
171 871
171 878
171 895
171 896
171 907
171 912
171 913
171 917
171 919
171 933
171 944
171 946
171 952
171 954
171 961
171 975
171 982
172 176
172 185
172 186
172 205
172 208
172 212
172 218
172 229
172 231
172 242
172 258
172 271
172 276
172 296
172 299
172 310
172 313
172 316
172 331
172 346
172 363
172 365
172 379
172 380
172 385
172 397
172 401
172 406
172 417
172 455
172 457
172 473
172 474
172 490
172 494
172 500
172 504
172 511
172 540
172 551
172 565
172 574
172 581
172 591
172 599
172 628
172 634
172 649
172 654
172 667
172 681
172 687
172 688
172 698
172 748
172 759
172 783
172 788
172 825
172 829
172 845
172 857
172 869
172 912
172 919
172 930
172 933
172 946
172 972
172 975
173 186
173 191
173 211
173 215
173 216
173 220
173 231
173 234
173 238
173 240
173 245
173 252
173 275
173 276
173 278
173 291
173 292
173 302
173 308
173 310
173 316
173 317
173 322
173 326
173 329
173 334
173 349
173 351
173 357
173 366
173 371
173 375
173 385
173 396
173 418
173 424
173 428
173 434
173 441
173 453
173 466
173 494
173 496
173 497
173 520
173 530
173 542
173 543
173 552
173 557
173 558
173 563
173 565
173 586
173 588
173 600
173 615
173 620
173 626
173 643
173 650
173 670
173 678
173 683
173 690
173 698
173 708
173 713
173 714
173 731
173 732
173 737
173 740
173 769
173 785
173 786
173 789
173 794
173 803
173 812
173 822
173 829
173 837
173 848
173 873
173 881
173 883
173 885
173 899
173 914
173 944
173 954
173 984
174 181
174 184
174 189
174 191
174 205
174 211
174 224
174 237
174 281
174 313
174 321
174 327
174 330
174 337
174 341
174 348
174 349
174 379
174 390
174 394
174 397
174 405
174 410
174 415
174 436
174 438
174 455
174 456
174 461
174 468
174 471
174 477
174 489
174 515
174 517
174 526
174 530
174 546
174 551
174 567
174 573
174 575
174 576
174 596
174 598
174 600
174 602
174 612
174 629
174 644
174 649
174 653
174 674
174 677
174 723
174 734
174 752
174 753
174 756
174 775
174 786
174 808
174 818
174 822
174 823
174 829
174 831
174 838
174 842
174 852
174 853
174 862
174 867
174 881
174 883
174 886
174 898
174 912
174 920
174 936
174 967
174 974
174 984
175 183
175 186
175 202
175 208
175 223
175 228
175 231
175 255
175 271
175 272
175 277
175 281
175 285
175 311
175 316
175 317
175 319
175 327
175 329
175 346
175 352
175 355
175 360
175 364
175 371
175 377
175 378
175 388
175 394
175 420
175 432
175 449
175 472
175 482
175 493
175 502
175 506
175 510
175 518
175 571
175 599
175 616
175 619
175 624
175 630
175 639
175 647
175 678
175 681
175 688
175 689
175 722
175 724
175 730
175 733
175 755
175 762
175 768
175 775
175 816
175 825
175 828
175 835
175 848
175 851
175 856
175 893
175 909
175 917
175 927
175 935
175 963
175 973
175 981
175 986
175 989
176 178
176 179
176 199
176 207
176 211
176 212
176 229
176 241
176 252
176 254
176 255
176 256
176 259
176 268
176 279
176 302
176 316
176 319
176 334
176 343
176 345
176 350
176 371
176 379
176 388
176 390
176 395
176 398
176 403
176 416
176 417
176 423
176 430
176 433
176 439
176 445
176 448
176 450
176 452
176 458
176 469
176 473
176 490
176 509
176 512
176 517
176 519
176 520
176 524
176 525
176 540
176 541
176 542
176 554
176 561
176 565
176 584
176 592
176 594
176 604
176 614
176 634
176 637
176 644
176 678
176 695
176 698
176 722
176 730
176 736
176 751
176 758
176 768
176 769
176 776
176 781
176 784
176 785
176 790
176 791
176 803
176 806
176 817
176 827
176 886
176 887
176 890
176 895
176 928
176 955
176 998
177 183
177 184
177 202
177 206
177 223
177 224
177 244
177 251
177 263
177 273
177 278
177 282
177 284
177 296
177 306
177 340
177 341
177 350
177 352
177 360
177 377
177 391
177 396
177 399
177 400
177 406
177 423
177 427
177 431
177 437
177 439
177 467
177 470
177 472
177 491
177 497
177 502
177 510
177 545
177 575
177 577
177 592
177 618
177 620
177 644
177 654
177 668
177 692
177 710
177 736
177 739
177 743
177 745
177 754
177 776
177 792
177 802
177 811
177 822
177 830
177 836
177 842
177 852
177 861
177 870
177 875
177 880
177 888
177 909
177 925
177 955
177 968
177 970
177 988
177 992
177 999
178 187
178 194
178 215
178 235
178 260
178 263
178 264
178 290
178 291
178 294
178 301
178 304
178 308
178 320
178 324
178 329
178 337
178 345
178 347
178 367
178 370
178 372
178 375
178 381
178 388
178 390
178 395
178 397
178 407
178 411
178 420
178 428
178 432
178 433
178 435
178 440
178 444
178 448
178 459
178 466
178 502
178 521
178 532
178 548
178 568
178 581
178 606
178 616
178 668
178 676
178 706
178 719
178 733
178 743
178 762
178 773
178 777
178 779
178 782
178 784
178 787
178 812
178 814
178 827
178 844
178 856
178 862
178 869
178 870
178 877
178 878
178 892
178 893
178 913
178 918
178 943
178 946
178 947
178 957
178 968
178 970
178 987
178 996
179 182
179 186
179 188
179 207
179 218
179 229
179 234
179 238
179 244
179 251
179 254
179 264
179 266
179 290
179 302
179 304
179 309
179 320
179 329
179 348
179 352
179 353
179 369
179 372
179 377
179 425
179 427
179 431
179 432
179 439
179 440
179 442
179 481
179 497
179 499
179 514
179 527
179 532
179 533
179 539
179 557
179 562
179 577
179 582
179 594
179 602
179 606
179 616
179 623
179 627
179 631
179 636
179 642
179 661
179 662
179 663
179 678
179 684
179 688
179 694
179 695
179 715
179 719
179 729
179 740
179 744
179 776
179 793
179 803
179 830
179 834
179 841
179 845
179 851
179 857
179 870
179 886
179 891
179 905
179 923
179 933
179 941
179 952
179 965
179 982
179 985
179 991
180 184
180 196
180 203
180 204
180 223
180 240
180 248
180 249
180 265
180 270
180 271
180 290
180 291
180 292
180 308
180 348
180 372
180 379
180 387
180 390
180 394
180 397
180 410
180 433
180 441
180 446
180 447
180 464
180 465
180 473
180 482
180 488
180 501
180 503
180 524
180 528
180 530
180 537
180 539
180 543
180 555
180 564
180 566
180 583
180 586
180 587
180 622
180 626
180 648
180 655
180 657
180 662
180 671
180 701
180 703
180 725
180 733
180 739
180 742
180 743
180 753
180 778
180 808
180 822
180 831
180 833
180 834
180 842
180 855
180 872
180 877
180 879
180 882
180 888
180 894
180 900
180 907
180 910
180 911
180 912
180 913
180 932
180 935
180 945
180 951
180 952
180 969
180 981
180 982
181 214
181 222
181 248
181 262
181 278
181 279
181 304
181 308
181 326
181 333
181 336
181 344
181 357
181 359
181 369
181 388
181 394
181 396
181 400
181 404
181 406
181 427
181 430
181 455
181 459
181 463
181 470
181 476
181 478
181 480
181 487
181 502
181 509
181 518
181 523
181 527
181 538
181 559
181 580
181 586
181 595
181 636
181 643
181 646
181 662
181 686
181 691
181 707
181 723
181 725
181 749
181 760
181 786
181 787
181 803
181 824
181 825
181 835
181 845
181 870
181 877
181 883
181 913
181 923
181 938
181 940
181 944
181 952
181 955
181 957
181 963
182 185
182 202
182 211
182 219
182 220
182 221
182 228
182 232
182 242
182 247
182 254
182 257
182 261
182 278
182 324
182 327
182 335
182 343
182 345
182 359
182 362
182 364
182 365
182 370
182 375
182 381
182 401
182 406
182 418
182 427
182 430
182 464
182 478
182 481
182 522
182 524
182 539
182 557
182 575
182 595
182 600
182 617
182 642
182 652
182 663
182 695
182 708
182 717
182 727
182 732
182 738
182 749
182 753
182 788
182 793
182 798
182 804
182 819
182 824
182 825
182 851
182 861
182 868
182 882
182 884
182 888
182 889
182 891
182 892
182 907
182 915
182 918
182 921
182 924
182 925
182 932
182 933
182 952
182 962
182 986
182 989
182 995
183 190
183 191
183 213
183 214
183 217
183 238
183 244
183 275
183 288
183 292
183 310
183 314
183 334
183 336
183 338
183 342
183 352
183 358
183 372
183 377
183 378
183 387
183 394
183 406
183 412
183 417
183 420
183 428
183 470
183 472
183 476
183 478
183 480
183 486
183 529
183 556
183 557
183 561
183 566
183 571
183 575
183 604
183 614
183 621
183 622
183 634
183 649
183 650
183 679
183 696
183 713
183 715
183 721
183 735
183 739
183 740
183 741
183 758
183 764
183 768
183 778
183 780
183 785
183 798
183 813
183 823
183 827
183 829
183 832
183 847
183 854
183 855
183 862
183 868
183 895
183 897
183 919
183 927
183 928
183 932
183 935
183 940
183 954
183 956
183 962
183 984
184 191
184 195
184 200
184 203
184 229
184 230
184 231
184 238
184 252
184 256
184 264
184 287
184 304
184 308
184 320
184 331
184 340
184 343
184 345
184 354
184 358
184 366
184 383
184 400
184 410
184 412
184 417
184 430
184 434
184 435
184 437
184 442
184 449
184 452
184 476
184 480
184 489
184 493
184 506
184 512
184 536
184 544
184 551
184 558
184 571
184 574
184 576
184 585
184 593
184 605
184 625
184 653
184 654
184 658
184 666
184 684
184 685
184 692
184 709
184 715
184 726
184 783
184 796
184 819
184 827
184 850
184 859
184 861
184 865
184 896
184 900
184 915
184 920
184 922
184 934
184 940
184 941
184 942
184 952
184 954
184 961
184 965
184 967
185 205
185 207
185 219
185 239
185 252
185 257
185 302
185 305
185 321
185 327
185 335
185 358
185 366
185 372
185 379
185 417
185 425
185 432
185 441
185 448
185 494
185 496
185 497
185 504
185 517
185 525
185 577
185 578
185 601
185 602
185 607
185 615
185 634
185 637
185 644
185 645
185 647
185 665
185 673
185 677
185 689
185 701
185 716
185 721
185 742
185 747
185 769
185 772
185 791
185 814
185 820
185 828
185 843
185 849
185 854
185 863
185 871
185 876
185 883
185 911
185 919
185 920
185 922
185 932
185 939
185 942
185 955
185 958
185 960
185 969
185 970
185 996
186 191
186 193
186 195
186 209
186 212
186 230
186 234
186 239
186 245
186 256
186 257
186 258
186 270
186 274
186 278
186 280
186 282
186 301
186 310
186 330
186 353
186 376
186 377
186 401
186 410
186 420
186 422
186 469
186 475
186 479
186 485
186 489
186 492
186 500
186 506
186 519
186 527
186 528
186 546
186 548
186 549
186 563
186 566
186 567
186 576
186 580
186 581
186 584
186 588
186 598
186 622
186 624
186 637
186 656
186 684
186 691
186 693
186 697
186 704
186 712
186 721
186 738
186 739
186 748
186 749
186 756
186 767
186 777
186 784
186 786
186 788
186 801
186 812
186 827
186 834
186 861
186 867
186 881
186 905
186 912
186 927
186 929
186 946
186 974
187 204
187 206
187 219
187 220
187 224
187 228
187 236
187 262
187 285
187 301
187 313
187 314
187 315
187 339
187 347
187 362
187 373
187 388
187 391
187 416
187 422
187 427
187 428
187 431
187 437
187 442
187 451
187 464
187 473
187 475
187 488
187 490
187 494
187 497
187 501
187 504
187 506
187 507
187 515
187 519
187 538
187 548
187 560
187 563
187 569
187 572
187 574
187 575
187 578
187 592
187 605
187 607
187 613
187 621
187 628
187 651
187 656
187 661
187 692
187 707
187 718
187 724
187 736
187 747
187 751
187 753
187 755
187 763
187 768
187 769
187 791
187 806
187 816
187 825
187 832
187 854
187 855
187 858
187 859
187 865
187 871
187 878
187 889
187 913
187 924
187 927
187 938
187 941
187 943
187 955
187 958
187 964
187 966
187 968
187 973
187 979
188 193
188 199
188 202
188 207
188 220
188 227
188 235
188 245
188 256
188 258
188 261
188 269
188 282
188 299
188 306
188 310
188 321
188 328
188 334
188 335
188 351
188 359
188 362
188 363
188 364
188 368
188 371
188 377
188 378
188 402
188 413
188 415
188 432
188 467
188 485
188 486
188 496
188 508
188 510
188 514
188 522
188 524
188 534
188 538
188 540
188 543
188 552
188 557
188 569
188 572
188 578
188 579
188 581
188 586
188 589
188 590
188 603
188 615
188 628
188 631
188 632
188 633
188 647
188 649
188 668
188 681
188 682
188 690
188 694
188 721
188 779
188 780
188 792
188 798
188 806
188 814
188 850
188 859
188 867
188 870
188 893
188 898
188 904
188 919
188 923
188 938
188 961
188 968
188 977
188 979
188 983
188 986
188 997
189 193
189 195
189 197
189 218
189 238
189 243
189 245
189 251
189 256
189 261
189 264
189 296
189 314
189 316
189 319
189 333
189 348
189 393
189 400
189 406
189 411
189 448
189 454
189 461
189 469
189 470
189 475
189 476
189 481
189 482
189 499
189 504
189 506
189 514
189 521
189 526
189 527
189 530
189 550
189 558
189 569
189 576
189 589
189 590
189 595
189 600
189 609
189 628
189 631
189 636
189 642
189 659
189 661
189 672
189 693
189 704
189 711
189 737
189 762
189 763
189 765
189 766
189 776
189 782
189 785
189 794
189 802
189 822
189 834
189 845
189 849
189 853
189 862
189 863
189 869
189 871
189 888
189 898
189 909
189 910
189 917
189 924
189 925
189 951
189 962
189 990
190 192
190 196
190 197
190 209
190 219
190 221
190 223
190 225
190 238
190 244
190 247
190 249
190 250
190 271
190 275
190 276
190 284
190 286
190 288
190 307
190 327
190 339
190 375
190 383
190 384
190 392
190 408
190 409
190 415
190 423
190 430
190 434
190 443
190 453
190 479
190 481
190 498
190 509
190 511
190 518
190 527
190 535
190 553
190 585
190 592
190 613
190 617
190 629
190 650
190 663
190 666
190 668
190 673
190 675
190 685
190 697
190 700
190 727
190 729
190 757
190 762
190 780
190 803
190 841
190 851
190 858
190 869
190 875
190 876
190 883
190 900
190 911
190 916
190 926
190 934
190 941
190 949
190 955
190 970
190 981
190 982
191 208
191 212
191 215
191 218
191 225
191 233
191 234
191 240
191 242
191 243
191 244
191 245
191 257
191 265
191 284
191 303
191 308
191 340
191 383
191 404
191 415
191 437
191 442
191 454
191 468
191 494
191 500
191 509
191 513
191 517
191 525
191 545
191 552
191 570
191 577
191 581
191 591
191 600
191 613
191 626
191 662
191 663
191 668
191 674
191 677
191 678
191 686
191 689
191 690
191 692
191 702
191 704
191 705
191 706
191 709
191 725
191 740
191 745
191 747
191 754
191 756
191 769
191 779
191 808
191 827
191 828
191 831
191 844
191 851
191 854
191 855
191 872
191 888
191 901
191 911
191 917
191 941
191 955
191 970
191 985
191 990
192 209
192 222
192 223
192 231
192 243
192 260
192 264
192 274
192 279
192 289
192 296
192 307
192 313
192 336
192 377
192 387
192 389
192 411
192 414
192 415
192 418
192 421
192 427
192 436
192 438
192 445
192 454
192 470
192 481
192 484
192 525
192 531
192 533
192 544
192 554
192 558
192 559
192 563
192 571
192 580
192 589
192 609
192 612
192 626
192 635
192 642
192 644
192 647
192 649
192 650
192 656
192 676
192 708
192 725
192 734
192 739
192 741
192 748
192 758
192 775
192 779
192 804
192 809
192 829
192 836
192 850
192 851
192 852
192 858
192 876
192 921
192 924
192 931
192 955
192 958
192 961
192 963
193 194
193 204
193 219
193 221
193 228
193 248
193 251
193 283
193 289
193 301
193 308
193 326
193 352
193 372
193 375
193 382
193 405
193 422
193 423
193 435
193 440
193 449
193 453
193 454
193 461
193 477
193 478
193 483
193 486
193 492
193 503
193 506
193 514
193 525
193 562
193 572
193 574
193 588
193 590
193 592
193 606
193 612
193 621
193 624
193 644
193 647
193 649
193 651
193 673
193 693
193 707
193 716
193 739
193 748
193 754
193 755
193 759
193 761
193 768
193 769
193 779
193 784
193 788
193 791
193 802
193 814
193 827
193 835
193 838
193 855
193 858
193 868
193 877
193 883
193 889
193 891
193 900
193 927
193 932
193 940
193 947
193 964
193 973
193 988
193 998
194 207
194 217
194 219
194 258
194 263
194 264
194 284
194 288
194 296
194 305
194 315
194 329
194 345
194 347
194 354
194 359
194 388
194 406
194 424
194 433
194 454
194 461
194 467
194 485
194 486
194 501
194 514
194 515
194 536
194 545
194 555
194 559
194 561
194 568
194 569
194 570
194 574
194 638
194 669
194 682
194 685
194 689
194 695
194 712
194 716
194 719
194 740
194 742
194 778
194 786
194 788
194 808
194 823
194 870
194 883
194 884
194 889
194 890
194 930
194 932
194 952
194 953
194 955
194 994
194 995
195 200
195 208
195 216
195 263
195 264
195 287
195 299
195 303
195 311
195 313
195 318
195 344
195 348
195 352
195 359
195 362
195 381
195 392
195 398
195 403
195 431
195 434
195 445
195 447
195 456
195 466
195 471
195 474
195 484
195 488
195 514
195 519
195 530
195 536
195 546
195 554
195 588
195 618
195 623
195 638
195 647
195 673
195 674
195 681
195 685
195 699
195 706
195 713
195 725
195 732
195 786
195 787
195 800
195 807
195 824
195 865
195 881
195 899
195 901
195 933
195 936
195 969
195 972
195 995
196 201
196 204
196 209
196 213
196 215
196 218
196 232
196 254
196 255
196 256
196 263
196 273
196 285
196 304
196 308
196 310
196 315
196 324
196 331
196 336
196 350
196 365
196 383
196 396
196 427
196 443
196 444
196 454
196 459
196 495
196 504
196 508
196 529
196 545
196 560
196 565
196 568
196 570
196 581
196 602
196 604
196 613
196 639
196 643
196 650
196 664
196 670
196 680
196 684
196 689
196 691
196 711
196 716
196 736
196 768
196 771
196 772
196 777
196 781
196 784
196 786
196 831
196 833
196 839
196 851
196 860
196 866
196 872
196 874
196 886
196 887
196 911
196 917
196 924
196 926
196 952
196 994
196 996
197 200
197 237
197 241
197 263
197 265
197 272
197 312
197 313
197 316
197 320
197 341
197 344
197 360
197 366
197 374
197 381
197 384
197 398
197 410
197 411
197 418
197 430
197 432
197 439
197 448
197 455
197 461
197 463
197 465
197 471
197 487
197 496
197 512
197 547
197 550
197 557
197 589
197 617
197 621
197 645
197 646
197 658
197 661
197 674
197 675
197 688
197 695
197 712
197 723
197 725
197 735
197 738
197 750
197 758
197 762
197 777
197 778
197 783
197 801
197 812
197 814
197 823
197 831
197 838
197 852
197 876
197 885
197 901
197 912
197 919
197 921
197 923
197 924
197 938
197 949
197 956
197 966
197 972
197 975
197 981
197 986
197 990
198 213
198 215
198 218
198 223
198 240
198 246
198 250
198 261
198 281
198 283
198 301
198 302
198 307
198 309
198 312
198 325
198 326
198 330
198 349
198 360
198 371
198 392
198 422
198 428
198 431
198 444
198 445
198 459
198 465
198 511
198 512
198 525
198 529
198 548
198 561
198 588
198 598
198 610
198 615
198 628
198 652
198 667
198 671
198 672
198 687
198 705
198 707
198 710
198 715
198 720
198 749
198 758
198 762
198 763
198 778
198 796
198 798
198 818
198 832
198 838
198 841
198 849
198 853
198 855
198 879
198 881
198 889
198 907
198 917
198 919
198 920
198 921
198 934
198 943
198 950
198 952
198 954
198 957
198 963
198 984
199 202
199 203
199 208
199 211
199 214
199 215
199 216
199 225
199 226
199 241
199 242
199 266
199 283
199 290
199 299
199 302
199 304
199 310
199 320
199 341
199 350
199 356
199 359
199 372
199 374
199 384
199 386
199 389
199 420
199 430
199 445
199 449
199 450
199 455
199 456
199 467
199 489
199 490
199 511
199 527
199 531
199 549
199 553
199 562
199 569
199 577
199 586
199 587
199 608
199 631
199 633
199 657
199 666
199 668
199 669
199 693
199 697
199 704
199 707
199 711
199 714
199 729
199 730
199 757
199 766
199 780
199 786
199 794
199 795
199 796
199 810
199 816
199 826
199 843
199 851
199 888
199 904
199 905
199 907
199 911
199 914
199 936
199 940
199 957
199 964
199 968
199 972
199 993
200 209
200 210
200 212
200 233
200 258
200 259
200 278
200 289
200 291
200 298
200 306
200 308
200 322
200 339
200 347
200 353
200 362
200 367
200 370
200 377
200 379
200 385
200 404
200 415
200 455
200 457
200 468
200 469
200 471
200 480
200 483
200 488
200 514
200 535
200 539
200 541
200 543
200 548
200 550
200 557
200 561
200 568
200 573
200 581
200 584
200 587
200 590
200 608
200 618
200 634
200 662
200 669
200 673
200 678
200 680
200 717
200 730
200 731
200 745
200 752
200 759
200 782
200 783
200 785
200 797
200 815
200 820
200 825
200 834
200 843
200 847
200 849
200 860
200 875
200 877
200 886
200 888
200 895
200 904
200 907
200 916
200 921
200 925
200 966
200 972
200 975
200 982
200 990
200 993
201 228
201 238
201 249
201 263
201 272
201 274
201 283
201 293
201 302
201 305
201 314
201 332
201 340
201 342
201 345
201 373
201 374
201 375
201 405
201 407
201 418
201 419
201 424
201 440
201 445
201 458
201 468
201 485
201 504
201 512
201 513
201 522
201 527
201 532
201 539
201 553
201 601
201 604
201 606
201 621
201 625
201 632
201 644
201 653
201 661
201 668
201 669
201 685
201 690
201 697
201 710
201 735
201 739
201 742
201 750
201 751
201 756
201 757
201 770
201 771
201 776
201 849
201 867
201 881
201 885
201 886
201 891
201 892
201 910
201 911
201 917
201 932
201 963
201 974
201 975
201 984
201 991
202 204
202 230
202 249
202 261
202 272
202 280
202 302
202 351
202 369
202 378
202 386
202 396
202 403
202 411
202 412
202 430
202 433
202 464
202 483
202 487
202 488
202 493
202 497
202 503
202 518
202 545
202 550
202 564
202 595
202 609
202 622
202 652
202 654
202 655
202 660
202 671
202 674
202 685
202 688
202 690
202 691
202 696
202 742
202 745
202 746
202 747
202 758
202 764
202 772
202 784
202 792
202 800
202 829
202 832
202 852
202 860
202 876
202 881
202 886
202 903
202 904
202 910
202 949
202 951
202 971
202 981
202 994
203 204
203 211
203 217
203 218
203 242
203 245
203 267
203 269
203 275
203 276
203 286
203 292
203 307
203 334
203 340
203 352
203 357
203 358
203 366
203 372
203 374
203 377
203 381
203 385
203 395
203 416
203 417
203 422
203 430
203 442
203 446
203 455
203 483
203 491
203 494
203 505
203 521
203 524
203 533
203 543
203 546
203 550
203 562
203 567
203 574
203 590
203 605
203 642
203 668
203 669
203 672
203 677
203 687
203 688
203 693
203 712
203 719
203 721
203 735
203 746
203 770
203 789
203 818
203 820
203 823
203 855
203 859
203 889
203 893
203 904
203 908
203 930
203 951
203 954
203 957
203 961
203 964
203 976
203 978
203 979
203 992
204 220
204 228
204 261
204 264
204 266
204 269
204 274
204 282
204 290
204 305
204 309
204 318
204 330
204 331
204 334
204 340
204 349
204 363
204 366
204 392
204 400
204 407
204 422
204 434
204 450
204 457
204 459
204 460
204 464
204 473
204 477
204 495
204 500
204 521
204 546
204 547
204 549
204 573
204 574
204 585
204 595
204 596
204 597
204 614
204 618
204 646
204 675
204 681
204 684
204 699
204 716
204 720
204 725
204 738
204 739
204 742
204 746
204 766
204 786
204 797
204 816
204 817
204 849
204 854
204 877
204 879
204 883
204 888
204 895
204 917
204 921
204 922
204 923
204 924
204 927
204 931
204 939
204 943
204 978
204 991
204 994
204 999
205 210
205 217
205 222
205 246
205 257
205 281
205 315
205 329
205 333
205 335
205 339
205 342
205 348
205 353
205 367
205 376
205 399
205 407
205 420
205 423
205 431
205 452
205 472
205 481
205 492
205 499
205 506
205 515
205 520
205 531
205 540
205 553
205 555
205 580
205 584
205 594
205 642
205 650
205 652
205 654
205 658
205 666
205 679
205 680
205 683
205 695
205 703
205 704
205 724
205 725
205 730
205 734
205 736
205 740
205 772
205 778
205 779
205 781
205 783
205 806
205 830
205 833
205 848
205 855
205 865
205 888
205 904
205 905
205 909
205 929
205 936
205 937
205 972
205 974
205 985
206 212
206 213
206 250
206 256
206 260
206 261
206 272
206 273
206 276
206 298
206 300
206 317
206 329
206 331
206 336
206 356
206 357
206 364
206 368
206 395
206 402
206 412
206 423
206 428
206 439
206 456
206 459
206 469
206 472
206 484
206 496
206 504
206 507
206 513
206 524
206 532
206 553
206 563
206 568
206 574
206 576
206 580
206 588
206 600
206 616
206 619
206 630
206 638
206 644
206 646
206 651
206 659
206 675
206 685
206 691
206 695
206 701
206 710
206 721
206 722
206 735
206 736
206 743
206 766
206 778
206 780
206 799
206 809
206 811
206 812
206 822
206 824
206 843
206 858
206 883
206 891
206 943
206 949
206 959
206 986
206 988
206 989
206 996
207 208
207 228
207 242
207 256
207 258
207 269
207 290
207 300
207 305
207 306
207 316
207 327
207 345
207 358
207 360
207 361
207 366
207 367
207 372
207 378
207 386
207 391
207 406
207 416
207 423
207 428
207 450
207 454
207 455
207 459
207 466
207 469
207 484
207 494
207 497
207 499
207 503
207 514
207 532
207 550
207 554
207 560
207 569
207 623
207 624
207 632
207 641
207 651
207 666
207 667
207 693
207 702
207 706
207 711
207 722
207 729
207 734
207 736
207 752
207 776
207 793
207 807
207 810
207 816
207 818
207 819
207 843
207 844
207 868
207 884
207 885
207 917
207 930
207 931
207 943
207 951
207 958
207 963
207 986
208 218
208 251
208 261
208 274
208 281
208 291
208 292
208 294
208 314
208 330
208 333
208 356
208 372
208 373
208 388
208 401
208 415
208 425
208 434
208 458
208 500
208 506
208 517
208 522
208 523
208 537
208 543
208 544
208 585
208 588
208 615
208 627
208 641
208 643
208 644
208 655
208 657
208 666
208 689
208 695
208 696
208 698
208 705
208 724
208 741
208 750
208 757
208 773
208 799
208 801
208 803
208 805
208 815
208 819
208 838
208 839
208 849
208 855
208 857
208 888
208 904
208 913
208 914
208 915
208 920
208 927
208 957
208 961
208 977
208 989
209 248
209 268
209 288
209 289
209 298
209 310
209 311
209 315
209 316
209 317
209 324
209 326
209 329
209 336
209 367
209 370
209 398
209 407
209 432
209 440
209 455
209 458
209 480
209 486
209 494
209 502
209 517
209 520
209 557
209 558
209 569
209 572
209 576
209 577
209 591
209 610
209 616
209 622
209 624
209 633
209 640
209 655
209 658
209 669
209 674
209 679
209 683
209 703
209 710
209 726
209 755
209 773
209 779
209 780
209 782
209 791
209 815
209 816
209 827
209 832
209 837
209 869
209 900
209 908
209 917
209 925
209 926
209 929
209 937
209 944
209 958
209 996
210 215
210 231
210 254
210 257
210 259
210 269
210 275
210 283
210 297
210 312
210 329
210 332
210 338
210 347
210 356
210 364
210 376
210 384
210 387
210 389
210 393
210 406
210 413
210 414
210 437
210 459
210 460
210 461
210 482
210 491
210 494
210 500
210 504
210 508
210 520
210 525
210 540
210 545
210 573
210 580
210 596
210 602
210 603
210 615
210 624
210 626
210 634
210 641
210 650
210 656
210 666
210 669
210 671
210 678
210 679
210 683
210 684
210 762
210 767
210 777
210 783
210 798
210 814
210 825
210 835
210 836
210 847
210 860
210 869
210 870
210 879
210 892
210 893
210 900
210 903
210 952
210 971
210 989
211 216
211 235
211 236
211 244
211 253
211 255
211 279
211 280
211 281
211 294
211 295
211 299
211 309
211 312
211 321
211 351
211 356
211 358
211 408
211 432
211 452
211 480
211 494
211 500
211 502
211 520
211 526
211 529
211 540
211 573
211 605
211 630
211 631
211 636
211 637
211 638
211 656
211 661
211 668
211 672
211 678
211 683
211 686
211 690
211 691
211 695
211 704
211 707
211 711
211 712
211 722
211 737
211 758
211 771
211 772
211 775
211 794
211 802
211 819
211 825
211 827
211 829
211 835
211 838
211 841
211 844
211 874
211 880
211 884
211 891
211 904
211 905
211 910
211 927
211 929
211 935
211 948
211 953
211 956
211 960
211 967
211 971
211 972
211 996
212 224
212 226
212 229
212 238
212 245
212 248
212 253
212 254
212 257
212 266
212 271
212 272
212 273
212 292
212 293
212 314
212 316
212 322
212 326
212 351
212 360
212 363
212 367
212 372
212 399
212 418
212 428
212 430
212 431
212 436
212 440
212 441
212 445
212 451
212 457
212 472
212 474
212 477
212 481
212 487
212 488
212 503
212 517
212 534
212 536
212 563
212 595
212 606
212 610
212 615
212 640
212 642
212 661
212 672
212 676
212 688
212 692
212 710
212 716
212 722
212 747
212 750
212 761
212 763
212 771
212 772
212 774
212 784
212 795
212 797
212 802
212 804
212 831
212 863
212 865
212 873
212 876
212 894
212 899
212 901
212 909
212 931
212 933
212 937
212 947
212 956
212 973
212 998
213 232
213 233
213 260
213 300
213 309
213 313
213 328
213 333
213 342
213 371
213 372
213 382
213 401
213 403
213 404
213 407
213 409
213 436
213 445
213 455
213 461
213 480
213 487
213 502
213 518
213 521
213 526
213 531
213 532
213 546
213 582
213 586
213 622
213 627
213 633
213 635
213 649
213 652
213 661
213 679
213 680
213 685
213 688
213 697
213 699
213 702
213 704
213 706
213 721
213 728
213 729
213 731
213 734
213 747
213 761
213 772
213 775
213 779
213 787
213 789
213 790
213 814
213 821
213 823
213 830
213 832
213 837
213 841
213 846
213 865
213 871
213 886
213 915
213 920
213 925
213 943
213 962
213 977
213 991
213 998
214 225
214 227
214 234
214 256
214 268
214 275
214 285
214 303
214 313
214 316
214 338
214 355
214 362
214 366
214 371
214 375
214 391
214 394
214 395
214 404
214 412
214 413
214 421
214 431
214 433
214 438
214 447
214 452
214 460
214 464
214 479
214 499
214 501
214 502
214 506
214 523
214 524
214 525
214 534
214 539
214 560
214 565
214 571
214 576
214 580
214 596
214 602
214 616
214 625
214 630
214 633
214 641
214 643
214 647
214 657
214 679
214 693
214 696
214 697
214 715
214 732
214 738
214 757
214 769
214 770
214 781
214 784
214 785
214 814
214 816
214 822
214 839
214 840
214 853
214 859
214 876
214 881
214 883
214 899
214 906
214 908
214 972
214 984
215 227
215 234
215 250
215 258
215 268
215 272
215 284
215 288
215 293
215 299
215 308
215 315
215 330
215 350
215 368
215 375
215 389
215 409
215 411
215 420
215 421
215 423
215 434
215 436
215 442
215 445
215 453
215 463
215 476
215 482
215 490
215 504
215 520
215 521
215 528
215 556
215 582
215 587
215 602
215 607
215 611
215 615
215 639
215 640
215 641
215 648
215 656
215 663
215 673
215 690
215 696
215 708
215 711
215 715
215 716
215 723
215 743
215 744
215 745
215 762
215 766
215 768
215 785
215 789
215 801
215 831
215 838
215 849
215 855
215 857
215 868
215 881
215 883
215 887
215 914
215 919
215 930
215 934
215 945
215 948
215 949
215 954
215 961
215 962
215 972
215 995
215 996
216 224
216 232
216 237
216 238
216 247
216 249
216 256
216 257
216 277
216 284
216 285
216 286
216 299
216 300
216 311
216 317
216 319
216 325
216 333
216 346
216 348
216 350
216 354
216 358
216 366
216 374
216 377
216 380
216 385
216 396
216 398
216 406
216 408
216 410
216 412
216 414
216 432
216 435
216 439
216 457
216 460
216 463
216 465
216 482
216 494
216 505
216 519
216 536
216 544
216 547
216 560
216 564
216 569
216 592
216 595
216 597
216 618
216 619
216 622
216 626
216 645
216 670
216 676
216 681
216 696
216 703
216 708
216 719
216 726
216 728
216 733
216 748
216 750
216 760
216 765
216 770
216 777
216 805
216 807
216 808
216 844
216 845
216 849
216 850
216 857
216 872
216 874
216 880
216 888
216 899
216 902
216 911
216 912
216 932
216 935
216 941
216 976
216 977
216 978
216 986
216 992
217 281
217 320
217 346
217 349
217 350
217 362
217 364
217 377
217 399
217 409
217 410
217 420
217 436
217 442
217 447
217 449
217 450
217 457
217 458
217 463
217 470
217 483
217 491
217 493
217 495
217 520
217 535
217 536
217 541
217 566
217 571
217 577
217 578
217 609
217 611
217 612
217 620
217 625
217 627
217 635
217 655
217 656
217 657
217 662
217 681
217 704
217 708
217 709
217 731
217 747
217 763
217 766
217 803
217 814
217 840
217 853
217 860
217 870
217 896
217 925
217 931
217 932
217 934
217 943
217 950
217 959
217 976
217 988
218 222
218 230
218 233
218 237
218 248
218 249
218 268
218 289
218 294
218 302
218 304
218 323
218 324
218 331
218 341
218 342
218 355
218 363
218 372
218 373
218 380
218 387
218 388
218 410
218 411
218 454
218 457
218 507
218 543
218 555
218 588
218 611
218 620
218 631
218 641
218 643
218 645
218 646
218 664
218 699
218 701
218 703
218 710
218 729
218 732
218 752
218 753
218 755
218 767
218 769
218 781
218 792
218 808
218 834
218 839
218 850
218 856
218 865
218 876
218 877
218 880
218 886
218 889
218 896
218 898
218 913
218 921
218 926
218 934
218 938
218 950
218 955
218 960
218 964
218 973
218 976
218 980
218 987
218 989
218 993
218 998
219 238
219 239
219 243
219 248
219 256
219 272
219 283
219 297
219 309
219 313
219 314
219 324
219 334
219 364
219 385
219 417
219 418
219 420
219 452
219 465
219 474
219 476
219 514
219 520
219 527
219 531
219 538
219 540
219 543
219 558
219 561
219 586
219 590
219 596
219 620
219 629
219 635
219 639
219 663
219 672
219 674
219 677
219 678
219 692
219 739
219 741
219 752
219 754
219 783
219 784
219 793
219 834
219 847
219 853
219 859
219 866
219 867
219 873
219 878
219 880
219 888
219 894
219 896
219 900
219 916
219 925
219 940
219 942
219 957
219 964
219 971
219 973
219 978
219 989
219 995
220 238
220 246
220 252
220 266
220 268
220 280
220 281
220 282
220 293
220 294
220 302
220 303
220 305
220 341
220 343
220 344
220 393
220 409
220 420
220 425
220 427
220 437
220 441
220 445
220 469
220 500
220 502
220 504
220 527
220 537
220 541
220 542
220 548
220 555
220 567
220 573
220 603
220 612
220 627
220 633
220 642
220 655
220 661
220 662
220 663
220 677
220 688
220 692
220 697
220 705
220 719
220 726
220 739
220 740
220 748
220 754
220 797
220 825
220 837
220 841
220 850
220 920
220 925
220 926
220 927
220 982
220 984
221 226
221 232
221 260
221 265
221 268
221 270
221 284
221 294
221 296
221 302
221 304
221 307
221 314
221 320
221 329
221 331
221 336
221 345
221 347
221 351
221 361
221 366
221 376
221 377
221 381
221 394
221 396
221 415
221 417
221 425
221 445
221 452
221 454
221 459
221 469
221 470
221 480
221 484
221 487
221 499
221 521
221 529
221 537
221 548
221 549
221 558
221 600
221 629
221 640
221 643
221 647
221 667
221 671
221 672
221 677
221 682
221 699
221 712
221 757
221 791
221 796
221 805
221 865
221 867
221 869
221 874
221 877
221 880
221 882
221 890
221 893
221 898
221 910
221 916
221 930
221 931
221 935
221 947
221 980
221 981
221 982
221 989
222 223
222 230
222 236
222 243
222 266
222 275
222 279
222 295
222 301
222 326
222 337
222 341
222 346
222 378
222 408
222 412
222 418
222 454
222 479
222 495
222 500
222 513
222 561
222 566
222 574
222 605
222 609
222 613
222 619
222 621
222 646
222 657
222 679
222 691
222 692
222 706
222 707
222 709
222 710
222 711
222 723
222 734
222 744
222 751
222 753
222 757
222 761
222 773
222 774
222 801
222 802
222 841
222 843
222 852
222 858
222 859
222 871
222 900
222 907
222 910
222 917
222 926
222 936
222 945
222 951
222 952
222 961
222 970
222 983
222 998
223 243
223 266
223 271
223 274
223 282
223 286
223 290
223 299
223 305
223 316
223 323
223 327
223 329
223 360
223 363
223 365
223 369
223 375
223 380
223 385
223 393
223 394
223 401
223 406
223 410
223 424
223 453
223 455
223 457
223 480
223 483
223 509
223 528
223 529
223 544
223 552
223 553
223 558
223 575
223 582
223 586
223 602
223 620
223 628
223 643
223 663
223 669
223 676
223 682
223 687
223 722
223 727
223 733
223 736
223 743
223 754
223 756
223 797
223 808
223 809
223 826
223 831
223 847
223 895
223 899
223 902
223 904
223 925
223 931
223 937
223 966
223 975
223 980
223 986
223 987
223 988
223 989
223 996
224 229
224 233
224 234
224 249
224 252
224 271
224 281
224 302
224 304
224 316
224 317
224 339
224 346
224 350
224 356
224 358
224 368
224 374
224 388
224 397
224 398
224 404
224 413
224 424
224 433
224 457
224 460
224 465
224 493
224 504
224 514
224 571
224 575
224 576
224 582
224 584
224 595
224 609
224 610
224 676
224 680
224 694
224 710
224 723
224 757
224 778
224 790
224 799
224 839
224 849
224 856
224 863
224 864
224 871
224 895
224 920
224 925
224 932
224 962
224 973
224 979
224 983
224 992
225 227
225 246
225 252
225 255
225 260
225 263
225 271
225 272
225 274
225 288
225 303
225 310
225 311
225 324
225 342
225 345
225 350
225 351
225 380
225 382
225 385
225 397
225 399
225 439
225 450
225 453
225 459
225 468
225 487
225 488
225 490
225 504
225 514
225 520
225 528
225 532
225 534
225 542
225 547
225 572
225 590
225 594
225 607
225 624
225 647
225 649
225 652
225 666
225 670
225 672
225 674
225 699
225 721
225 724
225 730
225 732
225 733
225 752
225 762
225 765
225 803
225 805
225 807
225 816
225 819
225 843
225 868
225 875
225 888
225 890
225 892
225 893
225 898
225 913
225 916
225 935
225 938
225 945
225 959
225 966
225 972
225 975
225 978
225 981
225 997
226 287
226 291
226 292
226 294
226 296
226 299
226 310
226 311
226 320
226 324
226 331
226 332
226 340
226 379
226 402
226 416
226 418
226 428
226 440
226 466
226 471
226 474
226 483
226 497
226 498
226 504
226 527
226 529
226 530
226 531
226 534
226 540
226 546
226 559
226 570
226 576
226 582
226 586
226 596
226 604
226 648
226 657
226 659
226 662
226 673
226 679
226 683
226 685
226 694
226 696
226 699
226 704
226 744
226 746
226 749
226 750
226 763
226 768
226 795
226 805
226 806
226 820
226 828
226 830
226 853
226 854
226 865
226 875
226 876
226 878
226 914
226 924
226 931
226 944
226 966
226 970
226 978
226 983
226 986
226 987
227 228
227 233
227 237
227 255
227 275
227 278
227 284
227 285
227 287
227 290
227 299
227 318
227 323
227 324
227 330
227 331
227 362
227 366
227 373
227 375
227 398
227 401
227 407
227 410
227 415
227 429
227 448
227 452
227 462
227 464
227 472
227 477
227 483
227 488
227 505
227 515
227 519
227 552
227 585
227 601
227 602
227 605
227 626
227 658
227 668
227 671
227 680
227 685
227 688
227 690
227 695
227 702
227 719
227 731
227 736
227 741
227 747
227 760
227 765
227 766
227 767
227 776
227 807
227 814
227 815
227 816
227 819
227 826
227 827
227 840
227 851
227 858
227 864
227 870
227 872
227 885
227 888
227 920
227 933
227 935
227 938
227 958
227 966
227 975
227 983
227 984
227 990
228 233
228 236
228 246
228 249
228 252
228 257
228 266
228 291
228 292
228 298
228 302
228 323
228 327
228 333
228 343
228 377
228 383
228 384
228 385
228 393
228 394
228 432
228 436
228 441
228 465
228 467
228 468
228 484
228 487
228 497
228 502
228 507
228 515
228 519
228 550
228 577
228 636
228 643
228 647
228 652
228 657
228 681
228 683
228 720
228 721
228 727
228 733
228 734
228 749
228 761
228 766
228 786
228 795
228 803
228 827
228 828
228 831
228 844
228 875
228 884
228 895
228 903
228 915
228 918
228 919
228 921
228 929
228 938
228 960
228 969
228 976
228 995
228 997
229 231
229 244
229 257
229 264
229 274
229 287
229 288
229 297
229 320
229 323
229 341
229 343
229 355
229 356
229 366
229 369
229 370
229 374
229 382
229 384
229 385
229 415
229 422
229 463
229 464
229 472
229 473
229 474
229 478
229 480
229 490
229 497
229 526
229 528
229 534
229 543
229 544
229 553
229 568
229 575
229 580
229 584
229 588
229 590
229 591
229 595
229 598
229 608
229 613
229 644
229 647
229 649
229 650
229 657
229 665
229 687
229 692
229 693
229 701
229 705
229 725
229 729
229 736
229 750
229 765
229 776
229 786
229 787
229 789
229 799
229 803
229 828
229 830
229 831
229 832
229 854
229 888
229 897
229 900
229 903
229 916
229 961
229 974
229 976
229 997
230 246
230 280
230 298
230 314
230 360
230 363
230 366
230 368
230 370
230 374
230 405
230 408
230 425
230 429
230 435
230 437
230 457
230 470
230 476
230 493
230 495
230 511
230 522
230 526
230 541
230 543
230 546
230 563
230 564
230 594
230 603
230 607
230 623
230 648
230 654
230 657
230 662
230 682
230 695
230 727
230 731
230 737
230 738
230 754
230 764
230 781
230 788
230 800
230 801
230 837
230 840
230 857
230 859
230 863
230 910
230 912
230 913
230 915
230 932
230 934
230 942
230 947
230 952
230 956
230 971
230 977
231 245
231 253
231 266
231 270
231 276
231 283
231 284
231 288
231 302
231 314
231 326
231 360
231 365
231 369
231 378
231 387
231 389
231 395
231 420
231 421
231 427
231 429
231 430
231 436
231 438
231 445
231 449
231 464
231 488
231 508
231 511
231 520
231 528
231 544
231 556
231 566
231 578
231 587
231 606
231 614
231 627
231 629
231 634
231 645
231 665
231 679
231 681
231 698
231 727
231 746
231 779
231 789
231 799
231 800
231 805
231 813
231 852
231 856
231 860
231 880
231 898
231 907
231 921
231 932
231 969
231 973
231 981
231 990
232 246
232 250
232 257
232 280
232 284
232 287
232 288
232 292
232 297
232 327
232 341
232 345
232 347
232 369
232 370
232 372
232 391
232 392
232 393
232 425
232 441
232 450
232 453
232 454
232 464
232 469
232 484
232 490
232 496
232 504
232 508
232 510
232 521
232 529
232 531
232 534
232 560
232 570
232 599
232 607
232 612
232 622
232 632
232 639
232 652
232 658
232 660
232 668
232 669
232 679
232 692
232 701
232 708
232 710
232 714
232 720
232 734
232 741
232 742
232 743
232 755
232 768
232 771
232 772
232 790
232 802
232 827
232 849
232 851
232 869
232 873
232 874
232 879
232 882
232 887
232 895
232 906
232 922
232 943
232 960
232 993
233 252
233 258
233 308
233 317
233 325
233 326
233 332
233 339
233 370
233 382
233 384
233 403
233 408
233 411
233 413
233 418
233 422
233 457
233 466
233 473
233 480
233 493
233 494
233 505
233 517
233 533
233 535
233 545
233 550
233 566
233 597
233 599
233 602
233 616
233 627
233 633
233 635
233 649
233 681
233 682
233 684
233 705
233 710
233 711
233 721
233 723
233 747
233 773
233 777
233 781
233 782
233 789
233 790
233 811
233 823
233 855
233 867
233 875
233 880
233 885
233 888
233 892
233 893
233 896
233 900
233 914
233 932
233 943
233 951
233 982
233 989
234 235
234 295
234 305
234 307
234 314
234 329
234 332
234 341
234 384
234 411
234 430
234 438
234 457
234 468
234 487
234 506
234 514
234 538
234 540
234 549
234 553
234 563
234 590
234 606
234 620
234 623
234 651
234 652
234 656
234 660
234 665
234 680
234 690
234 699
234 708
234 709
234 727
234 743
234 750
234 759
234 760
234 767
234 780
234 789
234 814
234 819
234 846
234 853
234 860
234 894
234 897
234 915
234 918
234 924
234 942
234 949
234 954
234 979
235 242
235 259
235 262
235 270
235 275
235 277
235 278
235 286
235 291
235 326
235 329
235 335
235 341
235 343
235 351
235 356
235 357
235 373
235 393
235 395
235 398
235 421
235 435
235 460
235 465
235 467
235 472
235 483
235 485
235 492
235 493
235 495
235 502
235 508
235 514
235 522
235 528
235 537
235 540
235 545
235 552
235 564
235 573
235 580
235 594
235 596
235 605
235 642
235 648
235 652
235 655
235 678
235 694
235 698
235 721
235 722
235 728
235 733
235 738
235 754
235 761
235 763
235 797
235 799
235 801
235 807
235 819
235 833
235 835
235 852
235 855
235 862
235 867
235 871
235 896
235 897
235 901
235 920
235 922
235 931
235 945
235 970
235 982
235 984
236 242
236 278
236 280
236 305
236 322
236 326
236 350
236 365
236 367
236 368
236 386
236 395
236 404
236 406
236 414
236 453
236 475
236 478
236 493
236 498
236 506
236 512
236 539
236 542
236 543
236 571
236 578
236 598
236 620
236 636
236 637
236 638
236 640
236 654
236 664
236 675
236 683
236 693
236 694
236 708
236 742
236 746
236 752
236 758
236 763
236 801
236 806
236 809
236 810
236 812
236 818
236 825
236 835
236 839
236 869
236 880
236 889
236 916
236 936
236 937
236 940
236 942
236 954
236 982
236 983
237 254
237 277
237 289
237 296
237 310
237 338
237 359
237 366
237 368
237 374
237 379
237 380
237 384
237 394
237 399
237 413
237 431
237 437
237 438
237 440
237 448
237 450
237 474
237 492
237 510
237 519
237 528
237 536
237 548
237 549
237 550
237 571
237 572
237 589
237 599
237 605
237 621
237 626
237 636
237 642
237 653
237 657
237 672
237 674
237 688
237 692
237 704
237 705
237 709
237 715
237 735
237 741
237 753
237 766
237 769
237 772
237 788
237 792
237 795
237 796
237 799
237 804
237 806
237 809
237 818
237 821
237 844
237 845
237 848
237 870
237 887
237 894
237 922
237 923
237 930
237 937
237 955
237 961
237 973
237 984
237 991
237 998
238 242
238 247
238 249
238 254
238 256
238 269
238 279
238 280
238 281
238 288
238 289
238 291
238 298
238 313
238 314
238 321
238 324
238 327
238 333
238 355
238 356
238 376
238 380
238 403
238 435
238 456
238 457
238 472
238 478
238 499
238 500
238 522
238 527
238 531
238 532
238 536
238 547
238 551
238 555
238 556
238 587
238 589
238 593
238 605
238 608
238 616
238 626
238 627
238 641
238 647
238 657
238 662
238 668
238 688
238 694
238 698
238 701
238 713
238 720
238 728
238 749
238 750
238 755
238 799
238 823
238 834
238 850
238 852
238 897
238 898
238 899
238 907
238 918
238 922
238 936
238 943
238 947
238 950
238 951
238 952
238 956
238 959
238 970
238 979
238 983
239 245
239 270
239 271
239 278
239 288
239 289
239 294
239 314
239 317
239 323
239 326
239 338
239 344
239 345
239 348
239 351
239 375
239 380
239 472
239 493
239 510
239 519
239 547
239 558
239 566
239 569
239 578
239 588
239 598
239 599
239 616
239 619
239 626
239 628
239 638
239 647
239 650
239 663
239 664
239 671
239 681
239 701
239 703
239 704
239 712
239 719
239 720
239 726
239 738
239 740
239 741
239 752
239 756
239 769
239 774
239 777
239 792
239 819
239 837
239 842
239 849
239 880
239 893
239 904
239 906
239 918
239 926
239 944
239 949
239 954
239 955
239 962
239 964
239 967
239 972
239 979
240 247
240 304
240 313
240 321
240 326
240 336
240 343
240 351
240 370
240 389
240 398
240 401
240 409
240 415
240 423
240 429
240 438
240 458
240 469
240 471
240 474
240 476
240 483
240 484
240 497
240 500
240 503
240 506
240 532
240 540
240 550
240 555
240 565
240 566
240 569
240 575
240 593
240 609
240 611
240 612
240 614
240 630
240 636
240 641
240 659
240 675
240 676
240 695
240 698
240 706
240 723
240 726
240 734
240 736
240 748
240 777
240 778
240 804
240 828
240 831
240 847
240 849
240 854
240 863
240 872
240 886
240 897
240 904
240 905
240 906
240 911
240 919
240 923
240 943
240 945
240 959
240 965
240 977
240 987
240 991
241 245
241 259
241 260
241 284
241 295
241 314
241 322
241 328
241 331
241 358
241 395
241 403
241 409
241 412
241 416
241 420
241 460
241 479
241 481
241 485
241 492
241 493
241 498
241 526
241 527
241 547
241 554
241 561
241 593
241 606
241 614
241 619
241 632
241 634
241 650
241 670
241 682
241 697
241 720
241 737
241 759
241 765
241 797
241 802
241 847
241 853
241 863
241 866
241 874
241 876
241 878
241 892
241 899
241 900
241 929
241 930
241 935
241 937
241 939
241 949
241 980
241 981
241 992
241 997
242 253
242 255
242 268
242 269
242 272
242 274
242 280
242 290
242 308
242 315
242 316
242 317
242 319
242 335
242 363
242 367
242 379
242 387
242 390
242 391
242 392
242 393
242 399
242 422
242 431
242 446
242 455
242 457
242 478
242 481
242 484
242 496
242 498
242 513
242 514
242 521
242 524
242 535
242 561
242 567
242 568
242 586
242 604
242 606
242 617
242 620
242 627
242 630
242 632
242 643
242 652
242 655
242 658
242 663
242 666
242 672
242 673
242 674
242 711
242 716
242 719
242 721
242 735
242 737
242 739
242 740
242 742
242 744
242 747
242 752
242 753
242 768
242 776
242 787
242 802
242 810
242 813
242 814
242 831
242 853
242 856
242 863
242 887
242 888
242 897
242 907
242 947
242 950
242 960
242 963
242 966
242 970
242 997
242 998
243 244
243 260
243 269
243 281
243 286
243 300
243 331
243 355
243 358
243 388
243 389
243 427
243 430
243 451
243 459
243 468
243 488
243 492
243 493
243 498
243 536
243 537
243 565
243 569
243 574
243 576
243 580
243 583
243 586
243 591
243 596
243 600
243 603
243 616
243 618
243 623
243 635
243 637
243 653
243 660
243 671
243 673
243 674
243 682
243 706
243 721
243 723
243 730
243 749
243 752
243 756
243 782
243 790
243 798
243 811
243 828
243 834
243 835
243 855
243 864
243 897
243 921
243 927
243 930
243 934
243 948
243 950
243 973
243 980
243 982
243 989
243 992
244 265
244 279
244 282
244 299
244 306
244 321
244 340
244 349
244 380
244 398
244 407
244 411
244 414
244 423
244 432
244 439
244 459
244 485
244 486
244 512
244 515
244 517
244 532
244 557
244 564
244 570
244 592
244 598
244 605
244 607
244 614
244 620
244 623
244 631
244 635
244 637
244 638
244 642
244 648
244 650
244 692
244 705
244 717
244 732
244 734
244 737
244 769
244 772
244 775
244 781
244 800
244 804
244 805
244 806
244 807
244 816
244 823
244 831
244 832
244 833
244 845
244 850
244 862
244 878
244 884
244 885
244 904
244 907
244 917
244 919
244 920
244 921
244 925
244 930
244 939
244 945
244 960
244 966
245 259
245 269
245 274
245 286
245 290
245 304
245 314
245 318
245 340
245 346
245 362
245 373
245 377
245 420
245 428
245 432
245 437
245 438
245 442
245 453
245 463
245 464
245 475
245 478
245 485
245 508
245 510
245 517
245 521
245 523
245 529
245 550
245 570
245 571
245 574
245 585
245 591
245 600
245 611
245 618
245 619
245 629
245 630
245 645
245 659
245 662
245 666
245 674
245 676
245 682
245 694
245 695
245 699
245 713
245 727
245 741
245 755
245 757
245 761
245 773
245 774
245 815
245 826
245 830
245 833
245 849
245 850
245 861
245 882
245 888
245 894
245 915
245 936
245 960
245 978
245 981
245 997
246 250
246 255
246 257
246 267
246 283
246 287
246 305
246 321
246 323
246 332
246 388
246 402
246 410
246 431
246 448
246 460
246 482
246 493
246 509
246 545
246 549
246 581
246 588
246 602
246 614
246 621
246 623
246 624
246 636
246 640
246 651
246 665
246 677
246 708
246 712
246 713
246 726
246 728
246 732
246 734
246 735
246 744
246 746
246 788
246 795
246 796
246 804
246 814
246 821
246 831
246 837
246 847
246 859
246 864
246 868
246 883
246 893
246 901
246 903
246 909
246 913
246 917
246 920
246 926
246 935
246 942
246 966
246 968
246 981
246 982
247 280
247 304
247 306
247 310
247 326
247 341
247 344
247 361
247 386
247 398
247 406
247 415
247 425
247 435
247 441
247 448
247 460
247 466
247 473
247 475
247 503
247 516
247 521
247 533
247 537
247 539
247 548
247 550
247 564
247 577
247 579
247 591
247 592
247 593
247 613
247 616
247 619
247 629
247 640
247 669
247 670
247 675
247 678
247 685
247 688
247 698
247 706
247 709
247 717
247 724
247 729
247 741
247 758
247 766
247 785
247 794
247 796
247 810
247 815
247 820
247 831
247 848
247 851
247 853
247 874
247 876
247 892
247 918
247 920
247 924
247 946
247 950
247 973
247 986
247 997
247 999
248 249
248 256
248 259
248 264
248 275
248 286
248 318
248 320
248 322
248 323
248 324
248 328
248 341
248 344
248 346
248 347
248 353
248 355
248 356
248 388
248 403
248 404
248 410
248 413
248 416
248 428
248 429
248 439
248 473
248 485
248 486
248 493
248 506
248 531
248 536
248 539
248 542
248 549
248 567
248 588
248 591
248 596
248 622
248 633
248 642
248 659
248 661
248 679
248 691
248 715
248 727
248 733
248 736
248 743
248 745
248 758
248 775
248 776
248 789
248 794
248 804
248 813
248 826
248 832
248 837
248 842
248 862
248 870
248 878
248 889
248 898
248 909
248 911
248 918
248 920
248 944
248 971
248 999
249 253
249 256
249 271
249 275
249 283
249 284
249 293
249 319
249 325
249 340
249 353
249 355
249 368
249 372
249 390
249 418
249 423
249 432
249 433
249 442
249 447
249 455
249 460
249 473
249 494
249 500
249 506
249 514
249 529
249 531
249 532
249 549
249 552
249 556
249 568
249 570
249 574
249 582
249 606
249 615
249 617
249 638
249 643
249 647
249 665
249 687
249 691
249 694
249 716
249 745
249 751
249 788
249 795
249 808
249 812
249 825
249 833
249 843
249 850
249 853
249 865
249 869
249 874
249 876
249 883
249 886
249 893
249 903
249 934
249 940
249 960
249 986
250 253
250 254
250 294
250 304
250 312
250 347
250 355
250 363
250 372
250 389
250 398
250 400
250 405
250 436
250 437
250 455
250 459
250 461
250 475
250 477
250 507
250 520
250 533
250 579
250 590
250 591
250 601
250 607
250 608
250 613
250 614
250 616
250 645
250 654
250 661
250 705
250 718
250 729
250 743
250 767
250 768
250 779
250 781
250 782
250 785
250 798
250 801
250 804
250 815
250 817
250 828
250 849
250 856
250 860
250 867
250 887
250 888
250 894
250 900
250 903
250 908
250 910
250 915
250 950
250 956
250 966
250 967
250 969
250 980
250 992
250 994
250 996
251 271
251 282
251 293
251 306
251 323
251 341
251 346
251 354
251 374
251 388
251 422
251 441
251 442
251 443
251 453
251 459
251 473
251 482
251 487
251 493
251 501
251 514
251 524
251 541
251 561
251 588
251 640
251 684
251 693
251 696
251 707
251 711
251 716
251 725
251 748
251 798
251 813
251 845
251 846
251 851
251 859
251 869
251 885
251 900
251 901
251 912
251 923
251 935
251 952
251 960
251 969
251 975
251 989
251 998
252 278
252 281
252 282
252 286
252 300
252 301
252 302
252 310
252 316
252 321
252 329
252 357
252 370
252 378
252 383
252 388
252 428
252 432
252 447
252 458
252 462
252 466
252 471
252 481
252 501
252 516
252 527
252 529
252 550
252 556
252 595
252 608
252 618
252 623
252 631
252 632
252 636
252 670
252 675
252 676
252 685
252 725
252 734
252 739
252 741
252 753
252 762
252 774
252 775
252 803
252 807
252 810
252 835
252 849
252 880
252 899
252 906
252 920
252 925
252 932
252 933
252 938
252 964
252 981
253 259
253 269
253 298
253 308
253 311
253 320
253 322
253 324
253 333
253 340
253 343
253 351
253 390
253 398
253 410
253 422
253 427
253 443
253 447
253 475
253 478
253 490
253 495
253 513
253 568
253 578
253 586
253 595
253 597
253 602
253 604
253 609
253 621
253 626
253 640
253 653
253 664
253 666
253 677
253 688
253 691
253 705
253 708
253 712
253 717
253 726
253 736
253 741
253 754
253 758
253 762
253 767
253 773
253 774
253 789
253 791
253 792
253 801
253 803
253 809
253 822
253 824
253 832
253 844
253 869
253 877
253 888
253 891
253 900
253 903
253 912
253 914
253 918
253 919
253 923
253 934
253 945
253 960
253 981
253 984
253 996
254 266
254 268
254 278
254 282
254 287
254 303
254 325
254 326
254 340
254 348
254 350
254 356
254 366
254 382
254 387
254 400
254 421
254 459
254 493
254 501
254 502
254 508
254 512
254 513
254 518
254 519
254 521
254 525
254 527
254 532
254 537
254 540
254 545
254 572
254 579
254 606
254 608
254 619
254 659
254 668
254 671
254 675
254 677
254 679
254 680
254 685
254 703
254 728
254 755
254 759
254 762
254 764
254 769
254 774
254 787
254 790
254 791
254 822
254 848
254 856
254 859
254 883
254 914
254 918
254 941
254 951
254 952
254 959
254 964
254 970
254 985
255 258
255 271
255 273
255 277
255 280
255 283
255 290
255 294
255 295
255 318
255 327
255 342
255 343
255 346
255 358
255 368
255 369
255 375
255 376
255 377
255 382
255 397
255 409
255 411
255 414
255 415
255 477
255 479
255 492
255 496
255 501
255 534
255 549
255 553
255 557
255 582
255 587
255 608
255 609
255 635
255 640
255 647
255 659
255 676
255 685
255 689
255 691
255 740
255 752
255 754
255 763
255 776
255 782
255 797
255 800
255 802
255 806
255 810
255 815
255 829
255 841
255 845
255 847
255 854
255 855
255 858
255 871
255 876
255 893
255 900
255 906
255 910
255 913
255 929
255 943
255 965
255 980
255 985
256 257
256 260
256 266
256 268
256 276
256 287
256 291
256 295
256 298
256 300
256 325
256 333
256 342
256 353
256 371
256 381
256 390
256 391
256 410
256 437
256 438
256 442
256 443
256 452
256 453
256 459
256 466
256 467
256 474
256 482
256 487
256 488
256 490
256 501
256 526
256 528
256 539
256 551
256 554
256 561
256 569
256 576
256 590
256 605
256 613
256 617
256 624
256 630
256 657
256 659
256 673
256 678
256 711
256 731
256 733
256 736
256 749
256 753
256 770
256 778
256 788
256 791
256 793
256 797
256 823
256 828
256 830
256 831
256 841
256 844
256 858
256 861
256 862
256 876
256 884
256 895
256 941
256 956
256 963
256 964
256 981
256 983
256 985
256 993
256 998
257 264
257 273
257 274
257 277
257 307
257 315
257 345
257 363
257 365
257 386
257 402
257 424
257 431
257 432
257 440
257 446
257 447
257 449
257 489
257 497
257 500
257 508
257 518
257 521
257 536
257 540
257 546
257 547
257 551
257 552
257 556
257 565
257 571
257 572
257 579
257 582
257 606
257 619
257 631
257 642
257 653
257 669
257 670
257 696
257 706
257 715
257 718
257 727
257 728
257 732
257 733
257 735
257 739
257 750
257 754
257 764
257 773
257 775
257 781
257 790
257 806
257 808
257 818
257 827
257 830
257 873
257 876
257 883
257 885
257 886
257 891
257 911
257 930
257 936
257 955
257 956
257 957
257 967
257 970
257 971
257 979
257 983
257 994
258 262
258 265
258 285
258 300
258 309
258 337
258 344
258 354
258 360
258 365
258 406
258 407
258 421
258 442
258 448
258 452
258 456
258 457
258 464
258 471
258 501
258 532
258 533
258 569
258 571
258 588
258 593
258 597
258 608
258 620
258 627
258 629
258 653
258 675
258 678
258 682
258 696
258 697
258 708
258 712
258 722
258 735
258 753
258 771
258 775
258 793
258 798
258 800
258 828
258 862
258 869
258 870
258 872
258 890
258 891
258 895
258 905
258 922
258 923
258 933
258 939
258 960
258 964
258 965
258 967
258 977
259 273
259 288
259 297
259 304
259 312
259 321
259 326
259 350
259 355
259 361
259 367
259 368
259 369
259 372
259 381
259 384
259 400
259 415
259 420
259 423
259 424
259 430
259 451
259 452
259 455
259 465
259 469
259 475
259 497
259 498
259 499
259 506
259 541
259 545
259 551
259 555
259 564
259 568
259 581
259 587
259 588
259 591
259 615
259 617
259 643
259 645
259 655
259 657
259 660
259 663
259 676
259 680
259 685
259 714
259 717
259 748
259 759
259 765
259 792
259 799
259 801
259 802
259 806
259 808
259 810
259 812
259 819
259 826
259 841
259 845
259 861
259 862
259 881
259 894
259 896
259 900
259 901
259 906
259 912
259 915
259 925
259 926
259 932
259 937
259 950
259 983
260 267
260 282
260 289
260 318
260 331
260 335
260 350
260 376
260 390
260 394
260 403
260 435
260 442
260 468
260 473
260 474
260 475
260 487
260 496
260 510
260 516
260 525
260 539
260 551
260 557
260 577
260 587
260 590
260 600
260 651
260 661
260 671
260 678
260 689
260 695
260 699
260 704
260 709
260 731
260 752
260 755
260 764
260 766
260 779
260 789
260 792
260 800
260 805
260 807
260 815
260 821
260 826
260 840
260 859
260 866
260 873
260 896
260 901
260 904
260 907
260 908
260 928
260 929
260 945
260 971
260 987
261 262
261 285
261 293
261 299
261 312
261 322
261 340
261 364
261 366
261 367
261 384
261 409
261 421
261 426
261 454
261 459
261 461
261 479
261 489
261 501
261 510
261 512
261 519
261 541
261 545
261 547
261 548
261 558
261 562
261 569
261 571
261 584
261 592
261 610
261 618
261 626
261 627
261 629
261 639
261 648
261 662
261 673
261 677
261 690
261 699
261 723
261 729
261 730
261 732
261 769
261 801
261 804
261 805
261 836
261 847
261 867
261 887
261 891
261 914
261 951
261 987
261 989
262 269
262 270
262 272
262 300
262 318
262 320
262 328
262 335
262 348
262 349
262 361
262 374
262 382
262 384
262 391
262 396
262 431
262 441
262 474
262 496
262 499
262 508
262 513
262 520
262 527
262 542
262 573
262 586
262 595
262 596
262 597
262 601
262 604
262 616
262 620
262 623
262 627
262 630
262 637
262 639
262 644
262 647
262 676
262 724
262 732
262 733
262 735
262 742
262 763
262 769
262 783
262 785
262 809
262 826
262 830
262 832
262 839
262 851
262 873
262 878
262 899
262 935
262 950
262 961
262 967
262 991
263 265
263 271
263 289
263 298
263 303
263 309
263 316
263 336
263 363
263 370
263 382
263 390
263 404
263 419
263 421
263 428
263 452
263 466
263 485
263 486
263 503
263 522
263 524
263 543
263 567
263 570
263 571
263 572
263 576
263 584
263 595
263 596
263 600
263 602
263 607
263 611
263 623
263 636
263 640
263 642
263 664
263 671
263 692
263 732
263 747
263 763
263 773
263 794
263 806
263 828
263 833
263 836
263 858
263 883
263 911
263 925
263 927
263 931
263 958
263 968
263 971
263 999
264 274
264 278
264 282
264 302
264 304
264 319
264 323
264 334
264 358
264 362
264 383
264 394
264 415
264 424
264 435
264 438
264 442
264 445
264 452
264 467
264 503
264 516
264 517
264 522
264 526
264 530
264 538
264 564
264 591
264 597
264 599
264 604
264 610
264 637
264 639
264 640
264 643
264 648
264 655
264 660
264 662
264 665
264 674
264 698
264 701
264 704
264 734
264 743
264 746
264 754
264 757
264 761
264 778
264 782
264 801
264 817
264 822
264 825
264 834
264 835
264 854
264 859
264 864
264 870
264 879
264 880
264 893
264 897
264 913
264 916
264 917
264 934
264 939
264 946
264 959
264 960
264 961
264 975
264 984
264 996
265 269
265 270
265 277
265 309
265 315
265 319
265 323
265 328
265 351
265 371
265 387
265 402
265 414
265 420
265 426
265 429
265 430
265 447
265 455
265 472
265 504
265 506
265 511
265 516
265 521
265 548
265 562
265 567
265 570
265 574
265 583
265 586
265 602
265 603
265 633
265 636
265 638
265 640
265 644
265 666
265 669
265 677
265 711
265 712
265 760
265 767
265 774
265 803
265 810
265 812
265 816
265 819
265 835
265 848
265 851
265 869
265 871
265 896
265 934
265 939
265 944
265 966
265 967
265 971
265 973
265 984
265 986
265 987
265 991
265 994
266 288
266 297
266 304
266 306
266 309
266 318
266 329
266 331
266 342
266 350
266 351
266 353
266 354
266 361
266 363
266 365
266 377
266 394
266 407
266 414
266 434
266 448
266 450
266 456
266 458
266 460
266 485
266 509
266 521
266 532
266 543
266 551
266 560
266 579
266 581
266 601
266 619
266 622
266 641
266 663
266 677
266 687
266 697
266 698
266 700
266 701
266 713
266 715
266 732
266 740
266 769
266 779
266 783
266 785
266 792
266 835
266 837
266 838
266 840
266 863
266 878
266 885
266 893
266 903
266 924
266 933
266 945
266 993
266 997
266 998
267 270
267 274
267 281
267 301
267 304
267 306
267 317
267 319
267 322
267 341
267 349
267 356
267 389
267 395
267 396
267 401
267 405
267 416
267 425
267 432
267 436
267 440
267 447
267 451
267 466
267 469
267 473
267 476
267 509
267 518
267 522
267 526
267 533
267 539
267 555
267 556
267 594
267 596
267 612
267 615
267 625
267 640
267 653
267 658
267 675
267 688
267 699
267 708
267 709
267 720
267 753
267 759
267 783
267 785
267 809
267 811
267 815
267 829
267 833
267 857
267 870
267 872
267 885
267 896
267 905
267 913
267 923
267 928
267 944
267 946
267 947
267 957
267 966
267 975
267 988
267 993
268 284
268 285
268 289
268 370
268 373
268 380
268 381
268 387
268 416
268 417
268 424
268 427
268 429
268 436
268 448
268 451
268 468
268 472
268 476
268 487
268 488
268 494
268 498
268 502
268 512
268 516
268 523
268 533
268 540
268 547
268 575
268 580
268 588
268 595
268 602
268 619
268 620
268 625
268 628
268 633
268 661
268 662
268 664
268 667
268 668
268 681
268 682
268 683
268 693
268 697
268 700
268 717
268 722
268 723
268 725
268 745
268 775
268 777
268 788
268 795
268 800
268 810
268 812
268 814
268 820
268 831
268 832
268 838
268 852
268 866
268 869
268 874
268 885
268 890
268 898
268 911
268 919
268 924
268 932
268 945
268 955
268 961
268 967
268 969
268 973
268 975
268 988
268 999
269 270
269 272
269 273
269 279
269 281
269 291
269 297
269 307
269 324
269 345
269 346
269 354
269 371
269 374
269 375
269 382
269 414
269 421
269 463
269 480
269 490
269 499
269 502
269 513
269 529
269 539
269 549
269 555
269 559
269 560
269 565
269 567
269 599
269 613
269 625
269 629
269 644
269 651
269 660
269 669
269 670
269 673
269 676
269 694
269 699
269 706
269 715
269 716
269 724
269 729
269 731
269 734
269 737
269 754
269 760
269 766
269 769
269 791
269 804
269 815
269 821
269 822
269 835
269 853
269 857
269 864
269 885
269 893
269 894
269 896
269 914
269 916
269 932
269 933
269 936
269 937
269 943
269 948
269 956
269 961
269 966
269 985
269 994
269 999
270 273
270 284
270 292
270 302
270 307
270 320
270 321
270 325
270 336
270 338
270 362
270 368
270 369
270 378
270 389
270 406
270 413
270 433
270 451
270 465
270 470
270 476
270 489
270 498
270 538
270 554
270 557
270 558
270 562
270 588
270 626
270 637
270 642
270 649
270 650
270 655
270 657
270 660
270 664
270 708
270 711
270 714
270 719
270 725
270 727
270 732
270 740
270 753
270 757
270 758
270 761
270 784
270 797
270 803
270 815
270 825
270 826
270 836
270 841
270 860
270 878
270 889
270 894
270 897
270 914
270 934
270 938
270 945
270 965
270 967
270 997
271 274
271 282
271 286
271 296
271 329
271 330
271 345
271 350
271 361
271 367
271 401
271 408
271 409
271 416
271 438
271 449
271 451
271 470
271 479
271 492
271 498
271 503
271 521
271 524
271 527
271 528
271 530
271 536
271 560
271 562
271 564
271 569
271 582
271 604
271 611
271 626
271 628
271 641
271 653
271 656
271 658
271 659
271 664
271 670
271 678
271 690
271 714
271 721
271 729
271 749
271 757
271 767
271 777
271 781
271 788
271 794
271 795
271 820
271 831
271 839
271 845
271 847
271 855
271 856
271 858
271 914
271 939
271 943
271 950
271 952
271 967
271 971
271 977
271 983
271 985
271 989
271 994
271 998
272 278
272 291
272 294
272 306
272 307
272 313
272 320
272 334
272 344
272 356
272 360
272 376
272 378
272 389
272 394
272 403
272 404
272 407
272 408
272 411
272 429
272 433
272 435
272 440
272 445
272 455
272 477
272 493
272 502
272 511
272 521
272 527
272 536
272 545
272 548
272 563
272 565
272 568
272 584
272 596
272 601
272 614
272 618
272 635
272 643
272 646
272 654
272 659
272 662
272 691
272 697
272 709
272 713
272 718
272 719
272 722
272 726
272 732
272 737
272 740
272 749
272 751
272 789
272 828
272 829
272 837
272 840
272 874
272 883
272 886
272 894
272 911
272 926
272 930
272 934
272 935
272 950
272 953
272 971
272 974
272 990
272 998
273 290
273 313
273 334
273 347
273 353
273 368
273 372
273 379
273 401
273 406
273 432
273 435
273 438
273 463
273 468
273 473
273 475
273 478
273 523
273 526
273 547
273 555
273 561
273 577
273 582
273 598
273 612
273 646
273 655
273 658
273 682
273 716
273 743
273 747
273 759
273 761
273 771
273 772
273 773
273 780
273 788
273 791
273 792
273 797
273 806
273 826
273 837
273 846
273 850
273 855
273 868
273 873
273 877
273 883
273 896
273 902
273 934
273 947
273 949
273 969
273 982
273 983
273 986
274 275
274 281
274 294
274 302
274 304
274 306
274 316
274 323
274 342
274 347
274 352
274 372
274 376
274 384
274 385
274 386
274 390
274 408
274 411
274 427
274 431
274 433
274 438
274 439
274 478
274 479
274 480
274 481
274 489
274 495
274 500
274 506
274 510
274 537
274 538
274 565
274 572
274 577
274 590
274 601
274 613
274 622
274 631
274 640
274 647
274 649
274 667
274 681
274 707
274 713
274 717
274 728
274 741
274 747
274 748
274 758
274 776
274 793
274 796
274 824
274 837
274 845
274 849
274 856
274 858
274 869
274 872
274 884
274 886
274 887
274 893
274 894
274 895
274 909
274 910
274 927
274 930
274 938
274 948
274 953
274 965
274 972
274 973
275 280
275 285
275 290
275 301
275 314
275 316
275 320
275 338
275 345
275 352
275 354
275 361
275 362
275 368
275 384
275 386
275 388
275 396
275 414
275 417
275 421
275 442
275 451
275 452
275 454
275 456
275 459
275 461
275 463
275 477
275 481
275 491
275 494
275 505
275 507
275 517
275 536
275 567
275 571
275 609
275 637
275 640
275 651
275 658
275 661
275 662
275 664
275 667
275 671
275 673
275 674
275 691
275 696
275 701
275 704
275 717
275 718
275 727
275 730
275 744
275 745
275 751
275 761
275 789
275 807
275 811
275 816
275 844
275 849
275 856
275 862
275 867
275 874
275 878
275 884
275 887
275 892
275 902
275 926
275 941
275 956
275 964
275 967
275 992
276 286
276 298
276 303
276 334
276 339
276 353
276 359
276 379
276 382
276 395
276 412
276 413
276 417
276 420
276 425
276 440
276 451
276 467
276 470
276 478
276 481
276 488
276 533
276 538
276 539
276 561
276 562
276 567
276 568
276 575
276 617
276 638
276 642
276 644
276 655
276 684
276 696
276 698
276 715
276 735
276 752
276 782
276 799
276 800
276 814
276 818
276 828
276 842
276 843
276 856
276 865
276 885
276 891
276 902
276 914
276 915
276 936
276 944
276 953
276 964
276 980
276 986
276 997
277 281
277 285
277 313
277 315
277 334
277 336
277 339
277 346
277 353
277 358
277 368
277 373
277 375
277 376
277 382
277 384
277 400
277 405
277 425
277 427
277 447
277 448
277 453
277 473
277 494
277 496
277 500
277 505
277 509
277 511
277 515
277 536
277 540
277 554
277 581
277 588
277 591
277 596
277 613
277 616
277 636
277 645
277 648
277 658
277 665
277 702
277 713
277 715
277 733
277 744
277 772
277 773
277 826
277 841
277 844
277 845
277 850
277 860
277 867
277 872
277 893
277 898
277 904
277 908
277 915
277 919
277 925
277 946
277 957
277 975
277 985
277 988
277 991
277 994
278 301
278 317
278 325
278 328
278 333
278 340
278 357
278 359
278 386
278 388
278 393
278 402
278 404
278 410
278 419
278 438
278 458
278 459
278 465
278 467
278 477
278 493
278 500
278 502
278 514
278 525
278 545
278 571
278 583
278 586
278 588
278 596
278 604
278 628
278 630
278 642
278 644
278 660
278 668
278 670
278 676
278 680
278 681
278 687
278 698
278 739
278 741
278 756
278 761
278 783
278 798
278 818
278 826
278 833
278 850
278 857
278 860
278 865
278 869
278 875
278 880
278 883
278 886
278 890
278 917
278 921
278 935
278 941
278 943
278 955
278 957
278 968
278 974
278 980
278 990
279 285
279 287
279 289
279 290
279 303
279 318
279 327
279 328
279 348
279 351
279 356
279 369
279 370
279 381
279 393
279 394
279 430
279 433
279 437
279 450
279 466
279 472
279 494
279 498
279 501
279 524
279 558
279 562
279 567
279 572
279 583
279 591
279 593
279 627
279 637
279 640
279 650
279 661
279 663
279 666
279 674
279 687
279 688
279 712
279 738
279 740
279 748
279 751
279 760
279 766
279 771
279 773
279 779
279 781
279 811
279 816
279 832
279 848
279 854
279 855
279 859
279 869
279 877
279 879
279 881
279 884
279 890
279 892
279 910
279 911
279 915
279 916
279 931
279 932
279 935
279 937
279 938
279 949
279 962
279 967
279 974
279 981
279 997
280 311
280 325
280 355
280 371
280 375
280 387
280 397
280 401
280 416
280 429
280 435
280 452
280 457
280 495
280 523
280 525
280 541
280 549
280 552
280 553
280 554
280 565
280 567
280 571
280 575
280 579
280 581
280 583
280 610
280 622
280 653
280 655
280 660
280 675
280 690
280 704
280 713
280 715
280 722
280 729
280 730
280 734
280 742
280 751
280 766
280 782
280 787
280 791
280 794
280 809
280 815
280 820
280 826
280 854
280 856
280 870
280 872
280 875
280 877
280 881
280 906
280 913
280 924
280 940
280 946
280 948
280 956
280 959
280 970
280 983
280 994
281 303
281 320
281 329
281 336
281 337
281 342
281 351
281 372
281 409
281 417
281 419
281 423
281 424
281 430
281 483
281 488
281 504
281 519
281 543
281 554
281 578
281 586
281 587
281 593
281 620
281 623
281 638
281 647
281 667
281 693
281 709
281 716
281 733
281 738
281 745
281 751
281 753
281 766
281 780
281 782
281 793
281 810
281 837
281 839
281 858
281 867
281 873
281 878
281 890
281 897
281 901
281 926
281 931
281 948
281 956
281 965
281 992
281 994
281 996
282 292
282 298
282 311
282 338
282 353
282 362
282 364
282 384
282 385
282 398
282 403
282 430
282 438
282 446
282 454
282 456
282 461
282 464
282 492
282 493
282 503
282 507
282 509
282 512
282 514
282 537
282 538
282 542
282 558
282 560
282 561
282 573
282 574
282 586
282 611
282 612
282 646
282 677
282 679
282 687
282 710
282 741
282 753
282 756
282 757
282 759
282 761
282 763
282 769
282 793
282 801
282 803
282 808
282 811
282 819
282 833
282 842
282 867
282 878
282 881
282 888
282 897
282 898
282 904
282 913
282 916
282 918
282 947
282 976
282 979
282 995
283 287
283 292
283 298
283 304
283 308
283 313
283 316
283 320
283 323
283 326
283 330
283 333
283 339
283 366
283 368
283 382
283 395
283 396
283 406
283 456
283 460
283 466
283 472
283 479
283 484
283 486
283 527
283 558
283 561
283 571
283 583
283 601
283 613
283 615
283 620
283 631
283 655
283 672
283 674
283 689
283 694
283 727
283 732
283 755
283 762
283 770
283 776
283 778
283 788
283 799
283 804
283 809
283 820
283 828
283 839
283 846
283 849
283 852
283 857
283 872
283 875
283 876
283 877
283 880
283 887
283 892
283 900
283 904
283 906
283 907
283 909
283 926
283 939
283 946
283 950
283 952
283 963
283 972
283 973
283 985
284 294
284 298
284 324
284 334
284 341
284 349
284 354
284 357
284 388
284 392
284 410
284 413
284 421
284 422
284 442
284 449
284 454
284 455
284 456
284 468
284 473
284 475
284 487
284 509
284 528
284 558
284 574
284 584
284 585
284 591
284 600
284 613
284 618
284 627
284 635
284 647
284 679
284 687
284 693
284 706
284 710
284 716
284 722
284 723
284 731
284 743
284 768
284 774
284 786
284 802
284 839
284 853
284 866
284 873
284 874
284 877
284 894
284 918
284 920
284 925
284 927
284 941
284 945
284 949
284 959
284 965
284 984
284 987
284 988
284 992
284 996
285 289
285 291
285 294
285 311
285 324
285 327
285 338
285 350
285 356
285 376
285 378
285 386
285 431
285 439
285 445
285 447
285 449
285 450
285 480
285 495
285 513
285 526
285 547
285 554
285 555
285 559
285 564
285 568
285 576
285 580
285 582
285 585
285 591
285 606
285 635
285 637
285 639
285 651
285 660
285 668
285 674
285 683
285 685
285 715
285 719
285 724
285 737
285 744
285 746
285 753
285 789
285 804
285 814
285 820
285 837
285 838
285 839
285 846
285 856
285 863
285 888
285 894
285 899
285 900
285 902
285 918
285 921
285 934
285 944
285 951
285 981
285 984
285 997
286 291
286 312
286 315
286 321
286 322
286 324
286 331
286 336
286 337
286 341
286 349
286 355
286 374
286 411
286 412
286 433
286 464
286 479
286 485
286 487
286 494
286 499
286 506
286 509
286 525
286 533
286 534
286 538
286 542
286 562
286 566
286 571
286 579
286 583
286 591
286 594
286 596
286 597
286 604
286 614
286 623
286 640
286 644
286 650
286 688
286 705
286 709
286 720
286 726
286 730
286 739
286 745
286 765
286 773
286 780
286 783
286 798
286 806
286 811
286 814
286 819
286 852
286 854
286 855
286 861
286 880
286 887
286 899
286 918
286 964
286 968
286 972
286 979
286 986
286 989
287 309
287 317
287 321
287 322
287 333
287 340
287 349
287 357
287 359
287 360
287 369
287 393
287 398
287 400
287 408
287 412
287 418
287 429
287 431
287 448
287 450
287 455
287 458
287 467
287 469
287 480
287 503
287 517
287 518
287 556
287 559
287 565
287 568
287 570
287 578
287 580
287 587
287 591
287 596
287 601
287 602
287 609
287 611
287 650
287 656
287 678
287 689
287 693
287 696
287 704
287 718
287 724
287 731
287 734
287 742
287 752
287 770
287 791
287 799
287 821
287 827
287 833
287 836
287 854
287 861
287 887
287 900
287 929
287 936
287 941
287 942
287 944
287 953
287 958
287 975
287 980
287 989
287 991
287 997
288 329
288 333
288 339
288 348
288 353
288 383
288 404
288 408
288 445
288 449
288 455
288 475
288 481
288 482
288 485
288 496
288 499
288 507
288 538
288 549
288 551
288 556
288 558
288 588
288 598
288 610
288 617
288 632
288 646
288 655
288 657
288 690
288 699
288 704
288 715
288 735
288 736
288 761
288 765
288 769
288 783
288 795
288 797
288 809
288 811
288 827
288 831
288 850
288 860
288 877
288 880
288 881
288 882
288 896
288 904
288 905
288 950
288 955
288 958
288 964
288 974
288 976
288 978
289 296
289 301
289 311
289 314
289 324
289 333
289 334
289 343
289 368
289 378
289 379
289 399
289 402
289 451
289 453
289 491
289 504
289 512
289 519
289 523
289 531
289 543
289 546
289 550
289 552
289 588
289 592
289 601
289 622
289 635
289 638
289 656
289 679
289 688
289 707
289 711
289 714
289 721
289 731
289 736
289 737
289 739
289 751
289 763
289 775
289 781
289 804
289 820
289 825
289 829
289 830
289 833
289 835
289 836
289 851
289 885
289 893
289 901
289 916
289 918
289 942
289 966
289 978
289 980
289 988
289 992
289 995
290 305
290 311
290 325
290 327
290 330
290 342
290 344
290 346
290 349
290 351
290 369
290 408
290 424
290 425
290 441
290 447
290 488
290 489
290 516
290 520
290 525
290 527
290 531
290 535
290 547
290 565
290 578
290 584
290 599
290 613
290 622
290 634
290 638
290 678
290 694
290 706
290 719
290 726
290 736
290 742
290 748
290 755
290 767
290 786
290 792
290 835
290 841
290 852
290 866
290 876
290 892
290 895
290 917
290 924
290 946
290 949
291 292
291 299
291 307
291 317
291 320
291 330
291 335
291 337
291 358
291 378
291 382
291 406
291 409
291 410
291 418
291 428
291 449
291 451
291 494
291 503
291 525
291 527
291 542
291 552
291 572
291 576
291 596
291 615
291 619
291 628
291 631
291 645
291 650
291 653
291 660
291 662
291 668
291 684
291 701
291 703
291 717
291 718
291 720
291 731
291 733
291 736
291 739
291 744
291 747
291 751
291 759
291 763
291 772
291 781
291 809
291 822
291 829
291 833
291 848
291 870
291 871
291 872
291 873
291 875
291 896
291 899
291 906
291 909
291 924
291 929
291 934
291 937
291 938
291 940
291 942
291 948
291 956
291 962
291 963
291 988
291 989
292 295
292 314
292 315
292 333
292 335
292 339
292 345
292 355
292 365
292 381
292 382
292 383
292 385
292 388
292 390
292 391
292 419
292 424
292 429
292 432
292 433
292 444
292 479
292 485
292 486
292 490
292 491
292 495
292 506
292 512
292 521
292 525
292 531
292 534
292 546
292 551
292 558
292 559
292 568
292 579
292 585
292 592
292 622
292 628
292 642
292 691
292 700
292 703
292 715
292 722
292 723
292 727
292 749
292 754
292 784
292 803
292 808
292 809
292 812
292 814
292 817
292 827
292 866
292 876
292 888
292 903
292 921
292 938
292 943
292 946
292 947
292 964
292 969
292 975
292 988
292 995
292 997
293 296
293 324
293 326
293 328
293 347
293 366
293 376
293 381
293 394
293 405
293 411
293 413
293 414
293 416
293 430
293 436
293 457
293 462
293 465
293 472
293 483
293 486
293 496
293 515
293 523
293 540
293 550
293 551
293 558
293 582
293 605
293 612
293 626
293 643
293 659
293 660
293 670
293 700
293 701
293 716
293 717
293 733
293 738
293 744
293 749
293 750
293 757
293 764
293 767
293 784
293 788
293 793
293 794
293 797
293 799
293 812
293 813
293 832
293 833
293 857
293 858
293 869
293 878
293 891
293 909
293 942
293 944
293 966
293 987
294 297
294 303
294 307
294 324
294 332
294 345
294 352
294 363
294 389
294 393
294 396
294 411
294 417
294 420
294 421
294 430
294 440
294 441
294 444
294 457
294 483
294 489
294 496
294 497
294 506
294 516
294 517
294 527
294 539
294 543
294 555
294 559
294 562
294 572
294 578
294 588
294 597
294 619
294 620
294 658
294 659
294 663
294 673
294 676
294 677
294 678
294 689
294 690
294 724
294 727
294 736
294 745
294 752
294 763
294 782
294 783
294 784
294 785
294 786
294 798
294 805
294 814
294 817
294 826
294 843
294 858
294 885
294 889
294 890
294 965
294 976
294 997
295 308
295 345
295 349
295 367
295 369
295 374
295 379
295 388
295 395
295 417
295 422
295 433
295 453
295 468
295 492
295 505
295 508
295 509
295 511
295 516
295 526
295 538
295 544
295 547
295 576
295 581
295 606
295 612
295 642
295 648
295 650
295 660
295 687
295 690
295 705
295 709
295 712
295 726
295 729
295 742
295 753
295 769
295 775
295 778
295 796
295 800
295 807
295 810
295 840
295 841
295 846
295 868
295 873
295 874
295 881
295 882
295 883
295 887
295 900
295 921
295 923
295 938
295 946
295 955
295 980
295 992
295 994
296 297
296 301
296 305
296 322
296 351
296 356
296 368
296 380
296 389
296 403
296 431
296 435
296 438
296 446
296 449
296 453
296 508
296 513
296 546
296 547
296 556
296 573
296 578
296 580
296 582
296 589
296 591
296 613
296 614
296 616
296 618
296 629
296 630
296 631
296 656
296 673
296 729
296 734
296 743
296 759
296 764
296 768
296 775
296 781
296 785
296 788
296 834
296 844
296 858
296 859
296 871
296 924
296 972
296 976
296 983
296 984
296 998
297 301
297 311
297 317
297 337
297 338
297 343
297 381
297 382
297 383
297 388
297 407
297 410
297 427
297 431
297 439
297 460
297 472
297 475
297 497
297 519
297 522
297 551
297 554
297 578
297 585
297 591
297 595
297 614
297 628
297 640
297 661
297 685
297 689
297 694
297 703
297 704
297 707
297 729
297 732
297 739
297 742
297 747
297 752
297 770
297 777
297 781
297 784
297 804
297 810
297 812
297 817
297 834
297 855
297 866
297 887
297 890
297 925
297 930
297 941
297 947
297 949
297 964
297 967
297 974
298 312
298 313
298 319
298 322
298 324
298 329
298 332
298 333
298 360
298 400
298 409
298 431
298 443
298 452
298 461
298 483
298 484
298 485
298 489
298 494
298 503
298 507
298 534
298 543
298 551
298 560
298 583
298 586
298 595
298 614
298 625
298 636
298 648
298 658
298 680
298 685
298 687
298 705
298 711
298 732
298 743
298 752
298 758
298 772
298 780
298 781
298 782
298 784
298 785
298 809
298 845
298 858
298 877
298 889
298 896
298 908
298 916
298 921
298 942
298 948
298 949
298 959
298 962
298 974
298 990
299 308
299 314
299 316
299 321
299 328
299 340
299 345
299 377
299 388
299 395
299 396
299 398
299 404
299 408
299 412
299 414
299 434
299 439
299 440
299 444
299 456
299 471
299 491
299 503
299 546
299 550
299 562
299 568
299 576
299 584
299 588
299 640
299 656
299 675
299 681
299 693
299 705
299 712
299 713
299 720
299 738
299 745
299 755
299 764
299 768
299 771
299 772
299 862
299 896
299 918
299 925
299 926
299 944
299 958
299 964
299 966
299 974
299 979
299 998
300 319
300 344
300 356
300 358
300 366
300 369
300 375
300 383
300 399
300 424
300 443
300 452
300 454
300 455
300 457
300 468
300 482
300 486
300 501
300 529
300 565
300 589
300 590
300 600
300 603
300 609
300 625
300 650
300 658
300 672
300 697
300 698
300 728
300 733
300 745
300 753
300 756
300 758
300 763
300 780
300 787
300 796
300 800
300 806
300 812
300 820
300 854
300 862
300 864
300 920
300 930
300 935
300 941
300 966
300 982
300 996
300 999
301 350
301 356
301 365
301 367
301 369
301 374
301 375
301 378
301 387
301 431
301 432
301 441
301 461
301 469
301 481
301 500
301 506
301 514
301 517
301 533
301 536
301 540
301 542
301 543
301 562
301 565
301 572
301 579
301 624
301 650
301 666
301 679
301 680
301 705
301 713
301 728
301 730
301 738
301 752
301 762
301 763
301 766
301 771
301 777
301 802
301 825
301 826
301 827
301 838
301 841
301 844
301 850
301 858
301 864
301 870
301 872
301 889
301 893
301 901
301 905
301 907
301 908
301 913
301 917
301 918
301 926
301 933
301 937
301 938
301 949
301 952
301 961
301 964
301 970
301 973
301 981
301 994
301 996
301 997
302 314
302 318
302 329
302 337
302 344
302 347
302 358
302 372
302 373
302 375
302 379
302 389
302 392
302 397
302 400
302 401
302 410
302 417
302 419
302 429
302 432
302 470
302 476
302 477
302 495
302 510
302 521
302 526
302 538
302 539
302 541
302 545
302 555
302 571
302 572
302 603
302 606
302 619
302 625
302 629
302 639
302 641
302 661
302 669
302 673
302 676
302 679
302 698
302 728
302 737
302 748
302 760
302 771
302 781
302 784
302 786
302 788
302 803
302 806
302 807
302 810
302 813
302 829
302 831
302 836
302 859
302 872
302 879
302 895
302 910
302 926
302 935
302 945
302 955
302 971
302 983
302 995
303 314
303 318
303 338
303 342
303 355
303 382
303 395
303 399
303 406
303 408
303 419
303 427
303 430
303 478
303 497
303 499
303 505
303 510
303 526
303 531
303 543
303 552
303 558
303 563
303 583
303 599
303 601
303 603
303 607
303 608
303 619
303 627
303 629
303 638
303 643
303 649
303 650
303 652
303 657
303 662
303 667
303 680
303 682
303 685
303 696
303 719
303 720
303 727
303 728
303 747
303 759
303 811
303 827
303 831
303 836
303 849
303 851
303 852
303 857
303 859
303 862
303 865
303 883
303 895
303 896
303 899
303 911
303 931
303 949
303 951
303 961
303 976
303 980
303 998
304 314
304 331
304 335
304 336
304 338
304 347
304 363
304 368
304 374
304 381
304 387
304 399
304 419
304 424
304 431
304 435
304 438
304 458
304 465
304 479
304 492
304 504
304 514
304 531
304 536
304 546
304 556
304 584
304 586
304 594
304 600
304 611
304 615
304 617
304 621
304 623
304 628
304 632
304 636
304 637
304 658
304 660
304 669
304 678
304 685
304 708
304 718
304 720
304 731
304 737
304 754
304 756
304 761
304 767
304 771
304 777
304 784
304 785
304 790
304 798
304 799
304 832
304 848
304 869
304 878
304 892
304 954
304 966
304 975
304 985
304 990
304 994
305 321
305 347
305 362
305 363
305 391
305 395
305 405
305 413
305 423
305 426
305 432
305 443
305 503
305 506
305 530
305 541
305 547
305 554
305 561
305 568
305 572
305 575
305 594
305 599
305 601
305 604
305 621
305 636
305 643
305 647
305 650
305 661
305 668
305 685
305 696
305 709
305 713
305 719
305 730
305 736
305 738
305 745
305 758
305 787
305 795
305 801
305 818
305 823
305 824
305 833
305 839
305 841
305 842
305 846
305 878
305 905
305 910
305 913
305 915
305 925
305 929
305 937
305 944
305 951
305 955
305 968
305 976
305 989
305 999
306 329
306 358
306 382
306 390
306 396
306 426
306 433
306 469
306 471
306 475
306 489
306 494
306 499
306 501
306 503
306 513
306 519
306 520
306 531
306 540
306 544
306 559
306 561
306 566
306 568
306 569
306 572
306 573
306 608
306 634
306 636
306 638
306 639
306 646
306 648
306 649
306 650
306 654
306 664
306 665
306 666
306 676
306 679
306 691
306 716
306 726
306 738
306 739
306 747
306 759
306 781
306 796
306 798
306 808
306 812
306 851
306 855
306 871
306 877
306 911
306 918
306 935
306 940
306 987
307 309
307 328
307 329
307 342
307 351
307 359
307 381
307 386
307 399
307 403
307 410
307 413
307 423
307 428
307 429
307 442
307 445
307 469
307 509
307 512
307 535
307 561
307 564
307 569
307 576
307 583
307 592
307 599
307 610
307 652
307 654
307 686
307 714
307 733
307 775
307 785
307 805
307 856
307 883
307 884
307 899
307 914
307 916
307 922
307 937
307 947
307 948
307 957
307 979
307 991
307 993
308 337
308 350
308 359
308 397
308 398
308 406
308 437
308 444
308 467
308 468
308 473
308 478
308 492
308 493
308 494
308 496
308 506
308 523
308 530
308 535
308 536
308 562
308 564
308 573
308 575
308 576
308 581
308 591
308 623
308 627
308 628
308 647
308 648
308 708
308 742
308 744
308 745
308 749
308 760
308 776
308 779
308 794
308 796
308 820
308 824
308 831
308 843
308 858
308 864
308 868
308 880
308 885
308 898
308 906
308 938
308 954
308 962
308 964
308 967
309 314
309 324
309 328
309 335
309 351
309 353
309 356
309 360
309 374
309 377
309 421
309 432
309 436
309 458
309 459
309 490
309 496
309 512
309 513
309 522
309 558
309 563
309 599
309 602
309 620
309 641
309 642
309 649
309 662
309 675
309 677
309 678
309 684
309 686
309 693
309 699
309 713
309 722
309 747
309 751
309 753
309 772
309 785
309 786
309 794
309 806
309 807
309 813
309 816
309 846
309 847
309 850
309 871
309 885
309 886
309 887
309 902
309 905
309 911
309 917
309 947
309 955
309 959
309 963
309 975
309 990
309 992
310 320
310 321
310 336
310 343
310 349
310 353
310 362
310 385
310 395
310 413
310 417
310 420
310 425
310 432
310 440
310 464
310 478
310 487
310 495
310 502
310 510
310 521
310 526
310 527
310 543
310 556
310 564
310 572
310 589
310 590
310 591
310 601
310 604
310 612
310 615
310 629
310 637
310 658
310 665
310 676
310 689
310 694
310 695
310 714
310 719
310 722
310 733
310 750
310 776
310 802
310 838
310 847
310 851
310 858
310 880
310 902
310 908
310 910
310 933
310 948
310 951
310 953
310 961
310 965
310 992
311 315
311 320
311 333
311 334
311 350
311 361
311 375
311 384
311 405
311 435
311 455
311 465
311 471
311 474
311 475
311 496
311 499
311 503
311 512
311 525
311 533
311 534
311 551
311 556
311 558
311 561
311 570
311 596
311 597
311 598
311 622
311 645
311 647
311 651
311 656
311 686
311 721
311 728
311 738
311 744
311 762
311 783
311 785
311 796
311 803
311 812
311 822
311 830
311 832
311 835
311 844
311 854
311 866
311 867
311 884
311 892
311 911
311 915
311 917
311 935
311 950
311 981
311 995
312 329
312 337
312 351
312 357
312 379
312 380
312 384
312 404
312 415
312 419
312 436
312 440
312 445
312 454
312 465
312 474
312 495
312 517
312 526
312 533
312 550
312 551
312 559
312 575
312 577
312 578
312 592
312 595
312 626
312 640
312 643
312 676
312 680
312 681
312 697
312 700
312 704
312 715
312 756
312 759
312 766
312 769
312 805
312 806
312 824
312 826
312 853
312 860
312 866
312 910
312 918
312 938
312 947
312 950
312 962
312 976
312 978
312 984
312 989
312 996
313 327
313 329
313 335
313 358
313 368
313 372
313 377
313 397
313 401
313 422
313 459
313 464
313 470
313 474
313 476
313 484
313 508
313 518
313 529
313 532
313 534
313 548
313 556
313 564
313 567
313 589
313 599
313 631
313 640
313 644
313 647
313 648
313 655
313 660
313 663
313 669
313 673
313 676
313 681
313 690
313 691
313 705
313 706
313 707
313 718
313 720
313 728
313 732
313 739
313 749
313 758
313 777
313 782
313 783
313 800
313 813
313 816
313 817
313 835
313 842
313 877
313 879
313 909
313 938
313 944
313 951
313 960
313 976
313 993
314 324
314 339
314 340
314 347
314 355
314 364
314 389
314 392
314 399
314 402
314 406
314 411
314 420
314 424
314 433
314 442
314 453
314 472
314 478
314 492
314 502
314 511
314 514
314 516
314 517
314 552
314 560
314 570
314 577
314 580
314 602
314 618
314 619
314 625
314 628
314 630
314 642
314 648
314 671
314 714
314 719
314 759
314 765
314 782
314 783
314 811
314 816
314 821
314 845
314 849
314 850
314 862
314 873
314 892
314 899
314 921
314 927
314 932
314 940
314 952
314 970
314 972
314 983
314 984
314 986
314 987
314 993
314 994
315 329
315 349
315 364
315 369
315 374
315 380
315 382
315 385
315 403
315 418
315 427
315 446
315 450
315 465
315 471
315 472
315 502
315 515
315 518
315 520
315 537
315 563
315 572
315 581
315 597
315 605
315 612
315 615
315 622
315 624
315 630
315 643
315 663
315 672
315 687
315 702
315 703
315 705
315 722
315 723
315 724
315 729
315 746
315 750
315 756
315 778
315 779
315 795
315 798
315 815
315 822
315 833
315 837
315 847
315 850
315 855
315 864
315 876
315 883
315 913
315 921
315 946
315 950
315 958
315 959
315 971
315 974
315 976
316 319
316 329
316 346
316 349
316 369
316 385
316 390
316 391
316 394
316 395
316 400
316 429
316 452
316 453
316 455
316 472
316 476
316 518
316 541
316 550
316 561
316 589
316 596
316 605
316 609
316 622
316 629
316 637
316 647
316 648
316 667
316 675
316 687
316 699
316 700
316 709
316 713
316 726
316 733
316 735
316 738
316 747
316 756
316 775
316 792
316 803
316 805
316 811
316 818
316 822
316 825
316 842
316 847
316 875
316 878
316 888
316 898
316 921
316 925
316 928
316 938
316 947
316 959
316 962
316 964
316 974
316 988
316 998
317 321
317 323
317 325
317 351
317 355
317 364
317 368
317 390
317 391
317 406
317 418
317 426
317 427
317 429
317 430
317 432
317 442
317 458
317 484
317 490
317 493
317 496
317 505
317 514
317 518
317 519
317 527
317 531
317 534
317 549
317 574
317 578
317 603
317 613
317 617
317 629
317 644
317 659
317 666
317 669
317 672
317 706
317 713
317 721
317 754
317 757
317 766
317 768
317 769
317 771
317 776
317 795
317 841
317 849
317 863
317 866
317 869
317 873
317 883
317 885
317 907
317 917
317 933
317 935
317 939
317 940
317 946
317 973
317 977
317 981
317 993
317 997
318 321
318 331
318 358
318 364
318 367
318 370
318 397
318 429
318 430
318 432
318 436
318 441
318 468
318 480
318 488
318 490
318 521
318 529
318 538
318 547
318 576
318 587
318 613
318 624
318 656
318 662
318 666
318 667
318 668
318 675
318 678
318 686
318 703
318 710
318 712
318 716
318 718
318 724
318 757
318 762
318 780
318 787
318 804
318 819
318 820
318 821
318 860
318 865
318 877
318 897
318 906
318 924
318 938
318 947
319 324
319 327
319 329
319 362
319 396
319 400
319 405
319 409
319 428
319 440
319 451
319 454
319 457
319 482
319 502
319 505
319 507
319 512
319 518
319 544
319 570
319 572
319 589
319 592
319 593
319 596
319 598
319 601
319 607
319 613
319 636
319 638
319 646
319 662
319 663
319 672
319 681
319 686
319 690
319 693
319 694
319 702
319 705
319 738
319 743
319 751
319 772
319 829
319 835
319 840
319 843
319 857
319 878
319 888
319 891
319 896
319 897
319 914
319 922
319 946
319 954
319 956
319 960
319 965
319 968
319 984
319 987
319 994
320 321
320 326
320 327
320 333
320 337
320 381
320 388
320 393
320 400
320 412
320 418
320 462
320 464
320 468
320 476
320 484
320 503
320 516
320 519
320 527
320 533
320 544
320 548
320 554
320 556
320 557
320 572
320 589
320 597
320 606
320 608
320 638
320 642
320 650
320 679
320 681
320 687
320 689
320 690
320 700
320 708
320 709
320 718
320 725
320 735
320 748
320 766
320 770
320 774
320 776
320 793
320 798
320 805
320 809
320 825
320 829
320 839
320 845
320 891
320 894
320 921
320 928
320 932
320 954
320 962
320 965
320 973
320 974
320 986
320 994
321 328
321 339
321 347
321 349
321 350
321 360
321 369
321 373
321 376
321 381
321 382
321 386
321 393
321 398
321 408
321 415
321 421
321 422
321 427
321 430
321 433
321 460
321 470
321 471
321 472
321 473
321 495
321 505
321 514
321 521
321 523
321 546
321 552
321 580
321 613
321 616
321 627
321 636
321 643
321 648
321 654
321 657
321 669
321 717
321 719
321 734
321 736
321 739
321 786
321 817
321 825
321 847
321 851
321 853
321 880
321 884
321 907
321 908
321 918
321 931
321 940
321 968
321 972
321 978
321 989
322 344
322 350
322 368
322 389
322 392
322 407
322 408
322 447
322 455
322 461
322 462
322 474
322 475
322 482
322 490
322 509
322 510
322 528
322 529
322 549
322 551
322 562
322 564
322 573
322 576
322 591
322 595
322 605
322 622
322 626
322 647
322 662
322 667
322 668
322 671
322 685
322 696
322 743
322 770
322 774
322 782
322 785
322 792
322 805
322 811
322 817
322 820
322 823
322 841
322 842
322 850
322 851
322 852
322 865
322 869
322 876
322 877
322 894
322 902
322 907
322 908
322 935
322 949
322 972
322 983
322 984
322 989
323 327
323 339
323 343
323 344
323 357
323 367
323 387
323 394
323 402
323 411
323 416
323 432
323 452
323 459
323 474
323 488
323 493
323 503
323 504
323 553
323 562
323 570
323 571
323 572
323 602
323 609
323 637
323 645
323 646
323 648
323 657
323 660
323 671
323 677
323 692
323 699
323 710
323 711
323 713
323 716
323 734
323 753
323 758
323 773
323 797
323 801
323 807
323 812
323 820
323 830
323 844
323 856
323 902
323 909
323 916
323 932
323 936
323 944
323 950
323 961
323 967
323 969
323 984
324 334
324 347
324 350
324 373
324 374
324 383
324 388
324 431
324 438
324 463
324 473
324 477
324 482
324 488
324 491
324 503
324 512
324 527
324 535
324 542
324 549
324 550
324 555
324 559
324 568
324 571
324 583
324 596
324 612
324 618
324 627
324 645
324 664
324 666
324 669
324 683
324 688
324 695
324 709
324 719
324 725
324 735
324 736
324 751
324 753
324 758
324 760
324 808
324 813
324 816
324 817
324 847
324 850
324 860
324 861
324 878
324 891
324 894
324 907
324 910
324 927
324 931
324 954
324 961
324 963
324 966
324 975
324 984
325 326
325 335
325 340
325 347
325 348
325 350
325 361
325 363
325 384
325 421
325 427
325 431
325 444
325 473
325 475
325 490
325 500
325 509
325 511
325 512
325 514
325 518
325 533
325 534
325 541
325 549
325 551
325 568
325 570
325 586
325 588
325 591
325 618
325 642
325 648
325 650
325 659
325 661
325 662
325 677
325 692
325 713
325 722
325 735
325 747
325 767
325 782
325 790
325 791
325 794
325 806
325 813
325 815
325 825
325 833
325 834
325 836
325 838
325 848
325 851
325 859
325 873
325 875
325 885
325 891
325 911
325 938
325 961
325 962
325 967
325 975
325 980
325 982
325 998
326 338
326 342
326 343
326 347
326 362
326 365
326 368
326 370
326 382
326 393
326 404
326 405
326 409
326 427
326 431
326 448
326 503
326 510
326 524
326 543
326 546
326 552
326 557
326 562
326 566
326 570
326 573
326 582
326 585
326 586
326 597
326 609
326 611
326 616
326 621
326 622
326 628
326 629
326 630
326 635
326 636
326 649
326 655
326 666
326 687
326 690
326 704
326 705
326 745
326 749
326 761
326 770
326 781
326 787
326 788
326 792
326 793
326 795
326 803
326 804
326 805
326 852
326 864
326 872
326 879
326 890
326 898
326 905
326 906
326 909
326 939
326 945
326 973
326 975
326 989
326 990
326 998
326 999
327 344
327 348
327 357
327 367
327 378
327 380
327 384
327 387
327 391
327 400
327 414
327 426
327 454
327 455
327 456
327 465
327 466
327 469
327 475
327 476
327 494
327 498
327 518
327 519
327 520
327 539
327 542
327 560
327 571
327 586
327 591
327 592
327 602
327 603
327 607
327 611
327 629
327 642
327 651
327 652
327 656
327 671
327 676
327 680
327 708
327 712
327 714
327 737
327 747
327 753
327 756
327 782
327 789
327 790
327 802
327 810
327 823
327 826
327 846
327 851
327 854
327 865
327 887
327 897
327 904
327 914
327 924
327 928
327 933
327 943
327 956
327 957
327 960
327 971
327 980
327 982
327 983
327 999
328 330
328 348
328 350
328 358
328 359
328 365
328 369
328 385
328 387
328 396
328 398
328 406
328 423
328 426
328 427
328 430
328 439
328 456
328 465
328 489
328 513
328 514
328 530
328 553
328 575
328 577
328 580
328 592
328 595
328 603
328 625
328 628
328 651
328 658
328 701
328 707
328 708
328 709
328 724
328 740
328 767
328 776
328 780
328 784
328 796
328 806
328 807
328 822
328 825
328 828
328 831
328 838
328 849
328 868
328 879
328 880
328 893
328 901
328 915
328 918
328 927
328 938
328 943
328 981
328 982
328 985
328 989
329 383
329 389
329 413
329 419
329 433
329 441
329 460
329 464
329 471
329 477
329 521
329 522
329 535
329 542
329 547
329 551
329 561
329 565
329 569
329 575
329 595
329 604
329 607
329 632
329 641
329 653
329 663
329 685
329 690
329 695
329 727
329 738
329 741
329 746
329 747
329 757
329 763
329 788
329 792
329 793
329 804
329 807
329 808
329 813
329 815
329 835
329 871
329 882
329 894
329 912
329 920
329 923
329 927
329 928
329 929
329 930
329 939
329 946
329 947
329 949
329 970
329 983
329 993
329 998
330 352
330 371
330 373
330 385
330 406
330 421
330 447
330 455
330 470
330 482
330 484
330 493
330 498
330 516
330 534
330 535
330 539
330 543
330 547
330 550
330 555
330 560
330 562
330 570
330 571
330 576
330 589
330 609
330 623
330 631
330 633
330 637
330 648
330 649
330 653
330 655
330 666
330 671
330 672
330 688
330 717
330 720
330 722
330 735
330 744
330 745
330 750
330 774
330 780
330 785
330 789
330 805
330 815
330 838
330 842
330 845
330 849
330 864
330 903
330 911
330 913
330 915
330 925
330 962
330 977
330 987
330 989
330 998
331 342
331 361
331 385
331 389
331 391
331 394
331 395
331 411
331 418
331 419
331 443
331 468
331 477
331 483
331 487
331 490
331 499
331 509
331 519
331 539
331 554
331 564
331 569
331 570
331 580
331 597
331 602
331 606
331 649
331 653
331 654
331 656
331 660
331 681
331 692
331 694
331 698
331 702
331 718
331 725
331 726
331 732
331 739
331 740
331 745
331 747
331 750
331 769
331 773
331 778
331 782
331 789
331 798
331 804
331 830
331 833
331 843
331 845
331 851
331 889
331 893
331 896
331 903
331 907
331 909
331 922
331 923
331 925
331 948
331 973
331 975
331 991
332 337
332 338
332 351
332 393
332 397
332 418
332 427
332 429
332 449
332 463
332 466
332 472
332 474
332 488
332 526
332 545
332 557
332 567
332 576
332 578
332 587
332 598
332 603
332 604
332 610
332 612
332 615
332 624
332 638
332 668
332 669
332 677
332 685
332 709
332 713
332 718
332 724
332 740
332 744
332 760
332 814
332 820
332 842
332 843
332 902
332 907
332 916
332 921
332 923
332 954
332 981
332 982
333 335
333 359
333 361
333 366
333 381
333 387
333 401
333 402
333 414
333 419
333 468
333 496
333 514
333 542
333 549
333 554
333 579
333 588
333 592
333 594
333 610
333 623
333 636
333 642
333 643
333 653
333 661
333 678
333 683
333 694
333 698
333 702
333 730
333 737
333 750
333 758
333 759
333 760
333 770
333 806
333 811
333 815
333 829
333 870
333 888
333 893
333 917
333 931
333 948
333 953
333 956
333 960
333 971
333 975
333 977
333 994
333 995
333 996
334 341
334 346
334 353
334 365
334 373
334 381
334 397
334 398
334 407
334 457
334 461
334 471
334 487
334 522
334 554
334 562
334 566
334 568
334 585
334 589
334 607
334 615
334 617
334 631
334 633
334 635
334 643
334 644
334 649
334 658
334 671
334 682
334 685
334 697
334 702
334 704
334 726
334 748
334 750
334 759
334 767
334 785
334 800
334 811
334 821
334 831
334 834
334 835
334 841
334 844
334 857
334 889
334 892
334 907
334 908
334 913
334 915
334 922
334 930
334 945
334 947
334 949
334 956
334 963
334 978
334 983
334 997
335 337
335 339
335 345
335 364
335 370
335 378
335 392
335 413
335 414
335 417
335 420
335 443
335 450
335 473
335 478
335 479
335 486
335 489
335 498
335 506
335 519
335 551
335 554
335 565
335 567
335 570
335 571
335 572
335 573
335 603
335 619
335 623
335 628
335 632
335 634
335 636
335 640
335 644
335 646
335 656
335 677
335 693
335 707
335 720
335 728
335 736
335 737
335 738
335 745
335 775
335 776
335 777
335 778
335 782
335 791
335 800
335 815
335 821
335 847
335 856
335 861
335 863
335 870
335 888
335 893
335 896
335 898
335 900
335 903
335 915
335 925
335 938
335 940
335 945
335 958
335 964
335 971
335 989
336 341
336 348
336 352
336 383
336 386
336 411
336 417
336 423
336 440
336 444
336 456
336 459
336 468
336 476
336 479
336 495
336 496
336 513
336 528
336 546
336 575
336 577
336 587
336 595
336 599
336 600
336 601
336 607
336 608
336 632
336 660
336 672
336 680
336 717
336 729
336 734
336 737
336 744
336 745
336 747
336 759
336 765
336 773
336 782
336 787
336 788
336 793
336 795
336 797
336 807
336 812
336 819
336 836
336 847
336 866
336 869
336 879
336 901
336 903
336 910
336 919
336 921
336 923
336 926
336 942
336 946
336 954
336 964
336 970
336 981
336 982
336 985
336 994
336 999
337 339
337 341
337 350
337 351
337 362
337 366
337 378
337 388
337 394
337 428
337 433
337 440
337 455
337 456
337 467
337 486
337 491
337 502
337 509
337 528
337 532
337 566
337 570
337 572
337 582
337 592
337 608
337 609
337 613
337 626
337 627
337 630
337 644
337 657
337 662
337 678
337 679
337 699
337 703
337 707
337 728
337 748
337 763
337 764
337 765
337 773
337 778
337 782
337 791
337 796
337 802
337 810
337 815
337 816
337 820
337 824
337 836
337 841
337 844
337 845
337 860
337 894
337 899
337 900
337 907
337 918
337 935
337 947
337 949
337 950
337 957
337 972
337 977
337 995
338 352
338 359
338 363
338 391
338 401
338 418
338 419
338 425
338 431
338 443
338 449
338 483
338 493
338 512
338 519
338 528
338 535
338 542
338 543
338 546
338 565
338 570
338 571
338 576
338 577
338 590
338 594
338 610
338 614
338 630
338 636
338 638
338 641
338 655
338 657
338 667
338 669
338 671
338 678
338 685
338 690
338 702
338 703
338 706
338 712
338 756
338 775
338 776
338 796
338 797
338 802
338 811
338 813
338 816
338 830
338 836
338 837
338 847
338 854
338 869
338 879
338 885
338 898
338 899
338 901
338 904
338 905
338 912
338 923
338 935
338 944
338 968
338 973
338 989
338 994
339 341
339 346
339 350
339 379
339 387
339 388
339 417
339 438
339 442
339 477
339 494
339 498
339 502
339 507
339 521
339 545
339 551
339 553
339 556
339 563
339 568
339 570
339 586
339 588
339 613
339 623
339 625
339 633
339 676
339 690
339 701
339 703
339 704
339 709
339 730
339 732
339 738
339 741
339 748
339 749
339 755
339 762
339 767
339 783
339 804
339 823
339 829
339 838
339 847
339 864
339 873
339 884
339 908
339 918
339 924
339 925
339 929
339 933
339 936
339 937
339 943
339 972
339 974
339 990
339 998
340 365
340 366
340 372
340 376
340 377
340 390
340 398
340 399
340 406
340 416
340 425
340 432
340 434
340 440
340 467
340 470
340 475
340 486
340 495
340 498
340 515
340 519
340 538
340 541
340 562
340 611
340 615
340 620
340 621
340 622
340 629
340 632
340 688
340 709
340 741
340 744
340 760
340 763
340 764
340 765
340 774
340 790
340 794
340 818
340 829
340 836
340 839
340 846
340 849
340 870
340 872
340 873
340 877
340 878
340 898
340 899
340 903
340 904
340 931
340 937
340 945
340 946
340 948
340 963
340 973
340 984
340 986
341 351
341 374
341 379
341 392
341 393
341 401
341 410
341 416
341 426
341 428
341 447
341 462
341 463
341 464
341 487
341 488
341 501
341 508
341 513
341 514
341 522
341 535
341 561
341 562
341 573
341 581
341 587
341 613
341 626
341 631
341 647
341 651
341 653
341 661
341 663
341 665
341 670
341 679
341 691
341 706
341 712
341 715
341 730
341 735
341 760
341 762
341 774
341 779
341 798
341 811
341 815
341 845
341 847
341 870
341 880
341 884
341 899
341 902
341 910
341 914
341 936
341 942
341 946
341 971
341 974
341 990
341 993
341 999
342 352
342 367
342 376
342 380
342 399
342 406
342 420
342 439
342 444
342 453
342 468
342 472
342 477
342 479
342 485
342 487
342 501
342 504
342 511
342 519
342 520
342 536
342 539
342 554
342 569
342 577
342 592
342 606
342 610
342 621
342 623
342 644
342 645
342 646
342 647
342 661
342 663
342 689
342 694
342 714
342 720
342 731
342 740
342 747
342 748
342 759
342 763
342 796
342 806
342 810
342 817
342 852
342 858
342 862
342 875
342 876
342 884
342 898
342 925
342 936
342 937
342 985
343 349
343 354
343 367
343 368
343 377
343 391
343 392
343 398
343 400
343 401
343 423
343 426
343 429
343 433
343 457
343 462
343 464
343 465
343 467
343 469
343 481
343 488
343 515
343 518
343 522
343 524
343 539
343 540
343 549
343 557
343 558
343 571
343 572
343 573
343 582
343 591
343 592
343 594
343 602
343 609
343 611
343 616
343 622
343 624
343 626
343 630
343 637
343 638
343 654
343 658
343 667
343 668
343 673
343 677
343 678
343 683
343 689
343 692
343 693
343 696
343 706
343 718
343 728
343 734
343 746
343 749
343 750
343 772
343 774
343 779
343 797
343 803
343 821
343 825
343 829
343 839
343 841
343 842
343 857
343 860
343 864
343 876
343 890
343 899
343 929
343 972
343 981
344 345
344 367
344 394
344 417
344 419
344 427
344 433
344 453
344 468
344 476
344 489
344 499
344 503
344 524
344 526
344 547
344 556
344 562
344 568
344 569
344 577
344 593
344 596
344 606
344 608
344 681
344 686
344 687
344 689
344 693
344 704
344 706
344 720
344 725
344 738
344 745
344 749
344 750
344 755
344 768
344 777
344 779
344 784
344 787
344 795
344 796
344 808
344 818
344 844
344 852
344 853
344 865
344 877
344 882
344 885
344 892
344 898
344 900
344 905
344 908
344 927
344 929
344 930
344 931
344 937
344 948
344 968
344 972
344 981
344 996
345 353
345 354
345 361
345 373
345 393
345 397
345 401
345 404
345 407
345 408
345 418
345 432
345 449
345 456
345 472
345 486
345 509
345 525
345 530
345 532
345 535
345 547
345 559
345 563
345 572
345 592
345 597
345 609
345 612
345 633
345 636
345 639
345 650
345 670
345 680
345 690
345 704
345 708
345 714
345 759
345 763
345 791
345 794
345 799
345 803
345 828
345 832
345 859
345 861
345 862
345 867
345 887
345 909
345 910
345 914
345 920
345 939
345 946
345 948
345 957
345 969
345 987
346 350
346 364
346 415
346 417
346 420
346 422
346 430
346 431
346 458
346 461
346 465
346 475
346 491
346 502
346 514
346 518
346 544
346 550
346 555
346 565
346 592
346 601
346 603
346 606
346 611
346 626
346 631
346 641
346 661
346 664
346 667
346 728
346 730
346 742
346 754
346 764
346 771
346 792
346 794
346 817
346 821
346 827
346 829
346 832
346 840
346 852
346 853
346 865
346 867
346 883
346 884
346 887
346 894
346 900
346 911
346 931
346 932
346 942
346 950
346 961
346 962
346 964
346 978
346 986
347 356
347 375
347 377
347 379
347 410
347 419
347 420
347 431
347 435
347 456
347 467
347 475
347 480
347 492
347 509
347 514
347 554
347 563
347 566
347 570
347 580
347 596
347 602
347 603
347 604
347 610
347 630
347 635
347 639
347 644
347 645
347 657
347 660
347 670
347 672
347 685
347 686
347 688
347 696
347 698
347 711
347 728
347 735
347 736
347 744
347 748
347 749
347 755
347 756
347 759
347 760
347 762
347 767
347 768
347 770
347 784
347 790
347 795
347 824
347 857
347 859
347 866
347 870
347 872
347 875
347 877
347 898
347 911
347 919
347 931
347 947
347 951
347 955
347 957
347 961
347 964
347 972
347 974
347 980
347 981
347 982
347 987
347 997
347 998
348 354
348 385
348 386
348 389
348 398
348 403
348 414
348 435
348 439
348 444
348 449
348 460
348 470
348 490
348 497
348 511
348 516
348 518
348 519
348 528
348 531
348 551
348 552
348 553
348 558
348 578
348 590
348 610
348 631
348 647
348 650
348 652
348 653
348 654
348 655
348 656
348 671
348 683
348 692
348 711
348 723
348 740
348 750
348 758
348 761
348 764
348 780
348 796
348 813
348 838
348 858
348 859
348 865
348 877
348 885
348 886
348 897
348 901
348 905
348 908
348 912
348 920
348 940
348 941
348 945
348 946
348 947
348 949
348 952
348 957
348 965
348 966
348 995
348 997
349 369
349 384
349 434
349 462
349 468
349 470
349 477
349 484
349 490
349 493
349 510
349 526
349 529
349 541
349 545
349 553
349 589
349 612
349 634
349 646
349 653
349 662
349 666
349 673
349 676
349 681
349 693
349 699
349 715
349 736
349 745
349 777
349 783
349 792
349 793
349 806
349 809
349 811
349 819
349 821
349 825
349 847
349 848
349 850
349 856
349 860
349 872
349 874
349 892
349 897
349 927
349 944
350 354
350 355
350 384
350 399
350 432
350 462
350 469
350 474
350 486
350 490
350 494
350 502
350 534
350 544
350 559
350 567
350 586
350 590
350 615
350 636
350 640
350 655
350 658
350 661
350 668
350 670
350 679
350 685
350 692
350 696
350 725
350 752
350 762
350 777
350 779
350 792
350 805
350 855
350 865
350 884
350 888
350 900
350 903
350 906
350 908
350 916
350 948
350 969
350 975
350 977
350 978
351 363
351 369
351 374
351 375
351 388
351 389
351 411
351 425
351 454
351 455
351 472
351 475
351 478
351 485
351 509
351 517
351 563
351 565
351 566
351 573
351 574
351 582
351 586
351 591
351 596
351 601
351 628
351 634
351 642
351 645
351 647
351 649
351 654
351 656
351 657
351 665
351 680
351 695
351 699
351 705
351 710
351 720
351 731
351 743
351 755
351 761
351 784
351 785
351 808
351 818
351 826
351 842
351 845
351 849
351 860
351 864
351 877
351 896
351 898
351 905
351 921
351 928
351 937
351 940
351 947
351 968
351 969
351 983
351 985
351 998
352 353
352 366
352 370
352 378
352 396
352 420
352 421
352 429
352 433
352 440
352 456
352 461
352 480
352 486
352 502
352 505
352 520
352 521
352 527
352 560
352 565
352 567
352 570
352 577
352 579
352 605
352 616
352 621
352 622
352 631
352 644
352 647
352 654
352 658
352 662
352 678
352 690
352 719
352 728
352 737
352 744
352 754
352 756
352 765
352 767
352 772
352 778
352 792
352 801
352 821
352 849
352 852
352 856
352 859
352 913
352 924
352 940
352 948
352 951
352 959
352 970
352 977
352 988
352 992
353 360
353 366
353 369
353 376
353 421
353 426
353 464
353 465
353 499
353 513
353 521
353 535
353 567
353 573
353 574
353 579
353 590
353 593
353 612
353 631
353 649
353 665
353 678
353 687
353 690
353 694
353 695
353 722
353 726
353 731
353 738
353 760
353 770
353 796
353 800
353 810
353 817
353 820
353 833
353 843
353 878
353 884
353 892
353 903
353 907
353 916
353 925
353 930
353 937
353 942
353 944
353 957
353 971
353 972
353 973
353 983
353 993
353 997
354 357
354 368
354 375
354 377
354 380
354 392
354 416
354 425
354 434
354 449
354 457
354 460
354 493
354 495
354 528
354 533
354 536
354 542
354 545
354 553
354 554
354 556
354 565
354 582
354 584
354 596
354 633
354 634
354 656
354 657
354 663
354 676
354 677
354 710
354 723
354 727
354 730
354 740
354 765
354 785
354 801
354 808
354 817
354 824
354 835
354 841
354 842
354 845
354 885
354 892
354 898
354 902
354 904
354 909
354 916
354 936
354 945
354 948
354 949
354 950
354 956
354 975
354 979
354 984
355 389
355 403
355 406
355 418
355 437
355 464
355 472
355 497
355 499
355 524
355 547
355 568
355 575
355 579
355 595
355 640
355 652
355 656
355 661
355 668
355 681
355 701
355 707
355 710
355 721
355 726
355 733
355 743
355 750
355 759
355 775
355 779
355 781
355 785
355 820
355 829
355 831
355 834
355 837
355 842
355 863
355 907
355 944
355 953
355 972
355 995
356 361
356 365
356 366
356 386
356 387
356 392
356 409
356 411
356 415
356 419
356 427
356 449
356 463
356 471
356 509
356 538
356 542
356 543
356 544
356 545
356 547
356 553
356 570
356 585
356 589
356 590
356 602
356 608
356 614
356 622
356 631
356 634
356 647
356 668
356 671
356 679
356 682
356 697
356 699
356 707
356 711
356 732
356 733
356 738
356 751
356 766
356 768
356 774
356 778
356 779
356 815
356 818
356 820
356 825
356 836
356 845
356 851
356 860
356 861
356 871
356 873
356 889
356 895
356 903
356 909
356 912
356 923
356 925
356 927
356 953
356 955
356 957
356 970
357 358
357 367
357 382
357 431
357 440
357 446
357 448
357 456
357 474
357 476
357 480
357 489
357 490
357 493
357 509
357 517
357 528
357 533
357 538
357 550
357 566
357 575
357 581
357 582
357 588
357 597
357 650
357 665
357 668
357 670
357 696
357 704
357 706
357 715
357 738
357 762
357 763
357 766
357 767
357 772
357 785
357 803
357 809
357 832
357 833
357 844
357 845
357 851
357 855
357 859
357 878
357 920
357 924
357 952
357 963
357 973
357 977
357 993
358 363
358 365
358 379
358 405
358 427
358 429
358 434
358 444
358 449
358 451
358 482
358 488
358 533
358 535
358 552
358 555
358 562
358 567
358 568
358 576
358 582
358 585
358 591
358 610
358 627
358 630
358 636
358 641
358 675
358 682
358 688
358 697
358 725
358 731
358 741
358 749
358 764
358 776
358 796
358 797
358 800
358 813
358 840
358 841
358 842
358 847
358 852
358 854
358 861
358 873
358 881
358 894
358 895
358 900
358 905
358 910
358 915
358 921
358 928
358 946
358 951
358 953
358 959
358 963
358 966
358 972
358 978
358 981
359 399
359 446
359 447
359 448
359 453
359 457
359 469
359 475
359 486
359 488
359 495
359 516
359 520
359 524
359 536
359 544
359 545
359 553
359 558
359 573
359 579
359 592
359 596
359 605
359 606
359 617
359 622
359 637
359 640
359 652
359 655
359 664
359 681
359 688
359 706
359 747
359 755
359 764
359 774
359 783
359 785
359 796
359 798
359 804
359 806
359 807
359 835
359 845
359 852
359 856
359 865
359 879
359 889
359 894
359 912
359 916
359 921
359 927
359 928
359 964
359 970
359 985
359 990
359 993
359 999
360 388
360 389
360 390
360 394
360 408
360 409
360 418
360 423
360 425
360 472
360 473
360 474
360 477
360 484
360 498
360 505
360 507
360 517
360 532
360 549
360 552
360 576
360 597
360 605
360 611
360 619
360 627
360 633
360 658
360 669
360 673
360 679
360 700
360 709
360 711
360 733
360 737
360 740
360 747
360 754
360 786
360 790
360 805
360 808
360 810
360 827
360 833
360 845
360 850
360 852
360 864
360 903
360 935
360 953
360 966
360 974
360 982
360 987
360 988
360 989
361 372
361 379
361 393
361 403
361 406
361 409
361 424
361 427
361 429
361 453
361 475
361 479
361 480
361 482
361 499
361 511
361 537
361 559
361 611
361 612
361 613
361 620
361 623
361 634
361 647
361 650
361 693
361 696
361 700
361 709
361 710
361 719
361 726
361 732
361 737
361 742
361 753
361 763
361 767
361 770
361 801
361 805
361 809
361 819
361 860
361 862
361 868
361 870
361 879
361 899
361 909
361 911
361 912
361 923
361 928
361 935
361 945
361 948
361 958
361 964
361 966
361 967
361 978
362 363
362 372
362 389
362 391
362 392
362 399
362 420
362 452
362 457
362 485
362 503
362 507
362 519
362 529
362 534
362 538
362 560
362 575
362 592
362 594
362 596
362 598
362 602
362 609
362 614
362 638
362 643
362 661
362 680
362 686
362 703
362 707
362 739
362 745
362 751
362 752
362 771
362 781
362 787
362 806
362 819
362 827
362 830
362 841
362 843
362 864
362 881
362 884
362 886
362 899
362 900
362 903
362 906
362 909
362 919
362 923
362 954
362 970
362 976
362 977
362 982
362 986
362 998
363 364
363 365
363 389
363 420
363 444
363 460
363 471
363 477
363 480
363 499
363 510
363 535
363 552
363 553
363 563
363 566
363 569
363 571
363 582
363 588
363 601
363 602
363 618
363 641
363 648
363 651
363 661
363 664
363 677
363 709
363 710
363 718
363 721
363 722
363 723
363 724
363 731
363 732
363 744
363 765
363 789
363 790
363 793
363 817
363 822
363 832
363 834
363 841
363 847
363 860
363 867
363 871
363 874
363 902
363 907
363 929
363 935
363 943
363 952
363 959
363 964
363 980
363 986
363 987
363 992
363 994
363 996
364 366
364 367
364 371
364 378
364 382
364 401
364 407
364 428
364 430
364 433
364 451
364 457
364 461
364 470
364 489
364 501
364 511
364 515
364 521
364 528
364 532
364 539
364 547
364 568
364 577
364 581
364 586
364 589
364 594
364 630
364 642
364 644
364 650
364 657
364 659
364 668
364 687
364 691
364 692
364 694
364 697
364 707
364 709
364 723
364 724
364 730
364 737
364 749
364 771
364 787
364 808
364 822
364 828
364 838
364 849
364 862
364 870
364 873
364 902
364 931
364 939
364 947
364 956
364 963
364 972
364 981
364 982
365 394
365 402
365 404
365 416
365 420
365 432
365 452
365 456
365 477
365 486
365 487
365 488
365 525
365 527
365 533
365 534
365 543
365 546
365 551
365 559
365 562
365 583
365 611
365 614
365 627
365 630
365 631
365 635
365 653
365 661
365 676
365 684
365 731
365 734
365 735
365 755
365 759
365 784
365 786
365 788
365 801
365 811
365 820
365 835
365 843
365 857
365 863
365 867
365 871
365 875
365 879
365 886
365 905
365 909
365 910
365 926
365 942
365 947
365 956
365 961
365 973
365 977
365 979
365 984
365 989
365 998
366 368
366 371
366 376
366 378
366 391
366 402
366 410
366 420
366 426
366 438
366 463
366 470
366 479
366 516
366 524
366 526
366 529
366 551
366 563
366 578
366 589
366 591
366 609
366 615
366 620
366 632
366 633
366 660
366 664
366 666
366 669
366 688
366 697
366 715
366 724
366 731
366 744
366 745
366 755
366 757
366 772
366 792
366 795
366 837
366 839
366 842
366 844
366 859
366 860
366 882
366 896
366 910
366 954
366 964
367 368
367 376
367 392
367 395
367 407
367 414
367 425
367 438
367 465
367 475
367 483
367 495
367 519
367 531
367 539
367 540
367 550
367 560
367 564
367 570
367 575
367 577
367 591
367 634
367 647
367 653
367 671
367 672
367 685
367 686
367 706
367 715
367 742
367 747
367 751
367 755
367 760
367 766
367 767
367 769
367 771
367 779
367 780
367 782
367 802
367 815
367 837
367 852
367 856
367 861
367 864
367 879
367 888
367 898
367 946
367 962
367 969
367 979
367 983
367 992
367 997
368 373
368 377
368 378
368 383
368 387
368 396
368 415
368 421
368 426
368 434
368 436
368 442
368 445
368 453
368 473
368 475
368 486
368 513
368 516
368 527
368 550
368 559
368 564
368 571
368 585
368 587
368 590
368 597
368 603
368 604
368 618
368 623
368 665
368 672
368 679
368 690
368 696
368 721
368 726
368 729
368 752
368 758
368 761
368 765
368 789
368 819
368 829
368 832
368 833
368 838
368 848
368 876
368 881
368 890
368 897
368 946
368 947
368 962
368 964
368 984
368 986
369 371
369 373
369 389
369 393
369 398
369 400
369 424
369 425
369 430
369 440
369 466
369 467
369 471
369 483
369 484
369 487
369 491
369 495
369 501
369 508
369 518
369 535
369 544
369 559
369 565
369 590
369 599
369 608
369 615
369 617
369 628
369 647
369 663
369 669
369 672
369 673
369 707
369 708
369 711
369 712
369 713
369 721
369 731
369 738
369 739
369 754
369 756
369 757
369 759
369 787
369 789
369 791
369 796
369 800
369 813
369 818
369 819
369 826
369 837
369 847
369 848
369 860
369 862
369 864
369 868
369 869
369 875
369 880
369 883
369 888
369 899
369 923
369 925
369 928
369 930
369 952
369 975
369 988
369 989
370 374
370 383
370 385
370 408
370 409
370 418
370 419
370 421
370 423
370 452
370 480
370 493
370 505
370 519
370 521
370 524
370 533
370 534
370 548
370 560
370 564
370 579
370 597
370 600
370 601
370 605
370 613
370 618
370 632
370 638
370 641
370 653
370 660
370 667
370 680
370 691
370 708
370 727
370 730
370 738
370 744
370 784
370 791
370 793
370 795
370 805
370 829
370 840
370 842
370 856
370 858
370 868
370 872
370 873
370 907
370 917
370 919
370 931
370 969
370 971
370 996
371 391
371 408
371 413
371 415
371 425
371 429
371 434
371 435
371 443
371 456
371 470
371 475
371 481
371 494
371 538
371 542
371 544
371 545
371 564
371 572
371 577
371 579
371 583
371 617
371 638
371 641
371 650
371 659
371 673
371 677
371 696
371 697
371 711
371 725
371 729
371 730
371 773
371 776
371 783
371 793
371 805
371 842
371 871
371 876
371 926
371 935
371 939
371 963
371 970
371 983
371 997
372 383
372 390
372 406
372 422
372 431
372 447
372 450
372 456
372 459
372 471
372 480
372 489
372 491
372 499
372 501
372 502
372 504
372 511
372 515
372 517
372 525
372 528
372 530
372 534
372 535
372 537
372 541
372 550
372 556
372 568
372 571
372 588
372 603
372 618
372 620
372 621
372 625
372 626
372 638
372 646
372 663
372 668
372 676
372 734
372 740
372 742
372 763
372 767
372 785
372 802
372 844
372 853
372 858
372 881
372 900
372 917
372 922
372 929
372 933
372 938
372 940
372 956
372 978
372 985
372 991
373 399
373 423
373 454
373 477
373 487
373 488
373 494
373 497
373 507
373 518
373 519
373 520
373 537
373 541
373 566
373 569
373 574
373 578
373 587
373 591
373 593
373 621
373 641
373 651
373 652
373 670
373 679
373 681
373 685
373 686
373 689
373 712
373 719
373 723
373 737
373 744
373 749
373 750
373 758
373 759
373 783
373 802
373 804
373 818
373 828
373 839
373 852
373 856
373 859
373 860
373 862
373 880
373 881
373 883
373 885
373 891
373 893
373 944
373 949
373 962
373 989
373 997
374 385
374 391
374 394
374 403
374 416
374 417
374 419
374 430
374 445
374 452
374 471
374 473
374 481
374 487
374 494
374 500
374 525
374 548
374 554
374 563
374 567
374 581
374 597
374 619
374 633
374 646
374 656
374 676
374 686
374 688
374 700
374 715
374 719
374 747
374 759
374 767
374 769
374 771
374 783
374 810
374 817
374 830
374 847
374 850
374 855
374 893
374 899
374 904
374 920
374 930
374 932
374 933
374 934
374 965
374 967
374 968
374 986
374 996
375 386
375 391
375 397
375 398
375 400
375 406
375 419
375 433
375 456
375 472
375 478
375 490
375 494
375 497
375 515
375 519
375 523
375 533
375 536
375 566
375 568
375 570
375 572
375 577
375 581
375 583
375 608
375 629
375 639
375 658
375 660
375 673
375 679
375 697
375 745
375 756
375 757
375 758
375 761
375 766
375 775
375 797
375 830
375 842
375 852
375 862
375 864
375 872
375 901
375 906
375 912
375 915
375 923
375 944
375 954
375 956
375 968
375 982
375 985
375 988
375 993
376 380
376 383
376 404
376 418
376 421
376 427
376 431
376 454
376 456
376 462
376 471
376 490
376 509
376 511
376 513
376 514
376 523
376 529
376 530
376 540
376 542
376 546
376 559
376 562
376 564
376 580
376 587
376 609
376 621
376 630
376 631
376 633
376 647
376 656
376 664
376 666
376 679
376 684
376 699
376 705
376 720
376 726
376 741
376 760
376 761
376 764
376 771
376 773
376 781
376 788
376 809
376 827
376 832
376 859
376 890
376 895
376 900
376 914
376 932
376 954
376 971
376 973
376 975
376 976
376 993
376 996
377 406
377 410
377 417
377 422
377 439
377 442
377 448
377 464
377 466
377 468
377 474
377 496
377 500
377 510
377 522
377 523
377 538
377 553
377 555
377 559
377 585
377 590
377 597
377 630
377 633
377 634
377 672
377 687
377 690
377 706
377 723
377 738
377 744
377 750
377 754
377 761
377 764
377 769
377 770
377 773
377 781
377 790
377 806
377 807
377 820
377 821
377 826
377 855
377 857
377 869
377 880
377 887
377 888
377 889
377 892
377 895
377 911
377 942
377 950
377 955
377 979
378 392
378 394
378 400
378 406
378 416
378 418
378 435
378 445
378 450
378 454
378 462
378 474
378 476
378 483
378 485
378 495
378 496
378 497
378 516
378 541
378 543
378 568
378 575
378 579
378 593
378 601
378 605
378 612
378 618
378 648
378 652
378 653
378 656
378 669
378 675
378 679
378 688
378 690
378 694
378 703
378 710
378 723
378 727
378 735
378 736
378 755
378 773
378 775
378 779
378 783
378 787
378 799
378 834
378 846
378 849
378 851
378 858
378 867
378 870
378 874
378 877
378 882
378 886
378 893
378 912
378 919
378 928
378 935
378 957
378 991
378 996
379 386
379 404
379 410
379 415
379 420
379 426
379 446
379 452
379 453
379 467
379 473
379 499
379 529
379 540
379 550
379 555
379 565
379 569
379 572
379 577
379 579
379 588
379 592
379 613
379 616
379 617
379 620
379 621
379 622
379 630
379 632
379 633
379 638
379 640
379 649
379 687
379 690
379 697
379 699
379 732
379 739
379 740
379 751
379 753
379 757
379 762
379 764
379 805
379 813
379 827
379 837
379 864
379 895
379 898
379 902
379 909
379 912
379 947
379 951
379 971
379 974
379 977
379 991
379 998
380 388
380 401
380 416
380 417
380 454
380 460
380 462
380 465
380 466
380 471
380 480
380 482
380 493
380 511
380 520
380 527
380 530
380 581
380 609
380 619
380 622
380 632
380 636
380 664
380 677
380 684
380 685
380 686
380 694
380 699
380 725
380 727
380 749
380 754
380 760
380 773
380 775
380 776
380 779
380 789
380 794
380 802
380 808
380 812
380 816
380 826
380 843
380 847
380 851
380 864
380 871
380 874
380 885
380 908
380 913
380 925
380 974
380 977
380 982
380 983
380 995
380 997
381 387
381 391
381 397
381 416
381 430
381 441
381 444
381 476
381 495
381 516
381 543
381 555
381 566
381 575
381 578
381 585
381 608
381 609
381 610
381 611
381 618
381 620
381 623
381 658
381 670
381 689
381 690
381 693
381 710
381 720
381 725
381 726
381 736
381 747
381 750
381 795
381 798
381 801
381 810
381 823
381 832
381 840
381 841
381 849
381 855
381 863
381 904
381 906
381 919
381 932
381 940
381 945
381 946
381 957
381 974
381 988
381 998
382 393
382 410
382 420
382 428
382 435
382 442
382 450
382 454
382 466
382 490
382 491
382 501
382 507
382 522
382 524
382 525
382 532
382 551
382 552
382 553
382 586
382 592
382 613
382 617
382 620
382 634
382 654
382 666
382 675
382 677
382 690
382 692
382 695
382 703
382 706
382 727
382 731
382 732
382 748
382 751
382 767
382 770
382 776
382 786
382 802
382 807
382 810
382 828
382 838
382 844
382 847
382 848
382 872
382 873
382 882
382 888
382 890
382 895
382 898
382 899
382 901
382 914
382 917
382 923
382 927
382 929
382 931
382 938
382 939
382 940
382 949
382 954
382 959
382 960
382 974
382 987
382 999
383 385
383 392
383 395
383 418
383 422
383 436
383 447
383 448
383 461
383 475
383 506
383 516
383 526
383 532
383 538
383 539
383 553
383 584
383 612
383 636
383 646
383 648
383 661
383 670
383 678
383 696
383 710
383 718
383 719
383 723
383 724
383 731
383 743
383 745
383 754
383 794
383 808
383 834
383 842
383 848
383 854
383 864
383 884
383 893
383 895
383 927
383 944
383 951
383 961
383 973
383 977
383 984
383 989
383 992
383 998
383 999
384 387
384 400
384 405
384 416
384 436
384 437
384 452
384 469
384 494
384 507
384 512
384 521
384 532
384 543
384 552
384 557
384 560
384 563
384 572
384 574
384 607
384 639
384 647
384 661
384 669
384 674
384 681
384 682
384 685
384 697
384 706
384 709
384 712
384 714
384 717
384 730
384 760
384 761
384 767
384 803
384 808
384 816
384 817
384 830
384 839
384 851
384 855
384 881
384 890
384 902
384 908
384 910
384 920
384 929
384 966
384 975
384 988
384 999
385 399
385 401
385 424
385 426
385 429
385 437
385 443
385 447
385 465
385 466
385 478
385 480
385 528
385 535
385 546
385 550
385 559
385 566
385 578
385 584
385 590
385 597
385 606
385 608
385 619
385 626
385 634
385 659
385 693
385 695
385 701
385 705
385 714
385 716
385 718
385 719
385 723
385 731
385 733
385 742
385 743
385 748
385 754
385 755
385 757
385 796
385 797
385 799
385 800
385 807
385 808
385 825
385 834
385 846
385 862
385 878
385 890
385 893
385 894
385 898
385 912
385 920
385 921
385 928
385 955
385 963
385 971
385 977
385 988
385 990
385 994
385 996
386 402
386 409
386 417
386 419
386 445
386 453
386 455
386 457
386 464
386 472
386 473
386 488
386 515
386 523
386 530
386 531
386 537
386 541
386 546
386 551
386 580
386 594
386 595
386 646
386 654
386 656
386 665
386 676
386 679
386 682
386 691
386 700
386 712
386 720
386 723
386 735
386 755
386 787
386 788
386 789
386 815
386 818
386 834
386 835
386 839
386 841
386 853
386 866
386 875
386 886
386 904
386 913
386 932
386 940
386 945
386 957
386 960
386 975
387 392
387 394
387 399
387 402
387 406
387 416
387 421
387 423
387 435
387 447
387 455
387 464
387 476
387 478
387 480
387 487
387 508
387 509
387 510
387 511
387 513
387 521
387 522
387 523
387 529
387 539
387 549
387 564
387 581
387 593
387 594
387 599
387 604
387 624
387 648
387 661
387 692
387 700
387 701
387 730
387 733
387 743
387 745
387 749
387 753
387 767
387 788
387 812
387 823
387 828
387 852
387 864
387 869
387 874
387 890
387 920
387 924
387 927
387 933
387 939
387 956
387 959
387 965
387 971
387 980
387 990
388 389
388 396
388 409
388 413
388 419
388 420
388 424
388 452
388 462
388 465
388 499
388 518
388 519
388 521
388 525
388 529
388 532
388 537
388 546
388 551
388 553
388 554
388 574
388 578
388 579
388 596
388 597
388 608
388 620
388 650
388 661
388 662
388 664
388 665
388 679
388 680
388 685
388 690
388 693
388 702
388 708
388 757
388 766
388 779
388 791
388 797
388 800
388 807
388 808
388 835
388 837
388 844
388 850
388 871
388 888
388 935
388 945
388 965
388 973
388 983
388 992
389 410
389 414
389 417
389 420
389 428
389 440
389 441
389 443
389 448
389 451
389 461
389 466
389 468
389 470
389 472
389 476
389 487
389 501
389 516
389 517
389 525
389 535
389 540
389 552
389 555
389 573
389 586
389 587
389 608
389 616
389 618
389 619
389 651
389 661
389 666
389 668
389 675
389 678
389 682
389 683
389 685
389 688
389 709
389 727
389 775
389 779
389 799
389 804
389 806
389 820
389 827
389 843
389 847
389 853
389 855
389 864
389 866
389 881
389 906
389 907
389 930
389 932
390 416
390 426
390 443
390 446
390 456
390 462
390 471
390 479
390 482
390 504
390 512
390 529
390 546
390 593
390 596
390 598
390 616
390 639
390 641
390 654
390 660
390 663
390 665
390 674
390 675
390 712
390 723
390 759
390 771
390 776
390 777
390 788
390 812
390 819
390 825
390 827
390 841
390 861
390 865
390 891
390 893
390 905
390 906
390 915
390 924
390 931
390 974
390 981
390 993
390 998
391 401
391 402
391 410
391 413
391 417
391 420
391 427
391 454
391 459
391 464
391 470
391 474
391 484
391 487
391 521
391 533
391 535
391 554
391 562
391 594
391 599
391 632
391 651
391 655
391 664
391 684
391 705
391 742
391 760
391 761
391 767
391 777
391 789
391 792
391 809
391 825
391 829
391 831
391 863
391 864
391 868
391 894
391 904
391 910
391 916
391 938
391 939
391 944
391 954
391 970
391 972
391 976
391 997
392 393
392 394
392 395
392 396
392 397
392 398
392 400
392 411
392 412
392 416
392 423
392 429
392 430
392 444
392 447
392 449
392 454
392 457
392 463
392 466
392 467
392 478
392 482
392 487
392 493
392 498
392 507
392 515
392 520
392 547
392 548
392 556
392 560
392 577
392 578
392 600
392 610
392 614
392 621
392 633
392 643
392 655
392 662
392 663
392 674
392 679
392 687
392 690
392 706
392 711
392 729
392 742
392 780
392 787
392 792
392 798
392 813
392 818
392 823
392 830
392 832
392 835
392 837
392 842
392 861
392 871
392 874
392 881
392 883
392 887
392 899
392 903
392 922
392 925
392 931
392 932
392 935
392 955
392 958
392 967
392 981
393 406
393 411
393 429
393 431
393 437
393 440
393 446
393 451
393 465
393 468
393 475
393 492
393 493
393 494
393 507
393 546
393 566
393 572
393 574
393 575
393 606
393 607
393 611
393 636
393 638
393 647
393 650
393 656
393 678
393 686
393 713
393 717
393 725
393 732
393 738
393 762
393 764
393 776
393 777
393 783
393 786
393 791
393 797
393 823
393 832
393 833
393 837
393 852
393 890
393 894
393 906
393 910
393 917
393 921
393 922
393 956
393 961
393 975
394 402
394 406
394 415
394 418
394 422
394 426
394 430
394 463
394 482
394 496
394 528
394 545
394 546
394 548
394 564
394 568
394 575
394 577
394 584
394 605
394 615
394 629
394 640
394 646
394 651
394 660
394 674
394 686
394 692
394 699
394 701
394 702
394 718
394 731
394 741
394 742
394 753
394 763
394 766
394 775
394 777
394 802
394 804
394 811
394 821
394 828
394 839
394 842
394 848
394 862
394 880
394 888
394 902
394 910
394 916
394 938
394 949
394 952
394 962
394 973
394 975
394 976
394 985
395 399
395 410
395 411
395 430
395 431
395 445
395 465
395 479
395 485
395 490
395 491
395 499
395 524
395 525
395 548
395 559
395 571
395 573
395 586
395 592
395 612
395 617
395 628
395 641
395 646
395 650
395 658
395 676
395 681
395 683
395 734
395 743
395 772
395 785
395 787
395 801
395 813
395 827
395 828
395 829
395 834
395 857
395 858
395 862
395 865
395 873
395 874
395 879
395 884
395 885
395 887
395 905
395 915
395 939
395 954
395 957
395 960
395 984
395 991
395 992
395 996
396 409
396 420
396 434
396 443
396 450
396 468
396 472
396 473
396 483
396 485
396 498
396 501
396 508
396 526
396 534
396 538
396 547
396 578
396 582
396 592
396 620
396 623
396 641
396 644
396 649
396 661
396 662
396 698
396 713
396 714
396 725
396 734
396 741
396 745
396 756
396 760
396 768
396 774
396 785
396 788
396 797
396 816
396 822
396 838
396 843
396 846
396 871
396 905
396 926
396 950
396 964
396 972
396 986
397 402
397 403
397 408
397 412
397 414
397 420
397 442
397 444
397 459
397 463
397 485
397 486
397 493
397 498
397 502
397 537
397 540
397 546
397 564
397 577
397 590
397 600
397 607
397 610
397 618
397 626
397 636
397 674
397 677
397 678
397 682
397 685
397 724
397 745
397 756
397 766
397 767
397 769
397 778
397 779
397 818
397 840
397 842
397 854
397 857
397 858
397 862
397 872
397 874
397 880
397 884
397 885
397 900
397 912
397 914
397 918
397 928
397 930
397 931
397 932
397 950
397 972
397 988
398 399
398 401
398 414
398 427
398 449
398 463
398 465
398 466
398 468
398 471
398 472
398 473
398 491
398 507
398 520
398 526
398 530
398 538
398 550
398 578
398 585
398 590
398 597
398 601
398 611
398 620
398 624
398 626
398 630
398 636
398 647
398 648
398 670
398 679
398 686
398 692
398 697
398 701
398 708
398 714
398 718
398 726
398 744
398 745
398 752
398 759
398 761
398 781
398 785
398 787
398 792
398 795
398 801
398 812
398 813
398 826
398 853
398 863
398 885
398 903
398 919
398 920
398 929
398 944
398 947
398 949
398 950
398 955
398 974
399 404
399 407
399 431
399 435
399 454
399 461
399 466
399 474
399 477
399 496
399 497
399 499
399 501
399 507
399 516
399 579
399 584
399 586
399 616
399 637
399 641
399 644
399 658
399 666
399 677
399 683
399 694
399 702
399 707
399 708
399 719
399 744
399 747
399 749
399 763
399 769
399 780
399 784
399 787
399 790
399 794
399 796
399 819
399 825
399 828
399 846
399 849
399 868
399 873
399 890
399 893
399 901
399 905
399 913
399 926
399 938
399 949
399 952
399 961
399 976
400 407
400 456
400 468
400 476
400 484
400 488
400 512
400 528
400 551
400 557
400 569
400 578
400 582
400 592
400 595
400 619
400 634
400 650
400 652
400 658
400 665
400 673
400 674
400 692
400 702
400 703
400 725
400 735
400 748
400 750
400 753
400 760
400 770
400 775
400 787
400 797
400 854
400 875
400 877
400 888
400 889
400 913
400 924
400 926
400 928
400 949
400 950
400 961
400 964
400 966
400 969
400 971
400 982
400 984
400 995
400 999
401 416
401 421
401 428
401 432
401 434
401 436
401 444
401 453
401 456
401 461
401 480
401 481
401 506
401 512
401 513
401 524
401 545
401 563
401 566
401 583
401 585
401 604
401 608
401 624
401 645
401 655
401 662
401 672
401 687
401 746
401 771
401 774
401 799
401 807
401 820
401 824
401 834
401 857
401 861
401 868
401 869
401 876
401 878
401 888
401 897
401 898
401 900
401 904
401 907
401 911
401 933
401 935
401 949
401 970
401 977
401 987
401 989
401 994
402 432
402 445
402 447
402 448
402 482
402 485
402 497
402 499
402 502
402 506
402 513
402 515
402 521
402 529
402 536
402 539
402 540
402 575
402 580
402 582
402 589
402 597
402 598
402 600
402 604
402 617
402 625
402 629
402 630
402 640
402 642
402 652
402 656
402 658
402 662
402 677
402 700
402 757
402 762
402 773
402 788
402 789
402 791
402 808
402 842
402 855
402 884
402 903
402 913
402 914
402 917
402 920
402 931
402 944
402 953
402 955
402 962
402 974
402 981
402 984
402 987
403 404
403 414
403 417
403 423
403 436
403 439
403 447
403 450
403 470
403 471
403 489
403 490
403 515
403 520
403 529
403 533
403 555
403 563
403 565
403 576
403 615
403 627
403 631
403 632
403 643
403 655
403 673
403 685
403 693
403 697
403 703
403 707
403 708
403 712
403 737
403 742
403 745
403 754
403 762
403 808
403 822
403 823
403 835
403 836
403 842
403 865
403 873
403 893
403 894
403 914
403 917
403 920
403 921
403 952
403 977
403 980
403 994
404 406
404 408
404 410
404 411
404 414
404 429
404 446
404 447
404 459
404 474
404 486
404 487
404 491
404 503
404 509
404 515
404 520
404 526
404 532
404 534
404 537
404 540
404 544
404 581
404 594
404 619
404 632
404 647
404 648
404 651
404 666
404 694
404 708
404 709
404 722
404 751
404 755
404 759
404 760
404 788
404 813
404 824
404 833
404 836
404 839
404 841
404 848
404 864
404 869
404 882
404 890
404 909
404 913
404 918
404 927
404 931
404 950
404 963
404 968
404 975
404 976
404 979
404 986
404 991
405 407
405 408
405 436
405 456
405 473
405 477
405 481
405 485
405 490
405 494
405 510
405 513
405 522
405 536
405 539
405 540
405 543
405 553
405 560
405 562
405 563
405 564
405 571
405 606
405 622
405 630
405 632
405 634
405 637
405 642
405 653
405 660
405 670
405 683
405 704
405 705
405 721
405 731
405 736
405 749
405 751
405 757
405 763
405 773
405 774
405 789
405 797
405 800
405 809
405 820
405 822
405 832
405 838
405 866
405 872
405 879
405 888
405 889
405 893
405 899
405 904
405 906
405 919
405 927
405 930
405 932
405 946
405 951
405 958
405 968
405 973
405 991
406 420
406 421
406 422
406 429
406 439
406 446
406 458
406 459
406 465
406 467
406 471
406 491
406 497
406 516
406 522
406 535
406 558
406 560
406 572
406 581
406 582
406 586
406 589
406 644
406 646
406 648
406 657
406 679
406 684
406 693
406 704
406 717
406 720
406 742
406 744
406 784
406 787
406 788
406 855
406 857
406 866
406 871
406 874
406 881
406 884
406 894
406 901
406 908
406 917
406 923
406 944
406 958
406 960
406 968
406 969
406 972
406 989
407 414
407 419
407 421
407 447
407 457
407 479
407 484
407 492
407 495
407 498
407 506
407 510
407 513
407 519
407 558
407 566
407 567
407 573
407 578
407 580
407 581
407 592
407 594
407 607
407 614
407 622
407 625
407 659
407 660
407 682
407 685
407 686
407 691
407 705
407 707
407 717
407 723
407 728
407 733
407 750
407 755
407 764
407 782
407 790
407 804
407 836
407 872
407 880
407 886
407 889
407 900
407 910
407 928
407 933
407 937
407 944
407 950
407 952
407 954
407 959
407 967
407 975
407 983
407 991
408 451
408 467
408 470
408 471
408 480
408 489
408 494
408 505
408 548
408 553
408 554
408 562
408 574
408 583
408 585
408 597
408 604
408 607
408 617
408 618
408 631
408 655
408 667
408 673
408 677
408 678
408 687
408 691
408 706
408 714
408 715
408 729
408 743
408 750
408 766
408 787
408 789
408 830
408 836
408 839
408 845
408 851
408 854
408 856
408 862
408 863
408 870
408 882
408 904
408 909
408 913
408 954
408 963
408 964
408 969
408 990
409 445
409 449
409 457
409 493
409 503
409 504
409 518
409 523
409 524
409 526
409 535
409 558
409 560
409 574
409 580
409 591
409 618
409 625
409 641
409 642
409 645
409 729
409 731
409 759
409 788
409 814
409 843
409 844
409 853
409 858
409 876
409 895
409 898
409 925
409 940
409 952
409 956
409 957
409 993
410 413
410 419
410 426
410 428
410 429
410 447
410 455
410 456
410 470
410 475
410 489
410 499
410 513
410 525
410 526
410 537
410 545
410 552
410 558
410 570
410 582
410 587
410 617
410 618
410 626
410 642
410 651
410 652
410 653
410 667
410 684
410 717
410 722
410 737
410 740
410 753
410 765
410 778
410 781
410 795
410 805
410 806
410 808
410 817
410 821
410 826
410 829
410 847
410 850
410 856
410 861
410 898
410 914
410 915
410 916
410 925
410 935
410 945
410 987
410 988
411 412
411 413
411 422
411 433
411 457
411 483
411 490
411 502
411 503
411 507
411 511
411 526
411 541
411 556
411 590
411 602
411 604
411 606
411 607
411 612
411 636
411 637
411 644
411 656
411 690
411 713
411 735
411 738
411 747
411 757
411 760
411 762
411 763
411 771
411 782
411 796
411 802
411 807
411 808
411 827
411 832
411 838
411 872
411 891
411 918
411 930
411 935
411 945
411 974
411 977
411 978
411 990
412 419
412 421
412 429
412 431
412 439
412 441
412 458
412 460
412 471
412 483
412 484
412 510
412 521
412 523
412 528
412 532
412 536
412 553
412 567
412 578
412 584
412 589
412 594
412 604
412 609
412 617
412 618
412 628
412 636
412 647
412 659
412 668
412 669
412 671
412 693
412 698
412 721
412 732
412 737
412 760
412 780
412 783
412 785
412 786
412 790
412 805
412 808
412 820
412 821
412 822
412 836
412 875
412 881
412 887
412 911
412 913
412 919
412 929
412 932
412 935
412 948
412 965
412 971
412 976
413 419
413 434
413 450
413 452
413 457
413 460
413 465
413 472
413 473
413 479
413 480
413 487
413 488
413 502
413 531
413 533
413 540
413 543
413 562
413 566
413 574
413 597
413 613
413 618
413 625
413 649
413 653
413 656
413 657
413 674
413 681
413 693
413 701
413 703
413 704
413 711
413 737
413 739
413 744
413 774
413 779
413 786
413 795
413 799
413 830
413 835
413 848
413 857
413 883
413 888
413 890
413 898
413 912
413 917
413 937
413 948
413 962
413 971
413 974
413 977
413 993
414 415
414 416
414 442
414 447
414 448
414 453
414 456
414 471
414 476
414 496
414 503
414 505
414 508
414 519
414 536
414 550
414 554
414 565
414 575
414 584
414 590
414 621
414 636
414 643
414 648
414 657
414 661
414 669
414 673
414 681
414 720
414 764
414 768
414 772
414 775
414 785
414 794
414 795
414 826
414 828
414 841
414 844
414 851
414 853
414 854
414 874
414 885
414 892
414 907
414 946
414 986
415 420
415 421
415 433
415 454
415 460
415 466
415 472
415 477
415 483
415 507
415 527
415 528
415 538
415 556
415 561
415 572
415 574
415 588
415 597
415 603
415 614
415 627
415 637
415 648
415 663
415 671
415 673
415 675
415 680
415 692
415 709
415 710
415 719
415 721
415 722
415 732
415 734
415 764
415 770
415 781
415 798
415 801
415 811
415 823
415 832
415 837
415 874
415 895
415 901
415 906
415 910
415 918
415 920
415 926
415 947
415 976
415 992
416 422
416 424
416 438
416 481
416 484
416 514
416 535
416 550
416 570
416 571
416 577
416 589
416 606
416 613
416 619
416 649
416 683
416 686
416 695
416 731
416 741
416 742
416 751
416 754
416 780
416 795
416 800
416 816
416 820
416 828
416 834
416 835
416 847
416 848
416 851
416 875
416 883
416 885
416 887
416 897
416 909
416 915
416 918
416 921
416 924
416 934
416 957
416 959
416 969
416 988
417 433
417 443
417 445
417 476
417 480
417 485
417 497
417 500
417 512
417 513
417 537
417 553
417 577
417 586
417 598
417 603
417 616
417 638
417 674
417 678
417 687
417 696
417 706
417 724
417 751
417 773
417 780
417 802
417 817
417 821
417 824
417 829
417 835
417 836
417 858
417 876
417 889
417 891
417 894
417 895
417 906
417 918
417 934
417 939
417 944
417 962
417 963
417 964
417 975
417 976
417 979
417 984
417 999
418 430
418 431
418 433
418 434
418 441
418 442
418 447
418 452
418 464
418 492
418 509
418 515
418 530
418 535
418 539
418 549
418 551
418 559
418 563
418 612
418 619
418 624
418 629
418 633
418 639
418 650
418 657
418 670
418 678
418 708
418 713
418 728
418 730
418 756
418 761
418 765
418 780
418 805
418 806
418 810
418 829
418 839
418 841
418 851
418 856
418 868
418 873
418 887
418 903
418 912
418 952
418 954
418 955
418 972
418 982
418 986
418 990
419 420
419 423
419 424
419 429
419 433
419 439
419 447
419 453
419 465
419 488
419 501
419 504
419 519
419 541
419 544
419 545
419 558
419 559
419 571
419 575
419 591
419 593
419 596
419 597
419 600
419 606
419 608
419 612
419 619
419 620
419 626
419 635
419 642
419 649
419 651
419 652
419 661
419 669
419 673
419 678
419 685
419 697
419 701
419 710
419 728
419 731
419 732
419 751
419 770
419 775
419 804
419 805
419 810
419 823
419 832
419 835
419 839
419 852
419 902
419 906
419 941
419 952
419 962
419 971
419 974
419 976
419 985
419 990
420 433
420 443
420 446
420 453
420 463
420 467
420 472
420 477
420 483
420 486
420 490
420 497
420 511
420 513
420 519
420 531
420 552
420 558
420 563
420 572
420 578
420 599
420 601
420 605
420 612
420 619
420 636
420 645
420 654
420 663
420 677
420 693
420 696
420 698
420 705
420 706
420 707
420 725
420 727
420 741
420 743
420 753
420 761
420 772
420 777
420 782
420 789
420 794
420 802
420 816
420 824
420 839
420 843
420 852
420 856
420 858
420 859
420 869
420 885
420 902
420 925
420 936
420 945
420 953
420 957
420 961
420 988
420 991
421 423
421 429
421 439
421 444
421 448
421 449
421 463
421 464
421 471
421 487
421 509
421 510
421 515
421 532
421 538
421 545
421 548
421 562
421 567
421 569
421 580
421 589
421 602
421 604
421 612
421 621
421 640
421 685
421 693
421 701
421 725
421 731
421 737
421 738
421 741
421 766
421 778
421 799
421 813
421 814
421 827
421 829
421 844
421 864
421 900
421 902
421 904
421 907
421 915
421 918
421 920
421 925
421 938
421 939
421 947
421 949
421 958
421 971
421 981
421 982
421 985
421 992
422 427
422 433
422 453
422 482
422 483
422 541
422 558
422 567
422 579
422 581
422 584
422 600
422 612
422 618
422 625
422 639
422 650
422 659
422 675
422 684
422 691
422 708
422 712
422 743
422 751
422 756
422 758
422 768
422 785
422 791
422 794
422 807
422 813
422 814
422 824
422 854
422 877
422 881
422 894
422 909
422 913
422 919
422 920
422 926
422 928
422 937
422 975
422 976
423 434
423 439
423 459
423 466
423 486
423 488
423 508
423 515
423 519
423 526
423 547
423 550
423 562
423 564
423 565
423 571
423 575
423 603
423 606
423 610
423 612
423 628
423 632
423 636
423 654
423 659
423 668
423 673
423 680
423 700
423 710
423 716
423 725
423 728
423 733
423 738
423 754
423 763
423 769
423 779
423 801
423 802
423 816
423 834
423 841
423 850
423 854
423 858
423 868
423 906
423 909
423 912
423 930
423 932
423 951
423 957
423 961
423 970
423 974
423 975
423 986
423 989
423 994
424 428
424 437
424 454
424 482
424 486
424 488
424 489
424 491
424 493
424 506
424 509
424 516
424 530
424 557
424 559
424 565
424 578
424 583
424 586
424 604
424 650
424 656
424 660
424 670
424 689
424 692
424 707
424 722
424 733
424 756
424 761
424 780
424 784
424 786
424 807
424 823
424 841
424 852
424 860
424 864
424 875
424 908
424 912
424 914
424 915
424 939
424 945
424 946
424 947
424 952
424 965
424 969
424 980
425 438
425 442
425 446
425 460
425 465
425 471
425 481
425 483
425 484
425 497
425 510
425 516
425 522
425 542
425 554
425 563
425 600
425 601
425 608
425 612
425 623
425 639
425 648
425 654
425 657
425 666
425 667
425 678
425 679
425 694
425 709
425 715
425 726
425 733
425 749
425 765
425 767
425 775
425 779
425 809
425 832
425 849
425 869
425 871
425 881
425 893
425 897
425 901
425 904
425 911
425 919
425 923
425 929
425 943
425 944
425 953
425 980
425 993
425 998
425 999
426 440
426 443
426 444
426 467
426 475
426 485
426 491
426 498
426 503
426 512
426 518
426 534
426 546
426 551
426 559
426 564
426 585
426 586
426 591
426 592
426 605
426 617
426 618
426 633
426 641
426 661
426 668
426 670
426 683
426 688
426 691
426 692
426 703
426 707
426 726
426 729
426 736
426 755
426 760
426 761
426 769
426 774
426 778
426 783
426 792
426 793
426 796
426 798
426 814
426 820
426 861
426 865
426 877
426 881
426 883
426 886
426 913
426 924
426 934
426 936
426 978
426 995
427 430
427 433
427 446
427 447
427 450
427 458
427 467
427 469
427 475
427 490
427 492
427 494
427 527
427 542
427 545
427 550
427 554
427 555
427 560
427 588
427 601
427 603
427 607
427 613
427 622
427 643
427 671
427 680
427 699
427 720
427 731
427 734
427 735
427 743
427 745
427 758
427 771
427 773
427 775
427 789
427 797
427 828
427 837
427 841
427 848
427 854
427 869
427 895
427 906
427 922
427 923
427 931
427 942
427 943
427 953
427 954
427 968
427 971
427 987
428 438
428 488
428 491
428 496
428 498
428 517
428 521
428 531
428 538
428 540
428 548
428 551
428 561
428 566
428 567
428 576
428 580
428 592
428 600
428 602
428 622
428 660
428 670
428 674
428 676
428 684
428 690
428 691
428 697
428 698
428 700
428 714
428 717
428 721
428 725
428 728
428 731
428 738
428 743
428 759
428 769
428 771
428 783
428 784
428 788
428 798
428 816
428 818
428 835
428 848
428 855
428 865
428 879
428 883
428 887
428 888
428 894
428 901
428 908
428 927
428 949
428 951
428 957
428 960
428 964
428 965
428 970
428 974
428 976
428 998
429 431
429 474
429 480
429 483
429 497
429 531
429 544
429 551
429 559
429 567
429 573
429 591
429 612
429 627
429 638
429 640
429 662
429 669
429 671
429 676
429 684
429 686
429 696
429 708
429 712
429 715
429 716
429 727
429 757
429 774
429 782
429 784
429 792
429 811
429 818
429 824
429 844
429 845
429 846
429 875
429 877
429 885
429 891
429 911
429 912
429 918
429 925
429 929
429 930
429 940
429 947
429 961
429 972
429 987
429 989
429 992
429 999
430 431
430 446
430 502
430 506
430 510
430 517
430 518
430 530
430 533
430 546
430 553
430 558
430 561
430 565
430 588
430 592
430 627
430 628
430 635
430 643
430 645
430 647
430 666
430 673
430 683
430 696
430 697
430 701
430 709
430 724
430 744
430 786
430 791
430 812
430 819
430 834
430 846
430 848
430 857
430 862
430 885
430 892
430 897
430 911
430 923
430 929
430 931
430 933
430 951
430 970
430 973
430 981
431 439
431 445
431 448
431 471
431 475
431 483
431 496
431 504
431 565
431 583
431 645
431 651
431 654
431 655
431 676
431 688
431 703
431 704
431 718
431 719
431 731
431 733
431 740
431 747
431 760
431 768
431 780
431 793
431 808
431 829
431 845
431 847
431 848
431 859
431 874
431 906
431 907
431 908
431 909
431 921
431 930
431 935
431 947
431 948
431 964
431 980
431 985
432 441
432 451
432 454
432 466
432 475
432 476
432 496
432 523
432 525
432 535
432 541
432 554
432 556
432 565
432 579
432 591
432 598
432 613
432 619
432 639
432 642
432 644
432 646
432 662
432 667
432 671
432 676
432 702
432 710
432 712
432 718
432 725
432 727
432 766
432 788
432 795
432 796
432 800
432 809
432 814
432 823
432 828
432 829
432 837
432 841
432 847
432 853
432 855
432 859
432 877
432 887
432 894
432 908
432 915
432 939
432 946
432 950
432 952
432 954
432 958
432 964
432 972
432 979
432 983
432 987
432 988
433 443
433 446
433 458
433 470
433 476
433 492
433 493
433 505
433 509
433 519
433 527
433 530
433 563
433 580
433 581
433 630
433 656
433 662
433 679
433 687
433 697
433 728
433 735
433 737
433 744
433 745
433 758
433 761
433 775
433 787
433 796
433 801
433 802
433 821
433 828
433 833
433 835
433 840
433 850
433 855
433 861
433 875
433 879
433 895
433 936
433 938
433 944
433 955
433 963
433 968
433 974
433 975
433 980
433 991
433 995
434 435
434 439
434 442
434 448
434 455
434 459
434 465
434 472
434 485
434 510
434 512
434 523
434 539
434 544
434 546
434 590
434 618
434 621
434 630
434 633
434 647
434 667
434 673
434 686
434 711
434 735
434 736
434 738
434 754
434 755
434 775
434 785
434 808
434 824
434 853
434 862
434 883
434 887
434 901
434 904
434 924
434 947
434 991
434 997
434 999
435 450
435 467
435 489
435 495
435 535
435 553
435 555
435 579
435 582
435 591
435 592
435 596
435 609
435 610
435 614
435 618
435 646
435 655
435 656
435 663
435 681
435 692
435 695
435 704
435 705
435 715
435 716
435 721
435 731
435 734
435 744
435 749
435 763
435 765
435 767
435 789
435 790
435 804
435 806
435 808
435 818
435 819
435 863
435 867
435 871
435 942
435 946
435 961
435 975
435 979
436 445
436 447
436 455
436 459
436 468
436 484
436 487
436 496
436 503
436 514
436 516
436 528
436 542
436 556
436 577
436 603
436 609
436 612
436 617
436 619
436 633
436 641
436 644
436 645
436 666
436 691
436 693
436 696
436 713
436 716
436 719
436 726
436 730
436 742
436 743
436 745
436 752
436 760
436 761
436 781
436 800
436 814
436 819
436 866
436 889
436 917
436 926
436 942
436 950
436 964
436 974
436 977
436 987
436 989
436 996
437 458
437 471
437 484
437 493
437 512
437 537
437 541
437 553
437 557
437 564
437 584
437 585
437 622
437 626
437 634
437 644
437 646
437 651
437 661
437 666
437 672
437 696
437 699
437 746
437 749
437 778
437 783
437 802
437 803
437 818
437 832
437 836
437 866
437 867
437 877
437 878
437 883
437 884
437 887
437 891
437 908
437 925
437 935
437 939
437 942
437 948
437 952
437 965
437 969
437 987
437 990
437 997
438 457
438 465
438 467
438 468
438 474
438 525
438 529
438 544
438 550
438 555
438 579
438 623
438 655
438 671
438 688
438 693
438 700
438 703
438 711
438 714
438 745
438 753
438 794
438 806
438 808
438 810
438 811
438 835
438 846
438 875
438 885
438 914
438 924
438 943
438 966
438 971
438 985
438 987
438 989
439 445
439 447
439 450
439 466
439 491
439 500
439 502
439 508
439 516
439 555
439 560
439 567
439 570
439 581
439 582
439 596
439 620
439 628
439 633
439 642
439 645
439 649
439 652
439 653
439 654
439 661
439 662
439 666
439 672
439 683
439 685
439 693
439 704
439 708
439 714
439 722
439 771
439 797
439 803
439 804
439 815
439 824
439 835
439 850
439 853
439 868
439 872
439 873
439 880
439 884
439 899
439 906
439 924
439 931
439 933
439 934
439 939
439 971
439 976
439 993
440 465
440 471
440 490
440 494
440 502
440 503
440 504
440 515
440 517
440 523
440 529
440 563
440 579
440 580
440 584
440 608
440 615
440 622
440 656
440 675
440 684
440 700
440 704
440 707
440 723
440 731
440 762
440 770
440 776
440 781
440 782
440 787
440 799
440 802
440 828
440 831
440 840
440 850
440 851
440 854
440 858
440 859
440 869
440 893
440 897
440 907
440 908
440 913
440 948
440 958
441 447
441 453
441 474
441 477
441 481
441 504
441 508
441 535
441 536
441 546
441 554
441 578
441 599
441 602
441 603
441 613
441 628
441 645
441 659
441 662
441 663
441 668
441 671
441 674
441 691
441 693
441 696
441 772
441 777
441 780
441 782
441 784
441 787
441 797
441 798
441 835
441 869
441 871
441 873
441 880
441 887
441 893
441 900
441 901
441 908
441 909
441 910
441 918
441 937
441 953
441 974
442 452
442 483
442 486
442 490
442 504
442 522
442 532
442 537
442 559
442 562
442 573
442 579
442 581
442 582
442 583
442 585
442 591
442 601
442 615
442 618
442 633
442 643
442 644
442 657
442 669
442 670
442 677
442 697
442 703
442 739
442 745
442 759
442 780
442 801
442 804
442 810
442 813
442 824
442 859
442 875
442 896
442 900
442 931
442 947
442 967
442 973
442 974
442 982
442 999
443 464
443 472
443 476
443 497
443 501
443 513
443 519
443 522
443 526
443 533
443 537
443 538
443 542
443 564
443 567
443 570
443 579
443 590
443 594
443 616
443 617
443 620
443 624
443 629
443 631
443 635
443 643
443 665
443 674
443 676
443 690
443 697
443 701
443 707
443 715
443 718
443 730
443 731
443 737
443 738
443 741
443 749
443 754
443 756
443 759
443 762
443 765
443 770
443 772
443 776
443 799
443 801
443 817
443 818
443 850
443 854
443 877
443 881
443 900
443 918
443 919
443 921
443 938
443 941
443 943
443 949
443 965
443 968
443 969
443 981
443 988
443 989
444 445
444 446
444 447
444 468
444 469
444 476
444 490
444 496
444 505
444 510
444 518
444 528
444 531
444 553
444 561
444 585
444 591
444 592
444 604
444 615
444 635
444 643
444 651
444 652
444 664
444 671
444 672
444 677
444 696
444 706
444 719
444 741
444 792
444 832
444 836
444 841
444 878
444 879
444 881
444 901
444 904
444 915
444 923
444 933
444 934
444 940
444 961
444 962
444 980
444 988
444 996
445 494
445 507
445 509
445 510
445 512
445 518
445 523
445 545
445 555
445 558
445 566
445 590
445 600
445 606
445 608
445 612
445 617
445 627
445 628
445 632
445 648
445 661
445 665
445 671
445 689
445 703
445 706
445 722
445 727
445 735
445 737
445 778
445 784
445 788
445 810
445 811
445 817
445 822
445 833
445 838
445 847
445 887
445 900
445 902
445 903
445 910
445 915
445 916
445 919
445 946
445 947
445 950
445 955
445 984
445 992
445 998
446 479
446 482
446 493
446 494
446 526
446 531
446 580
446 590
446 595
446 598
446 621
446 622
446 634
446 647
446 657
446 660
446 665
446 670
446 686
446 687
446 694
446 696
446 700
446 709
446 711
446 715
446 719
446 732
446 740
446 743
446 748
446 751
446 756
446 771
446 799
446 809
446 810
446 817
446 821
446 831
446 839
446 862
446 871
446 875
446 899
446 907
446 921
446 931
446 944
446 976
446 980
446 985
446 989
447 466
447 472
447 473
447 477
447 491
447 506
447 509
447 517
447 522
447 524
447 528
447 530
447 531
447 546
447 573
447 575
447 580
447 611
447 620
447 623
447 624
447 626
447 627
447 633
447 675
447 691
447 695
447 710
447 712
447 727
447 734
447 752
447 772
447 784
447 796
447 800
447 812
447 847
447 893
447 895
447 896
447 907
447 912
447 916
447 918
447 923
447 936
447 953
447 969
447 977
447 992
447 996
448 460
448 462
448 464
448 473
448 476
448 485
448 495
448 501
448 506
448 510
448 512
448 513
448 515
448 543
448 544
448 557
448 573
448 575
448 593
448 594
448 600
448 603
448 606
448 613
448 620
448 624
448 652
448 675
448 676
448 678
448 695
448 698
448 706
448 726
448 734
448 740
448 753
448 768
448 776
448 781
448 787
448 795
448 798
448 805
448 831
448 832
448 839
448 867
448 870
448 878
448 881
448 882
448 886
448 904
448 914
448 923
448 924
448 941
448 987
449 459
449 464
449 479
449 492
449 500
449 529
449 543
449 561
449 571
449 576
449 586
449 621
449 633
449 641
449 643
449 644
449 663
449 667
449 671
449 674
449 682
449 685
449 702
449 711
449 716
449 725
449 733
449 735
449 736
449 738
449 742
449 755
449 756
449 759
449 772
449 775
449 778
449 785
449 794
449 797
449 801
449 808
449 809
449 832
449 833
449 843
449 901
449 905
449 910
449 912
449 923
449 924
449 925
449 929
449 936
449 952
449 955
449 974
449 975
449 981
449 996
450 470
450 475
450 476
450 486
450 487
450 496
450 499
450 523
450 530
450 532
450 541
450 542
450 548
450 554
450 560
450 569
450 577
450 584
450 591
450 615
450 632
450 633
450 697
450 709
450 710
450 718
450 719
450 730
450 749
450 751
450 772
450 810
450 823
450 833
450 837
450 840
450 859
450 872
450 884
450 889
450 890
450 894
450 898
450 916
450 927
450 932
450 939
450 954
450 959
450 965
450 966
450 982
450 983
450 999
451 452
451 460
451 461
451 462
451 463
451 471
451 476
451 478
451 484
451 485
451 498
451 503
451 512
451 541
451 545
451 582
451 599
451 633
451 635
451 642
451 650
451 660
451 669
451 673
451 685
451 688
451 717
451 719
451 732
451 738
451 764
451 773
451 774
451 781
451 813
451 834
451 843
451 851
451 853
451 854
451 855
451 858
451 876
451 878
451 887
451 888
451 912
451 942
451 960
451 967
451 968
451 980
451 984
451 991
451 998
452 471
452 476
452 496
452 501
452 506
452 521
452 541
452 542
452 543
452 554
452 565
452 567
452 578
452 594
452 598
452 601
452 607
452 626
452 633
452 635
452 660
452 669
452 677
452 679
452 680
452 692
452 698
452 700
452 715
452 716
452 719
452 721
452 722
452 738
452 749
452 751
452 755
452 758
452 760
452 767
452 808
452 818
452 823
452 831
452 832
452 833
452 836
452 851
452 852
452 854
452 857
452 862
452 863
452 872
452 878
452 886
452 892
452 908
452 919
452 921
452 944
452 951
452 964
452 971
452 980
452 983
453 467
453 468
453 479
453 486
453 490
453 503
453 509
453 510
453 515
453 517
453 519
453 525
453 526
453 528
453 536
453 542
453 546
453 555
453 571
453 583
453 596
453 600
453 604
453 605
453 608
453 609
453 633
453 643
453 652
453 673
453 710
453 753
453 771
453 776
453 779
453 785
453 789
453 803
453 813
453 823
453 836
453 863
453 869
453 870
453 885
453 896
453 909
453 931
453 936
453 939
453 945
453 948
453 961
453 965
453 990
453 999
454 461
454 465
454 468
454 484
454 502
454 508
454 512
454 514
454 526
454 533
454 534
454 535
454 545
454 553
454 567
454 573
454 582
454 605
454 610
454 648
454 653
454 672
454 674
454 684
454 688
454 694
454 702
454 710
454 714
454 727
454 731
454 737
454 744
454 751
454 753
454 774
454 780
454 792
454 794
454 799
454 808
454 811
454 812
454 817
454 823
454 834
454 843
454 846
454 852
454 875
454 876
454 882
454 886
454 893
454 896
454 900
454 902
454 907
454 913
454 917
454 923
454 926
454 927
454 931
454 933
454 950
454 986
455 484
455 485
455 490
455 494
455 499
455 504
455 509
455 518
455 526
455 527
455 537
455 538
455 556
455 563
455 566
455 574
455 585
455 632
455 635
455 644
455 647
455 654
455 674
455 678
455 680
455 687
455 693
455 703
455 720
455 723
455 738
455 750
455 761
455 775
455 785
455 786
455 806
455 815
455 824
455 832
455 835
455 839
455 867
455 875
455 877
455 878
455 880
455 910
455 911
455 913
455 914
455 924
455 931
455 943
455 951
455 957
455 978
455 979
456 469
456 474
456 482
456 491
456 507
456 515
456 521
456 526
456 527
456 531
456 539
456 542
456 546
456 548
456 622
456 633
456 650
456 654
456 657
456 664
456 699
456 703
456 704
456 708
456 712
456 714
456 730
456 743
456 746
456 754
456 766
456 769
456 783
456 797
456 801
456 802
456 807
456 810
456 811
456 832
456 860
456 862
456 891
456 901
456 903
456 906
456 917
456 925
456 936
456 980
456 989
456 992
456 995
457 464
457 467
457 470
457 471
457 477
457 479
457 484
457 505
457 510
457 516
457 517
457 519
457 537
457 566
457 588
457 589
457 611
457 628
457 644
457 655
457 656
457 676
457 695
457 711
457 722
457 726
457 731
457 735
457 743
457 769
457 775
457 780
457 784
457 794
457 795
457 800
457 801
457 807
457 810
457 834
457 837
457 855
457 858
457 860
457 891
457 896
457 899
457 901
457 902
457 922
457 925
457 929
457 947
457 949
457 953
457 957
457 959
457 960
457 965
457 967
457 975
457 991
458 460
458 463
458 468
458 485
458 493
458 513
458 514
458 530
458 534
458 551
458 557
458 568
458 571
458 577
458 579
458 580
458 589
458 592
458 605
458 618
458 635
458 646
458 664
458 674
458 696
458 698
458 706
458 719
458 722
458 729
458 754
458 756
458 765
458 777
458 782
458 789
458 790
458 794
458 806
458 809
458 821
458 828
458 853
458 855
458 857
458 865
458 873
458 882
458 885
458 886
458 907
458 915
458 918
458 936
458 957
458 980
459 465
459 512
459 516
459 523
459 524
459 551
459 557
459 566
459 570
459 577
459 598
459 618
459 627
459 693
459 696
459 697
459 703
459 709
459 717
459 726
459 746
459 747
459 749
459 751
459 754
459 757
459 764
459 766
459 780
459 784
459 798
459 810
459 814
459 826
459 829
459 862
459 883
459 896
459 904
459 914
459 921
459 928
459 935
459 950
459 967
459 970
459 971
459 984
459 985
459 990
459 997
460 465
460 503
460 519
460 528
460 539
460 557
460 562
460 573
460 578
460 592
460 595
460 596
460 597
460 598
460 600
460 612
460 615
460 621
460 630
460 635
460 667
460 670
460 719
460 728
460 729
460 741
460 743
460 749
460 754
460 787
460 789
460 794
460 795
460 808
460 809
460 812
460 826
460 829
460 845
460 854
460 863
460 870
460 881
460 916
460 926
460 954
460 971
460 972
461 463
461 466
461 514
461 515
461 517
461 538
461 568
461 577
461 587
461 592
461 601
461 614
461 633
461 640
461 649
461 667
461 669
461 676
461 697
461 715
461 719
461 737
461 738
461 744
461 746
461 768
461 772
461 794
461 799
461 803
461 819
461 826
461 833
461 836
461 837
461 851
461 854
461 859
461 860
461 870
461 879
461 910
461 911
461 923
461 928
461 941
461 965
461 970
461 974
461 975
461 983
461 984
461 994
462 464
462 469
462 476
462 482
462 507
462 541
462 544
462 554
462 561
462 563
462 574
462 593
462 595
462 599
462 601
462 618
462 630
462 632
462 638
462 643
462 650
462 668
462 693
462 724
462 728
462 734
462 759
462 781
462 790
462 792
462 796
462 801
462 804
462 808
462 828
462 853
462 861
462 864
462 881
462 883
462 890
462 893
462 902
462 907
462 911
462 927
462 931
462 938
462 940
462 947
462 953
462 964
462 969
462 977
462 982
462 988
463 464
463 474
463 484
463 489
463 499
463 513
463 527
463 531
463 538
463 548
463 552
463 576
463 579
463 584
463 600
463 609
463 622
463 633
463 637
463 638
463 644
463 658
463 665
463 666
463 667
463 689
463 698
463 701
463 708
463 709
463 721
463 722
463 731
463 734
463 752
463 753
463 765
463 768
463 780
463 788
463 795
463 801
463 802
463 813
463 841
463 842
463 861
463 875
463 886
463 888
463 898
463 906
463 908
463 913
463 914
463 920
463 922
463 937
463 950
463 992
464 467
464 468
464 481
464 482
464 486
464 500
464 502
464 516
464 520
464 521
464 538
464 570
464 593
464 598
464 600
464 611
464 616
464 637
464 639
464 643
464 656
464 666
464 670
464 689
464 723
464 731
464 737
464 789
464 805
464 810
464 817
464 860
464 878
464 882
464 891
464 895
464 913
464 924
464 948
464 955
464 961
464 969
464 995
465 488
465 491
465 506
465 521
465 522
465 526
465 527
465 536
465 546
465 548
465 565
465 574
465 577
465 587
465 611
465 622
465 626
465 639
465 651
465 659
465 680
465 696
465 701
465 702
465 722
465 726
465 739
465 760
465 773
465 789
465 798
465 799
465 808
465 824
465 831
465 857
465 859
465 865
465 872
465 920
465 923
465 928
465 943
465 949
465 962
465 987
465 998
466 470
466 472
466 474
466 476
466 491
466 494
466 508
466 513
466 527
466 528
466 537
466 550
466 552
466 561
466 569
466 579
466 589
466 605
466 615
466 639
466 644
466 649
466 658
466 679
466 680
466 682
466 685
466 694
466 697
466 698
466 703
466 730
466 751
466 753
466 766
466 767
466 768
466 771
466 777
466 778
466 780
466 805
466 810
466 811
466 813
466 833
466 846
466 848
466 855
466 870
466 874
466 875
466 878
466 883
466 884
466 889
466 892
466 901
466 905
466 914
466 917
466 918
466 928
466 950
466 952
466 954
466 981
466 992
466 999
467 477
467 485
467 494
467 503
467 504
467 513
467 523
467 535
467 538
467 539
467 565
467 573
467 594
467 599
467 607
467 631
467 633
467 634
467 638
467 645
467 660
467 673
467 680
467 681
467 686
467 689
467 713
467 714
467 719
467 733
467 739
467 741
467 764
467 782
467 803
467 822
467 843
467 853
467 877
467 883
467 885
467 888
467 894
467 899
467 914
467 924
467 927
467 929
467 944
467 949
467 960
467 961
467 964
467 969
467 970
467 988
467 990
468 469
468 479
468 482
468 496
468 501
468 511
468 524
468 551
468 556
468 567
468 568
468 585
468 597
468 598
468 601
468 603
468 612
468 616
468 638
468 649
468 650
468 663
468 691
468 692
468 707
468 710
468 722
468 724
468 734
468 751
468 765
468 768
468 793
468 794
468 801
468 814
468 816
468 823
468 833
468 834
468 837
468 842
468 846
468 883
468 926
468 934
468 936
468 940
468 951
468 957
468 966
468 980
468 984
468 986
468 990
468 996
468 999
469 470
469 489
469 508
469 525
469 526
469 536
469 537
469 544
469 549
469 573
469 592
469 600
469 640
469 655
469 671
469 689
469 714
469 717
469 727
469 730
469 739
469 740
469 750
469 756
469 764
469 769
469 770
469 771
469 782
469 799
469 806
469 842
469 853
469 864
469 866
469 886
469 896
469 900
469 916
469 933
469 944
469 954
469 958
469 971
469 976
469 977
469 981
469 998
470 480
470 490
470 503
470 505
470 507
470 512
470 542
470 568
470 573
470 580
470 589
470 616
470 620
470 625
470 634
470 645
470 648
470 652
470 657
470 659
470 680
470 704
470 706
470 708
470 718
470 726
470 727
470 744
470 754
470 758
470 788
470 794
470 823
470 833
470 840
470 847
470 852
470 858
470 862
470 864
470 865
470 867
470 875
470 882
470 890
470 893
470 912
470 936
470 938
470 943
470 948
470 949
470 951
470 952
470 968
470 975
470 976
470 993
471 490
471 492
471 502
471 503
471 512
471 542
471 543
471 559
471 587
471 613
471 629
471 645
471 661
471 666
471 675
471 689
471 710
471 715
471 743
471 750
471 753
471 765
471 784
471 785
471 790
471 792
471 814
471 821
471 828
471 829
471 864
471 866
471 870
471 871
471 872
471 881
471 883
471 888
471 890
471 897
471 911
471 922
471 968
471 982
471 997
472 478
472 480
472 481
472 492
472 502
472 510
472 518
472 520
472 532
472 536
472 539
472 549
472 550
472 551
472 560
472 561
472 573
472 575
472 583
472 599
472 630
472 635
472 646
472 661
472 662
472 681
472 683
472 685
472 686
472 701
472 721
472 727
472 759
472 761
472 778
472 802
472 812
472 815
472 817
472 820
472 826
472 831
472 835
472 842
472 848
472 853
472 854
472 872
472 874
472 899
472 913
472 918
472 921
472 922
472 932
472 946
472 947
472 951
472 968
472 977
472 991
473 488
473 545
473 552
473 555
473 557
473 560
473 581
473 589
473 613
473 615
473 618
473 634
473 640
473 641
473 657
473 662
473 668
473 689
473 694
473 697
473 707
473 708
473 721
473 723
473 752
473 755
473 758
473 765
473 775
473 807
473 815
473 838
473 844
473 847
473 860
473 877
473 893
473 897
473 900
473 903
473 916
473 928
473 929
473 934
473 936
473 963
473 964
473 981
473 986
473 987
473 988
474 499
474 501
474 507
474 511
474 521
474 527
474 528
474 536
474 552
474 584
474 589
474 591
474 592
474 594
474 619
474 622
474 624
474 629
474 633
474 635
474 639
474 649
474 652
474 657
474 659
474 676
474 678
474 684
474 696
474 707
474 710
474 712
474 718
474 725
474 733
474 740
474 747
474 758
474 767
474 770
474 788
474 802
474 829
474 830
474 832
474 850
474 863
474 868
474 871
474 881
474 908
474 911
474 916
474 929
474 932
474 941
474 944
474 946
474 952
474 956
474 989
475 480
475 495
475 496
475 503
475 510
475 511
475 523
475 535
475 536
475 549
475 583
475 601
475 605
475 622
475 659
475 665
475 668
475 669
475 676
475 685
475 694
475 705
475 718
475 722
475 739
475 740
475 761
475 765
475 769
475 772
475 783
475 795
475 798
475 818
475 838
475 844
475 846
475 864
475 882
475 884
475 891
475 907
475 908
475 909
475 950
475 953
475 957
475 968
475 980
475 993
475 995
476 480
476 515
476 533
476 570
476 572
476 573
476 579
476 582
476 583
476 586
476 600
476 601
476 610
476 654
476 657
476 663
476 708
476 711
476 720
476 744
476 759
476 763
476 765
476 768
476 780
476 793
476 845
476 866
476 878
476 884
476 901
476 989
477 479
477 486
477 489
477 494
477 499
477 500
477 504
477 515
477 519
477 529
477 532
477 534
477 540
477 568
477 577
477 578
477 588
477 589
477 606
477 622
477 639
477 640
477 647
477 651
477 662
477 665
477 671
477 679
477 680
477 686
477 697
477 699
477 752
477 753
477 757
477 764
477 765
477 771
477 772
477 773
477 776
477 782
477 789
477 796
477 801
477 802
477 812
477 818
477 819
477 820
477 831
477 855
477 859
477 867
477 880
477 882
477 891
477 914
477 924
477 935
477 949
477 955
477 963
477 972
477 986
477 999
478 513
478 552
478 554
478 568
478 570
478 584
478 602
478 615
478 619
478 643
478 654
478 658
478 673
478 679
478 691
478 701
478 706
478 718
478 720
478 721
478 728
478 740
478 743
478 751
478 755
478 761
478 762
478 763
478 765
478 768
478 780
478 781
478 805
478 820
478 821
478 824
478 830
478 838
478 839
478 866
478 883
478 887
478 899
478 919
478 940
478 948
478 956
478 958
478 980
478 982
478 988
478 997
479 503
479 512
479 515
479 516
479 536
479 544
479 559
479 568
479 580
479 583
479 593
479 597
479 598
479 609
479 615
479 616
479 620
479 623
479 628
479 631
479 645
479 650
479 656
479 661
479 676
479 683
479 686
479 687
479 711
479 712
479 716
479 744
479 755
479 760
479 764
479 768
479 779
479 780
479 785
479 787
479 791
479 792
479 796
479 817
479 835
479 838
479 844
479 845
479 855
479 861
479 874
479 875
479 885
479 889
479 891
479 892
479 905
479 916
479 939
479 950
479 972
479 975
479 978
479 989
479 998
480 499
480 504
480 542
480 559
480 561
480 563
480 568
480 577
480 591
480 614
480 616
480 617
480 636
480 641
480 649
480 667
480 674
480 683
480 686
480 712
480 715
480 726
480 729
480 763
480 781
480 804
480 809
480 839
480 841
480 855
480 860
480 861
480 864
480 871
480 876
480 879
480 881
480 887
480 890
480 903
480 911
480 915
480 918
480 928
480 941
480 951
480 976
480 999
481 502
481 508
481 516
481 523
481 528
481 535
481 547
481 563
481 592
481 603
481 605
481 620
481 622
481 636
481 688
481 689
481 691
481 697
481 714
481 715
481 716
481 729
481 732
481 744
481 755
481 771
481 775
481 788
481 799
481 839
481 851
481 854
481 861
481 864
481 868
481 879
481 880
481 882
481 893
481 895
481 907
481 919
481 923
481 930
481 935
481 954
481 962
481 969
481 970
481 971
481 977
481 982
481 996
481 997
481 999
482 489
482 496
482 501
482 506
482 520
482 521
482 544
482 554
482 556
482 602
482 611
482 619
482 637
482 644
482 648
482 670
482 681
482 691
482 707
482 713
482 738
482 740
482 745
482 751
482 756
482 787
482 804
482 814
482 820
482 829
482 833
482 837
482 842
482 846
482 849
482 853
482 855
482 872
482 877
482 893
482 925
482 949
482 970
482 973
482 978
482 987
482 989
482 998
483 495
483 498
483 503
483 527
483 528
483 560
483 564
483 610
483 636
483 637
483 644
483 660
483 661
483 673
483 684
483 698
483 722
483 723
483 725
483 738
483 758
483 761
483 776
483 796
483 811
483 812
483 815
483 818
483 825
483 843
483 847
483 849
483 851
483 874
483 912
483 926
483 932
483 939
483 949
483 996
484 492
484 501
484 509
484 514
484 519
484 530
484 538
484 545
484 549
484 559
484 569
484 574
484 577
484 594
484 599
484 600
484 630
484 631
484 638
484 639
484 665
484 686
484 690
484 699
484 704
484 708
484 718
484 740
484 747
484 751
484 752
484 757
484 766
484 774
484 804
484 807
484 812
484 835
484 837
484 844
484 845
484 850
484 853
484 859
484 865
484 872
484 874
484 879
484 894
484 900
484 913
484 922
484 925
484 927
484 928
484 938
484 961
484 973
484 979
484 980
484 986
484 996
484 998
485 512
485 520
485 524
485 540
485 544
485 549
485 561
485 566
485 570
485 585
485 588
485 591
485 611
485 615
485 621
485 624
485 635
485 637
485 645
485 672
485 699
485 726
485 727
485 728
485 729
485 731
485 733
485 749
485 760
485 779
485 811
485 826
485 833
485 835
485 847
485 853
485 868
485 871
485 876
485 885
485 902
485 911
485 930
485 942
485 943
485 963
485 974
485 977
485 986
485 999
486 488
486 489
486 501
486 502
486 504
486 514
486 515
486 536
486 556
486 559
486 578
486 594
486 597
486 600
486 602
486 613
486 616
486 629
486 642
486 668
486 670
486 672
486 673
486 680
486 686
486 692
486 702
486 703
486 719
486 722
486 728
486 734
486 761
486 776
486 799
486 801
486 808
486 815
486 825
486 827
486 831
486 885
486 887
486 890
486 905
486 921
486 922
486 926
486 930
486 957
486 966
486 969
486 971
486 978
486 983
487 488
487 491
487 493
487 514
487 523
487 532
487 548
487 549
487 564
487 575
487 577
487 594
487 601
487 602
487 610
487 617
487 622
487 625
487 631
487 634
487 636
487 639
487 644
487 646
487 674
487 676
487 682
487 718
487 737
487 761
487 762
487 767
487 774
487 780
487 789
487 792
487 800
487 815
487 828
487 832
487 845
487 848
487 857
487 871
487 874
487 877
487 904
487 911
487 920
487 931
487 958
487 977
487 981
487 991
488 499
488 512
488 518
488 528
488 531
488 571
488 577
488 587
488 593
488 608
488 627
488 636
488 638
488 662
488 672
488 721
488 731
488 740
488 746
488 754
488 765
488 767
488 769
488 770
488 804
488 816
488 827
488 832
488 849
488 851
488 862
488 925
488 932
488 938
488 955
488 959
488 992
488 994
488 995
488 998
488 999
489 507
489 528
489 534
489 536
489 538
489 539
489 548
489 549
489 557
489 559
489 563
489 567
489 573
489 577
489 584
489 596
489 600
489 604
489 616
489 620
489 678
489 679
489 680
489 687
489 688
489 695
489 711
489 740
489 764
489 782
489 784
489 786
489 788
489 809
489 842
489 843
489 855
489 870
489 877
489 878
489 912
489 923
489 928
489 945
489 958
489 962
489 965
489 967
489 968
489 974
489 978
489 980
489 993
489 994
489 995
489 999
490 497
490 510
490 516
490 524
490 541
490 551
490 552
490 555
490 566
490 577
490 599
490 644
490 662
490 671
490 688
490 704
490 707
490 711
490 719
490 726
490 739
490 744
490 754
490 781
490 803
490 805
490 820
490 835
490 857
490 871
490 872
490 874
490 879
490 889
490 924
490 928
490 938
490 950
490 958
490 963
490 967
490 982
491 498
491 511
491 525
491 526
491 530
491 532
491 551
491 562
491 580
491 588
491 599
491 632
491 637
491 641
491 661
491 693
491 697
491 700
491 709
491 712
491 719
491 749
491 756
491 764
491 779
491 793
491 804
491 811
491 817
491 819
491 837
491 848
491 863
491 874
491 878
491 879
491 883
491 884
491 907
491 939
491 959
491 972
491 974
491 975
491 993
492 494
492 516
492 522
492 530
492 539
492 552
492 554
492 588
492 596
492 604
492 605
492 613
492 644
492 647
492 651
492 656
492 674
492 679
492 690
492 694
492 713
492 715
492 716
492 717
492 721
492 737
492 742
492 749
492 761
492 768
492 821
492 826
492 830
492 858
492 869
492 903
492 923
492 924
492 931
492 941
492 942
492 958
492 961
492 970
492 975
492 986
493 498
493 508
493 510
493 515
493 531
493 532
493 539
493 576
493 588
493 603
493 606
493 613
493 615
493 635
493 638
493 647
493 660
493 662
493 664
493 675
493 694
493 695
493 709
493 713
493 752
493 783
493 796
493 818
493 825
493 831
493 850
493 925
493 927
493 937
493 940
493 953
493 961
493 962
493 964
493 968
493 973
493 984
493 992
493 993
494 503
494 505
494 518
494 523
494 525
494 532
494 547
494 552
494 553
494 557
494 577
494 582
494 585
494 599
494 622
494 645
494 651
494 657
494 681
494 684
494 720
494 729
494 731
494 741
494 743
494 745
494 753
494 776
494 780
494 795
494 800
494 814
494 818
494 822
494 835
494 840
494 847
494 862
494 869
494 882
494 885
494 886
494 913
494 917
494 937
494 947
494 968
494 972
494 994
494 997
494 998
494 999
495 507
495 533
495 542
495 548
495 561
495 573
495 592
495 596
495 598
495 600
495 605
495 627
495 658
495 681
495 701
495 707
495 709
495 713
495 729
495 733
495 746
495 747
495 759
495 794
495 797
495 802
495 803
495 810
495 829
495 857
495 876
495 890
495 892
495 894
495 898
495 907
495 910
495 929
495 936
495 979
495 996
495 997
496 497
496 509
496 511
496 528
496 529
496 537
496 557
496 576
496 581
496 592
496 596
496 611
496 629
496 653
496 656
496 667
496 690
496 697
496 708
496 736
496 738
496 759
496 768
496 775
496 788
496 802
496 805
496 811
496 813
496 816
496 820
496 822
496 824
496 836
496 858
496 876
496 882
496 885
496 888
496 904
496 915
496 917
496 921
496 927
496 930
496 953
496 965
496 972
496 985
496 991
497 499
497 517
497 522
497 531
497 537
497 545
497 547
497 552
497 566
497 579
497 581
497 611
497 622
497 624
497 625
497 631
497 646
497 650
497 665
497 687
497 700
497 713
497 715
497 716
497 727
497 742
497 751
497 756
497 761
497 765
497 791
497 794
497 797
497 820
497 824
497 839
497 847
497 849
497 856
497 865
497 883
497 891
497 898
497 902
497 919
497 936
497 938
497 947
497 952
497 953
497 980
497 984
497 994
498 513
498 539
498 559
498 571
498 578
498 586
498 594
498 600
498 605
498 618
498 620
498 641
498 644
498 648
498 649
498 667
498 697
498 705
498 720
498 750
498 756
498 770
498 774
498 801
498 805
498 823
498 830
498 840
498 842
498 843
498 866
498 868
498 885
498 887
498 904
498 927
498 930
498 942
498 955
498 957
498 960
498 962
498 966
498 967
498 969
498 983
498 985
498 993
498 994
498 999
499 511
499 517
499 523
499 528
499 533
499 550
499 568
499 578
499 592
499 593
499 610
499 615
499 647
499 655
499 659
499 666
499 682
499 697
499 698
499 714
499 721
499 729
499 730
499 736
499 747
499 756
499 762
499 773
499 774
499 779
499 802
499 817
499 829
499 843
499 853
499 866
499 884
499 886
499 897
499 898
499 926
499 928
499 929
499 931
499 935
499 948
499 954
499 958
499 967
499 984
499 987
499 994
500 502
500 504
500 508
500 515
500 541
500 557
500 575
500 585
500 587
500 591
500 597
500 604
500 607
500 608
500 613
500 615
500 622
500 632
500 634
500 635
500 663
500 676
500 678
500 679
500 686
500 690
500 691
500 701
500 705
500 707
500 733
500 739
500 748
500 751
500 752
500 764
500 771
500 775
500 776
500 778
500 793
500 800
500 830
500 852
500 863
500 867
500 871
500 873
500 881
500 887
500 923
500 927
500 933
500 953
500 967
500 975
500 991
501 512
501 515
501 529
501 533
501 565
501 581
501 588
501 592
501 610
501 612
501 620
501 623
501 645
501 650
501 663
501 672
501 690
501 708
501 713
501 734
501 750
501 758
501 781
501 783
501 797
501 805
501 807
501 817
501 819
501 831
501 832
501 842
501 851
501 854
501 857
501 884
501 886
501 924
501 932
501 938
501 945
501 948
501 955
501 986
501 987
502 509
502 510
502 520
502 529
502 539
502 541
502 546
502 548
502 570
502 589
502 600
502 609
502 611
502 617
502 619
502 622
502 627
502 651
502 655
502 664
502 680
502 683
502 702
502 715
502 718
502 722
502 725
502 731
502 733
502 734
502 738
502 743
502 797
502 799
502 807
502 812
502 818
502 843
502 849
502 852
502 862
502 896
502 900
502 904
502 908
502 914
502 931
502 937
502 947
502 950
502 960
502 974
502 987
502 996
503 519
503 562
503 567
503 571
503 579
503 583
503 584
503 587
503 616
503 619
503 620
503 626
503 630
503 632
503 659
503 662
503 663
503 664
503 669
503 671
503 682
503 694
503 696
503 705
503 706
503 740
503 766
503 794
503 806
503 818
503 846
503 854
503 887
503 890
503 891
503 903
503 904
503 905
503 911
503 935
503 950
503 952
503 961
503 966
504 536
504 556
504 558
504 565
504 571
504 585
504 590
504 613
504 652
504 655
504 689
504 695
504 706
504 707
504 744
504 750
504 787
504 792
504 802
504 845
504 850
504 866
504 878
504 886
504 897
504 908
504 914
504 919
504 926
504 934
504 959
504 978
504 979
504 990
504 993
505 526
505 555
505 563
505 577
505 589
505 593
505 616
505 634
505 649
505 655
505 694
505 704
505 717
505 739
505 740
505 741
505 766
505 769
505 779
505 783
505 784
505 785
505 790
505 818
505 819
505 826
505 837
505 850
505 889
505 895
505 918
505 924
505 935
505 942
505 946
505 949
505 983
505 987
506 514
506 518
506 533
506 543
506 545
506 547
506 564
506 569
506 587
506 607
506 626
506 664
506 692
506 693
506 708
506 718
506 731
506 749
506 750
506 754
506 758
506 765
506 772
506 773
506 784
506 804
506 813
506 837
506 847
506 850
506 852
506 870
506 873
506 892
506 903
506 928
506 935
506 938
506 944
506 955
506 957
506 974
506 980
506 988
506 991
507 519
507 524
507 527
507 532
507 545
507 548
507 555
507 558
507 559
507 564
507 584
507 611
507 617
507 619
507 638
507 650
507 651
507 679
507 684
507 686
507 697
507 698
507 702
507 706
507 715
507 719
507 776
507 784
507 791
507 801
507 827
507 848
507 850
507 874
507 886
507 891
507 894
507 900
507 904
507 906
507 912
507 943
507 954
507 965
507 973
507 988
508 509
508 520
508 527
508 538
508 549
508 550
508 552
508 561
508 564
508 577
508 581
508 582
508 602
508 614
508 617
508 619
508 621
508 629
508 638
508 648
508 650
508 674
508 676
508 712
508 717
508 733
508 748
508 757
508 775
508 789
508 790
508 797
508 800
508 802
508 803
508 809
508 813
508 835
508 854
508 868
508 873
508 886
508 889
508 897
508 901
508 955
508 963
508 981
508 988
508 989
509 527
509 551
509 553
509 554
509 587
509 602
509 612
509 616
509 626
509 629
509 640
509 657
509 662
509 685
509 693
509 699
509 700
509 706
509 708
509 721
509 724
509 728
509 731
509 742
509 753
509 754
509 766
509 794
509 819
509 828
509 829
509 830
509 832
509 845
509 860
509 873
509 875
509 884
509 893
509 898
509 903
509 909
509 910
509 918
509 919
509 941
509 948
509 962
509 970
510 512
510 518
510 525
510 528
510 535
510 554
510 564
510 585
510 588
510 601
510 604
510 608
510 616
510 627
510 643
510 648
510 656
510 657
510 678
510 680
510 681
510 693
510 709
510 713
510 720
510 732
510 739
510 741
510 744
510 766
510 770
510 777
510 779
510 798
510 819
510 820
510 828
510 833
510 834
510 840
510 856
510 870
510 877
510 897
510 923
510 934
510 936
510 946
510 960
510 973
510 983
510 986
510 994
510 996
511 514
511 522
511 535
511 538
511 556
511 568
511 590
511 591
511 592
511 616
511 618
511 619
511 622
511 634
511 659
511 672
511 677
511 686
511 713
511 715
511 717
511 732
511 742
511 748
511 758
511 764
511 780
511 786
511 815
511 819
511 846
511 851
511 854
511 858
511 861
511 881
511 882
511 884
511 891
511 892
511 897
511 913
511 922
511 928
511 929
511 943
511 959
511 966
511 981
511 991
511 993
511 996
511 997
512 534
512 548
512 550
512 565
512 567
512 593
512 594
512 603
512 611
512 641
512 651
512 693
512 706
512 714
512 729
512 734
512 753
512 759
512 762
512 763
512 771
512 788
512 811
512 824
512 829
512 833
512 836
512 839
512 844
512 845
512 858
512 860
512 861
512 878
512 918
512 923
512 938
512 950
512 956
512 959
512 987
512 994
513 549
513 552
513 566
513 574
513 580
513 582
513 593
513 601
513 616
513 619
513 633
513 653
513 662
513 671
513 693
513 722
513 747
513 751
513 757
513 758
513 776
513 785
513 789
513 794
513 809
513 815
513 836
513 848
513 867
513 883
513 887
513 899
513 905
513 930
513 940
513 941
513 945
513 950
513 954
513 965
513 972
513 978
513 991
513 996
514 520
514 532
514 542
514 556
514 557
514 561
514 570
514 574
514 582
514 594
514 607
514 608
514 622
514 623
514 632
514 645
514 650
514 652
514 657
514 658
514 670
514 690
514 694
514 704
514 705
514 706
514 717
514 722
514 732
514 735
514 763
514 765
514 767
514 769
514 773
514 782
514 783
514 810
514 817
514 829
514 836
514 837
514 846
514 855
514 865
514 867
514 875
514 885
514 890
514 894
514 903
514 935
514 989
515 549
515 550
515 554
515 558
515 559
515 565
515 582
515 583
515 586
515 588
515 594
515 609
515 620
515 621
515 622
515 637
515 643
515 656
515 661
515 667
515 670
515 672
515 685
515 687
515 688
515 692
515 694
515 716
515 717
515 734
515 757
515 786
515 788
515 794
515 795
515 797
515 803
515 811
515 813
515 820
515 839
515 844
515 861
515 862
515 870
515 883
515 885
515 888
515 893
515 902
515 907
515 909
515 917
515 920
515 925
515 929
515 944
515 956
515 969
515 980
515 981
516 535
516 540
516 541
516 553
516 560
516 567
516 588
516 590
516 602
516 603
516 621
516 629
516 637
516 640
516 680
516 681
516 685
516 687
516 691
516 697
516 708
516 713
516 714
516 715
516 720
516 725
516 731
516 732
516 768
516 769
516 784
516 803
516 820
516 825
516 826
516 837
516 854
516 867
516 870
516 886
516 894
516 898
516 903
516 925
516 926
516 927
516 938
516 950
516 957
517 529
517 530
517 532
517 533
517 546
517 569
517 577
517 590
517 600
517 609
517 619
517 637
517 638
517 645
517 658
517 663
517 692
517 694
517 710
517 725
517 743
517 744
517 747
517 752
517 782
517 798
517 807
517 815
517 818
517 826
517 832
517 837
517 839
517 845
517 848
517 855
517 856
517 861
517 873
517 894
517 909
517 919
517 923
517 938
517 958
517 972
517 977
517 993
517 995
518 528
518 543
518 549
518 556
518 557
518 558
518 564
518 565
518 569
518 574
518 580
518 619
518 630
518 645
518 649
518 653
518 659
518 679
518 710
518 711
518 718
518 726
518 728
518 732
518 740
518 744
518 753
518 761
518 783
518 787
518 788
518 789
518 793
518 834
518 836
518 857
518 858
518 866
518 872
518 879
518 897
518 899
518 906
518 917
518 923
518 926
518 948
518 955
518 961
518 980
518 981
518 985
518 986
518 991
518 994
518 999
519 522
519 523
519 532
519 567
519 568
519 569
519 571
519 579
519 592
519 596
519 597
519 606
519 611
519 622
519 625
519 633
519 636
519 637
519 639
519 642
519 644
519 653
519 656
519 667
519 670
519 688
519 709
519 717
519 718
519 721
519 750
519 766
519 772
519 776
519 777
519 779
519 796
519 808
519 815
519 817
519 832
519 834
519 835
519 842
519 849
519 855
519 881
519 893
519 908
519 927
519 967
519 973
519 991
520 524
520 539
520 550
520 554
520 556
520 558
520 565
520 575
520 577
520 587
520 590
520 595
520 636
520 645
520 689
520 703
520 713
520 731
520 741
520 742
520 757
520 766
520 787
520 788
520 802
520 820
520 821
520 823
520 843
520 845
520 854
520 859
520 904
520 941
520 952
520 961
520 998
521 536
521 538
521 557
521 568
521 593
521 611
521 630
521 634
521 659
521 666
521 674
521 704
521 706
521 715
521 720
521 738
521 741
521 743
521 750
521 761
521 768
521 772
521 777
521 784
521 793
521 797
521 800
521 801
521 802
521 810
521 814
521 815
521 833
521 844
521 855
521 876
521 879
521 887
521 908
521 918
521 927
521 930
521 932
521 942
521 949
521 952
521 962
521 974
521 982
521 989
521 991
522 527
522 542
522 543
522 578
522 582
522 583
522 605
522 606
522 609
522 615
522 649
522 652
522 670
522 697
522 698
522 699
522 711
522 720
522 722
522 738
522 792
522 804
522 812
522 833
522 851
522 852
522 861
522 879
522 882
522 884
522 887
522 894
522 920
522 922
522 931
522 945
522 949
522 961
522 963
522 988
522 994
523 528
523 547
523 552
523 562
523 566
523 584
523 596
523 601
523 605
523 619
523 631
523 638
523 640
523 663
523 664
523 672
523 675
523 687
523 695
523 704
523 712
523 718
523 721
523 726
523 734
523 738
523 744
523 757
523 768
523 774
523 786
523 805
523 811
523 822
523 856
523 860
523 862
523 867
523 882
523 888
523 895
523 907
523 910
523 914
523 923
523 928
523 956
523 967
523 968
523 977
523 983
523 989
523 991
523 992
524 543
524 549
524 550
524 561
524 615
524 643
524 646
524 665
524 677
524 687
524 691
524 710
524 718
524 726
524 734
524 759
524 778
524 779
524 799
524 801
524 808
524 810
524 813
524 828
524 840
524 841
524 844
524 883
524 891
524 902
524 911
524 921
524 945
524 947
524 986
524 988
524 990
524 993
525 536
525 541
525 563
525 576
525 579
525 590
525 620
525 629
525 637
525 651
525 664
525 683
525 684
525 692
525 702
525 723
525 741
525 759
525 764
525 774
525 783
525 785
525 799
525 803
525 805
525 808
525 814
525 820
525 823
525 836
525 838
525 839
525 840
525 854
525 895
525 899
525 902
525 911
525 924
525 942
525 947
525 951
525 957
525 958
525 963
525 964
525 969
525 982
525 997
525 999
526 537
526 540
526 560
526 578
526 581
526 608
526 633
526 636
526 654
526 657
526 679
526 682
526 688
526 691
526 698
526 713
526 723
526 739
526 740
526 744
526 750
526 752
526 777
526 780
526 781
526 783
526 789
526 806
526 811
526 829
526 830
526 837
526 838
526 852
526 854
526 869
526 871
526 882
526 900
526 909
526 910
526 911
526 961
526 968
526 973
526 978
526 991
526 993
526 995
526 996
527 545
527 548
527 562
527 563
527 598
527 624
527 643
527 644
527 653
527 695
527 721
527 724
527 734
527 745
527 753
527 757
527 768
527 770
527 772
527 778
527 780
527 785
527 788
527 789
527 818
527 838
527 841
527 845
527 863
527 878
527 881
527 912
527 918
527 925
527 942
527 948
527 949
527 967
527 984
527 988
528 535
528 542
528 545
528 612
528 627
528 632
528 657
528 668
528 670
528 675
528 688
528 693
528 695
528 697
528 717
528 720
528 759
528 773
528 793
528 804
528 808
528 810
528 818
528 826
528 830
528 831
528 852
528 858
528 864
528 881
528 894
528 905
528 912
528 917
528 920
528 924
528 929
528 945
528 948
528 958
528 968
528 979
528 991
528 997
529 532
529 542
529 551
529 586
529 606
529 609
529 610
529 614
529 615
529 619
529 626
529 634
529 644
529 663
529 670
529 683
529 690
529 710
529 718
529 723
529 729
529 757
529 760
529 763
529 767
529 772
529 774
529 778
529 784
529 804
529 811
529 819
529 820
529 839
529 843
529 844
529 865
529 880
529 887
529 892
529 898
529 900
529 916
529 918
529 922
529 947
529 959
529 972
529 984
529 986
529 988
529 995
529 997
530 545
530 554
530 560
530 569
530 586
530 605
530 612
530 619
530 626
530 631
530 639
530 647
530 651
530 676
530 686
530 688
530 692
530 694
530 704
530 707
530 718
530 724
530 726
530 731
530 738
530 740
530 753
530 755
530 770
530 771
530 794
530 802
530 807
530 821
530 823
530 825
530 840
530 849
530 851
530 862
530 868
530 870
530 871
530 872
530 888
530 896
530 900
530 903
530 905
530 908
530 923
530 927
530 938
530 944
530 945
530 953
530 974
530 979
530 981
530 994
531 565
531 566
531 569
531 572
531 575
531 599
531 666
531 672
531 675
531 679
531 683
531 687
531 691
531 702
531 705
531 710
531 717
531 718
531 720
531 732
531 739
531 742
531 754
531 782
531 787
531 805
531 814
531 827
531 828
531 846
531 854
531 857
531 878
531 885
531 899
531 922
531 924
531 989
531 996
532 536
532 539
532 540
532 542
532 544
532 545
532 554
532 555
532 558
532 566
532 582
532 598
532 615
532 621
532 623
532 628
532 658
532 701
532 703
532 712
532 735
532 737
532 745
532 747
532 756
532 762
532 771
532 773
532 782
532 797
532 808
532 816
532 821
532 826
532 856
532 859
532 866
532 872
532 877
532 886
532 897
532 898
532 916
532 943
532 954
532 962
532 972
532 999
533 537
533 556
533 570
533 586
533 590
533 595
533 600
533 612
533 614
533 617
533 620
533 652
533 661
533 683
533 697
533 705
533 709
533 712
533 729
533 731
533 736
533 747
533 751
533 755
533 757
533 761
533 821
533 838
533 841
533 844
533 849
533 851
533 855
533 856
533 868
533 887
533 892
533 896
533 899
533 900
533 903
533 916
533 920
533 928
533 939
533 940
533 941
533 942
533 944
533 949
533 959
533 965
533 977
533 982
533 985
533 991
533 998
534 548
534 549
534 550
534 569
534 570
534 574
534 602
534 651
534 677
534 715
534 718
534 735
534 759
534 768
534 770
534 779
534 788
534 792
534 821
534 838
534 852
534 881
534 882
534 896
534 907
534 917
534 921
534 937
534 947
534 963
534 975
534 981
534 989
534 995
535 536
535 540
535 548
535 557
535 566
535 576
535 597
535 612
535 622
535 634
535 639
535 651
535 660
535 692
535 695
535 712
535 720
535 731
535 732
535 734
535 758
535 767
535 784
535 792
535 803
535 816
535 822
535 840
535 843
535 849
535 852
535 905
535 923
535 928
535 929
535 930
535 934
535 935
535 936
535 938
535 939
535 955
535 962
535 968
535 976
535 984
535 987
535 988
535 999
536 540
536 545
536 550
536 555
536 559
536 568
536 571
536 575
536 583
536 588
536 596
536 603
536 609
536 611
536 612
536 630
536 631
536 635
536 640
536 667
536 672
536 680
536 682
536 712
536 732
536 734
536 738
536 743
536 753
536 756
536 764
536 767
536 781
536 783
536 790
536 796
536 802
536 839
536 848
536 860
536 862
536 872
536 877
536 879
536 882
536 884
536 886
536 891
536 892
536 922
536 926
536 940
536 962
536 969
536 980
536 985
537 539
537 540
537 545
537 568
537 580
537 581
537 587
537 588
537 609
537 632
537 635
537 639
537 648
537 683
537 697
537 700
537 704
537 715
537 725
537 733
537 744
537 771
537 776
537 786
537 791
537 795
537 801
537 811
537 817
537 824
537 830
537 841
537 845
537 853
537 873
537 875
537 889
537 915
537 922
537 925
537 949
537 964
537 966
537 983
537 984
538 581
538 582
538 583
538 585
538 614
538 641
538 672
538 675
538 682
538 689
538 692
538 713
538 757
538 761
538 766
538 768
538 774
538 782
538 802
538 820
538 825
538 842
538 843
538 850
538 855
538 860
538 869
538 878
538 887
538 897
538 901
538 914
538 915
538 937
538 953
538 964
538 970
538 980
538 997
538 999
539 546
539 586
539 597
539 600
539 602
539 603
539 620
539 624
539 625
539 627
539 630
539 635
539 637
539 638
539 643
539 646
539 648
539 727
539 733
539 734
539 792
539 805
539 826
539 842
539 843
539 845
539 854
539 857
539 881
539 883
539 890
539 896
539 902
539 913
539 917
539 920
539 925
539 936
539 941
539 944
539 973
539 985
539 987
539 995
540 567
540 589
540 591
540 596
540 597
540 609
540 617
540 622
540 625
540 627
540 631
540 633
540 635
540 638
540 643
540 645
540 649
540 678
540 681
540 690
540 706
540 719
540 729
540 746
540 747
540 750
540 755
540 770
540 781
540 795
540 802
540 819
540 824
540 851
540 854
540 875
540 887
540 890
540 900
540 928
540 929
540 952
540 956
540 980
540 982
540 989
540 998
540 999
541 557
541 564
541 568
541 575
541 579
541 597
541 599
541 600
541 601
541 611
541 620
541 622
541 625
541 631
541 638
541 639
541 650
541 652
541 659
541 685
541 710
541 735
541 750
541 776
541 788
541 801
541 807
541 828
541 844
541 860
541 863
541 864
541 866
541 896
541 912
541 914
541 927
541 932
541 937
541 947
541 952
541 954
541 984
541 986
541 989
541 991
541 998
542 555
542 578
542 580
542 625
542 627
542 629
542 632
542 633
542 634
542 654
542 659
542 666
542 667
542 671
542 686
542 689
542 695
542 706
542 719
542 726
542 740
542 751
542 759
542 765
542 777
542 783
542 792
542 795
542 845
542 850
542 854
542 856
542 859
542 890
542 893
542 895
542 913
542 940
542 950
542 953
542 956
542 961
542 964
542 972
542 973
542 980
542 986
542 993
542 998
543 545
543 572
543 580
543 593
543 618
543 628
543 630
543 635
543 653
543 668
543 678
543 693
543 695
543 697
543 702
543 710
543 716
543 717
543 719
543 721
543 728
543 731
543 735
543 737
543 739
543 747
543 773
543 789
543 808
543 809
543 811
543 812
543 820
543 822
543 831
543 840
543 853
543 864
543 875
543 878
543 891
543 907
543 910
543 911
543 921
543 934
543 935
543 936
543 941
543 944
543 964
543 970
543 984
544 545
544 551
544 552
544 562
544 564
544 573
544 580
544 582
544 585
544 587
544 601
544 615
544 628
544 644
544 654
544 656
544 662
544 681
544 691
544 707
544 714
544 724
544 731
544 737
544 742
544 743
544 751
544 760
544 762
544 772
544 773
544 776
544 783
544 795
544 800
544 806
544 810
544 825
544 838
544 849
544 850
544 851
544 883
544 887
544 897
544 898
544 905
544 920
544 924
544 946
544 949
544 956
544 961
544 971
544 982
544 997
545 548
545 552
545 557
545 564
545 569
545 578
545 603
545 617
545 626
545 632
545 635
545 640
545 651
545 662
545 670
545 695
545 696
545 697
545 705
545 718
545 720
545 724
545 725
545 728
545 747
545 787
545 795
545 819
545 837
545 839
545 840
545 842
545 851
545 864
545 865
545 878
545 882
545 883
545 885
545 913
545 915
545 922
545 925
545 930
545 935
545 937
545 943
545 949
545 962
546 547
546 557
546 562
546 567
546 574
546 579
546 581
546 586
546 592
546 594
546 615
546 633
546 637
546 638
546 653
546 659
546 663
546 687
546 689
546 701
546 718
546 725
546 732
546 733
546 734
546 741
546 765
546 773
546 774
546 801
546 809
546 821
546 824
546 829
546 840
546 846
546 862
546 872
546 876
546 882
546 902
546 905
546 908
546 921
546 945
546 946
546 992
547 548
547 582
547 594
547 604
547 609
547 642
547 669
547 696
547 705
547 710
547 734
547 749
547 750
547 755
547 768
547 770
547 775
547 776
547 780
547 794
547 808
547 826
547 829
547 837
547 838
547 857
547 866
547 885
547 890
547 891
547 894
547 906
547 914
547 916
547 922
547 924
547 926
547 935
547 937
547 950
547 956
547 967
547 973
548 552
548 561
548 583
548 593
548 595
548 612
548 613
548 660
548 661
548 671
548 681
548 683
548 711
548 746
548 748
548 752
548 760
548 765
548 775
548 780
548 784
548 797
548 803
548 813
548 828
548 836
548 843
548 848
548 849
548 875
548 888
548 900
548 909
548 942
548 959
548 960
548 964
548 990
549 556
549 566
549 576
549 598
549 601
549 606
549 620
549 622
549 629
549 646
549 671
549 673
549 683
549 709
549 719
549 738
549 743
549 778
549 785
549 792
549 796
549 810
549 815
549 820
549 822
549 825
549 838
549 839
549 840
549 843
549 845
549 868
549 883
549 894
549 899
549 902
549 921
549 926
549 938
549 941
549 952
549 961
549 981
549 986
550 551
550 553
550 557
550 562
550 572
550 590
550 602
550 603
550 604
550 606
550 607
550 616
550 624
550 640
550 644
550 646
550 681
550 683
550 698
550 706
550 708
550 712
550 722
550 728
550 749
550 756
550 757
550 763
550 776
550 778
550 786
550 791
550 793
550 815
550 836
550 838
550 842
550 853
550 858
550 863
550 876
550 886
550 905
550 909
550 910
550 924
550 953
550 968
550 992
551 558
551 574
551 580
551 587
551 619
551 623
551 642
551 654
551 658
551 660
551 671
551 696
551 710
551 716
551 718
551 730
551 736
551 754
551 755
551 765
551 771
551 782
551 787
551 795
551 809
551 815
551 843
551 875
551 892
551 896
551 900
551 904
551 915
551 918
551 950
551 957
551 959
551 960
551 972
551 980
552 576
552 586
552 590
552 601
552 620
552 626
552 627
552 640
552 654
552 662
552 684
552 686
552 696
552 711
552 726
552 738
552 763
552 786
552 791
552 813
552 817
552 836
552 840
552 852
552 853
552 869
552 872
552 874
552 880
552 885
552 932
552 935
552 966
552 972
552 973
552 987
552 988
552 989
553 570
553 586
553 589
553 594
553 595
553 599
553 608
553 621
553 630
553 633
553 643
553 646
553 650
553 654
553 662
553 670
553 676
553 700
553 761
553 762
553 781
553 783
553 784
553 796
553 806
553 810
553 823
553 831
553 850
553 861
553 880
553 902
553 916
553 924
553 934
553 941
553 945
553 959
553 964
553 970
553 974
553 978
553 981
553 987
553 993
553 999
554 555
554 557
554 566
554 569
554 582
554 591
554 594
554 615
554 617
554 620
554 638
554 650
554 654
554 657
554 673
554 685
554 689
554 705
554 712
554 715
554 719
554 723
554 799
554 811
554 814
554 817
554 842
554 858
554 865
554 896
554 906
554 907
554 926
554 929
554 930
554 937
554 968
554 978
554 995
555 579
555 594
555 598
555 599
555 621
555 629
555 636
555 640
555 641
555 643
555 655
555 658
555 672
555 674
555 693
555 712
555 714
555 755
555 807
555 816
555 826
555 830
555 832
555 845
555 849
555 855
555 857
555 862
555 874
555 876
555 896
555 903
555 916
555 920
555 932
555 938
555 943
555 969
555 971
555 983
555 986
555 988
555 992
556 581
556 591
556 618
556 626
556 674
556 682
556 697
556 709
556 713
556 721
556 723
556 727
556 729
556 730
556 741
556 752
556 754
556 769
556 788
556 790
556 817
556 822
556 832
556 838
556 858
556 863
556 865
556 867
556 868
556 886
556 889
556 894
556 901
556 903
556 904
556 919
556 937
556 943
556 948
556 954
556 966
556 972
556 978
556 987
556 996
557 568
557 569
557 570
557 579
557 587
557 613
557 621
557 641
557 650
557 651
557 653
557 659
557 663
557 665
557 672
557 679
557 697
557 708
557 724
557 725
557 728
557 747
557 752
557 756
557 759
557 761
557 770
557 779
557 781
557 788
557 803
557 813
557 820
557 821
557 832
557 841
557 848
557 850
557 852
557 855
557 865
557 869
557 873
557 885
557 912
557 926
557 929
557 930
557 931
557 936
557 940
557 944
557 945
557 948
557 949
557 954
557 957
557 966
557 968
557 969
558 579
558 600
558 609
558 615
558 616
558 645
558 650
558 651
558 654
558 661
558 663
558 679
558 691
558 707
558 708
558 731
558 742
558 750
558 763
558 769
558 788
558 793
558 794
558 796
558 803
558 814
558 818
558 824
558 832
558 835
558 838
558 844
558 857
558 872
558 873
558 876
558 889
558 890
558 897
558 900
558 904
558 911
558 922
558 937
558 954
558 956
558 962
558 973
558 979
558 997
559 574
559 577
559 582
559 593
559 594
559 615
559 618
559 654
559 655
559 664
559 669
559 671
559 683
559 689
559 699
559 716
559 731
559 732
559 744
559 749
559 759
559 778
559 780
559 808
559 828
559 844
559 850
559 851
559 891
559 912
559 923
559 938
559 941
559 952
559 968
559 969
559 973
559 980
559 985
560 565
560 567
560 568
560 591
560 606
560 612
560 627
560 630
560 642
560 664
560 665
560 667
560 668
560 673
560 675
560 683
560 686
560 697
560 699
560 701
560 703
560 705
560 728
560 735
560 740
560 750
560 754
560 761
560 763
560 770
560 774
560 776
560 782
560 798
560 812
560 813
560 814
560 836
560 843
560 847
560 857
560 864
560 865
560 876
560 906
560 907
560 917
560 925
560 930
560 945
560 947
560 951
560 990
561 569
561 594
561 597
561 614
561 633
561 656
561 663
561 682
561 699
561 732
561 743
561 755
561 757
561 765
561 769
561 773
561 778
561 791
561 803
561 806
561 834
561 839
561 849
561 852
561 855
561 890
561 893
561 909
561 916
561 925
561 928
561 935
561 954
561 967
562 571
562 575
562 591
562 594
562 625
562 628
562 630
562 632
562 636
562 637
562 643
562 669
562 695
562 702
562 710
562 715
562 717
562 736
562 755
562 758
562 760
562 761
562 764
562 765
562 770
562 776
562 777
562 782
562 794
562 808
562 809
562 810
562 817
562 825
562 830
562 841
562 848
562 858
562 861
562 864
562 884
562 899
562 905
562 908
562 912
562 920
562 922
562 925
562 927
562 945
562 961
562 963
562 974
562 977
562 981
562 999
563 598
563 602
563 637
563 646
563 657
563 658
563 672
563 677
563 687
563 689
563 702
563 704
563 707
563 713
563 731
563 738
563 750
563 762
563 763
563 765
563 783
563 788
563 817
563 828
563 830
563 865
563 878
563 890
563 900
563 908
563 921
563 922
563 934
563 940
563 953
563 963
563 967
563 979
563 989
563 990
563 992
564 582
564 592
564 613
564 616
564 626
564 630
564 642
564 667
564 673
564 701
564 712
564 716
564 724
564 725
564 730
564 738
564 754
564 759
564 776
564 782
564 787
564 798
564 812
564 819
564 834
564 840
564 852
564 860
564 872
564 873
564 876
564 877
564 902
564 907
564 911
564 916
564 931
564 941
564 949
564 958
564 959
564 967
564 972
564 974
564 989
565 582
565 599
565 605
565 609
565 611
565 624
565 630
565 632
565 636
565 638
565 652
565 657
565 663
565 668
565 669
565 683
565 689
565 708
565 717
565 739
565 748
565 757
565 774
565 804
565 806
565 808
565 810
565 831
565 847
565 854
565 871
565 872
565 901
565 907
565 909
565 936
565 942
565 947
565 957
565 959
565 964
565 974
565 986
566 580
566 611
566 638
566 642
566 643
566 651
566 657
566 681
566 698
566 715
566 731
566 737
566 741
566 750
566 771
566 774
566 780
566 786
566 789
566 792
566 799
566 805
566 810
566 820
566 841
566 845
566 851
566 853
566 889
566 897
566 906
566 937
566 938
566 939
566 942
566 945
566 949
566 955
566 956
566 966
566 979
566 987
566 995
567 568
567 570
567 595
567 605
567 615
567 619
567 640
567 653
567 657
567 667
567 671
567 680
567 703
567 705
567 716
567 720
567 724
567 727
567 752
567 773
567 778
567 781
567 784
567 792
567 795
567 811
567 819
567 820
567 837
567 841
567 852
567 859
567 868
567 900
567 915
567 935
567 937
567 942
567 949
567 975
567 993
568 579
568 580
568 602
568 606
568 617
568 618
568 646
568 675
568 684
568 695
568 698
568 701
568 714
568 715
568 718
568 720
568 747
568 757
568 765
568 781
568 792
568 795
568 800
568 808
568 815
568 816
568 824
568 829
568 850
568 864
568 875
568 903
568 911
568 915
568 916
568 920
568 925
568 943
568 949
568 950
568 961
568 967
568 982
568 983
568 989
568 993
568 994
568 997
569 606
569 619
569 621
569 624
569 630
569 632
569 641
569 646
569 647
569 651
569 657
569 658
569 659
569 670
569 672
569 678
569 689
569 699
569 721
569 728
569 729
569 738
569 746
569 762
569 779
569 804
569 840
569 842
569 845
569 854
569 856
569 866
569 880
569 884
569 904
569 905
569 912
569 932
569 935
569 951
569 952
569 962
569 975
569 976
569 979
570 574
570 575
570 576
570 582
570 584
570 586
570 593
570 594
570 597
570 631
570 637
570 638
570 645
570 651
570 675
570 678
570 697
570 700
570 702
570 746
570 749
570 751
570 753
570 760
570 770
570 801
570 832
570 834
570 844
570 859
570 861
570 875
570 887
570 890
570 894
570 924
570 935
570 936
570 946
570 959
570 970
570 972
570 977
570 979
570 987
571 580
571 594
571 630
571 659
571 667
571 676
571 681
571 692
571 716
571 718
571 739
571 743
571 746
571 759
571 763
571 767
571 776
571 780
571 789
571 797
571 805
571 806
571 812
571 821
571 826
571 828
571 886
571 895
571 922
571 923
571 946
571 958
571 960
571 992
572 577
572 583
572 589
572 604
572 619
572 628
572 637
572 649
572 654
572 690
572 700
572 701
572 705
572 707
572 717
572 719
572 724
572 725
572 731
572 734
572 735
572 753
572 755
572 757
572 762
572 770
572 782
572 786
572 804
572 806
572 809
572 813
572 823
572 834
572 837
572 842
572 855
572 856
572 857
572 863
572 882
572 887
572 903
572 906
572 927
572 928
572 939
572 942
572 944
572 949
572 950
572 956
572 970
572 977
572 982
572 988
572 997
573 575
573 576
573 587
573 603
573 619
573 642
573 651
573 666
573 668
573 687
573 690
573 700
573 703
573 704
573 720
573 728
573 730
573 737
573 738
573 754
573 778
573 782
573 787
573 791
573 797
573 802
573 806
573 807
573 811
573 828
573 830
573 834
573 837
573 871
573 878
573 880
573 887
573 932
573 940
573 941
573 942
573 967
573 975
573 980
573 990
573 995
574 590
574 592
574 606
574 614
574 621
574 625
574 626
574 632
574 641
574 644
574 645
574 657
574 659
574 665
574 673
574 688
574 690
574 719
574 721
574 723
574 768
574 772
574 778
574 785
574 799
574 811
574 825
574 826
574 831
574 850
574 858
574 860
574 864
574 876
574 889
574 912
574 944
574 948
574 950
574 989
574 991
574 994
575 584
575 589
575 594
575 596
575 598
575 600
575 637
575 643
575 657
575 671
575 674
575 680
575 687
575 698
575 702
575 707
575 721
575 722
575 729
575 731
575 741
575 776
575 778
575 798
575 815
575 826
575 840
575 841
575 842
575 843
575 846
575 851
575 856
575 870
575 879
575 885
575 888
575 891
575 910
575 913
575 945
575 946
575 951
575 952
575 953
575 954
575 955
575 963
575 966
575 981
575 998
576 581
576 590
576 600
576 625
576 639
576 678
576 679
576 695
576 722
576 734
576 735
576 742
576 743
576 747
576 750
576 757
576 760
576 763
576 765
576 778
576 780
576 798
576 813
576 822
576 851
576 859
576 872
576 877
576 892
576 910
576 911
576 915
576 931
576 937
576 938
576 940
576 949
576 968
576 974
576 981
576 993
577 582
577 603
577 617
577 643
577 647
577 660
577 663
577 687
577 691
577 705
577 733
577 737
577 752
577 769
577 771
577 787
577 811
577 839
577 862
577 866
577 884
577 885
577 899
577 909
577 915
577 926
577 930
577 937
577 941
577 952
577 984
577 991
577 995
578 583
578 596
578 617
578 642
578 643
578 667
578 677
578 687
578 692
578 695
578 697
578 703
578 706
578 707
578 711
578 724
578 731
578 753
578 785
578 813
578 818
578 846
578 864
578 866
578 875
578 886
578 900
578 901
578 902
578 910
578 944
578 958
578 960
578 987
578 990
578 996
579 582
579 589
579 597
579 623
579 625
579 628
579 649
579 656
579 663
579 674
579 682
579 683
579 694
579 704
579 708
579 726
579 771
579 778
579 781
579 790
579 806
579 818
579 856
579 879
579 888
579 889
579 898
579 906
579 908
579 909
579 933
579 942
579 947
579 948
579 953
579 957
579 966
579 969
579 971
579 989
580 592
580 593
580 595
580 605
580 614
580 631
580 648
580 659
580 666
580 684
580 692
580 696
580 697
580 718
580 734
580 736
580 738
580 747
580 751
580 754
580 760
580 761
580 767
580 770
580 776
580 793
580 804
580 808
580 817
580 838
580 856
580 892
580 897
580 900
580 909
580 926
580 929
580 931
580 959
580 960
580 988
581 596
581 603
581 606
581 618
581 669
581 680
581 681
581 712
581 723
581 742
581 755
581 772
581 773
581 775
581 788
581 800
581 807
581 822
581 840
581 842
581 846
581 849
581 854
581 855
581 860
581 864
581 869
581 870
581 874
581 879
581 887
581 894
581 909
581 952
581 957
581 966
581 986
582 584
582 593
582 596
582 607
582 621
582 635
582 636
582 651
582 653
582 663
582 665
582 673
582 684
582 685
582 698
582 699
582 701
582 703
582 708
582 715
582 727
582 740
582 741
582 742
582 744
582 752
582 759
582 761
582 762
582 772
582 773
582 776
582 792
582 815
582 824
582 827
582 844
582 846
582 847
582 851
582 859
582 862
582 885
582 901
582 903
582 922
582 923
582 926
582 958
582 961
582 963
582 969
582 979
582 993
582 995
583 614
583 617
583 621
583 640
583 660
583 678
583 683
583 705
583 713
583 725
583 730
583 739
583 752
583 757
583 769
583 775
583 776
583 779
583 781
583 782
583 793
583 803
583 808
583 822
583 826
583 827
583 834
583 836
583 851
583 863
583 870
583 874
583 882
583 887
583 888
583 891
583 893
583 898
583 919
583 941
583 955
583 961
583 963
583 964
583 988
583 990
583 993
583 998
584 590
584 592
584 603
584 608
584 613
584 619
584 641
584 646
584 658
584 679
584 680
584 688
584 690
584 737
584 743
584 759
584 768
584 769
584 778
584 781
584 784
584 786
584 808
584 820
584 822
584 833
584 834
584 843
584 844
584 861
584 865
584 879
584 893
584 899
584 921
584 930
584 941
584 942
584 957
584 960
584 962
584 965
584 966
584 970
584 971
585 596
585 602
585 635
585 654
585 675
585 690
585 700
585 703
585 705
585 709
585 715
585 720
585 728
585 761
585 784
585 798
585 811
585 834
585 849
585 885
585 889
585 900
585 902
585 913
585 915
585 926
585 932
585 942
585 955
585 958
585 972
585 986
586 592
586 594
586 649
586 661
586 671
586 682
586 695
586 759
586 762
586 763
586 764
586 773
586 778
586 811
586 816
586 817
586 840
586 855
586 861
586 869
586 879
586 897
586 917
586 931
586 935
586 940
586 942
586 943
586 958
586 990
587 590
587 624
587 626
587 628
587 632
587 638
587 639
587 644
587 655
587 659
587 660
587 665
587 671
587 682
587 709
587 714
587 717
587 734
587 740
587 743
587 766
587 769
587 774
587 776
587 786
587 810
587 812
587 820
587 853
587 858
587 878
587 921
587 929
587 932
587 939
587 956
587 961
587 970
587 972
587 977
587 996
587 998
588 589
588 602
588 607
588 613
588 614
588 622
588 634
588 635
588 638
588 646
588 653
588 657
588 669
588 675
588 677
588 684
588 705
588 708
588 716
588 719
588 721
588 726
588 750
588 770
588 789
588 802
588 855
588 872
588 898
588 900
588 903
588 905
588 926
588 927
588 943
588 977
588 980
589 600
589 609
589 614
589 617
589 644
589 649
589 668
589 672
589 680
589 703
589 707
589 718
589 734
589 737
589 745
589 758
589 763
589 764
589 772
589 776
589 791
589 795
589 818
589 828
589 837
589 840
589 880
589 894
589 927
589 938
589 947
589 960
589 969
589 973
589 989
589 994
589 995
589 996
590 600
590 605
590 612
590 613
590 619
590 622
590 623
590 627
590 641
590 655
590 661
590 686
590 699
590 702
590 709
590 720
590 746
590 768
590 772
590 774
590 781
590 785
590 805
590 817
590 827
590 830
590 833
590 838
590 853
590 861
590 876
590 892
590 925
590 932
590 952
590 957
590 963
590 965
590 973
590 978
590 988
590 994
591 657
591 667
591 696
591 699
591 714
591 727
591 742
591 760
591 774
591 787
591 798
591 801
591 814
591 818
591 825
591 829
591 831
591 834
591 836
591 837
591 865
591 875
591 882
591 909
591 915
591 927
591 939
591 943
591 948
591 949
591 952
591 961
591 980
591 987
591 992
592 596
592 599
592 604
592 608
592 628
592 643
592 658
592 662
592 677
592 685
592 702
592 707
592 710
592 725
592 727
592 728
592 734
592 750
592 752
592 753
592 764
592 768
592 774
592 777
592 784
592 802
592 817
592 818
592 832
592 840
592 852
592 867
592 877
592 894
592 897
592 900
592 909
592 915
592 923
592 944
592 947
592 954
592 955
592 965
592 969
592 981
592 993
592 994
593 594
593 608
593 616
593 617
593 619
593 624
593 626
593 650
593 666
593 668
593 671
593 673
593 677
593 691
593 695
593 719
593 720
593 731
593 739
593 749
593 750
593 754
593 769
593 776
593 780
593 781
593 791
593 799
593 810
593 821
593 832
593 843
593 845
593 847
593 850
593 873
593 880
593 891
593 900
593 901
593 905
593 906
593 924
593 926
593 930
593 933
593 935
593 949
593 957
593 960
593 968
593 993
594 602
594 625
594 638
594 642
594 643
594 666
594 673
594 693
594 718
594 719
594 730
594 743
594 750
594 775
594 778
594 779
594 785
594 787
594 793
594 795
594 801
594 802
594 819
594 831
594 839
594 843
594 844
594 860
594 866
594 877
594 878
594 879
594 881
594 902
594 906
594 920
594 943
594 944
594 957
594 971
594 977
594 978
594 982
594 996
595 623
595 625
595 633
595 652
595 655
595 660
595 667
595 684
595 695
595 697
595 704
595 709
595 717
595 741
595 748
595 753
595 755
595 763
595 782
595 791
595 797
595 798
595 800
595 802
595 810
595 811
595 820
595 822
595 836
595 851
595 868
595 877
595 881
595 887
595 890
595 913
595 942
595 967
595 970
595 998
596 614
596 620
596 628
596 630
596 631
596 632
596 661
596 663
596 685
596 698
596 703
596 711
596 723
596 743
596 746
596 747
596 748
596 759
596 760
596 770
596 779
596 791
596 798
596 799
596 818
596 821
596 829
596 864
596 865
596 876
596 881
596 882
596 889
596 890
596 902
596 925
596 934
596 940
596 941
596 958
596 962
596 967
596 977
597 612
597 647
597 667
597 673
597 691
597 697
597 704
597 711
597 717
597 736
597 743
597 759
597 807
597 815
597 822
597 838
597 849
597 856
597 857
597 877
597 884
597 888
597 894
597 896
597 898
597 913
597 917
597 925
597 926
597 937
597 948
597 966
597 973
597 991
597 996
597 999
598 608
598 610
598 615
598 620
598 640
598 656
598 663
598 669
598 676
598 698
598 708
598 725
598 734
598 755
598 757
598 759
598 761
598 767
598 790
598 795
598 800
598 817
598 822
598 827
598 829
598 837
598 847
598 849
598 857
598 858
598 864
598 869
598 883
598 886
598 906
598 909
598 911
598 925
598 937
598 942
598 972
598 998
599 603
599 606
599 615
599 617
599 619
599 622
599 649
599 651
599 655
599 666
599 671
599 683
599 699
599 702
599 708
599 709
599 728
599 737
599 749
599 765
599 766
599 777
599 780
599 789
599 794
599 795
599 796
599 808
599 809
599 818
599 823
599 828
599 833
599 847
599 858
599 863
599 871
599 887
599 899
599 911
599 914
599 950
599 953
599 957
599 962
599 966
599 973
599 983
599 984
600 641
600 643
600 644
600 646
600 647
600 650
600 655
600 656
600 663
600 702
600 712
600 729
600 732
600 763
600 770
600 801
600 803
600 804
600 892
600 906
600 914
600 918
600 939
600 948
600 971
600 972
600 985
600 993
600 996
600 997
601 605
601 621
601 641
601 657
601 675
601 678
601 683
601 685
601 693
601 711
601 712
601 729
601 731
601 736
601 738
601 754
601 759
601 768
601 770
601 793
601 798
601 804
601 816
601 826
601 839
601 862
601 872
601 895
601 906
601 913
601 917
601 919
601 926
601 934
601 935
601 939
601 947
601 955
601 963
601 967
601 991
602 609
602 617
602 622
602 626
602 640
602 641
602 648
602 650
602 658
602 664
602 671
602 672
602 673
602 677
602 704
602 706
602 718
602 751
602 753
602 760
602 768
602 773
602 781
602 784
602 785
602 789
602 807
602 808
602 816
602 820
602 831
602 839
602 840
602 841
602 862
602 866
602 879
602 880
602 903
602 908
602 919
602 923
602 924
602 937
602 970
602 987
602 989
603 629
603 630
603 641
603 643
603 672
603 676
603 681
603 705
603 731
603 756
603 794
603 814
603 828
603 844
603 853
603 858
603 877
603 887
603 890
603 894
603 910
603 929
603 941
603 955
603 961
603 970
603 982
603 986
603 988
603 992
604 607
604 633
604 640
604 650
604 673
604 680
604 698
604 724
604 756
604 765
604 792
604 798
604 828
604 831
604 840
604 841
604 847
604 850
604 871
604 873
604 881
604 882
604 898
604 916
604 917
604 933
604 959
604 969
604 974
604 987
605 612
605 620
605 628
605 637
605 645
605 656
605 681
605 682
605 705
605 736
605 745
605 762
605 772
605 776
605 782
605 791
605 795
605 800
605 808
605 817
605 820
605 845
605 851
605 855
605 856
605 870
605 888
605 914
605 920
605 921
605 924
605 925
605 934
605 937
605 945
605 952
605 956
605 964
605 969
605 971
605 979
605 986
605 987
606 608
606 616
606 617
606 622
606 628
606 633
606 654
606 661
606 664
606 673
606 680
606 683
606 712
606 718
606 721
606 739
606 741
606 771
606 774
606 775
606 788
606 795
606 820
606 826
606 833
606 848
606 864
606 868
606 869
606 873
606 889
606 908
606 914
606 919
606 946
606 948
606 985
607 615
607 626
607 634
607 642
607 643
607 664
607 665
607 666
607 674
607 681
607 683
607 691
607 697
607 702
607 709
607 710
607 714
607 715
607 717
607 741
607 751
607 757
607 761
607 776
607 787
607 795
607 805
607 813
607 818
607 829
607 835
607 848
607 851
607 853
607 855
607 857
607 860
607 871
607 873
607 874
607 876
607 903
607 905
607 916
607 918
607 923
607 928
607 944
607 971
607 972
608 622
608 635
608 645
608 659
608 667
608 668
608 673
608 690
608 698
608 729
608 733
608 741
608 747
608 755
608 756
608 758
608 763
608 782
608 788
608 789
608 792
608 793
608 809
608 812
608 824
608 853
608 863
608 866
608 875
608 878
608 891
608 903
608 904
608 909
608 918
608 922
608 924
608 947
608 977
608 980
608 982
608 987
608 994
608 995
609 633
609 635
609 651
609 671
609 674
609 678
609 701
609 712
609 730
609 736
609 739
609 743
609 757
609 766
609 773
609 774
609 777
609 779
609 791
609 792
609 793
609 810
609 811
609 814
609 816
609 820
609 831
609 835
609 839
609 842
609 846
609 865
609 867
609 870
609 890
609 894
609 898
609 915
609 918
609 932
609 957
609 981
609 991
609 993
610 625
610 633
610 648
610 651
610 663
610 669
610 679
610 687
610 688
610 690
610 691
610 694
610 707
610 708
610 710
610 727
610 739
610 745
610 756
610 801
610 809
610 812
610 817
610 821
610 825
610 828
610 838
610 847
610 855
610 857
610 859
610 868
610 895
610 914
610 928
610 952
610 955
610 958
610 959
610 960
610 982
610 985
610 988
611 614
611 616
611 623
611 627
611 635
611 655
611 664
611 670
611 672
611 682
611 686
611 690
611 696
611 699
611 701
611 708
611 711
611 725
611 732
611 736
611 749
611 757
611 760
611 769
611 773
611 774
611 780
611 792
611 798
611 812
611 829
611 838
611 853
611 862
611 867
611 868
611 872
611 874
611 880
611 897
611 901
611 916
611 948
611 957
611 976
611 977
611 978
611 984
611 986
611 989
611 998
612 621
612 622
612 627
612 657
612 665
612 668
612 676
612 679
612 688
612 690
612 693
612 704
612 710
612 722
612 732
612 734
612 741
612 753
612 754
612 757
612 789
612 803
612 818
612 827
612 831
612 834
612 837
612 845
612 854
612 858
612 873
612 875
612 892
612 899
612 911
612 916
612 922
612 927
612 954
612 961
612 965
612 970
612 974
612 975
612 976
612 996
613 615
613 629
613 683
613 716
613 720
613 726
613 728
613 734
613 736
613 758
613 763
613 768
613 787
613 807
613 812
613 831
613 837
613 838
613 846
613 857
613 866
613 874
613 886
613 939
613 964
613 975
613 978
613 992
613 998
614 615
614 636
614 671
614 673
614 688
614 704
614 707
614 726
614 732
614 744
614 759
614 772
614 774
614 787
614 818
614 832
614 861
614 862
614 869
614 874
614 884
614 923
614 937
614 941
614 945
614 956
614 957
614 979
615 621
615 625
615 648
615 656
615 659
615 666
615 681
615 703
615 730
615 734
615 739
615 757
615 760
615 770
615 776
615 777
615 779
615 784
615 799
615 806
615 807
615 808
615 809
615 822
615 824
615 837
615 862
615 879
615 880
615 888
615 890
615 902
615 913
615 925
615 944
615 946
615 953
615 963
615 964
615 966
615 967
615 990
616 621
616 622
616 623
616 634
616 646
616 663
616 664
616 671
616 672
616 674
616 692
616 735
616 737
616 738
616 740
616 743
616 780
616 793
616 798
616 800
616 816
616 827
616 830
616 837
616 844
616 856
616 864
616 868
616 878
616 880
616 881
616 888
616 896
616 931
616 937
616 943
616 946
616 950
616 956
616 957
616 962
616 964
616 966
616 967
616 996
617 628
617 631
617 664
617 670
617 716
617 735
617 740
617 745
617 752
617 754
617 756
617 761
617 778
617 798
617 799
617 800
617 810
617 816
617 819
617 822
617 824
617 831
617 838
617 844
617 848
617 864
617 865
617 873
617 886
617 894
617 899
617 900
617 904
617 910
617 911
617 931
617 932
617 940
617 947
617 955
617 967
617 970
617 981
617 999
618 620
618 638
618 673
618 684
618 700
618 712
618 714
618 718
618 756
618 761
618 765
618 781
618 790
618 798
618 799
618 820
618 840
618 843
618 852
618 853
618 880
618 886
618 894
618 896
618 903
618 913
618 937
618 958
618 968
618 988
618 990
619 624
619 625
619 641
619 649
619 663
619 669
619 673
619 691
619 711
619 712
619 716
619 720
619 730
619 736
619 742
619 745
619 751
619 768
619 778
619 779
619 794
619 795
619 801
619 804
619 835
619 838
619 847
619 857
619 874
619 890
619 898
619 900
619 902
619 907
619 910
619 918
619 931
619 942
619 959
619 975
619 996
619 999
620 629
620 633
620 662
620 670
620 671
620 687
620 688
620 745
620 755
620 779
620 782
620 784
620 786
620 789
620 796
620 826
620 836
620 842
620 848
620 850
620 852
620 855
620 858
620 864
620 868
620 872
620 904
620 906
620 920
620 933
620 957
620 972
620 980
620 997
621 631
621 632
621 663
621 667
621 670
621 704
621 708
621 716
621 728
621 740
621 765
621 775
621 788
621 791
621 806
621 809
621 810
621 813
621 844
621 847
621 855
621 856
621 881
621 883
621 885
621 900
621 902
621 933
621 959
621 972
621 986
621 992
622 634
622 659
622 662
622 664
622 671
622 686
622 703
622 708
622 709
622 711
622 724
622 738
622 749
622 773
622 779
622 809
622 818
622 822
622 836
622 838
622 846
622 858
622 861
622 870
622 902
622 908
622 910
622 913
622 914
622 927
622 928
622 936
622 939
622 941
622 951
622 955
622 964
622 974
622 978
622 995
622 999
623 633
623 637
623 638
623 644
623 649
623 652
623 655
623 671
623 672
623 680
623 712
623 718
623 719
623 724
623 728
623 748
623 749
623 761
623 765
623 773
623 779
623 798
623 800
623 818
623 826
623 830
623 836
623 851
623 871
623 877
623 880
623 887
623 934
623 938
623 942
623 950
623 951
623 956
623 957
623 970
623 977
623 987
623 988
624 631
624 659
624 685
624 698
624 702
624 704
624 717
624 724
624 727
624 750
624 765
624 780
624 784
624 803
624 827
624 836
624 841
624 847
624 854
624 857
624 897
624 906
624 907
624 910
624 923
624 951
624 952
624 955
624 970
624 974
624 979
624 996
625 665
625 667
625 689
625 694
625 698
625 699
625 706
625 708
625 741
625 745
625 751
625 759
625 762
625 775
625 776
625 781
625 791
625 793
625 801
625 802
625 804
625 818
625 832
625 833
625 835
625 847
625 853
625 859
625 863
625 866
625 873
625 876
625 879
625 881
625 914
625 969
625 979
625 994
626 633
626 635
626 640
626 641
626 643
626 644
626 653
626 660
626 678
626 686
626 696
626 711
626 718
626 721
626 723
626 724
626 742
626 743
626 749
626 754
626 759
626 772
626 774
626 779
626 781
626 784
626 787
626 788
626 808
626 813
626 827
626 831
626 837
626 858
626 863
626 870
626 873
626 882
626 904
626 909
626 923
626 945
626 978
626 987
627 643
627 650
627 652
627 669
627 691
627 702
627 712
627 740
627 746
627 749
627 753
627 763
627 773
627 784
627 794
627 809
627 816
627 817
627 826
627 832
627 833
627 838
627 843
627 856
627 863
627 890
627 918
627 939
627 941
627 951
627 954
627 975
627 980
628 629
628 634
628 645
628 647
628 649
628 655
628 661
628 662
628 680
628 681
628 694
628 709
628 719
628 726
628 741
628 744
628 755
628 800
628 829
628 834
628 853
628 877
628 886
628 890
628 920
628 925
628 934
628 936
628 942
628 950
628 953
628 965
629 639
629 641
629 650
629 654
629 659
629 661
629 669
629 695
629 699
629 712
629 720
629 730
629 734
629 746
629 773
629 809
629 826
629 831
629 860
629 864
629 881
629 904
629 907
629 940
629 965
629 989
629 995
629 997
630 640
630 665
630 676
630 685
630 694
630 723
630 779
630 780
630 790
630 813
630 817
630 820
630 826
630 831
630 834
630 840
630 858
630 863
630 866
630 869
630 883
630 903
630 910
630 912
630 922
630 924
630 945
630 960
630 965
630 979
630 981
630 989
631 657
631 658
631 664
631 665
631 671
631 693
631 700
631 702
631 705
631 725
631 738
631 752
631 758
631 760
631 763
631 764
631 798
631 799
631 817
631 828
631 834
631 844
631 865
631 866
631 868
631 869
631 882
631 899
631 914
631 923
631 930
631 932
631 934
631 981
631 988
631 991
632 633
632 637
632 645
632 647
632 649
632 668
632 670
632 689
632 693
632 700
632 704
632 720
632 726
632 730
632 731
632 732
632 753
632 761
632 763
632 769
632 773
632 785
632 798
632 802
632 809
632 816
632 819
632 825
632 853
632 854
632 857
632 862
632 863
632 876
632 878
632 890
632 891
632 898
632 906
632 917
632 941
632 943
632 953
632 954
632 991
633 636
633 650
633 666
633 680
633 683
633 699
633 704
633 721
633 738
633 742
633 758
633 773
633 795
633 806
633 810
633 812
633 832
633 844
633 854
633 867
633 868
633 878
633 914
633 916
633 922
633 933
633 941
633 950
633 953
633 964
633 971
633 980
634 639
634 647
634 651
634 654
634 656
634 667
634 679
634 691
634 692
634 708
634 712
634 722
634 731
634 743
634 750
634 757
634 770
634 781
634 783
634 785
634 790
634 804
634 810
634 830
634 838
634 852
634 853
634 857
634 858
634 869
634 873
634 888
634 896
634 898
634 916
634 919
634 949
634 953
634 979
634 986
634 990
634 991
634 997
635 653
635 660
635 663
635 692
635 732
635 748
635 752
635 761
635 770
635 772
635 844
635 845
635 848
635 859
635 862
635 875
635 881
635 888
635 904
635 909
635 926
635 948
635 952
635 967
635 974
635 975
635 976
635 978
635 980
635 982
635 986
635 989
636 649
636 662
636 666
636 676
636 683
636 696
636 710
636 716
636 718
636 724
636 742
636 767
636 775
636 779
636 783
636 797
636 799
636 823
636 827
636 836
636 840
636 878
636 885
636 893
636 911
636 920
636 933
636 935
636 950
636 958
636 959
636 978
636 982
636 987
637 643
637 647
637 652
637 657
637 673
637 686
637 697
637 706
637 732
637 734
637 743
637 753
637 780
637 790
637 796
637 798
637 808
637 813
637 835
637 836
637 839
637 849
637 854
637 863
637 864
637 866
637 897
637 930
637 940
637 954
637 956
637 974
637 979
637 980
637 990
637 995
638 661
638 667
638 680
638 682
638 711
638 713
638 716
638 724
638 742
638 749
638 758
638 763
638 765
638 771
638 782
638 784
638 787
638 798
638 809
638 839
638 842
638 865
638 870
638 873
638 875
638 881
638 892
638 896
638 906
638 914
638 930
638 954
638 960
638 970
638 987
638 994
638 998
639 644
639 652
639 662
639 663
639 667
639 668
639 676
639 704
639 710
639 739
639 751
639 757
639 761
639 768
639 777
639 792
639 798
639 802
639 803
639 831
639 840
639 851
639 854
639 858
639 860
639 875
639 880
639 882
639 903
639 905
639 908
639 920
639 935
639 958
640 641
640 667
640 668
640 669
640 680
640 685
640 687
640 688
640 694
640 701
640 709
640 714
640 719
640 720
640 723
640 737
640 742
640 769
640 773
640 781
640 808
640 814
640 833
640 857
640 859
640 864
640 876
640 898
640 899
640 919
640 933
640 939
640 942
640 943
640 952
640 954
641 643
641 645
641 657
641 689
641 696
641 714
641 725
641 742
641 757
641 761
641 793
641 798
641 800
641 809
641 813
641 835
641 863
641 879
641 888
641 889
641 902
641 904
641 936
641 950
641 963
641 975
641 976
641 979
641 996
641 997
642 648
642 651
642 653
642 660
642 662
642 679
642 680
642 694
642 695
642 698
642 704
642 710
642 750
642 760
642 763
642 766
642 793
642 822
642 826
642 856
642 858
642 873
642 875
642 897
642 899
642 919
642 924
642 952
642 964
642 982
642 983
642 988
643 680
643 690
643 693
643 698
643 722
643 747
643 765
643 771
643 774
643 800
643 810
643 816
643 825
643 827
643 834
643 841
643 855
643 858
643 868
643 876
643 883
643 885
643 889
643 941
643 943
643 947
643 952
643 953
643 961
643 966
643 976
643 982
643 990
644 661
644 685
644 688
644 693
644 702
644 734
644 737
644 744
644 751
644 761
644 768
644 778
644 785
644 794
644 795
644 833
644 838
644 839
644 840
644 847
644 862
644 869
644 876
644 895
644 903
644 908
644 910
644 915
644 934
644 943
644 957
644 958
644 966
644 981
645 661
645 674
645 685
645 690
645 691
645 693
645 698
645 709
645 711
645 720
645 729
645 730
645 746
645 771
645 776
645 779
645 801
645 824
645 826
645 874
645 876
645 890
645 897
645 913
645 929
645 936
645 949
645 993
646 649
646 665
646 669
646 690
646 707
646 713
646 728
646 731
646 734
646 735
646 748
646 775
646 776
646 784
646 786
646 788
646 802
646 805
646 807
646 811
646 815
646 830
646 845
646 850
646 856
646 858
646 871
646 879
646 882
646 890
646 900
646 912
646 934
646 940
646 947
646 954
646 956
646 973
646 982
647 661
647 669
647 697
647 700
647 737
647 742
647 748
647 757
647 762
647 772
647 788
647 792
647 812
647 822
647 828
647 837
647 896
647 897
647 898
647 916
647 920
647 924
647 926
647 932
647 938
647 939
647 944
647 953
647 966
647 971
647 972
647 976
648 667
648 675
648 680
648 681
648 692
648 698
648 699
648 702
648 724
648 742
648 758
648 770
648 780
648 788
648 796
648 801
648 802
648 828
648 846
648 848
648 865
648 869
648 871
648 884
648 887
648 906
648 913
648 925
648 934
648 935
648 945
648 959
648 964
648 967
648 981
648 988
648 989
648 993
649 660
649 661
649 699
649 706
649 708
649 710
649 715
649 723
649 750
649 766
649 772
649 780
649 796
649 797
649 799
649 810
649 827
649 828
649 830
649 846
649 848
649 852
649 877
649 892
649 930
649 943
649 956
649 961
649 969
649 974
649 994
650 653
650 666
650 678
650 688
650 717
650 718
650 720
650 735
650 743
650 746
650 756
650 767
650 804
650 806
650 814
650 826
650 828
650 849
650 895
650 896
650 897
650 901
650 907
650 913
650 915
650 923
650 930
650 937
650 950
650 959
650 978
650 979
650 980
651 664
651 673
651 688
651 691
651 692
651 694
651 701
651 720
651 724
651 734
651 773
651 788
651 793
651 810
651 816
651 820
651 834
651 837
651 839
651 854
651 878
651 884
651 889
651 895
651 936
651 951
651 952
651 964
651 965
651 966
651 996
651 997
652 662
652 672
652 692
652 698
652 703
652 705
652 707
652 709
652 730
652 735
652 752
652 770
652 785
652 794
652 849
652 859
652 868
652 874
652 878
652 887
652 895
652 906
652 908
652 925
652 927
652 930
652 938
652 955
652 956
652 959
652 982
653 665
653 675
653 683
653 686
653 689
653 692
653 710
653 715
653 718
653 738
653 747
653 763
653 778
653 789
653 811
653 821
653 843
653 851
653 882
653 895
653 898
653 916
653 945
653 956
653 967
653 971
653 992
653 998
654 663
654 665
654 672
654 681
654 685
654 697
654 703
654 705
654 709
654 725
654 730
654 731
654 736
654 737
654 743
654 745
654 753
654 758
654 761
654 762
654 764
654 766
654 779
654 782
654 797
654 799
654 817
654 818
654 827
654 830
654 837
654 863
654 897
654 912
654 920
654 921
654 924
654 941
654 946
654 953
654 955
654 968
654 972
654 979
654 980
654 988
654 999
655 659
655 683
655 701
655 713
655 750
655 780
655 785
655 787
655 801
655 827
655 828
655 840
655 850
655 860
655 865
655 876
655 881
655 906
655 911
655 913
655 929
655 938
655 957
655 982
655 984
655 990
655 994
656 659
656 671
656 690
656 694
656 721
656 723
656 740
656 746
656 751
656 770
656 771
656 772
656 779
656 783
656 797
656 800
656 808
656 811
656 816
656 828
656 871
656 913
656 920
656 926
656 958
656 972
656 978
656 980
656 989
656 998
657 668
657 673
657 677
657 685
657 694
657 697
657 700
657 724
657 740
657 743
657 746
657 750
657 756
657 785
657 790
657 798
657 810
657 816
657 824
657 835
657 839
657 844
657 856
657 863
657 885
657 892
657 893
657 920
657 948
657 949
657 986
657 998
658 669
658 689
658 709
658 720
658 724
658 733
658 737
658 744
658 754
658 763
658 766
658 800
658 806
658 817
658 820
658 828
658 836
658 838
658 844
658 848
658 852
658 861
658 866
658 876
658 878
658 879
658 880
658 885
658 886
658 895
658 901
658 906
658 930
658 947
658 949
658 952
658 958
658 980
658 982
658 999
659 668
659 670
659 682
659 684
659 686
659 689
659 690
659 694
659 700
659 721
659 743
659 744
659 759
659 777
659 815
659 830
659 837
659 844
659 868
659 881
659 894
659 900
659 910
659 913
659 927
659 935
659 948
659 949
659 966
659 974
659 975
659 998
660 668
660 689
660 716
660 721
660 726
660 731
660 751
660 754
660 763
660 772
660 798
660 820
660 832
660 834
660 849
660 853
660 858
660 910
660 956
660 959
660 962
660 963
660 964
660 974
660 979
660 985
660 995
660 998
661 669
661 671
661 674
661 689
661 697
661 727
661 734
661 738
661 742
661 744
661 755
661 768
661 777
661 793
661 818
661 819
661 832
661 845
661 851
661 852
661 861
661 876
661 899
661 908
661 917
661 926
661 947
661 955
661 957
661 976
661 978
661 990
662 665
662 680
662 686
662 689
662 700
662 705
662 709
662 734
662 743
662 762
662 768
662 784
662 793
662 802
662 810
662 812
662 833
662 835
662 847
662 853
662 858
662 862
662 868
662 873
662 876
662 884
662 897
662 901
662 904
662 907
662 933
662 937
662 953
662 966
663 669
663 671
663 703
663 720
663 739
663 746
663 747
663 761
663 790
663 791
663 795
663 808
663 809
663 814
663 820
663 830
663 847
663 856
663 869
663 887
663 898
663 906
663 914
663 917
663 926
663 941
663 950
663 968
663 995
663 996
664 671
664 679
664 683
664 704
664 707
664 716
664 720
664 729
664 762
664 763
664 766
664 770
664 773
664 792
664 793
664 796
664 797
664 803
664 815
664 822
664 830
664 834
664 843
664 870
664 871
664 897
664 903
664 908
664 912
664 917
664 919
664 922
664 924
664 950
664 952
664 960
664 963
664 986
664 992
664 999
665 706
665 717
665 718
665 723
665 728
665 741
665 752
665 756
665 788
665 794
665 824
665 831
665 839
665 855
665 858
665 880
665 885
665 897
665 910
665 911
665 917
665 962
665 973
665 974
665 983
665 990
665 991
665 994
665 996
665 998
666 667
666 701
666 708
666 727
666 728
666 731
666 740
666 742
666 743
666 746
666 749
666 761
666 762
666 765
666 770
666 772
666 780
666 781
666 784
666 785
666 787
666 802
666 830
666 839
666 843
666 844
666 851
666 855
666 865
666 897
666 911
666 924
666 930
666 949
666 957
666 964
666 974
666 979
666 980
666 996
667 689
667 700
667 709
667 712
667 726
667 728
667 731
667 735
667 739
667 747
667 748
667 752
667 756
667 781
667 787
667 796
667 799
667 804
667 807
667 808
667 830
667 836
667 840
667 845
667 858
667 870
667 877
667 882
667 887
667 896
667 904
667 910
667 929
667 942
667 966
667 973
667 989
667 992
668 673
668 684
668 686
668 692
668 695
668 709
668 712
668 725
668 743
668 744
668 746
668 758
668 769
668 770
668 792
668 795
668 797
668 810
668 813
668 814
668 819
668 837
668 848
668 855
668 859
668 878
668 882
668 886
668 895
668 900
668 910
668 911
668 920
668 929
668 931
668 934
668 937
668 963
668 973
668 977
668 983
669 682
669 689
669 696
669 705
669 714
669 720
669 723
669 731
669 736
669 749
669 760
669 790
669 791
669 809
669 811
669 817
669 818
669 819
669 821
669 828
669 833
669 874
669 893
669 918
669 934
669 936
669 951
669 966
669 975
669 991
669 999
670 680
670 683
670 684
670 688
670 699
670 714
670 715
670 730
670 754
670 758
670 761
670 766
670 775
670 781
670 785
670 789
670 794
670 798
670 808
670 815
670 820
670 821
670 831
670 864
670 867
670 887
670 913
670 927
670 977
670 978
670 982
670 983
670 989
671 675
671 678
671 680
671 684
671 697
671 729
671 732
671 733
671 738
671 741
671 745
671 749
671 756
671 777
671 784
671 800
671 805
671 808
671 822
671 833
671 837
671 853
671 857
671 858
671 860
671 867
671 868
671 880
671 891
671 896
671 917
671 921
671 930
671 940
671 962
671 969
671 979
671 982
672 685
672 688
672 694
672 697
672 700
672 704
672 727
672 729
672 744
672 762
672 768
672 770
672 810
672 815
672 831
672 835
672 839
672 843
672 850
672 856
672 862
672 865
672 879
672 929
672 944
672 960
672 977
672 980
672 982
672 984
672 985
672 986
673 676
673 678
673 680
673 685
673 698
673 718
673 729
673 733
673 737
673 753
673 763
673 775
673 792
673 793
673 794
673 797
673 799
673 802
673 828
673 829
673 836
673 838
673 842
673 853
673 864
673 869
673 885
673 889
673 894
673 905
673 919
673 928
673 930
673 935
673 950
673 977
673 979
673 992
674 679
674 687
674 692
674 704
674 712
674 725
674 734
674 740
674 741
674 747
674 748
674 757
674 772
674 776
674 788
674 790
674 800
674 810
674 813
674 815
674 817
674 828
674 837
674 846
674 852
674 860
674 890
674 897
674 913
674 927
674 961
674 969
674 974
674 979
674 985
674 997
675 678
675 685
675 687
675 702
675 715
675 724
675 728
675 729
675 736
675 737
675 743
675 747
675 752
675 755
675 759
675 762
675 763
675 764
675 771
675 773
675 787
675 812
675 813
675 815
675 819
675 837
675 866
675 871
675 872
675 875
675 880
675 882
675 891
675 910
675 921
675 935
675 941
675 944
675 953
675 963
675 966
675 967
676 679
676 684
676 685
676 695
676 697
676 702
676 721
676 729
676 770
676 772
676 779
676 787
676 832
676 833
676 836
676 838
676 842
676 847
676 860
676 863
676 872
676 876
676 893
676 921
676 922
676 923
676 943
676 966
676 969
676 994
676 997
677 708
677 716
677 723
677 745
677 770
677 787
677 819
677 837
677 842
677 851
677 869
677 885
677 900
677 901
677 920
677 933
677 938
677 941
677 968
677 974
677 981
677 990
677 993
677 998
677 999
678 750
678 752
678 756
678 766
678 768
678 778
678 798
678 799
678 809
678 822
678 827
678 830
678 834
678 837
678 841
678 854
678 884
678 916
678 929
678 940
678 959
678 966
678 986
678 991
678 995
679 689
679 690
679 715
679 716
679 732
679 737
679 740
679 750
679 759
679 778
679 779
679 795
679 804
679 815
679 825
679 854
679 924
679 927
679 929
679 937
679 943
679 960
679 966
679 969
679 980
679 985
680 683
680 693
680 695
680 696
680 698
680 723
680 724
680 727
680 746
680 755
680 796
680 809
680 814
680 817
680 819
680 825
680 843
680 857
680 863
680 866
680 884
680 891
680 913
680 934
680 949
680 963
680 972
680 979
681 695
681 708
681 711
681 717
681 737
681 745
681 750
681 759
681 761
681 767
681 772
681 785
681 793
681 801
681 810
681 832
681 846
681 856
681 857
681 866
681 882
681 886
681 902
681 924
681 927
681 945
681 947
681 954
681 979
681 983
681 991
681 993
682 693
682 709
682 724
682 727
682 731
682 733
682 741
682 742
682 748
682 776
682 790
682 792
682 810
682 835
682 837
682 859
682 862
682 880
682 889
682 909
682 925
682 954
682 978
682 987
682 988
682 994
683 696
683 713
683 743
683 748
683 755
683 759
683 760
683 762
683 768
683 773
683 780
683 790
683 791
683 792
683 807
683 810
683 848
683 877
683 879
683 889
683 890
683 907
683 912
683 936
683 958
683 961
683 981
683 985
683 997
683 998
684 686
684 693
684 702
684 718
684 723
684 741
684 746
684 780
684 798
684 802
684 810
684 828
684 843
684 857
684 859
684 866
684 872
684 886
684 899
684 900
684 933
684 939
684 966
684 987
684 997
684 998
685 693
685 699
685 707
685 712
685 726
685 727
685 730
685 733
685 747
685 749
685 752
685 773
685 792
685 810
685 821
685 864
685 881
685 911
685 918
685 937
685 949
685 988
685 989
685 998
686 687
686 690
686 706
686 713
686 720
686 721
686 734
686 755
686 769
686 772
686 803
686 810
686 813
686 824
686 854
686 864
686 911
686 930
686 962
686 966
686 985
687 702
687 706
687 723
687 732
687 739
687 740
687 747
687 767
687 770
687 788
687 795
687 803
687 811
687 816
687 825
687 847
687 848
687 865
687 871
687 906
687 907
687 911
687 920
687 957
687 959
687 968
687 973
687 997
688 703
688 711
688 726
688 730
688 741
688 748
688 751
688 763
688 767
688 772
688 773
688 774
688 777
688 791
688 796
688 797
688 807
688 809
688 818
688 820
688 831
688 841
688 844
688 863
688 867
688 868
688 871
688 884
688 896
688 900
688 910
688 920
688 923
688 926
688 932
688 954
688 956
688 959
688 962
688 982
688 983
688 993
689 703
689 712
689 717
689 730
689 768
689 773
689 781
689 814
689 818
689 833
689 853
689 858
689 862
689 864
689 865
689 881
689 890
689 892
689 921
689 937
689 949
689 963
689 972
689 987
689 993
689 997
689 998
690 707
690 735
690 737
690 748
690 761
690 780
690 784
690 789
690 794
690 795
690 796
690 797
690 804
690 820
690 845
690 870
690 884
690 892
690 904
690 914
690 916
690 917
690 923
690 939
690 950
690 962
690 966
690 983
690 994
690 995
691 714
691 719
691 726
691 746
691 748
691 764
691 780
691 788
691 815
691 823
691 827
691 836
691 840
691 845
691 846
691 870
691 875
691 896
691 900
691 917
691 940
691 942
691 945
691 952
691 968
691 980
691 983
691 996
692 731
692 745
692 752
692 756
692 761
692 769
692 771
692 781
692 815
692 822
692 823
692 841
692 848
692 850
692 854
692 863
692 869
692 875
692 876
692 877
692 891
692 903
692 905
692 914
692 919
692 942
692 967
692 973
692 999
693 695
693 711
693 716
693 722
693 732
693 741
693 742
693 745
693 747
693 757
693 758
693 765
693 766
693 767
693 771
693 774
693 785
693 792
693 801
693 804
693 805
693 809
693 814
693 821
693 823
693 828
693 835
693 837
693 844
693 850
693 860
693 884
693 887
693 888
693 898
693 901
693 905
693 911
693 939
693 941
693 951
693 954
693 972
693 978
693 984
694 698
694 709
694 710
694 712
694 717
694 726
694 729
694 755
694 773
694 791
694 795
694 806
694 819
694 824
694 827
694 833
694 834
694 838
694 839
694 841
694 845
694 864
694 865
694 892
694 908
694 920
694 946
694 955
694 960
694 971
694 979
694 984
694 998
695 714
695 718
695 719
695 723
695 744
695 746
695 750
695 760
695 764
695 765
695 767
695 768
695 770
695 789
695 794
695 807
695 834
695 838
695 840
695 843
695 849
695 850
695 859
695 861
695 865
695 879
695 901
695 905
695 914
695 921
695 926
695 929
695 939
695 941
695 961
695 963
695 972
696 699
696 703
696 714
696 740
696 756
696 762
696 775
696 776
696 787
696 811
696 824
696 828
696 829
696 832
696 839
696 899
696 909
696 925
696 931
696 938
696 945
696 947
696 949
696 956
696 979
696 980
697 710
697 713
697 722
697 726
697 758
697 767
697 773
697 784
697 792
697 806
697 813
697 816
697 830
697 841
697 845
697 847
697 859
697 861
697 863
697 865
697 871
697 877
697 884
697 891
697 899
697 932
697 934
697 967
697 971
697 976
698 703
698 709
698 725
698 740
698 745
698 754
698 777
698 805
698 811
698 834
698 841
698 866
698 876
698 877
698 886
698 890
698 893
698 895
698 902
698 903
698 925
698 926
698 941
698 969
698 979
698 981
698 987
698 993
699 710
699 714
699 722
699 735
699 736
699 761
699 769
699 777
699 788
699 794
699 807
699 808
699 811
699 826
699 835
699 842
699 859
699 862
699 872
699 877
699 883
699 892
699 898
699 912
699 930
699 932
699 939
699 957
699 968
699 976
699 989
700 702
700 723
700 729
700 733
700 741
700 748
700 751
700 757
700 768
700 790
700 794
700 808
700 819
700 820
700 824
700 840
700 846
700 864
700 905
700 914
700 921
700 929
700 947
700 951
700 956
700 985
701 702
701 717
701 726
701 744
701 751
701 761
701 764
701 770
701 772
701 779
701 791
701 793
701 810
701 819
701 827
701 836
701 844
701 850
701 854
701 858
701 860
701 874
701 889
701 897
701 901
701 925
701 944
701 946
701 949
701 950
701 953
701 980
701 981
702 703
702 710
702 711
702 720
702 733
702 735
702 741
702 743
702 752
702 770
702 776
702 782
702 819
702 820
702 826
702 829
702 855
702 866
702 869
702 904
702 906
702 909
702 911
702 919
702 920
702 938
702 946
702 959
702 978
702 979
702 991
703 708
703 710
703 714
703 717
703 751
703 756
703 757
703 759
703 761
703 765
703 779
703 787
703 793
703 817
703 838
703 853
703 858
703 875
703 879
703 898
703 900
703 906
703 908
703 915
703 916
703 917
703 922
703 934
703 958
703 977
703 984
704 718
704 722
704 737
704 740
704 751
704 796
704 808
704 816
704 825
704 827
704 834
704 843
704 869
704 896
704 899
704 914
704 933
704 938
704 949
704 953
704 969
705 709
705 722
705 725
705 735
705 737
705 747
705 763
705 767
705 779
705 780
705 791
705 805
705 821
705 828
705 833
705 890
705 899
705 917
705 919
705 921
705 945
705 950
705 959
705 964
705 984
705 994
706 715
706 717
706 740
706 756
706 759
706 768
706 772
706 776
706 797
706 798
706 803
706 809
706 810
706 811
706 812
706 819
706 854
706 857
706 864
706 867
706 875
706 895
706 901
706 919
706 923
706 943
706 957
706 981
706 985
706 987
706 994
707 727
707 739
707 747
707 758
707 764
707 772
707 782
707 788
707 793
707 799
707 800
707 810
707 816
707 824
707 857
707 858
707 872
707 894
707 899
707 901
707 907
707 914
707 942
707 956
707 970
707 974
707 991
707 997
708 713
708 718
708 734
708 740
708 741
708 754
708 758
708 759
708 761
708 774
708 781
708 790
708 792
708 799
708 816
708 819
708 830
708 831
708 834
708 840
708 865
708 894
708 897
708 901
708 907
708 908
708 925
708 928
708 930
708 934
708 944
708 954
708 957
708 958
708 959
708 990
708 992
709 715
709 731
709 735
709 749
709 753
709 756
709 761
709 773
709 779
709 783
709 797
709 801
709 821
709 830
709 838
709 856
709 858
709 859
709 879
709 887
709 899
709 902
709 906
709 928
709 934
709 939
709 981
709 983
709 987
710 711
710 724
710 728
710 733
710 735
710 736
710 750
710 755
710 765
710 774
710 785
710 791
710 806
710 813
710 816
710 826
710 829
710 832
710 833
710 834
710 838
710 846
710 847
710 849
710 851
710 859
710 862
710 868
710 879
710 896
710 904
710 916
710 920
710 925
710 928
710 930
710 941
710 953
710 957
710 969
710 970
710 991
710 992
711 749
711 757
711 779
711 781
711 782
711 786
711 795
711 816
711 819
711 831
711 837
711 854
711 855
711 860
711 871
711 890
711 894
711 898
711 923
711 939
711 946
711 947
711 964
712 713
712 715
712 719
712 723
712 733
712 749
712 751
712 759
712 760
712 776
712 777
712 785
712 819
712 827
712 834
712 842
712 844
712 853
712 865
712 875
712 892
712 915
712 920
712 934
712 944
712 945
712 951
712 955
712 956
712 957
712 975
712 993
712 994
712 997
713 714
713 715
713 730
713 732
713 753
713 757
713 774
713 778
713 790
713 800
713 809
713 810
713 813
713 823
713 844
713 847
713 862
713 882
713 885
713 894
713 902
713 903
713 913
713 936
713 942
713 952
713 955
713 960
713 968
713 975
713 978
714 718
714 719
714 722
714 752
714 757
714 774
714 777
714 779
714 784
714 785
714 788
714 802
714 811
714 817
714 818
714 819
714 822
714 828
714 839
714 844
714 855
714 856
714 862
714 863
714 866
714 881
714 890
714 904
714 914
714 915
714 919
714 936
714 938
714 946
714 958
714 971
714 979
715 721
715 722
715 734
715 741
715 745
715 757
715 767
715 772
715 778
715 812
715 817
715 828
715 830
715 835
715 839
715 843
715 857
715 867
715 871
715 876
715 885
715 887
715 893
715 903
715 907
715 923
715 946
715 953
715 954
715 957
715 963
715 981
715 995
716 718
716 730
716 752
716 765
716 776
716 784
716 790
716 793
716 794
716 796
716 799
716 804
716 806
716 808
716 816
716 827
716 829
716 835
716 838
716 846
716 851
716 860
716 868
716 873
716 914
716 922
716 923
716 925
716 939
716 944
716 949
716 953
716 961
716 964
716 982
716 991
716 992
717 722
717 742
717 752
717 768
717 782
717 808
717 810
717 820
717 831
717 841
717 842
717 862
717 865
717 872
717 903
717 921
717 929
717 935
717 948
717 960
717 961
717 981
717 989
718 723
718 754
718 756
718 763
718 782
718 795
718 806
718 835
718 844
718 851
718 867
718 878
718 879
718 885
718 888
718 889
718 896
718 909
718 918
718 920
718 956
718 975
718 978
718 983
718 994
718 995
718 997
719 724
719 730
719 745
719 752
719 772
719 817
719 840
719 876
719 900
719 902
719 909
719 946
719 947
719 955
719 962
719 963
719 973
719 993
720 728
720 732
720 739
720 740
720 777
720 796
720 797
720 799
720 809
720 811
720 812
720 816
720 836
720 841
720 873
720 884
720 892
720 896
720 898
720 905
720 907
720 918
720 951
720 956
720 964
720 980
720 983
721 724
721 729
721 732
721 738
721 746
721 748
721 753
721 771
721 782
721 785
721 786
721 801
721 806
721 815
721 816
721 817
721 825
721 833
721 861
721 887
721 889
721 903
721 920
721 930
721 952
721 953
721 968
721 977
722 731
722 753
722 764
722 769
722 783
722 795
722 809
722 811
722 821
722 850
722 851
722 858
722 870
722 874
722 875
722 902
722 917
722 928
722 929
722 931
722 936
722 950
722 977
722 980
722 998
723 742
723 760
723 762
723 773
723 778
723 797
723 799
723 812
723 826
723 844
723 854
723 855
723 860
723 863
723 892
723 903
723 907
723 910
723 914
723 917
723 933
723 934
723 938
723 959
723 960
723 989
723 990
724 733
724 746
724 748
724 749
724 752
724 778
724 782
724 826
724 840
724 847
724 848
724 853
724 864
724 876
724 877
724 900
724 907
724 916
724 917
724 922
724 938
724 969
724 984
724 991
724 993
724 998
725 740
725 746
725 755
725 798
725 805
725 820
725 825
725 839
725 844
725 864
725 874
725 881
725 883
725 889
725 895
725 912
725 913
725 916
725 918
725 923
725 928
725 929
725 943
725 948
725 954
725 964
725 985
725 995
725 996
726 730
726 740
726 741
726 747
726 748
726 775
726 779
726 784
726 792
726 800
726 806
726 828
726 846
726 850
726 874
726 891
726 894
726 895
726 902
726 919
726 922
726 959
726 969
726 975
726 990
726 991
727 729
727 736
727 754
727 756
727 757
727 763
727 766
727 767
727 779
727 784
727 797
727 813
727 815
727 823
727 828
727 834
727 868
727 877
727 893
727 906
727 913
727 917
727 919
727 936
727 957
727 959
727 966
727 967
727 979
727 980
727 982
728 737
728 756
728 768
728 808
728 821
728 824
728 840
728 842
728 843
728 848
728 850
728 870
728 911
728 915
728 917
728 921
728 962
728 968
728 975
728 977
728 993
729 732
729 734
729 740
729 744
729 755
729 758
729 767
729 775
729 790
729 794
729 798
729 802
729 824
729 847
729 867
729 877
729 884
729 903
729 907
729 919
729 924
729 929
729 945
729 958
729 961
729 990
729 995
730 736
730 748
730 751
730 763
730 804
730 853
730 855
730 863
730 870
730 880
730 885
730 886
730 912
730 919
730 928
730 938
730 939
730 956
730 964
730 966
730 973
730 976
730 977
730 981
730 986
730 993
731 740
731 742
731 761
731 763
731 765
731 775
731 780
731 793
731 809
731 850
731 857
731 858
731 880
731 894
731 897
731 918
731 921
731 926
731 934
731 942
731 948
731 965
731 980
731 991
732 753
732 756
732 765
732 775
732 792
732 811
732 835
732 850
732 856
732 857
732 887
732 895
732 912
732 915
732 926
732 929
732 936
732 939
732 944
732 989
732 999
733 739
733 752
733 756
733 768
733 773
733 778
733 796
733 819
733 823
733 824
733 841
733 856
733 874
733 880
733 886
733 906
733 910
733 926
733 928
733 929
733 931
733 934
733 936
733 950
733 968
733 974
733 991
733 996
734 735
734 739
734 753
734 760
734 768
734 777
734 793
734 796
734 797
734 805
734 809
734 810
734 816
734 817
734 820
734 823
734 840
734 850
734 864
734 868
734 874
734 875
734 891
734 901
734 903
734 940
734 966
734 970
734 981
734 994
735 738
735 739
735 743
735 746
735 749
735 752
735 754
735 760
735 793
735 831
735 851
735 863
735 878
735 889
735 899
735 900
735 902
735 908
735 911
735 918
735 920
735 926
735 945
735 953
735 955
735 959
735 964
735 972
735 978
735 990
736 751
736 765
736 772
736 776
736 784
736 788
736 796
736 797
736 798
736 802
736 806
736 808
736 829
736 835
736 841
736 861
736 876
736 889
736 906
736 910
736 914
736 929
736 930
736 942
736 951
736 954
736 955
736 960
736 963
736 968
736 974
736 978
736 993
736 995
736 999
737 762
737 767
737 768
737 771
737 777
737 784
737 788
737 797
737 816
737 817
737 824
737 832
737 846
737 847
737 854
737 880
737 891
737 906
737 926
737 930
737 937
737 962
737 970
737 980
737 992
738 742
738 751
738 757
738 763
738 774
738 777
738 783
738 799
738 811
738 814
738 822
738 836
738 866
738 867
738 913
738 924
738 949
738 954
738 963
738 981
738 986
738 998
739 751
739 753
739 773
739 774
739 776
739 778
739 792
739 796
739 800
739 803
739 807
739 839
739 861
739 894
739 900
739 906
739 910
739 911
739 935
739 940
739 948
739 955
739 979
739 982
739 991
740 748
740 752
740 755
740 779
740 780
740 786
740 788
740 804
740 808
740 849
740 854
740 858
740 879
740 882
740 887
740 895
740 928
740 951
740 972
740 977
740 980
740 983
740 984
740 999
741 762
741 770
741 776
741 777
741 788
741 797
741 801
741 822
741 829
741 830
741 844
741 846
741 861
741 866
741 869
741 871
741 890
741 893
741 896
741 902
741 922
741 931
741 945
741 971
741 973
741 983
742 745
742 750
742 754
742 763
742 784
742 796
742 811
742 826
742 839
742 861
742 864
742 888
742 895
742 897
742 908
742 951
742 978
742 986
742 987
743 746
743 753
743 767
743 775
743 777
743 798
743 828
743 829
743 840
743 843
743 860
743 871
743 888
743 896
743 918
743 919
743 922
743 937
743 941
743 946
743 978
743 989
744 749
744 751
744 764
744 776
744 788
744 796
744 803
744 841
744 871
744 887
744 889
744 895
744 900
744 912
744 913
744 924
744 939
744 940
744 957
744 962
744 974
744 986
744 987
745 753
745 762
745 768
745 787
745 792
745 811
745 833
745 849
745 890
745 897
745 907
745 910
745 928
745 952
745 955
745 959
745 967
745 977
745 980
745 981
745 986
745 993
746 755
746 763
746 766
746 769
746 796
746 813
746 834
746 839
746 843
746 846
746 851
746 853
746 868
746 889
746 890
746 904
746 909
746 912
746 920
746 921
746 934
746 946
746 952
746 969
746 971
746 972
746 976
746 994
747 749
747 756
747 764
747 774
747 796
747 811
747 822
747 838
747 841
747 847
747 851
747 872
747 882
747 896
747 902
747 910
747 911
747 921
747 924
747 936
747 944
747 951
747 961
747 975
747 980
748 774
748 775
748 779
748 789
748 820
748 824
748 840
748 857
748 862
748 896
748 946
748 952
748 974
748 983
748 986
749 754
749 785
749 794
749 797
749 802
749 822
749 849
749 856
749 868
749 891
749 901
749 912
749 924
749 946
749 951
749 953
749 955
749 959
749 970
749 971
749 979
749 986
749 993
749 995
750 756
750 773
750 774
750 780
750 783
750 796
750 801
750 805
750 812
750 814
750 816
750 818
750 819
750 825
750 839
750 871
750 876
750 880
750 888
750 906
750 908
750 922
750 932
750 935
750 939
750 942
750 956
750 965
750 976
750 999
751 753
751 785
751 790
751 803
751 813
751 828
751 841
751 848
751 853
751 862
751 869
751 871
751 873
751 884
751 908
751 918
751 926
751 931
751 938
751 962
751 973
751 999
752 763
752 781
752 791
752 808
752 817
752 844
752 848
752 869
752 878
752 887
752 894
752 895
752 900
752 907
752 909
752 935
752 941
752 942
752 944
753 755
753 760
753 782
753 785
753 798
753 855
753 867
753 869
753 890
753 903
753 910
753 919
753 932
753 939
753 969
753 978
753 981
753 986
753 992
753 996
754 761
754 766
754 769
754 779
754 801
754 802
754 804
754 806
754 820
754 848
754 850
754 852
754 863
754 913
754 917
754 918
754 926
754 927
754 934
754 942
754 964
754 973
754 989
755 776
755 787
755 793
755 815
755 821
755 829
755 830
755 846
755 856
755 859
755 867
755 873
755 882
755 887
755 889
755 897
755 898
755 903
755 909
755 918
755 943
755 954
755 979
755 999
756 762
756 769
756 789
756 793
756 833
756 857
756 868
756 889
756 890
756 892
756 893
756 915
756 921
756 935
756 953
756 966
756 973
756 979
756 980
756 983
756 993
757 763
757 781
757 782
757 784
757 790
757 793
757 812
757 813
757 815
757 820
757 839
757 840
757 841
757 842
757 874
757 883
757 899
757 913
757 936
757 953
757 954
757 988
758 765
758 818
758 822
758 828
758 838
758 852
758 872
758 878
758 887
758 893
758 894
758 898
758 903
758 914
758 924
758 932
758 943
758 950
758 954
758 955
758 978
758 989
758 993
759 770
759 781
759 782
759 785
759 790
759 820
759 840
759 857
759 865
759 871
759 881
759 882
759 888
759 895
759 898
759 911
759 940
759 941
759 972
760 761
760 768
760 769
760 774
760 775
760 793
760 801
760 823
760 824
760 829
760 834
760 835
760 851
760 856
760 880
760 882
760 885
760 894
760 899
760 903
760 904
760 906
760 916
760 918
760 952
760 960
760 965
760 974
761 850
761 865
761 871
761 895
761 898
761 905
761 911
761 916
761 938
761 956
761 958
761 961
761 965
761 976
761 979
761 981
761 983
761 992
762 770
762 771
762 792
762 829
762 845
762 853
762 860
762 862
762 868
762 869
762 871
762 872
762 876
762 885
762 888
762 892
762 912
762 922
762 924
762 949
762 951
762 953
762 977
762 978
762 979
762 986
763 764
763 784
763 792
763 806
763 824
763 832
763 834
763 851
763 853
763 855
763 860
763 879
763 893
763 900
763 903
763 917
763 941
763 951
763 957
763 958
763 959
763 980
763 989
763 999
764 792
764 798
764 802
764 808
764 813
764 815
764 817
764 821
764 822
764 842
764 843
764 854
764 856
764 869
764 879
764 883
764 910
764 931
764 952
764 971
764 981
764 988
764 990
764 992
764 998
765 772
765 777
765 786
765 794
765 809
765 813
765 814
765 834
765 856
765 873
765 883
765 889
765 892
765 894
765 899
765 911
765 927
765 952
765 971
765 990
765 993
766 769
766 772
766 774
766 779
766 790
766 791
766 793
766 798
766 816
766 831
766 843
766 855
766 865
766 866
766 871
766 872
766 873
766 881
766 893
766 913
766 916
766 939
766 940
766 952
766 959
766 966
766 973
766 985
766 999
767 773
767 782
767 791
767 820
767 827
767 832
767 856
767 861
767 863
767 865
767 871
767 878
767 909
767 919
767 920
767 946
767 949
767 984
767 986
768 776
768 786
768 799
768 868
768 886
768 891
768 894
768 903
768 906
768 907
768 914
768 921
768 928
768 931
768 946
768 952
768 966
768 968
768 981
768 991
768 999
769 770
769 784
769 796
769 799
769 810
769 816
769 823
769 824
769 826
769 829
769 834
769 883
769 884
769 898
769 912
769 925
769 932
769 933
769 942
769 955
769 960
769 963
769 976
769 988
769 995
769 996
770 772
770 776
770 797
770 814
770 821
770 833
770 838
770 844
770 860
770 897
770 915
770 934
770 946
770 947
770 953
770 956
770 957
770 962
770 993
771 799
771 820
771 823
771 830
771 853
771 855
771 859
771 867
771 877
771 880
771 888
771 895
771 898
771 899
771 901
771 910
771 912
771 955
771 958
771 959
771 963
771 965
771 966
771 980
772 776
772 777
772 780
772 783
772 789
772 791
772 792
772 802
772 805
772 827
772 829
772 830
772 831
772 832
772 837
772 847
772 849
772 854
772 855
772 865
772 908
772 913
772 915
772 916
772 918
772 927
772 930
772 939
772 942
772 959
772 960
772 968
772 972
772 981
773 775
773 785
773 795
773 810
773 817
773 823
773 853
773 854
773 861
773 864
773 876
773 909
773 910
773 952
773 957
773 965
773 976
773 978
774 787
774 788
774 802
774 803
774 819
774 824
774 837
774 851
774 855
774 869
774 881
774 889
774 900
774 908
774 922
774 924
774 925
774 927
774 948
774 952
774 959
774 986
774 994
775 779
775 793
775 800
775 816
775 823
775 836
775 845
775 855
775 898
775 909
775 923
775 926
775 929
775 933
775 936
775 938
775 943
775 969
775 994
775 995
776 778
776 784
776 787
776 797
776 799
776 800
776 840
776 843
776 845
776 855
776 861
776 869
776 871
776 872
776 878
776 897
776 901
776 913
776 916
776 917
776 926
776 928
776 944
776 966
776 972
776 973
776 978
776 984
776 997
777 798
777 802
777 810
777 827
777 840
777 854
777 869
777 872
777 873
777 881
777 886
777 890
777 908
777 912
777 916
777 920
777 922
777 937
777 940
777 948
777 954
777 965
777 969
777 971
777 979
777 988
777 990
778 779
778 780
778 781
778 790
778 800
778 806
778 823
778 826
778 827
778 829
778 830
778 831
778 835
778 837
778 851
778 854
778 859
778 903
778 909
778 929
778 930
778 931
778 932
778 940
778 941
778 944
778 962
778 968
778 974
779 780
779 794
779 798
779 799
779 802
779 807
779 810
779 832
779 833
779 842
779 848
779 860
779 865
779 866
779 872
779 877
779 882
779 916
779 920
779 927
779 933
779 955
779 980
779 996
780 786
780 793
780 801
780 803
780 816
780 820
780 822
780 828
780 830
780 865
780 873
780 888
780 924
780 938
780 962
781 789
781 795
781 806
781 816
781 818
781 820
781 824
781 844
781 859
781 860
781 864
781 889
781 890
781 892
781 894
781 915
781 916
781 919
781 929
781 954
782 786
782 791
782 815
782 817
782 839
782 842
782 844
782 867
782 876
782 884
782 892
782 893
782 902
782 904
782 906
782 911
782 913
782 925
782 937
782 948
782 963
782 966
782 970
782 980
782 997
783 793
783 794
783 828
783 841
783 846
783 853
783 861
783 878
783 898
783 910
783 916
783 922
783 932
783 952
783 953
783 954
783 960
783 965
784 797
784 816
784 852
784 863
784 875
784 877
784 879
784 881
784 885
784 898
784 905
784 907
784 915
784 946
784 963
784 973
784 979
784 998
785 789
785 790
785 793
785 812
785 818
785 828
785 832
785 836
785 839
785 844
785 847
785 850
785 863
785 865
785 912
785 930
785 934
785 936
785 962
785 980
785 985
786 807
786 814
786 819
786 820
786 848
786 860
786 874
786 877
786 879
786 882
786 887
786 888
786 896
786 899
786 908
786 915
786 938
786 939
786 950
786 961
786 963
786 969
786 971
786 979
786 992
787 788
787 820
787 823
787 827
787 832
787 839
787 855
787 859
787 860
787 861
787 882
787 883
787 891
787 892
787 902
787 908
787 931
787 973
787 974
787 980
787 987
788 795
788 809
788 818
788 829
788 834
788 872
788 873
788 881
788 889
788 893
788 902
788 910
788 917
788 920
788 922
788 972
788 982
788 986
788 987
788 993
789 800
789 808
789 817
789 818
789 820
789 826
789 846
789 859
789 870
789 886
789 892
789 898
789 922
789 923
789 933
789 941
789 976
789 980
789 983
790 791
790 794
790 798
790 799
790 805
790 816
790 817
790 823
790 828
790 838
790 853
790 854
790 862
790 868
790 876
790 877
790 880
790 888
790 894
790 896
790 917
790 923
790 926
790 934
790 939
790 950
790 956
790 987
790 991
791 818
791 819
791 825
791 838
791 842
791 846
791 858
791 866
791 894
791 897
791 899
791 903
791 904
791 913
791 948
791 950
791 972
792 796
792 815
792 831
792 848
792 858
792 863
792 866
792 881
792 883
792 884
792 894
792 924
792 925
792 926
792 956
792 969
792 978
792 979
792 981
792 995
792 999
793 801
793 809
793 810
793 824
793 840
793 849
793 876
793 893
793 922
793 929
793 944
793 954
793 962
793 985
794 798
794 801
794 803
794 817
794 824
794 830
794 845
794 862
794 868
794 899
794 905
794 911
794 930
794 935
794 939
794 940
794 946
794 952
794 958
794 978
794 980
794 981
794 983
794 997
795 814
795 831
795 835
795 857
795 864
795 884
795 895
795 907
795 924
795 937
795 941
795 976
795 983
795 984
795 994
796 801
796 811
796 826
796 827
796 840
796 846
796 847
796 882
796 889
796 901
796 910
796 918
796 920
796 922
796 924
796 926
796 954
796 958
796 959
796 960
796 963
796 987
797 798
797 814
797 818
797 828
797 835
797 838
797 843
797 846
797 853
797 856
797 876
797 891
797 892
797 896
797 904
797 916
797 924
797 947
797 960
797 982
798 802
798 824
798 825
798 829
798 855
798 879
798 883
798 901
798 919
798 922
798 954
798 955
798 975
798 976
798 979
798 984
798 985
798 998
799 805
799 807
799 811
799 822
799 843
799 854
799 862
799 864
799 865
799 872
799 882
799 884
799 902
799 922
799 926
799 929
799 936
799 937
799 938
799 941
799 949
799 954
799 955
799 984
799 986
799 987
800 804
800 808
800 810
800 824
800 832
800 850
800 869
800 872
800 874
800 885
800 902
800 908
800 910
800 912
800 917
800 920
800 930
800 934
800 940
800 941
800 960
800 964
800 969
800 974
800 977
800 982
800 983
800 991
800 993
800 999
801 802
801 809
801 830
801 841
801 860
801 869
801 871
801 880
801 887
801 905
801 918
801 931
801 935
801 956
801 973
802 809
802 812
802 841
802 849
802 853
802 854
802 866
802 874
802 879
802 891
802 892
802 895
802 903
802 906
802 913
802 922
802 923
802 942
802 952
802 971
802 977
802 978
802 993
803 807
803 820
803 833
803 835
803 839
803 840
803 844
803 858
803 859
803 864
803 869
803 882
803 885
803 899
803 913
803 924
803 931
803 935
803 947
803 984
804 824
804 836
804 847
804 853
804 855
804 863
804 866
804 880
804 882
804 894
804 898
804 926
804 929
804 936
804 942
804 944
804 947
804 950
804 951
804 952
804 997
804 999
805 813
805 836
805 840
805 887
805 895
805 900
805 902
805 935
805 952
805 954
805 975
805 978
805 990
805 993
806 810
806 824
806 826
806 835
806 836
806 874
806 877
806 882
806 887
806 895
806 908
806 913
806 925
806 947
806 948
806 954
806 958
806 961
806 971
806 973
806 981
806 985
806 996
807 827
807 832
807 865
807 879
807 880
807 884
807 896
807 904
807 914
807 915
807 917
807 930
807 942
807 966
807 976
807 980
807 997
808 809
808 819
808 838
808 845
808 852
808 854
808 869
808 872
808 876
808 881
808 898
808 901
808 906
808 907
808 910
808 912
808 917
808 928
808 930
808 933
808 934
808 937
808 938
808 983
808 987
808 992
809 813
809 816
809 830
809 840
809 888
809 898
809 921
809 924
809 934
809 941
809 958
809 973
809 989
809 999
810 819
810 831
810 833
810 844
810 845
810 847
810 849
810 850
810 864
810 877
810 888
810 891
810 911
810 914
810 924
810 938
810 998
811 821
811 831
811 832
811 845
811 862
811 864
811 878
811 879
811 882
811 892
811 893
811 905
811 907
811 932
811 933
811 938
811 939
811 941
811 943
811 962
811 972
811 982
811 986
812 826
812 834
812 842
812 844
812 846
812 855
812 868
812 880
812 885
812 892
812 911
812 917
812 923
812 926
812 929
812 950
812 960
812 976
813 814
813 835
813 852
813 854
813 863
813 882
813 888
813 914
813 917
813 925
813 929
813 932
813 950
813 954
813 970
813 988
814 819
814 861
814 862
814 886
814 898
814 907
814 917
814 933
814 945
814 951
814 970
814 976
814 987
814 996
815 825
815 827
815 838
815 843
815 850
815 877
815 881
815 883
815 886
815 887
815 897
815 913
815 917
815 921
815 933
815 951
815 965
815 975
815 979
815 994
816 818
816 829
816 856
816 895
816 932
816 943
816 944
816 952
816 954
816 963
816 967
816 972
816 974
816 987
816 988
816 993
816 994
816 999
817 828
817 855
817 865
817 891
817 895
817 902
817 912
817 913
817 939
817 941
817 961
817 973
817 975
817 977
817 994
818 819
818 820
818 837
818 854
818 858
818 862
818 864
818 866
818 868
818 881
818 885
818 903
818 927
818 962
818 973
818 974
818 977
819 823
819 851
819 878
819 895
819 906
819 908
819 914
819 934
819 949
819 967
819 981
819 998
820 851
820 853
820 856
820 862
820 876
820 881
820 882
820 888
820 892
820 903
820 907
820 909
820 917
820 960
820 973
820 974
820 979
820 995
820 997
821 828
821 840
821 842
821 849
821 857
821 933
821 952
821 988
822 831
822 836
822 874
822 895
822 908
822 924
822 931
822 932
822 935
822 943
822 948
822 967
822 968
822 975
822 985
823 824
823 828
823 831
823 837
823 839
823 845
823 880
823 906
823 909
823 911
823 929
823 937
823 952
823 953
823 954
823 958
823 964
823 974
824 828
824 832
824 836
824 847
824 860
824 873
824 878
824 879
824 880
824 899
824 904
824 906
824 908
824 912
824 926
824 927
824 931
824 932
824 949
824 966
824 972
824 981
824 982
825 832
825 865
825 872
825 882
825 886
825 903
825 915
825 930
825 947
825 954
825 960
825 961
825 972
825 980
825 990
826 840
826 870
826 871
826 872
826 875
826 877
826 879
826 881
826 887
826 911
826 928
826 986
827 839
827 852
827 856
827 862
827 864
827 869
827 873
827 895
827 897
827 910
827 934
827 940
827 957
827 970
827 983
827 994
827 996
827 997
827 998
828 847
828 849
828 860
828 866
828 875
828 887
828 893
828 912
828 916
828 921
828 932
828 934
828 936
828 949
828 998
829 834
829 841
829 851
829 859
829 877
829 879
829 896
829 915
829 916
829 922
829 934
829 937
829 942
829 945
829 950
829 954
829 999
830 831
830 832
830 835
830 844
830 847
830 851
830 855
830 869
830 885
830 897
830 898
830 900
830 911
830 913
830 919
830 920
830 923
830 928
830 935
830 936
830 944
830 968
830 974
831 837
831 840
831 850
831 853
831 874
831 897
831 923
831 939
831 954
831 958
831 963
831 964
831 970
831 989
831 998
832 844
832 864
832 868
832 870
832 886
832 910
832 940
832 943
832 948
832 955
832 957
832 967
832 970
832 988
832 993
832 996
832 999
833 837
833 850
833 869
833 874
833 884
833 911
833 922
833 934
833 957
833 965
833 975
833 987
833 992
833 999
834 844
834 859
834 892
834 893
834 902
834 913
834 939
834 956
834 995
834 998
835 837
835 839
835 840
835 850
835 857
835 860
835 873
835 888
835 897
835 906
835 912
835 913
835 947
835 964
835 965
835 974
835 980
835 983
836 845
836 848
836 852
836 853
836 855
836 858
836 877
836 892
836 905
836 923
836 931
836 933
836 960
836 969
836 983
836 992
837 851
837 852
837 854
837 880
837 884
837 889
837 892
837 893
837 896
837 897
837 899
837 910
837 914
837 938
837 949
837 968
837 975
837 983
837 991
837 995
837 999
838 840
838 878
838 883
838 903
838 904
838 916
838 918
838 932
838 945
838 957
838 974
838 978
839 858
839 865
839 866
839 878
839 905
839 906
839 908
839 909
839 913
839 914
839 919
839 920
839 921
839 926
839 929
839 986
840 842
840 851
840 853
840 854
840 872
840 878
840 886
840 888
840 890
840 920
840 921
840 940
840 947
840 950
840 967
840 988
840 990
840 994
840 996
841 854
841 855
841 857
841 881
841 884
841 889
841 894
841 909
841 912
841 913
841 916
841 936
841 937
841 942
841 943
841 945
841 953
841 957
841 962
841 967
841 969
841 971
841 979
841 987
842 844
842 849
842 871
842 878
842 886
842 894
842 904
842 909
842 912
842 921
842 938
842 952
842 961
842 965
842 973
842 974
842 986
842 996
842 997
843 861
843 862
843 873
843 883
843 890
843 896
843 907
843 910
843 912
843 934
843 936
843 942
843 945
843 953
843 965
843 990
844 863
844 873
844 903
844 905
844 909
844 920
844 928
844 944
844 949
844 961
844 981
844 990
844 991
844 994
845 848
845 854
845 857
845 867
845 869
845 920
845 921
845 923
845 928
845 936
845 944
845 946
845 949
845 955
845 959
845 960
845 981
845 987
846 848
846 856
846 859
846 875
846 910
846 913
846 920
846 922
846 932
846 937
846 944
846 946
846 957
846 962
846 965
846 978
846 987
846 998
846 999
847 855
847 859
847 871
847 879
847 883
847 887
847 938
847 943
847 944
847 945
847 956
847 960
847 961
847 969
847 973
847 981
848 861
848 869
848 875
848 887
848 891
848 911
848 921
848 938
848 954
848 969
848 974
848 979
848 982
848 983
849 856
849 876
849 879
849 890
849 905
849 907
849 929
849 934
849 937
849 938
849 949
849 953
849 955
849 956
849 970
849 991
849 997
850 868
850 875
850 877
850 880
850 928
850 943
850 954
850 985
850 989
850 990
851 853
851 857
851 865
851 880
851 894
851 897
851 903
851 908
851 915
851 945
851 955
851 956
851 958
851 959
851 971
851 990
851 994
851 998
852 869
852 871
852 876
852 901
852 905
852 910
852 928
852 938
852 957
852 962
852 969
852 973
852 981
852 986
852 989
853 856
853 862
853 875
853 876
853 916
853 921
853 925
853 932
853 934
853 941
853 945
853 946
853 949
853 980
853 981
853 990
854 859
854 878
854 880
854 903
854 906
854 907
854 909
854 925
854 929
854 959
854 968
854 985
854 988
855 860
855 863
855 864
855 887
855 895
855 898
855 904
855 908
855 915
855 922
855 934
855 938
855 944
855 958
855 970
855 974
855 988
855 994
856 867
856 882
856 896
856 898
856 910
856 921
856 922
856 927
856 930
856 955
856 993
856 994
856 996
856 997
856 998
857 871
857 876
857 878
857 885
857 893
857 915
857 917
857 938
857 944
857 972
857 987
857 997
858 864
858 904
858 938
858 963
858 964
858 983
858 984
858 985
858 993
858 998
859 860
859 874
859 906
859 927
859 938
859 939
859 949
859 957
859 958
859 995
860 861
860 865
860 892
860 898
860 901
860 904
860 911
860 926
860 935
860 943
860 946
860 954
860 956
860 968
860 978
860 979
860 980
860 990
860 992
860 998
861 863
861 864
861 865
861 867
861 872
861 881
861 887
861 899
861 900
861 902
861 906
861 908
861 923
861 929
861 948
861 992
861 997
862 867
862 874
862 878
862 879
862 891
862 914
862 920
862 930
862 933
862 939
862 950
862 951
862 953
862 959
862 983
863 869
863 870
863 875
863 878
863 881
863 886
863 893
863 915
863 916
863 920
863 929
863 930
863 938
863 940
863 948
863 964
863 972
863 992
864 867
864 876
864 882
864 897
864 902
864 905
864 916
864 924
864 949
864 953
864 976
864 983
864 992
864 998
865 889
865 902
865 909
865 926
865 931
865 941
865 951
865 962
865 971
865 992
866 878
866 882
866 904
866 907
866 908
866 911
866 922
866 936
866 939
866 942
866 947
866 959
866 960
866 973
866 984
866 994
866 997
867 869
867 872
867 876
867 892
867 900
867 907
867 909
867 917
867 943
867 967
867 968
867 969
867 977
867 983
867 996
868 875
868 890
868 896
868 917
868 920
868 922
868 939
868 944
868 950
868 964
868 970
868 975
868 980
868 983
868 997
869 879
869 880
869 919
869 924
869 927
869 934
869 968
869 971
869 982
869 990
869 993
869 994
869 995
870 881
870 889
870 892
870 895
870 905
870 933
870 940
870 953
870 955
870 969
871 872
871 873
871 896
871 905
871 919
871 925
871 930
871 931
871 934
871 940
871 957
871 961
871 963
871 967
871 980
871 991
871 996
872 874
872 875
872 878
872 891
872 898
872 899
872 907
872 910
872 936
872 947
872 970
872 983
872 989
873 881
873 893
873 896
873 899
873 908
873 911
873 914
873 919
873 923
873 925
873 927
873 934
873 941
873 956
873 971
873 975
873 978
873 999
874 876
874 877
874 881
874 885
874 887
874 900
874 967
874 970
874 978
874 987
874 995
875 883
875 890
875 904
875 906
875 909
875 931
875 941
875 943
875 959
875 968
875 969
875 977
875 980
875 996
876 880
876 882
876 895
876 907
876 921
876 939
876 960
876 962
876 963
876 965
877 879
877 880
877 893
877 895
877 905
877 926
877 932
877 951
877 956
877 966
877 973
877 975
877 981
877 982
877 992
878 882
878 903
878 906
878 916
878 918
878 921
878 922
878 925
878 931
878 949
878 962
878 975
878 989
878 990
878 993
878 998
879 893
879 917
879 921
879 934
879 942
879 953
879 954
879 967
879 969
879 972
879 996
879 997
879 998
880 881
880 882
880 893
880 902
880 916
880 919
880 941
880 982
880 986
880 998
881 889
881 912
881 914
881 935
881 967
881 978
881 990
881 999
882 889
882 891
882 900
882 929
882 987
883 900
883 907
883 915
883 933
883 948
883 977
883 983
883 984
884 885
884 895
884 898
884 901
884 904
884 907
884 914
884 929
884 933
884 934
884 938
884 943
884 993
884 995
884 999
885 887
885 899
885 920
885 937
885 950
885 961
885 967
885 979
885 988
886 896
886 912
886 918
886 933
886 935
886 936
886 940
886 966
887 895
887 899
887 912
887 914
887 938
887 943
887 954
887 966
887 970
887 973
887 984
887 989
887 991
887 993
888 891
888 907
888 918
888 940
888 950
888 955
888 957
888 958
888 971
888 972
888 979
888 994
888 999
889 891
889 909
889 910
889 923
889 944
889 974
889 994
889 996
890 894
890 904
890 925
890 934
890 942
890 947
890 950
890 954
890 973
890 976
890 979
890 985
890 990
890 998
891 897
891 920
891 924
891 944
891 948
891 994
891 996
892 902
892 911
892 943
892 955
892 957
892 965
892 970
892 986
892 991
892 997
893 920
893 929
893 947
893 954
893 970
893 977
893 978
893 994
894 896
894 901
894 933
894 937
894 955
894 975
894 977
894 992
894 997
895 911
895 926
895 928
895 935
895 946
895 957
895 962
896 899
896 904
896 916
896 933
896 962
896 965
896 967
896 981
897 909
897 913
897 921
897 931
897 942
897 960
897 992
897 993
898 904
898 905
898 924
898 930
898 961
898 971
898 974
898 980
898 981
899 924
899 955
899 965
899 975
899 976
899 978
899 985
899 988
899 993
900 910
900 911
900 921
900 943
900 949
900 956
900 968
900 982
900 990
900 993
901 909
901 913
901 915
901 941
901 961
901 971
901 973
901 986
902 905
902 916
902 922
902 925
902 926
902 963
902 967
902 988
902 990
902 998
903 911
903 925
903 928
903 951
903 968
903 972
903 985
903 990
904 907
904 912
904 923
904 930
904 931
904 966
904 975
904 981
904 989
904 993
905 910
905 914
905 918
905 926
905 929
905 935
905 943
905 944
905 960
905 961
905 967
905 969
905 972
905 975
905 983
905 996
905 999
906 916
906 917
906 933
906 941
906 950
906 955
906 990
907 914
907 918
907 919
907 921
907 924
907 931
907 942
907 956
907 962
907 975
908 930
908 953
908 969
908 974
908 976
909 913
909 938
909 940
909 944
909 952
909 964
909 980
909 985
909 990
909 999
910 920
910 928
910 931
910 934
910 943
910 966
910 968
910 972
910 980
910 985
910 995
911 915
911 923
911 928
911 938
911 942
911 952
911 963
911 971
911 975
911 976
911 992
912 929
912 961
912 962
912 967
912 977
912 984
912 988
912 996
913 920
913 943
913 946
913 951
913 954
913 958
913 960
913 989
913 992
913 996
914 956
914 968
914 978
914 997
914 999
915 917
915 932
915 963
915 976
915 980
915 985
915 998
916 918
916 921
916 928
916 931
916 933
916 935
916 944
916 946
916 955
916 975
916 980
916 991
917 921
917 922
917 924
917 926
917 954
917 965
917 968
917 973
917 981
917 986
917 999
918 929
918 953
918 961
918 974
918 977
918 987
918 990
919 920
919 935
919 937
919 940
919 946
919 947
919 979
919 980
919 984
920 929
920 932
920 936
920 955
920 956
920 982
920 991
921 922
921 924
921 928
921 937
921 939
921 940
921 945
921 949
921 951
921 952
921 962
921 974
921 981
921 999
922 931
922 934
922 946
922 950
922 965
922 973
923 924
923 927
923 946
923 950
923 965
923 976
923 977
923 978
923 988
923 991
923 996
923 997
924 928
924 938
924 941
924 953
924 957
925 979
925 991
926 938
926 951
926 955
926 966
926 973
926 982
926 983
926 995
927 928
927 932
927 937
927 948
927 958
927 965
927 967
927 968
928 933
928 935
928 944
928 948
928 953
928 959
928 967
928 970
928 984
928 997
929 961
929 978
929 985
929 990
930 944
930 952
930 963
930 976
930 988
930 999
931 933
931 945
931 947
931 953
931 958
931 980
931 990
931 995
932 947
932 949
932 954
932 956
932 963
932 999
933 938
933 951
933 954
933 957
933 970
933 997
934 943
934 959
934 960
934 961
934 962
934 968
934 970
934 987
934 990
935 956
935 972
936 949
936 960
936 962
936 979
936 987
936 989
937 939
937 946
937 973
937 975
937 995
938 945
938 959
938 970
938 980
938 981
939 961
939 963
939 969
939 971
939 985
940 954
940 956
940 972
940 976
940 993
941 943
941 953
941 988
942 945
942 960
942 962
942 965
942 975
942 977
942 987
942 998
942 999
943 951
943 954
943 966
943 974
943 981
943 985
943 989
944 949
944 952
944 953
944 954
944 955
944 958
944 961
944 985
944 990
944 992
945 947
945 956
945 982
945 984
946 950
946 952
946 964
947 950
947 964
947 984
948 953
948 967
948 972
948 985
948 989
949 950
949 953
949 958
949 965
949 993
950 954
950 961
950 969
950 973
950 985
950 987
952 954
952 956
952 979
952 998
953 969
953 971
953 982
953 984
954 956
954 958
954 959
954 961
954 963
954 982
954 994
954 998
955 965
955 991
956 960
956 968
956 975
956 976
956 978
956 994
956 998
957 984
957 986
957 991
958 964
958 965
958 976
958 988
958 992
958 993
958 997
958 998
959 977
959 979
959 982
959 993
959 998
960 972
960 981
960 983
960 989
961 964
961 967
961 969
961 971
961 976
962 972
963 984
963 989
964 968
964 973
964 976
964 980
964 992
965 966
967 976
967 981
967 986
967 993
967 995
968 985
968 988
968 992
969 981
969 986
969 987
969 994
970 971
970 977
970 984
970 994
970 997
971 978
971 988
971 989
971 996
972 978
972 981
972 983
972 991
972 995
972 996
973 974
973 988
973 994
974 982
975 982
975 997
976 983
976 985
976 992
976 995
977 989
978 981
979 983
979 991
981 989
982 993
982 996
983 999
984 987
985 997
986 997
987 996
988 990
989 996
990 994
990 997
993 999
994 995
994 997
994 998
997 998
