# Erdos-Renyi general graph G(n, p)
# nodes=5000 edge_probability=0.006 seed=42 edges=74449
# first data line: '<node count> <edge count>', then one '<source> <target>' pair per line
5000 74449
0 125
0 291
0 369
0 395
0 428
0 482
0 685
0 1027
0 1392
0 1808
0 1962
0 2222
0 2517
0 2544
0 2564
0 2756
0 2925
0 2991
0 3314
0 3407
0 3518
0 3802
0 3845
0 4072
0 4102
0 4351
0 4498
0 4938
1 12
1 105
1 231
1 503
1 627
1 718
1 882
1 970
1 1637
1 1738
1 2177
1 2182
1 2218
1 2305
1 2421
1 2752
1 2985
1 3143
1 3311
1 3498
1 3706
1 3841
1 3880
1 4168
1 4714
1 4780
1 4812
2 452
2 624
2 776
2 843
2 968
2 1450
2 1903
2 2237
2 2357
2 2718
2 3075
2 3080
2 3220
2 3313
2 3505
2 3699
2 3816
2 3909
2 4022
2 4118
2 4176
2 4280
2 4403
2 4409
2 4479
2 4644
2 4689
2 4834
3 25
3 72
3 244
3 342
3 536
3 760
3 964
3 1008
3 1742
3 1815
3 1986
3 2037
3 2091
3 2125
3 2170
3 2607
3 2747
3 2819
3 3202
3 3319
3 3380
3 3381
3 3388
3 3579
3 4018
3 4071
3 4374
3 4386
3 4651
3 4686
3 4749
3 4825
4 104
4 152
4 423
4 530
4 721
4 741
4 761
4 832
4 857
4 1081
4 1116
4 1374
4 1436
4 1508
4 1532
4 1680
4 1710
4 1838
4 2192
4 2277
4 2338
4 2419
4 2536
4 2690
4 2792
4 2803
4 2979
4 3041
4 3065
4 3233
4 3312
4 3366
4 3653
4 3695
4 3735
4 3806
4 3961
4 4007
4 4017
4 4218
4 4230
4 4737
4 4797
4 4920
5 104
5 1057
5 1121
5 1383
5 1459
5 1767
5 1831
5 2085
5 2089
5 2122
5 2303
5 2596
5 2645
5 2821
5 2897
5 2982
5 3148
5 3190
5 3218
5 3290
5 3382
5 4271
5 4586
5 4754
5 4792
5 4796
6 317
6 517
6 579
6 617
6 792
6 815
6 1081
6 1210
6 1273
6 1366
6 1433
6 1756
6 1805
6 2069
6 2801
6 2837
6 2991
6 3262
6 3338
6 3429
6 3605
6 3715
6 3727
6 3749
6 3978
6 4043
6 4120
6 4267
6 4764
6 4930
6 4955
6 4974
7 317
7 420
7 611
7 805
7 871
7 962
7 1076
7 1478
7 1715
7 1765
7 1815
7 2055
7 2315
7 2408
7 2755
7 2986
7 3320
7 3550
7 3962
7 3994
7 4120
7 4166
7 4317
7 4406
7 4566
7 4914
7 4924
8 27
8 76
8 245
8 316
8 525
8 745
8 786
8 1142
8 1251
8 1327
8 1342
8 1369
8 1397
8 1614
8 1981
8 2015
8 2106
8 2116
8 2445
8 2453
8 2494
8 2654
8 2667
8 2805
8 2920
8 2974
8 3011
8 3016
8 3126
8 3266
8 3541
8 3582
8 3702
8 3927
8 4313
8 4402
8 4450
8 4518
8 4579
8 4951
9 287
9 297
9 312
9 482
9 526
9 661
9 862
9 997
9 1144
9 1220
9 1464
9 1730
9 1884
9 1925
9 1979
9 1996
9 2119
9 2498
9 2523
9 2927
9 2931
9 2942
9 2986
9 3004
9 3019
9 3673
9 3716
9 4188
9 4331
9 4343
9 4481
9 4822
9 4844
10 487
10 506
10 508
10 590
10 977
10 1122
10 1379
10 1387
10 1427
10 1615
10 1806
10 1823
10 1885
10 2180
10 2337
10 2674
10 2677
10 2992
10 3089
10 3212
10 3355
10 3595
10 3851
10 4049
10 4749
11 32
11 249
11 268
11 688
11 748
11 813
11 1124
11 1332
11 1335
11 1366
11 1533
11 1559
11 1980
11 2123
11 2148
11 2433
11 2702
11 2717
11 2771
11 2908
11 3092
11 3117
11 3231
11 3552
11 3754
11 3788
11 3920
12 958
12 980
12 1081
12 1208
12 1460
12 1543
12 1717
12 1731
12 1919
12 1934
12 2239
12 2598
12 2875
12 3192
12 3660
12 3837
12 4157
12 4303
12 4633
12 4678
12 4792
13 720
13 1124
13 1214
13 1727
13 1894
13 1925
13 2238
13 2256
13 2299
13 2303
13 2467
13 2470
13 2713
13 2766
13 2823
13 2943
13 3143
13 3702
13 4035
13 4106
13 4138
13 4417
13 4478
13 4542
13 4674
13 4697
13 4741
14 18
14 207
14 257
14 369
14 421
14 645
14 658
14 792
14 1213
14 1521
14 1615
14 1643
14 1694
14 2328
14 2499
14 2522
14 2751
14 2854
14 3113
14 3148
14 3746
14 4005
14 4209
14 4363
14 4551
14 4630
14 4741
14 4794
14 4987
14 4999
15 126
15 177
15 201
15 581
15 808
15 892
15 1206
15 1211
15 1317
15 1533
15 1714
15 2092
15 2201
15 2213
15 2431
15 2903
15 3134
15 3240
15 3485
15 3518
15 3535
15 3577
15 3611
15 4039
15 4187
15 4485
15 4578
15 4662
15 4760
15 4783
15 4933
16 72
16 117
16 227
16 263
16 325
16 581
16 795
16 1390
16 1456
16 1457
16 1667
16 1837
16 1925
16 2047
16 2129
16 2211
16 2393
16 2747
16 3459
16 3754
16 4094
16 4207
16 4386
16 4509
16 4663
16 4779
17 361
17 380
17 477
17 583
17 990
17 1013
17 1252
17 1821
17 1950
17 2100
17 2137
17 2198
17 2200
17 2331
17 2381
17 2385
17 3002
17 3005
17 3337
17 3925
17 3928
17 4115
17 4291
17 4439
17 4559
17 4586
17 4729
17 4884
17 4914
17 4932
17 4948
18 223
18 391
18 402
18 455
18 638
18 843
18 899
18 1022
18 1189
18 1382
18 1413
18 1470
18 1695
18 1771
18 1801
18 2522
18 2633
18 2736
18 2856
18 3311
18 3359
18 3460
18 3736
18 4092
18 4359
18 4414
18 4443
19 78
19 565
19 566
19 585
19 677
19 729
19 926
19 944
19 1062
19 1164
19 1165
19 1236
19 1255
19 1326
19 1459
19 1592
19 2049
19 2133
19 2192
19 2255
19 2886
19 2926
19 3000
19 3072
19 3104
19 3177
19 3509
19 3759
19 3934
19 4017
19 4102
19 4132
20 344
20 612
20 650
20 875
20 1006
20 1127
20 1316
20 1391
20 1392
20 1526
20 1613
20 1748
20 2099
20 2190
20 2235
20 2318
20 2386
20 2432
20 2792
20 2818
20 2858
20 3244
20 3253
20 3405
20 3844
20 3920
20 4625
20 4805
21 344
21 505
21 1220
21 1606
21 1637
21 2122
21 2279
21 2423
21 2450
21 2458
21 4020
21 4197
21 4232
21 4308
21 4540
21 4659
21 4694
21 4869
22 42
22 43
22 203
22 718
22 813
22 940
22 946
22 1217
22 1226
22 1318
22 2208
22 2524
22 2886
22 3068
22 3158
22 3457
22 3458
22 3587
22 3635
22 3860
22 3876
22 3896
22 4013
22 4027
22 4167
22 4350
22 4354
22 4767
22 4917
23 78
23 392
23 460
23 516
23 903
23 989
23 1002
23 1152
23 1235
23 1399
23 1595
23 2502
23 2503
23 2854
23 3173
23 3190
23 3302
23 3455
23 3797
23 3882
23 4536
23 4648
23 4832
24 304
24 360
24 556
24 812
24 953
24 994
24 1200
24 1525
24 1598
24 1763
24 1841
24 1872
24 1954
24 2006
24 2070
24 2190
24 2397
24 2662
24 2726
24 2778
24 3175
24 3921
24 4031
24 4143
24 4286
24 4308
24 4366
24 4520
24 4614
25 126
25 433
25 528
25 558
25 744
25 1055
25 1071
25 1159
25 1270
25 1434
25 1447
25 2297
25 2376
25 2428
25 2533
25 2672
25 2768
25 2904
25 2992
25 3164
25 3772
25 4370
25 4572
25 4631
25 4652
25 4729
25 4760
25 4779
25 4954
26 470
26 779
26 1079
26 1272
26 1518
26 1613
26 1690
26 1692
26 1728
26 1779
26 1852
26 1980
26 2331
26 2438
26 2592
26 2642
26 2646
26 2901
26 2938
26 3106
26 3252
26 3305
26 3362
26 3518
26 3536
26 3662
26 3749
26 3829
26 4035
26 4820
26 4999
27 113
27 136
27 295
27 760
27 866
27 925
27 1079
27 1082
27 1101
27 1242
27 1384
27 1884
27 1949
27 1995
27 2044
27 2325
27 2624
27 2879
27 3011
27 3161
27 3225
27 3331
27 3430
27 3511
27 3512
27 3629
27 3720
27 3730
27 3871
27 3886
27 4560
27 4591
27 4769
27 4964
27 4984
27 4987
28 266
28 330
28 391
28 532
28 592
28 637
28 1107
28 1192
28 1299
28 1778
28 2018
28 2039
28 2389
28 2681
28 2882
28 3049
28 3269
28 3345
28 3457
28 3613
28 3617
28 3646
28 3713
28 3815
28 4081
28 4333
28 4642
28 4652
28 4688
28 4781
28 4791
28 4904
29 400
29 595
29 656
29 683
29 785
29 1042
29 1058
29 1150
29 1563
29 1669
29 1786
29 2008
29 2039
29 2377
29 2392
29 2456
29 2551
29 3074
29 3139
29 3334
29 3368
29 3674
29 3765
29 3845
29 3949
29 3967
29 4289
29 4295
29 4433
29 4478
29 4833
29 4867
29 4880
30 221
30 254
30 454
30 538
30 1178
30 1249
30 1468
30 1485
30 1957
30 1976
30 2024
30 2222
30 2341
30 2406
30 2522
30 2536
30 2693
30 2749
30 2926
30 3075
30 3190
30 3337
30 3528
30 3583
30 3627
30 3760
30 3790
30 4226
30 4323
30 4380
30 4418
30 4573
31 341
31 548
31 630
31 646
31 731
31 1039
31 1579
31 1628
31 1808
31 1864
31 2625
31 2823
31 2840
31 2874
31 2883
31 2967
31 3165
31 3396
31 3632
31 3669
31 3946
31 4011
31 4469
31 4617
31 4880
31 4936
32 312
32 331
32 417
32 709
32 1067
32 1203
32 1328
32 1402
32 1442
32 1445
32 1530
32 1903
32 2021
32 2322
32 2422
32 2500
32 2711
32 2796
32 2832
32 2839
32 2871
32 2883
32 3457
32 3459
32 3561
32 3619
32 3623
32 3785
32 4000
32 4015
32 4074
32 4141
32 4487
32 4536
32 4554
32 4555
33 75
33 221
33 578
33 665
33 667
33 729
33 745
33 882
33 1177
33 1237
33 1486
33 1711
33 1765
33 1969
33 1992
33 2189
33 2642
33 2966
33 3048
33 3290
33 3805
33 3976
33 4226
33 4295
33 4299
33 4496
33 4544
33 4654
33 4765
33 4766
33 4898
34 178
34 211
34 383
34 424
34 520
34 617
34 895
34 920
34 1307
34 2267
34 2279
34 2543
34 2709
34 2728
34 2923
34 2969
34 2979
34 2991
34 3152
34 3346
34 3405
34 3539
34 3544
34 3602
34 3765
34 3842
34 3849
34 3953
34 4019
34 4216
34 4440
34 4467
34 4472
34 4489
34 4785
34 4867
34 4870
35 254
35 628
35 651
35 683
35 773
35 903
35 910
35 1364
35 1439
35 1445
35 1647
35 1704
35 1708
35 2066
35 2622
35 2854
35 2931
35 3050
35 3611
35 3888
35 3951
35 4012
35 4068
35 4115
35 4158
35 4364
35 4750
35 4955
36 152
36 172
36 189
36 611
36 941
36 986
36 1010
36 1306
36 1318
36 1951
36 2085
36 2184
36 2258
36 2375
36 2515
36 2755
36 3004
36 3339
36 3486
36 3682
36 4184
36 4269
36 4509
36 4717
37 426
37 473
37 608
37 625
37 709
37 789
37 904
37 1460
37 1565
37 1849
37 1968
37 2057
37 2126
37 2384
37 3080
37 3158
37 3177
37 3423
37 3834
37 3999
37 4053
37 4158
37 4346
37 4399
37 4683
38 158
38 261
38 281
38 388
38 429
38 430
38 681
38 962
38 987
38 1084
38 1589
38 1785
38 1926
38 2344
38 2376
38 2468
38 3052
38 3060
38 3201
38 3305
38 3412
38 3504
38 3512
38 3772
38 3835
38 4190
38 4273
38 4520
38 4672
39 318
39 607
39 753
39 844
39 927
39 1182
39 1249
39 1376
39 1594
39 1714
39 1994
39 2271
39 2335
39 2463
39 2596
39 2696
39 2707
39 2965
39 3067
39 3751
39 3761
39 3805
39 3842
39 3949
39 4374
39 4600
39 4644
39 4699
39 4888
39 4909
40 884
40 1100
40 1169
40 1274
40 1275
40 1303
40 1362
40 1732
40 1778
40 1789
40 1811
40 1897
40 2039
40 2153
40 2207
40 2413
40 2531
40 2581
40 2625
40 2730
40 2745
40 2824
40 2958
40 2962
40 3103
40 3209
40 3312
40 3353
40 3445
40 3711
40 3839
40 3989
40 4128
41 63
41 151
41 262
41 264
41 296
41 304
41 311
41 324
41 1202
41 1302
41 1974
41 2090
41 2487
41 2722
41 2962
41 3091
41 3152
41 3196
41 3372
41 3482
41 3789
41 4198
41 4408
41 4846
41 4936
42 110
42 271
42 580
42 593
42 646
42 813
42 1245
42 2194
42 2291
42 2671
42 2744
42 3003
42 3036
42 3225
42 3308
42 3731
42 3757
42 3813
42 4016
42 4037
42 4297
42 4486
42 4554
42 4656
42 4672
42 4762
42 4805
42 4854
42 4983
43 492
43 572
43 700
43 774
43 1275
43 1322
43 1364
43 1645
43 2070
43 2263
43 2580
43 2812
43 3211
43 3281
43 3556
43 3598
43 3659
43 3702
43 4147
43 4253
43 4366
43 4676
43 4736
43 4943
43 4955
43 4980
44 70
44 176
44 188
44 210
44 237
44 405
44 658
44 1080
44 1109
44 1282
44 1385
44 1574
44 1629
44 1707
44 1919
44 2245
44 2254
44 2338
44 2376
44 2442
44 2482
44 2550
44 2631
44 2634
44 2721
44 2816
44 2907
44 3185
44 3354
44 3380
44 3548
44 3550
44 3616
44 4052
44 4173
44 4182
44 4263
44 4325
44 4341
44 4410
44 4506
44 4541
45 385
45 553
45 765
45 1093
45 1123
45 1501
45 1523
45 1581
45 1603
45 1616
45 2013
45 2066
45 2386
45 2480
45 2695
45 2763
45 2877
45 3107
45 3175
45 3199
45 3429
45 3433
45 3464
45 3515
45 3892
45 4089
45 4148
45 4529
45 4625
45 4644
45 4672
45 4685
45 4712
46 157
46 277
46 522
46 717
46 843
46 886
46 1191
46 1200
46 1257
46 1329
46 1486
46 1590
46 1701
46 1835
46 1931
46 2063
46 2802
46 3558
46 3601
46 3623
46 3633
46 3651
46 3698
46 3774
46 3812
46 3850
46 4023
46 4168
46 4259
46 4480
46 4542
46 4742
47 659
47 893
47 1252
47 1421
47 1497
47 1669
47 1725
47 1746
47 2347
47 2403
47 2763
47 2798
47 2803
47 2974
47 3082
47 3441
47 3457
47 3608
47 3761
47 3842
47 3906
47 4151
47 4487
47 4587
47 4670
47 4708
47 4800
47 4822
47 4843
47 4889
47 4935
48 390
48 493
48 553
48 575
48 751
48 807
48 1034
48 1139
48 1188
48 1233
48 1351
48 1744
48 1823
48 2214
48 2308
48 2476
48 2563
48 2746
48 2915
48 3075
48 3189
48 3651
48 3685
48 3802
48 3858
48 3906
48 4075
48 4241
48 4326
48 4338
48 4533
48 4740
48 4811
48 4827
48 4926
48 4945
49 111
49 120
49 288
49 485
49 512
49 545
49 747
49 781
49 819
49 869
49 949
49 1071
49 1122
49 1538
49 1597
49 1834
49 1968
49 2315
49 2411
49 2588
49 2703
49 3131
49 3250
49 3423
49 3448
49 3571
49 3736
49 3965
49 4119
49 4641
50 75
50 90
50 124
50 284
50 419
50 420
50 482
50 486
50 488
50 490
50 510
50 610
50 679
50 684
50 883
50 946
50 1257
50 1418
50 1423
50 1969
50 2471
50 2739
50 3216
50 3364
50 3655
50 4403
50 4556
50 4724
50 4795
50 4959
50 4961
51 308
51 444
51 476
51 632
51 672
51 816
51 948
51 1310
51 1326
51 1492
51 1655
51 1683
51 1733
51 1893
51 1975
51 2131
51 2158
51 2377
51 2396
51 2497
51 2640
51 2680
51 2695
51 3001
51 3317
51 3570
51 3576
51 3656
51 3685
51 3849
51 3914
51 3979
51 4087
51 4094
51 4144
51 4421
51 4512
51 4561
51 4605
51 4820
52 54
52 59
52 61
52 96
52 121
52 173
52 218
52 817
52 1357
52 1497
52 1767
52 2014
52 2163
52 2184
52 2315
52 2356
52 2904
52 3073
52 3097
52 3189
52 3201
52 3264
52 3544
52 3573
52 3637
52 3868
52 3918
52 4399
52 4807
52 4823
52 4885
52 4933
52 4994
53 170
53 322
53 359
53 538
53 578
53 677
53 974
53 1062
53 1275
53 1363
53 1781
53 1817
53 2023
53 2349
53 2431
53 2451
53 2473
53 2711
53 2857
53 3010
53 3119
53 3206
53 3433
53 3477
53 3532
53 3704
53 3741
53 3776
53 3803
53 3815
53 3933
53 4111
53 4582
53 4818
53 4897
54 240
54 321
54 415
54 501
54 633
54 832
54 845
54 910
54 1009
54 1051
54 1354
54 1362
54 1805
54 1881
54 1996
54 2056
54 2342
54 2393
54 2443
54 2492
54 2499
54 3042
54 3456
54 3574
54 3586
54 4033
54 4054
54 4282
54 4415
54 4700
54 4717
54 4776
55 109
55 247
55 292
55 316
55 864
55 903
55 1078
55 1118
55 1133
55 1422
55 1588
55 1728
55 1744
55 1788
55 2205
55 2226
55 2439
55 2488
55 2712
55 2817
55 3010
55 3012
55 3036
55 3116
55 3161
55 3169
55 3291
55 3336
55 3887
55 3986
55 4200
55 4239
55 4466
55 4599
55 4669
55 4960
56 208
56 351
56 526
56 602
56 604
56 681
56 837
56 1111
56 1295
56 1536
56 1670
56 1871
56 2206
56 2261
56 2312
56 2424
56 2653
56 2839
56 2935
56 3567
56 3626
56 3748
56 3817
56 3828
56 4116
56 4171
56 4191
56 4379
56 4522
56 4946
57 154
57 187
57 226
57 462
57 511
57 613
57 794
57 800
57 838
57 840
57 859
57 886
57 982
57 997
57 1049
57 1764
57 1879
57 2053
57 2087
57 2205
57 2471
57 2824
57 3097
57 3125
57 3198
57 3460
57 3565
57 3721
57 3809
57 3844
57 3860
57 3965
57 4039
57 4133
57 4394
57 4449
57 4898
57 4979
58 138
58 673
58 786
58 910
58 1117
58 1322
58 1627
58 1642
58 1866
58 1894
58 1951
58 2110
58 2356
58 2525
58 2695
58 2768
58 2872
58 3040
58 3075
58 3257
58 3365
58 3613
58 3803
58 4009
58 4055
58 4058
58 4316
58 4411
58 4437
58 4646
58 4738
58 4837
58 4955
59 107
59 413
59 573
59 644
59 765
59 898
59 1120
59 1370
59 1395
59 1635
59 1646
59 1656
59 1820
59 1973
59 2158
59 2530
59 2747
59 2774
59 2827
59 3156
59 3373
59 4109
59 4123
59 4241
59 4505
59 4742
60 289
60 361
60 518
60 707
60 783
60 842
60 1078
60 1371
60 1534
60 1570
60 1648
60 1777
60 2291
60 2305
60 2347
60 2378
60 2523
60 2864
60 2884
60 2964
60 2969
60 2987
60 3075
60 3124
60 3303
60 3433
60 3449
60 3802
60 3983
60 4318
60 4389
60 4631
60 4651
60 4696
61 102
61 415
61 572
61 656
61 1172
61 1592
61 1596
61 1660
61 1756
61 2223
61 2331
61 2333
61 2384
61 2488
61 2532
61 2732
61 2832
61 2845
61 3045
61 3191
61 3393
61 3670
61 3698
61 3718
61 3983
61 3989
61 4179
61 4262
61 4712
61 4998
62 240
62 307
62 837
62 1093
62 1114
62 1207
62 1352
62 1362
62 1368
62 1370
62 1411
62 1612
62 2423
62 2425
62 2478
62 2566
62 2768
62 2875
62 3018
62 3043
62 3280
62 3453
62 3620
62 3661
62 3842
62 3956
62 4143
62 4293
62 4550
62 4585
62 4707
62 4841
63 170
63 217
63 263
63 352
63 562
63 641
63 948
63 1098
63 1716
63 2322
63 2370
63 2491
63 2614
63 2626
63 2733
63 2903
63 3042
63 3296
63 3352
63 3438
63 3544
63 3819
63 3843
63 4045
63 4560
63 4865
64 290
64 935
64 1089
64 1132
64 1198
64 1708
64 1732
64 1835
64 2196
64 2292
64 2294
64 2457
64 3171
64 3268
64 3749
64 3898
64 4047
64 4072
64 4177
64 4312
64 4329
64 4340
64 4341
64 4376
64 4685
65 84
65 133
65 227
65 232
65 321
65 363
65 399
65 494
65 674
65 1049
65 1054
65 1951
65 2116
65 2687
65 2908
65 2974
65 3020
65 3082
65 3115
65 3362
65 3406
65 3480
65 3533
65 3546
65 3777
65 4063
65 4204
65 4388
65 4500
65 4607
65 4763
66 76
66 77
66 411
66 461
66 975
66 1008
66 1437
66 1639
66 1696
66 1774
66 1879
66 1953
66 2008
66 2012
66 2094
66 2187
66 2345
66 2938
66 3297
66 3315
66 3510
66 3720
66 4316
66 4332
66 4473
66 4587
66 4592
66 4766
66 4791
67 254
67 282
67 461
67 685
67 761
67 793
67 1015
67 1087
67 1100
67 1158
67 1681
67 1696
67 1768
67 1833
67 1855
67 1911
67 2018
67 2160
67 2324
67 2393
67 2609
67 2704
67 2851
67 3085
67 3260
67 4012
67 4680
67 4796
67 4895
68 110
68 634
68 808
68 979
68 1096
68 1283
68 1313
68 1437
68 1915
68 2203
68 2599
68 2638
68 2844
68 3128
68 3321
68 3331
68 3378
68 3815
68 3925
68 4216
68 4528
68 4641
68 4720
68 4749
68 4950
69 436
69 527
69 632
69 755
69 1086
69 1184
69 1241
69 1519
69 1722
69 1943
69 2835
69 3131
69 3184
69 3211
69 3851
69 4219
69 4382
69 4455
69 4584
69 4721
69 4756
69 4825
69 4845
69 4920
69 4922
69 4972
70 74
70 124
70 144
70 155
70 540
70 783
70 840
70 986
70 1160
70 1172
70 1263
70 1379
70 1514
70 1828
70 1959
70 2196
70 2441
70 2561
70 2582
70 2617
70 2633
70 2813
70 2817
70 2854
70 2871
70 3219
70 3702
70 3844
70 4291
70 4410
70 4424
70 4449
70 4765
70 4895
70 4929
70 4964
71 239
71 301
71 324
71 588
71 663
71 879
71 886
71 1038
71 1110
71 1168
71 1315
71 1344
71 1665
71 1772
71 1886
71 1891
71 1924
71 1982
71 2007
71 2413
71 2526
71 2603
71 2649
71 2658
71 2681
71 2842
71 3143
71 3332
71 3348
71 3413
71 3528
71 3549
71 3685
71 3803
71 4020
71 4143
71 4161
71 4394
71 4543
71 4615
71 4689
71 4989
72 236
72 306
72 337
72 432
72 458
72 490
72 688
72 884
72 1251
72 1302
72 1320
72 1412
72 1505
72 2087
72 2113
72 2118
72 2190
72 2204
72 2249
72 2403
72 2407
72 2427
72 2435
72 2632
72 2961
72 3472
72 3522
72 3568
72 3788
72 4361
72 4391
72 4580
72 4597
72 4640
73 993
73 1096
73 1114
73 1176
73 1367
73 1521
73 1558
73 1570
73 1734
73 1795
73 1966
73 2190
73 2274
73 2540
73 2895
73 2977
73 3302
73 3814
73 4089
73 4606
73 4610
73 4694
73 4799
73 4946
74 537
74 690
74 708
74 725
74 927
74 944
74 1156
74 1653
74 2139
74 2339
74 2548
74 2943
74 3281
74 3675
74 3900
74 4065
74 4615
74 4870
74 4930
75 266
75 527
75 802
75 1049
75 1061
75 1206
75 1241
75 1388
75 1781
75 1896
75 1981
75 2016
75 2044
75 2244
75 2323
75 2335
75 2643
75 2683
75 2760
75 2927
75 3261
75 3363
75 3779
75 3787
75 3904
75 4144
75 4185
75 4250
75 4911
76 197
76 768
76 943
76 1038
76 1262
76 1334
76 1403
76 1501
76 1757
76 1810
76 2010
76 2109
76 2429
76 2607
76 2660
76 2830
76 2896
76 2919
76 3084
76 3243
76 4020
76 4214
76 4222
76 4424
76 4715
76 4898
77 146
77 383
77 483
77 639
77 675
77 713
77 745
77 893
77 1032
77 1192
77 1486
77 1637
77 1998
77 2089
77 2277
77 2339
77 2387
77 2455
77 2887
77 2923
77 2943
77 2959
77 3004
77 3316
77 3433
77 3454
77 3520
77 3560
77 3598
77 3638
77 3704
77 3766
77 3847
77 4115
77 4194
77 4621
77 4652
77 4834
78 122
78 188
78 367
78 379
78 382
78 461
78 483
78 668
78 1066
78 1293
78 1345
78 1416
78 1643
78 1920
78 1943
78 2128
78 2429
78 2618
78 2654
78 2669
78 2739
78 2784
78 2810
78 2981
78 3084
78 3100
78 3124
78 3371
78 3431
78 3675
78 4020
78 4153
78 4727
78 4755
78 4904
78 4956
79 260
79 286
79 337
79 390
79 1795
79 1805
79 1903
79 2095
79 2254
79 2557
79 2628
79 2837
79 3173
79 3284
79 3437
79 3618
79 3747
79 3812
79 3934
79 3964
79 4117
79 4231
79 4255
79 4293
79 4656
79 4704
79 4760
79 4839
80 102
80 144
80 283
80 315
80 388
80 832
80 939
80 1194
80 1234
80 1372
80 1695
80 1796
80 1798
80 1885
80 2002
80 2121
80 2131
80 2312
80 2316
80 2429
80 2673
80 2802
80 2926
80 3112
80 3845
80 3938
80 3968
80 3999
80 4104
80 4600
80 4861
80 4928
80 4947
80 4981
81 263
81 591
81 633
81 1103
81 1174
81 1769
81 2265
81 2392
81 2401
81 2498
81 3246
81 3380
81 3594
81 4018
81 4090
81 4106
81 4464
81 4659
81 4817
81 4936
81 4953
82 121
82 480
82 607
82 1157
82 1167
82 1760
82 1766
82 1769
82 1788
82 1839
82 1844
82 1917
82 1962
82 1963
82 1979
82 2017
82 2037
82 2189
82 2215
82 2339
82 2543
82 2953
82 3008
82 3153
82 3166
82 3261
82 3273
82 3584
82 3772
82 4146
82 4904
82 4938
83 396
83 428
83 759
83 941
83 999
83 1180
83 1532
83 1643
83 1648
83 1784
83 2009
83 2026
83 2064
83 2106
83 2832
83 2909
83 2994
83 3028
83 3461
83 3959
83 4001
83 4487
83 4876
84 192
84 318
84 443
84 772
84 831
84 846
84 897
84 1063
84 1446
84 1531
84 1950
84 2712
84 2880
84 3010
84 3026
84 3312
84 3517
84 3773
84 4220
84 4338
84 4575
84 4621
84 4980
85 106
85 254
85 273
85 465
85 806
85 867
85 954
85 1033
85 1046
85 1081
85 1320
85 1418
85 1440
85 1478
85 1743
85 2060
85 2160
85 2202
85 2217
85 2465
85 2634
85 2643
85 2849
85 3016
85 3149
85 3243
85 3303
85 3377
85 3656
85 3672
85 3694
85 3782
85 3793
85 3802
85 4028
85 4095
85 4258
85 4300
85 4444
85 4481
85 4722
85 4780
86 311
86 367
86 430
86 652
86 699
86 851
86 942
86 959
86 1060
86 1086
86 1385
86 1565
86 1569
86 1840
86 1888
86 2176
86 2366
86 2540
86 2576
86 3050
86 3173
86 3285
86 3491
86 3674
86 3854
86 4212
86 4240
86 4927
86 4944
87 243
87 340
87 432
87 480
87 651
87 716
87 879
87 948
87 1064
87 1071
87 1112
87 1379
87 1574
87 1601
87 1771
87 1939
87 2225
87 2324
87 2633
87 2807
87 3185
87 3430
87 3654
87 4565
88 276
88 363
88 414
88 651
88 900
88 1067
88 1161
88 1755
88 2196
88 2210
88 2227
88 2432
88 2729
88 2920
88 3530
88 3718
88 3896
88 3926
88 3944
88 4077
88 4296
89 140
89 724
89 963
89 1138
89 1589
89 1618
89 2521
89 2574
89 2600
89 2823
89 3102
89 3338
89 3375
89 3536
89 3666
89 3772
89 3828
89 4526
89 4712
89 4723
89 4767
89 4936
89 4994
90 112
90 448
90 464
90 600
90 723
90 748
90 1010
90 1062
90 1084
90 1123
90 1172
90 1226
90 1775
90 1938
90 2153
90 2156
90 2378
90 2606
90 2849
90 2944
90 3068
90 3149
90 3376
90 3437
90 3678
90 4131
90 4228
90 4463
90 4545
90 4571
91 230
91 493
91 820
91 1012
91 1154
91 1824
91 1855
91 1887
91 1905
91 1948
91 2130
91 2135
91 2338
91 2466
91 2857
91 3005
91 3140
91 3218
91 3531
91 3697
91 3722
91 4051
91 4555
91 4592
92 375
92 525
92 580
92 628
92 784
92 903
92 950
92 1195
92 1577
92 1601
92 1953
92 2489
92 2549
92 2581
92 2664
92 2672
92 2963
92 3058
92 3185
92 3572
92 3666
92 3828
92 4713
92 4766
92 4886
92 4901
93 140
93 191
93 210
93 263
93 590
93 922
93 1004
93 1167
93 1206
93 1616
93 1812
93 1922
93 1943
93 2045
93 2148
93 2222
93 2228
93 2682
93 2950
93 2952
93 3210
93 3246
93 3398
93 3443
93 3543
93 3626
93 3801
93 4138
93 4169
93 4288
93 4809
93 4998
94 284
94 632
94 803
94 927
94 960
94 1059
94 1248
94 1409
94 1614
94 1778
94 1951
94 2025
94 2395
94 2928
94 2957
94 2985
94 3009
94 3055
94 3280
94 3442
94 3780
94 4235
94 4419
94 4547
94 4623
95 123
95 129
95 333
95 595
95 621
95 689
95 803
95 1319
95 1406
95 1476
95 1478
95 1592
95 1613
95 1659
95 2101
95 2113
95 2151
95 2947
95 3101
95 3108
95 3179
95 3237
95 3241
95 3285
95 3435
95 3541
95 3585
95 3807
95 3883
95 4347
95 4646
95 4672
95 4808
96 255
96 344
96 730
96 814
96 1064
96 1133
96 1146
96 1194
96 1557
96 2015
96 2070
96 2249
96 2856
96 2901
96 3283
96 3321
96 3340
96 3523
96 3577
96 3672
96 3899
96 4075
96 4108
96 4132
96 4207
96 4217
96 4282
96 4291
96 4294
96 4526
96 4788
97 100
97 126
97 225
97 700
97 781
97 919
97 957
97 991
97 1051
97 1060
97 1354
97 1981
97 2096
97 2448
97 2480
97 2855
97 3393
97 3550
97 3796
97 4030
97 4182
97 4459
97 4837
98 101
98 385
98 453
98 712
98 764
98 1261
98 1301
98 1305
98 1400
98 1410
98 1596
98 1767
98 1941
98 2270
98 2505
98 2759
98 2918
98 3079
98 3094
98 3165
98 3231
98 3566
98 3846
98 3890
98 3916
98 3919
98 4112
98 4252
98 4377
98 4426
98 4715
98 4760
98 4837
98 4861
98 4897
99 245
99 318
99 342
99 454
99 590
99 654
99 711
99 719
99 910
99 1032
99 1413
99 1583
99 1830
99 1865
99 2064
99 2211
99 2582
99 2828
99 2893
99 3097
99 3549
99 3654
99 4259
99 4585
99 4692
99 4710
100 215
100 263
100 586
100 636
100 877
100 950
100 1097
100 1176
100 1239
100 1426
100 1428
100 1576
100 1671
100 1675
100 1698
100 1766
100 2353
100 2363
100 2533
100 2699
100 2866
100 3053
100 3127
100 3176
100 3289
100 3716
100 4032
100 4210
100 4393
100 4487
100 4692
100 4717
101 114
101 168
101 339
101 670
101 672
101 699
101 723
101 734
101 889
101 1033
101 1078
101 1241
101 1568
101 1905
101 2252
101 2264
101 2463
101 2922
101 2994
101 3160
101 3365
101 3393
101 3404
101 3690
101 3909
101 4026
101 4174
101 4288
101 4390
101 4545
101 4599
101 4899
101 4904
102 132
102 723
102 856
102 948
102 1906
102 2253
102 2768
102 3126
102 3145
102 3398
102 3426
102 3671
102 3777
102 3785
102 3803
102 3996
102 4176
102 4379
102 4461
102 4468
102 4926
103 143
103 357
103 363
103 386
103 512
103 1200
103 1387
103 1418
103 1722
103 1814
103 2123
103 2139
103 2344
103 2546
103 2926
103 2928
103 3211
103 3253
103 3373
103 3708
103 3721
103 4281
103 4335
103 4384
103 4554
103 4576
103 4959
104 369
104 830
104 929
104 930
104 1518
104 1595
104 1667
104 1676
104 1894
104 1905
104 2177
104 2214
104 2314
104 2884
104 2970
104 3038
104 3290
104 3414
104 3463
104 3557
104 3739
104 3858
104 3903
104 3906
104 4152
104 4320
104 4364
104 4576
104 4712
105 134
105 259
105 829
105 1041
105 1352
105 1557
105 1959
105 2154
105 2646
105 2849
105 2921
105 2940
105 3153
105 3231
105 3371
105 3577
105 3585
105 3645
105 4128
105 4359
105 4586
105 4594
105 4792
105 4871
105 4928
105 4932
105 4967
106 264
106 344
106 366
106 485
106 856
106 951
106 1473
106 1526
106 1828
106 2325
106 2414
106 2683
106 2737
106 2904
106 2990
106 2991
106 3144
106 3234
106 3238
106 3279
106 3504
106 3719
106 3814
106 3871
106 4079
106 4460
106 4477
106 4589
106 4627
106 4696
106 4707
106 4921
106 4984
107 293
107 333
107 533
107 736
107 1110
107 1226
107 1715
107 1947
107 1985
107 2063
107 2112
107 2275
107 2316
107 2386
107 2412
107 2479
107 2557
107 2750
107 2805
107 2975
107 2978
107 3025
107 3075
107 3212
107 3450
107 3468
107 3729
107 3831
107 3913
107 4128
107 4215
107 4281
107 4392
107 4425
107 4459
107 4602
107 4633
107 4727
107 4928
108 239
108 378
108 447
108 610
108 653
108 697
108 1071
108 1234
108 1251
108 1528
108 1531
108 1543
108 1651
108 1721
108 1745
108 1784
108 2026
108 2376
108 2482
108 2622
108 2756
108 2914
108 2961
108 2997
108 3361
108 3555
108 3620
108 3855
108 3866
108 3999
108 4033
108 4128
108 4250
108 4504
108 4690
108 4806
108 4830
108 4923
109 170
109 380
109 629
109 954
109 1660
109 1858
109 2216
109 2558
109 2561
109 2671
109 2688
109 2759
109 3096
109 3248
109 3276
109 3794
109 3803
109 3842
109 3844
109 3979
109 4052
109 4162
109 4184
109 4241
109 4400
110 245
110 317
110 476
110 846
110 917
110 1023
110 1057
110 1060
110 1068
110 1162
110 1311
110 1712
110 1731
110 2175
110 2362
110 2903
110 2930
110 3170
110 3576
110 3604
110 3653
110 3659
110 3662
110 3692
110 3978
110 4002
110 4125
110 4240
110 4332
110 4344
110 4461
111 262
111 333
111 342
111 373
111 431
111 440
111 779
111 1193
111 1617
111 2083
111 2104
111 2517
111 2770
111 2932
111 2948
111 3096
111 3168
111 3215
111 3778
111 3863
111 3881
111 3977
111 4177
111 4362
111 4683
111 4813
112 127
112 501
112 552
112 626
112 690
112 903
112 957
112 1007
112 1020
112 1132
112 1247
112 1443
112 1546
112 1662
112 1666
112 2053
112 2096
112 2132
112 2543
112 2622
112 2692
112 2701
112 2924
112 2958
112 3229
112 3381
112 3803
112 3824
112 3951
112 4192
112 4286
112 4752
112 4841
113 335
113 801
113 991
113 1114
113 1294
113 1335
113 1375
113 1435
113 1695
113 2133
113 2175
113 2284
113 2308
113 2383
113 2675
113 2731
113 2737
113 2862
113 2866
113 3513
113 3633
113 3656
113 3889
113 4057
113 4376
113 4779
113 4815
113 4935
114 821
114 878
114 1779
114 2192
114 2268
114 2378
114 2566
114 3259
114 3268
114 3507
114 3589
114 3744
114 3748
114 3878
114 3920
114 3977
114 4498
114 4659
114 4859
115 173
115 379
115 496
115 545
115 546
115 583
115 775
115 1079
115 1403
115 1692
115 2106
115 2506
115 2888
115 3066
115 3073
115 3180
115 3274
115 3419
115 3428
115 3596
115 3771
115 3850
115 3957
115 4182
115 4463
115 4512
115 4535
115 4831
116 224
116 312
116 533
116 903
116 1181
116 1449
116 1558
116 1600
116 1712
116 2153
116 2226
116 2343
116 2542
116 2717
116 2888
116 3003
116 3069
116 3203
116 3310
116 3495
116 3721
116 4145
116 4315
116 4347
116 4546
116 4578
116 4682
116 4791
116 4829
116 4842
116 4854
116 4979
117 558
117 611
117 1582
117 1655
117 1945
117 2013
117 2221
117 2556
117 2675
117 2696
117 3082
117 3193
117 3278
117 4337
117 4399
117 4479
117 4711
117 4740
117 4770
117 4883
117 4910
118 432
118 438
118 726
118 1095
118 1125
118 1224
118 1281
118 1532
118 1633
118 1642
118 1757
118 1902
118 1920
118 2016
118 2045
118 2189
118 2216
118 2275
118 2322
118 2398
118 2563
118 3365
118 3598
118 3894
118 4064
118 4438
118 4498
118 4512
118 4587
118 4610
118 4728
119 200
119 414
119 664
119 757
119 827
119 948
119 1059
119 1135
119 1173
119 1356
119 1439
119 1465
119 1509
119 1537
119 1718
119 1801
119 1839
119 1865
119 2336
119 2397
119 2590
119 2698
119 2933
119 3088
119 3158
119 3965
119 4019
119 4135
119 4339
119 4350
119 4394
119 4565
119 4796
119 4828
119 4914
119 4964
120 145
120 337
120 415
120 429
120 609
120 728
120 1233
120 1276
120 1286
120 1414
120 1489
120 1644
120 2008
120 2039
120 2078
120 2390
120 2441
120 2628
120 2698
120 3156
120 3159
120 3200
120 3225
120 3255
120 3869
120 3967
120 4086
120 4442
120 4596
120 4623
121 220
121 257
121 287
121 440
121 550
121 551
121 844
121 1078
121 1083
121 1179
121 2005
121 2303
121 2350
121 2468
121 2512
121 2543
121 2657
121 2829
121 2862
121 3108
121 3347
121 3755
121 4183
121 4315
121 4688
121 4940
122 173
122 548
122 904
122 1219
122 1454
122 1552
122 1583
122 1597
122 1922
122 2030
122 2075
122 2249
122 2300
122 2527
122 2623
122 2732
122 2755
122 2931
122 3074
122 3193
122 3607
122 3618
122 3804
122 3922
122 3954
122 3956
122 3999
122 4158
122 4165
122 4310
122 4490
122 4906
123 632
123 634
123 687
123 859
123 889
123 1035
123 1246
123 1458
123 1598
123 1599
123 1917
123 2373
123 2596
123 2780
123 2806
123 2837
123 3177
123 3188
123 3531
123 3661
123 3779
123 3865
123 3981
123 3998
123 4032
123 4056
123 4090
123 4450
123 4465
123 4766
123 4993
123 4994
124 209
124 593
124 646
124 820
124 901
124 1389
124 1586
124 2244
124 2272
124 2351
124 3238
124 3648
124 3956
124 4106
124 4236
124 4557
124 4671
125 796
125 947
125 1040
125 1042
125 1143
125 1183
125 1237
125 1475
125 1532
125 1770
125 1801
125 1809
125 1975
125 2028
125 2131
125 2182
125 2288
125 2419
125 2540
125 2563
125 2825
125 2897
125 2928
125 2945
125 3054
125 3653
125 4124
125 4183
125 4283
125 4714
125 4738
125 4769
125 4865
125 4874
126 145
126 369
126 539
126 781
126 1025
126 1249
126 1307
126 1383
126 1493
126 1499
126 1506
126 1799
126 2284
126 2666
126 2748
126 3327
126 3537
126 3580
126 3870
126 3978
126 4039
126 4507
126 4643
126 4682
126 4834
126 4877
126 4974
127 573
127 712
127 820
127 962
127 1022
127 1104
127 1387
127 1511
127 1722
127 1879
127 2013
127 2133
127 2190
127 2233
127 2374
127 2484
127 2522
127 2631
127 2677
127 2978
127 2981
127 3267
127 3484
127 3521
127 3660
127 3708
127 3917
127 3992
127 4085
127 4105
127 4193
127 4230
127 4872
127 4990
128 390
128 441
128 731
128 800
128 983
128 1128
128 1254
128 1660
128 1758
128 1837
128 1961
128 2056
128 2879
128 2933
128 2939
128 2968
128 3181
128 3232
128 3405
128 3471
128 3486
128 3655
128 4171
128 4379
128 4422
128 4764
128 4830
128 4873
129 829
129 984
129 1052
129 1120
129 1189
129 1371
129 1776
129 1779
129 1848
129 2050
129 2147
129 2508
129 2511
129 2731
129 2901
129 2918
129 2946
129 3272
129 3379
129 3616
129 3871
129 4009
129 4123
129 4483
129 4661
129 4789
129 4850
129 4919
130 287
130 299
130 460
130 656
130 718
130 824
130 1468
130 1882
130 2035
130 2174
130 2200
130 2390
130 2426
130 2698
130 2744
130 2801
130 2842
130 2966
130 3180
130 3188
130 3474
130 3750
130 4092
130 4270
130 4497
130 4642
130 4799
130 4813
130 4823
130 4828
131 370
131 390
131 677
131 775
131 780
131 922
131 1165
131 1268
131 1306
131 1326
131 1474
131 1551
131 1559
131 1836
131 2085
131 2169
131 2196
131 2322
131 2326
131 2478
131 2658
131 2758
131 2811
131 2822
131 3281
131 3288
131 3296
131 3511
131 3726
131 3798
131 4388
131 4581
131 4644
131 4695
132 247
132 445
132 485
132 524
132 554
132 569
132 885
132 1490
132 1543
132 1666
132 1836
132 2191
132 2200
132 2202
132 2634
132 2750
132 2965
132 3108
132 3293
132 3523
132 3720
132 3833
132 4395
132 4579
132 4668
132 4984
133 172
133 481
133 625
133 696
133 717
133 728
133 1418
133 1520
133 1608
133 1930
133 2041
133 2088
133 2181
133 2262
133 2314
133 2385
133 2878
133 3064
133 3146
133 3162
133 3255
133 4143
133 4158
133 4276
133 4365
133 4476
133 4477
133 4530
133 4672
133 4763
133 4861
133 4970
134 287
134 586
134 588
134 662
134 799
134 845
134 1437
134 1761
134 1772
134 2065
134 2184
134 2273
134 2490
134 3226
134 3246
134 3613
134 3818
134 4002
134 4151
134 4333
134 4463
134 4790
134 4972
135 369
135 424
135 611
135 697
135 966
135 999
135 1359
135 1369
135 1529
135 1761
135 1979
135 1992
135 2021
135 2055
135 2166
135 2313
135 2554
135 2563
135 2690
135 2754
135 2807
135 2856
135 2895
135 3257
135 3417
135 3623
135 3671
135 3674
135 3843
135 4268
135 4334
135 4435
135 4816
135 4822
135 4947
135 4992
136 144
136 150
136 455
136 660
136 748
136 821
136 968
136 1060
136 1433
136 1614
136 1886
136 2297
136 2354
136 2538
136 2584
136 2921
136 3098
136 3250
136 3263
136 3895
136 3917
136 3995
136 4417
136 4645
136 4656
136 4826
136 4984
137 457
137 495
137 914
137 1312
137 1593
137 1766
137 1787
137 1791
137 2015
137 2113
137 2385
137 2435
137 2792
137 2941
137 2994
137 3283
137 3484
137 3496
137 3550
137 3664
137 3772
137 4142
137 4369
137 4526
137 4936
138 316
138 628
138 633
138 887
138 1115
138 1385
138 1409
138 1415
138 1549
138 1644
138 1707
138 1708
138 1829
138 1842
138 1902
138 1955
138 2039
138 2511
138 2750
138 2798
138 2905
138 2916
138 2935
138 2942
138 3015
138 3281
138 3338
138 3484
138 3519
138 3935
138 4200
138 4356
138 4678
138 4922
138 4947
139 141
139 579
139 787
139 853
139 1111
139 1181
139 1260
139 1637
139 2148
139 2157
139 2254
139 3278
139 3438
139 3488
139 3494
139 4140
139 4157
139 4381
139 4533
139 4781
139 4950
140 204
140 764
140 1115
140 1147
140 1303
140 1356
140 1461
140 1467
140 1568
140 1911
140 1971
140 2326
140 2672
140 2696
140 2769
140 2820
140 2836
140 2887
140 3149
140 3387
140 3804
140 4039
140 4055
140 4101
140 4338
140 4497
140 4636
140 4690
140 4727
140 4853
141 211
141 567
141 597
141 639
141 709
141 787
141 836
141 860
141 864
141 1048
141 1157
141 1170
141 1270
141 1301
141 1425
141 1730
141 2188
141 2282
141 2346
141 2399
141 2579
141 2929
141 2931
141 3382
141 3470
141 3616
141 3658
141 3737
141 3879
141 3882
141 3975
141 4125
141 4193
141 4772
141 4818
141 4937
142 183
142 529
142 749
142 832
142 1048
142 1190
142 1229
142 1354
142 1400
142 1448
142 1535
142 1548
142 1783
142 2263
142 2464
142 2514
142 2705
142 2782
142 3092
142 3407
142 3414
142 3475
142 3607
142 3618
142 3622
142 3719
142 3796
142 3829
142 4067
142 4100
142 4450
142 4494
142 4734
143 491
143 498
143 975
143 1180
143 1192
143 1284
143 2172
143 2263
143 2502
143 2729
143 2739
143 2760
143 2807
143 3194
143 3239
143 3298
143 3360
143 3516
143 3589
143 4117
143 4141
143 4321
143 4496
143 4506
143 4531
143 4686
143 4746
143 4748
143 4836
143 4935
144 455
144 563
144 615
144 962
144 964
144 996
144 1325
144 1337
144 1576
144 1681
144 2174
144 2350
144 2433
144 2555
144 2763
144 2840
144 2841
144 3030
144 3101
144 3258
144 3636
144 3696
144 4060
144 4397
144 4439
144 4721
144 4729
144 4971
144 4998
145 298
145 579
145 638
145 942
145 947
145 1599
145 1963
145 2004
145 2315
145 2532
145 2610
145 2662
145 2780
145 3132
145 3467
145 3515
145 3720
145 4713
146 225
146 249
146 316
146 488
146 549
146 626
146 691
146 842
146 1204
146 1280
146 1469
146 2283
146 2395
146 2494
146 2505
146 2637
146 2916
146 3016
146 3067
146 3215
146 3505
146 3515
146 3615
146 4065
146 4165
146 4261
146 4453
146 4576
146 4836
146 4953
146 4960
147 540
147 888
147 1040
147 1146
147 1400
147 1462
147 1554
147 1557
147 2109
147 2188
147 2497
147 2543
147 2614
147 3059
147 3073
147 3276
147 4104
147 4407
147 4410
147 4510
147 4892
147 4916
148 373
148 453
148 874
148 898
148 963
148 1030
148 1071
148 1104
148 1216
148 1329
148 1489
148 1726
148 1822
148 2132
148 2156
148 2259
148 2349
148 2367
148 2572
148 2674
148 2909
148 3430
148 3503
148 3579
148 3619
148 3660
148 3677
148 3825
148 3840
148 3880
148 4192
148 4345
148 4382
148 4514
148 4626
148 4736
149 350
149 376
149 558
149 619
149 742
149 779
149 974
149 1011
149 1066
149 1094
149 1378
149 1444
149 1694
149 1714
149 1779
149 1854
149 1933
149 1954
149 2130
149 2155
149 2304
149 2424
149 2926
149 3230
149 3235
149 3430
149 3509
149 4229
149 4251
149 4479
149 4707
149 4960
150 363
150 463
150 510
150 699
150 1033
150 1190
150 1605
150 2388
150 2390
150 2397
150 2766
150 2822
150 2863
150 2923
150 2940
150 2958
150 3030
150 3223
150 3577
150 3655
150 4195
150 4253
150 4485
150 4614
150 4797
151 375
151 415
151 495
151 1023
151 1057
151 1239
151 1285
151 1394
151 1482
151 1487
151 1644
151 1888
151 1925
151 1971
151 2798
151 2809
151 3077
151 3205
151 3351
151 3400
151 3452
151 3494
151 3831
151 3836
151 3906
151 4224
151 4444
151 4451
151 4560
151 4568
151 4717
151 4850
151 4982
152 244
152 400
152 480
152 588
152 650
152 795
152 813
152 984
152 1031
152 1139
152 1261
152 1286
152 1354
152 1698
152 1715
152 2044
152 2141
152 2149
152 2272
152 2288
152 2328
152 2464
152 3146
152 3169
152 3460
152 3706
152 4262
152 4284
152 4730
152 4752
152 4883
152 4949
152 4962
152 4968
153 267
153 564
153 728
153 1009
153 1205
153 1237
153 1243
153 1301
153 1503
153 1517
153 1595
153 1789
153 1848
153 1903
153 2055
153 2210
153 2308
153 2540
153 2564
153 3177
153 3508
153 3714
153 4550
153 4873
153 4885
153 4894
154 172
154 274
154 275
154 417
154 1144
154 1315
154 1383
154 1528
154 1541
154 1616
154 2079
154 2305
154 2330
154 2404
154 2757
154 2947
154 3002
154 3048
154 3408
154 3580
154 3610
154 3628
154 3718
154 3769
154 4042
154 4153
154 4162
154 4423
154 4702
155 222
155 438
155 1058
155 1229
155 1350
155 1601
155 1674
155 1675
155 1744
155 2491
155 2782
155 2916
155 3043
155 3111
155 3150
155 3299
155 3576
155 3687
155 3936
155 4120
155 4336
155 4338
155 4405
155 4414
155 4730
156 170
156 488
156 512
156 648
156 764
156 1949
156 2122
156 2125
156 2280
156 2342
156 2368
156 2416
156 2449
156 2461
156 2507
156 2559
156 2575
156 2698
156 2755
156 2833
156 3388
156 3849
156 4077
156 4159
156 4170
156 4380
156 4508
156 4574
156 4868
157 481
157 519
157 521
157 673
157 681
157 1147
157 1339
157 1346
157 1359
157 1621
157 1903
157 2127
157 2193
157 2272
157 2307
157 2598
157 2749
157 3077
157 3381
157 3608
157 3673
157 3774
157 3882
157 3888
157 4046
157 4248
157 4271
157 4426
157 4429
157 4437
157 4866
157 4867
157 4945
158 195
158 374
158 636
158 775
158 1218
158 1227
158 1288
158 1354
158 1572
158 1681
158 1734
158 2076
158 2338
158 2661
158 2951
158 2989
158 2997
158 3038
158 3043
158 3130
158 3172
158 3173
158 3221
158 3626
158 3787
158 3829
158 3956
158 4318
158 4581
158 4585
158 4609
158 4620
158 4699
159 400
159 473
159 496
159 1168
159 1223
159 2012
159 2269
159 2296
159 2334
159 2525
159 2564
159 2718
159 3135
159 3217
159 3265
159 3383
159 3562
159 4055
159 4372
159 4738
160 782
160 839
160 935
160 1176
160 1274
160 1675
160 1827
160 2805
160 2983
160 3094
160 3191
160 3217
160 3613
160 3654
160 4191
160 4292
160 4303
160 4309
160 4772
160 4847
161 293
161 862
161 896
161 992
161 1011
161 1216
161 1250
161 1360
161 1455
161 1777
161 1967
161 2101
161 2125
161 2177
161 2321
161 2389
161 2623
161 2887
161 3310
161 3318
161 3331
161 3441
161 4134
161 4190
161 4361
161 4484
161 4743
161 4821
161 4859
162 704
162 1121
162 1145
162 1364
162 1519
162 1563
162 1781
162 1937
162 1975
162 2034
162 2222
162 2336
162 2379
162 2487
162 2509
162 2648
162 2801
162 3314
162 3539
162 3653
162 3933
162 3986
162 4175
162 4223
162 4371
162 4438
162 4496
162 4820
163 181
163 353
163 618
163 847
163 867
163 1150
163 1277
163 1804
163 2483
163 2731
163 2792
163 2860
163 2948
163 3465
163 3525
163 3573
163 4052
163 4242
163 4765
163 4955
164 645
164 741
164 866
164 996
164 1220
164 1483
164 1531
164 1727
164 1782
164 1853
164 2041
164 2170
164 2209
164 2280
164 2757
164 2888
164 3096
164 3515
164 3570
164 3571
164 3614
164 3719
164 4033
164 4067
164 4145
164 4232
164 4442
164 4810
164 4999
165 546
165 555
165 588
165 594
165 938
165 976
165 1398
165 1423
165 1501
165 2187
165 2428
165 2932
165 3098
165 3211
165 3417
165 3556
165 3587
165 3788
165 3900
165 3975
165 4060
165 4773
165 4994
166 191
166 398
166 611
166 698
166 807
166 830
166 896
166 1375
166 1526
166 1541
166 1649
166 1654
166 1722
166 2190
166 2432
166 2555
166 2770
166 2908
166 3177
166 3353
166 3611
166 3728
166 3822
166 3954
166 4000
166 4154
166 4172
166 4227
166 4294
166 4523
166 4625
166 4700
167 301
167 453
167 520
167 838
167 1084
167 1262
167 1265
167 1300
167 1320
167 1549
167 1650
167 1668
167 1756
167 1797
167 1842
167 1977
167 2214
167 2366
167 2472
167 2706
167 2854
167 2885
167 3277
167 3311
167 3319
167 3605
167 3686
167 3863
167 3878
167 3903
167 3938
167 4407
167 4525
167 4726
167 4866
167 4890
167 4935
168 259
168 264
168 1058
168 1366
168 1749
168 1953
168 2216
168 2542
168 2609
168 2769
168 3177
168 3225
168 3562
168 3754
168 4189
168 4190
168 4216
168 4245
168 4314
168 4383
168 4480
168 4630
168 4719
168 4732
168 4845
169 391
169 506
169 729
169 801
169 826
169 914
169 1046
169 1174
169 1184
169 1270
169 1330
169 1399
169 1449
169 1705
169 2163
169 2257
169 2382
169 2426
169 2480
169 2635
169 2693
169 2810
169 3059
169 3125
169 3197
169 3373
169 3471
169 3570
169 3739
169 3861
169 3904
169 4173
169 4490
169 4645
169 4671
169 4705
169 4729
170 187
170 478
170 607
170 635
170 975
170 1045
170 1078
170 1136
170 1288
170 1335
170 1358
170 1564
170 1650
170 1660
170 2004
170 2278
170 2529
170 2540
170 2630
170 2722
170 2755
170 3255
170 3259
170 3429
170 3449
170 3679
170 3725
170 3781
170 3871
170 3925
170 4214
170 4230
170 4236
170 4259
170 4417
170 4708
170 4997
171 202
171 505
171 594
171 645
171 665
171 915
171 937
171 939
171 1149
171 1158
171 1342
171 1439
171 1767
171 2079
171 2249
171 2256
171 2501
171 2514
171 2642
171 2685
171 2707
171 2710
171 3333
171 3343
171 3375
171 3699
171 3718
171 3818
171 3868
171 4038
171 4072
171 4218
171 4235
171 4322
171 4543
171 4712
171 4982
172 690
172 1327
172 1578
172 1737
172 1790
172 1824
172 2022
172 2060
172 2258
172 2406
172 2492
172 2618
172 2771
172 2816
172 3159
172 3161
172 3420
172 3526
172 3779
172 3791
172 3831
172 3915
172 3943
172 4153
172 4165
172 4288
172 4417
172 4678
172 4973
173 358
173 506
173 744
173 861
173 952
173 1014
173 1160
173 1175
173 1306
173 1361
173 1411
173 1550
173 1868
173 1919
173 1936
173 2147
173 2162
173 2600
173 2645
173 2728
173 3022
173 3225
173 3748
173 4386
173 4481
173 4554
173 4855
174 306
174 530
174 953
174 960
174 1000
174 1138
174 1580
174 1881
174 1944
174 2366
174 2397
174 2415
174 2585
174 2767
174 3130
174 3317
174 3348
174 3489
174 3500
174 3546
174 3763
174 3765
174 3905
174 3956
174 3994
174 4034
174 4069
174 4255
174 4276
174 4283
174 4389
174 4727
174 4860
175 335
175 376
175 431
175 777
175 1053
175 1115
175 1310
175 1358
175 1450
175 1701
175 1890
175 2685
175 3056
175 3196
175 3225
175 3275
175 3555
175 3612
175 3629
175 3982
175 4186
175 4295
175 4318
175 4487
175 4588
175 4724
175 4741
175 4773
176 201
176 294
176 510
176 522
176 774
176 839
176 966
176 1035
176 1256
176 1724
176 1770
176 1785
176 1893
176 1920
176 1993
176 2023
176 2039
176 2049
176 2442
176 2568
176 2932
176 3006
176 3016
176 3084
176 3116
176 3511
176 3646
176 3675
176 4008
176 4214
176 4312
176 4502
176 4663
176 4796
176 4884
177 291
177 548
177 673
177 797
177 1214
177 1499
177 2111
177 2407
177 2591
177 2854
177 2980
177 3082
177 3440
177 3553
177 3677
177 3965
177 4272
177 4332
177 4458
177 4499
177 4607
177 4788
178 189
178 207
178 658
178 899
178 909
178 1088
178 1209
178 1211
178 1358
178 1585
178 1696
178 1781
178 1812
178 2095
178 2465
178 2483
178 2583
178 2880
178 2901
178 3051
178 3208
178 3544
178 3572
178 3600
178 3726
178 3757
178 3820
178 4086
178 4096
178 4300
178 4354
178 4486
178 4494
178 4529
178 4588
178 4720
178 4784
178 4927
178 4949
179 256
179 316
179 358
179 423
179 691
179 707
179 977
179 1013
179 1316
179 1425
179 1598
179 1699
179 1709
179 1873
179 1985
179 2706
179 2752
179 2784
179 2920
179 2967
179 3508
179 3571
179 3852
179 4026
179 4280
179 4653
179 4675
179 4891
180 321
180 484
180 675
180 962
180 1777
180 1899
180 3079
180 3220
180 3477
180 3570
180 3912
180 4201
180 4202
180 4388
180 4546
180 4561
180 4760
180 4774
180 4874
181 230
181 628
181 671
181 751
181 829
181 1113
181 1420
181 1508
181 1516
181 1697
181 1917
181 2138
181 2143
181 2195
181 2274
181 2605
181 2809
181 2818
181 2819
181 2961
181 3420
181 3505
181 3640
181 3713
181 3723
181 3726
181 3750
181 3970
181 4004
181 4184
181 4272
181 4462
181 4699
181 4721
181 4940
182 231
182 317
182 388
182 467
182 479
182 682
182 751
182 923
182 971
182 1249
182 1587
182 2275
182 2422
182 2901
182 2945
182 3034
182 3057
182 3166
182 3553
182 4141
182 4204
182 4302
182 4339
182 4417
182 4425
182 4858
182 4879
183 188
183 430
183 776
183 1269
183 1557
183 1631
183 1683
183 1901
183 1937
183 2035
183 2062
183 2103
183 2170
183 2197
183 2219
183 2323
183 2426
183 2448
183 2500
183 2731
183 2993
183 3433
183 3458
183 3662
183 4002
183 4549
183 4666
183 4732
183 4767
183 4815
183 4828
183 4912
184 219
184 293
184 611
184 764
184 1162
184 1410
184 1811
184 1987
184 2112
184 2188
184 2345
184 2447
184 2626
184 2969
184 3046
184 3288
184 3394
184 3902
184 3946
184 4266
184 4635
184 4741
185 274
185 393
185 441
185 708
185 796
185 1115
185 1139
185 1165
185 1227
185 2030
185 2047
185 2089
185 2135
185 2173
185 2188
185 2352
185 3008
185 3493
185 3565
185 3660
185 3868
185 3901
185 3915
185 4033
185 4115
185 4254
185 4700
185 4766
185 4980
186 278
186 460
186 493
186 636
186 753
186 778
186 992
186 1039
186 1102
186 1223
186 1289
186 1465
186 1474
186 1727
186 1746
186 1831
186 2334
186 2347
186 2584
186 2873
186 2885
186 3182
186 3308
186 3632
186 3687
186 3692
186 3902
186 4229
186 4278
186 4395
187 369
187 395
187 756
187 972
187 1191
187 1263
187 1611
187 1784
187 1926
187 1937
187 1973
187 2429
187 2685
187 2721
187 3132
187 3179
187 3212
187 3282
187 3388
187 3488
187 3498
187 3570
187 3757
187 3794
187 3825
187 3868
187 4085
187 4095
187 4257
187 4755
187 4773
188 210
188 424
188 747
188 851
188 871
188 1287
188 1303
188 1475
188 1487
188 1541
188 2127
188 2219
188 2444
188 2791
188 2888
188 2978
188 2983
188 2985
188 3166
188 3257
188 3273
188 3449
188 3474
188 3535
188 3591
188 3665
188 3995
188 4049
188 4152
188 4196
188 4435
188 4445
188 4470
188 4653
188 4806
188 4883
189 516
189 917
189 1056
189 1070
189 1332
189 1357
189 1369
189 1431
189 1450
189 1535
189 1556
189 1714
189 2068
189 2179
189 2203
189 2828
189 3795
189 3893
189 4018
189 4067
189 4078
189 4111
189 4370
189 4842
190 492
190 550
190 704
190 826
190 1262
190 1270
190 1474
190 1543
190 1557
190 1606
190 1684
190 1773
190 1867
190 2182
190 2262
190 2282
190 2744
190 2796
190 2971
190 3063
190 3096
190 3209
190 3237
190 3770
190 4005
190 4149
190 4172
190 4298
190 4411
190 4934
190 4969
191 338
191 393
191 555
191 684
191 1022
191 1390
191 1466
191 1547
191 1665
191 1685
191 2180
191 2242
191 2587
191 3280
191 3390
191 3399
191 3455
191 4114
191 4661
191 4814
191 4913
192 240
192 533
192 670
192 902
192 940
192 1171
192 1460
192 1493
192 1581
192 1675
192 1814
192 1842
192 1937
192 1939
192 1960
192 1969
192 2067
192 2270
192 2456
192 2503
192 2587
192 2596
192 2900
192 3070
192 3124
192 3391
192 3613
192 3861
192 4015
192 4025
192 4193
192 4280
192 4412
192 4698
192 4884
193 480
193 590
193 1177
193 1185
193 1238
193 1645
193 1966
193 2099
193 2281
193 2590
193 2645
193 2652
193 2786
193 2885
193 3179
193 3325
193 3352
193 3445
193 3510
193 3604
193 3643
193 3912
193 3951
193 4061
193 4244
193 4478
193 4620
193 4712
194 510
194 752
194 897
194 960
194 986
194 991
194 1171
194 1308
194 2072
194 2085
194 2374
194 2388
194 2516
194 2539
194 2909
194 3115
194 3328
194 3367
194 3548
194 3752
194 3778
194 3908
194 4111
194 4279
194 4354
194 4449
194 4537
194 4757
194 4809
194 4903
194 4959
195 624
195 764
195 1029
195 1220
195 1994
195 2032
195 2138
195 2160
195 2507
195 2564
195 2763
195 2807
195 3342
195 3502
195 3638
195 3643
195 4339
195 4474
195 4925
196 238
196 539
196 575
196 748
196 901
196 988
196 1020
196 1155
196 1156
196 1422
196 1684
196 1717
196 2294
196 3001
196 3212
196 3380
196 3383
196 3855
196 3917
196 3958
196 4059
196 4308
196 4405
197 497
197 671
197 686
197 771
197 792
197 960
197 2047
197 2224
197 2229
197 2396
197 2632
197 2665
197 2686
197 2881
197 2976
197 3213
197 3214
197 3216
197 3455
197 3894
197 4235
197 4252
197 4624
197 4950
197 4987
198 237
198 359
198 368
198 509
198 856
198 900
198 1059
198 1317
198 1325
198 1405
198 1490
198 1970
198 2070
198 2493
198 2695
198 2710
198 2759
198 3072
198 3199
198 3200
198 3327
198 3368
198 3486
198 3884
198 4006
198 4198
198 4652
198 4660
199 210
199 215
199 411
199 573
199 976
199 1500
199 1960
199 2094
199 2148
199 2509
199 3189
199 3733
199 3753
199 3868
199 4114
199 4196
199 4531
199 4681
199 4767
199 4843
199 4863
200 239
200 525
200 556
200 570
200 669
200 872
200 951
200 1038
200 1053
200 1248
200 1357
200 1891
200 2379
200 2387
200 2685
200 2781
200 2795
200 3001
200 3245
200 3968
200 4084
200 4098
200 4178
201 283
201 583
201 633
201 960
201 1060
201 1064
201 1100
201 1138
201 1230
201 1268
201 1320
201 1434
201 1485
201 1511
201 1573
201 1675
201 1728
201 2310
201 2317
201 2527
201 2608
201 2692
201 2875
201 2980
201 3135
201 3394
201 3417
201 3509
201 3559
201 3837
201 3842
201 4145
201 4372
201 4390
201 4662
201 4687
201 4735
201 4875
201 4893
202 233
202 561
202 676
202 869
202 1539
202 1627
202 1743
202 1745
202 1806
202 1990
202 2519
202 2875
202 3042
202 3162
202 3366
202 3456
202 3625
202 3644
202 3692
202 3802
202 3933
202 3961
202 4189
202 4294
202 4338
202 4462
202 4615
202 4707
202 4864
202 4901
202 4942
203 229
203 334
203 362
203 385
203 749
203 911
203 995
203 1005
203 1011
203 1085
203 1388
203 1571
203 1624
203 1978
203 2150
203 2293
203 2374
203 2424
203 2457
203 2535
203 2673
203 2836
203 2944
203 3072
203 3094
203 3252
203 3347
203 3832
203 4061
203 4332
203 4529
204 355
204 1090
204 1326
204 1351
204 1365
204 1440
204 1569
204 1570
204 1946
204 1964
204 2178
204 2262
204 2457
204 2531
204 2726
204 2855
204 3138
204 3249
204 3304
204 3325
204 3688
204 3765
204 3972
204 4164
204 4418
204 4501
204 4529
204 4556
204 4641
204 4727
204 4863
205 260
205 769
205 856
205 916
205 1505
205 1528
205 1754
205 2213
205 2280
205 2325
205 2980
205 3180
205 3731
205 3739
205 3771
205 3892
205 4012
205 4035
205 4046
205 4079
205 4255
205 4314
205 4525
205 4700
205 4874
205 4984
206 269
206 437
206 790
206 887
206 1045
206 1190
206 1308
206 1524
206 1555
206 1574
206 1755
206 1873
206 1881
206 2123
206 2177
206 2315
206 2349
206 2379
206 2608
206 2847
206 2881
206 2945
206 3011
206 3420
206 3560
206 3894
206 3954
206 4020
206 4192
206 4209
206 4222
206 4448
206 4464
206 4477
206 4553
206 4612
206 4738
206 4771
207 311
207 458
207 500
207 512
207 874
207 1117
207 1298
207 1575
207 2197
207 2441
207 2786
207 2871
207 3018
207 3147
207 3333
207 3335
207 3585
207 3591
207 3667
207 3923
207 4037
207 4486
207 4711
207 4752
207 4833
208 379
208 391
208 520
208 573
208 656
208 776
208 808
208 837
208 955
208 1030
208 1196
208 1217
208 1448
208 2115
208 2184
208 2337
208 2470
208 2541
208 2633
208 2696
208 3007
208 3044
208 3312
208 3313
208 3531
208 4149
208 4243
208 4359
208 4662
208 4680
208 4718
208 4882
209 266
209 481
209 681
209 771
209 787
209 934
209 1259
209 1355
209 1474
209 1514
209 1715
209 1787
209 1875
209 1911
209 1916
209 2022
209 2168
209 2235
209 2302
209 2321
209 2515
209 2612
209 2634
209 2922
209 2988
209 3018
209 3074
209 3082
209 3389
209 3678
209 3938
209 4269
209 4415
209 4535
209 4598
209 4646
209 4694
210 617
210 693
210 782
210 855
210 1515
210 1620
210 1877
210 1927
210 2282
210 2323
210 2559
210 2606
210 2779
210 2829
210 3071
210 3225
210 3391
210 3403
210 3648
210 3752
210 3857
210 3970
210 4173
210 4504
210 4788
210 4930
211 811
211 943
211 972
211 1028
211 1096
211 1158
211 1614
211 2530
211 2631
211 2811
211 2863
211 3173
211 3259
211 3295
211 3613
211 3627
211 3970
211 4019
211 4088
211 4103
211 4120
211 4229
211 4263
211 4345
211 4372
211 4418
211 4926
211 4984
212 779
212 787
212 1165
212 1220
212 1700
212 1788
212 2141
212 2323
212 2404
212 2450
212 2473
212 2527
212 2561
212 2578
212 2710
212 3077
212 3145
212 3165
212 3313
212 3328
212 3485
212 3499
212 3528
212 3762
212 3823
212 4207
212 4218
212 4309
212 4453
212 4485
212 4568
212 4669
212 4752
212 4781
212 4823
212 4905
213 216
213 248
213 273
213 303
213 425
213 445
213 463
213 494
213 958
213 1224
213 1231
213 1659
213 1861
213 2000
213 2419
213 2720
213 2888
213 3124
213 3226
213 3425
213 3440
213 3594
213 3634
213 3845
213 4016
213 4020
213 4176
213 4372
213 4378
213 4425
213 4586
214 309
214 333
214 699
214 889
214 937
214 938
214 1089
214 1294
214 1363
214 1429
214 1552
214 1653
214 1697
214 1709
214 1807
214 1836
214 2071
214 2109
214 2158
214 2250
214 2311
214 2333
214 2429
214 2587
214 2647
214 2764
214 2901
214 3022
214 3055
214 3290
214 3316
214 3332
214 3338
214 3758
214 3897
214 4027
214 4146
214 4197
214 4433
214 4512
214 4802
214 4805
215 221
215 1016
215 1177
215 1444
215 1660
215 1682
215 1724
215 1757
215 1808
215 1983
215 2065
215 2191
215 2217
215 2264
215 2634
215 2994
215 3474
215 3531
215 4017
215 4294
215 4485
215 4527
215 4588
215 4700
215 4769
215 4815
215 4847
216 264
216 306
216 727
216 949
216 1269
216 1351
216 1621
216 1689
216 2583
216 2649
216 2699
216 2792
216 2808
216 2869
216 3087
216 3099
216 3258
216 3271
216 3324
216 3491
216 3756
216 3826
216 3930
216 4161
216 4272
216 4283
216 4305
217 425
217 669
217 709
217 1050
217 1159
217 1284
217 1424
217 2271
217 2710
217 2769
217 2887
217 2937
217 3045
217 3073
217 3165
217 3186
217 3537
217 3560
217 3711
217 4007
217 4052
217 4205
217 4569
217 4684
218 259
218 485
218 561
218 588
218 726
218 776
218 795
218 800
218 1403
218 1529
218 1621
218 1973
218 2434
218 2484
218 2503
218 2570
218 2828
218 3239
218 3361
218 3531
218 3806
218 3866
218 3943
218 4107
218 4133
218 4273
218 4455
218 4492
218 4496
218 4568
218 4644
218 4896
218 4899
218 4910
219 304
219 403
219 721
219 1008
219 1144
219 1494
219 1549
219 1645
219 1830
219 1862
219 1898
219 1908
219 1981
219 2008
219 2031
219 2265
219 2343
219 2363
219 2402
219 2749
219 2983
219 3674
219 3677
219 4002
219 4152
219 4212
219 4303
219 4353
219 4464
219 4579
219 4960
219 4983
220 444
220 448
220 554
220 631
220 708
220 759
220 767
220 803
220 1002
220 1263
220 1502
220 1517
220 1591
220 1845
220 1925
220 2367
220 2417
220 2503
220 2627
220 2701
220 2741
220 2768
220 2793
220 2812
220 2911
220 3252
220 3454
220 3560
220 3575
220 3909
220 4127
220 4377
220 4730
220 4879
221 331
221 1189
221 1547
221 1986
221 2061
221 2281
221 2676
221 2862
221 3422
221 3465
221 3683
221 3793
221 4242
221 4315
221 4356
221 4483
221 4632
222 354
222 446
222 476
222 589
222 764
222 848
222 870
222 1085
222 1537
222 1793
222 2352
222 2371
222 2395
222 2533
222 2656
222 2943
222 3326
222 3565
222 3831
222 3890
222 4112
222 4234
222 4274
222 4301
222 4365
223 251
223 372
223 488
223 589
223 768
223 782
223 935
223 959
223 970
223 1076
223 1180
223 1346
223 1692
223 1722
223 1909
223 2117
223 2264
223 2675
223 2706
223 3024
223 3338
223 3493
223 3710
223 3718
223 3733
223 3928
223 4036
223 4534
223 4594
223 4821
223 4837
224 279
224 739
224 914
224 1038
224 1121
224 1340
224 1683
224 1750
224 1852
224 2149
224 2326
224 2338
224 2363
224 2581
224 2584
224 2678
224 2703
224 2774
224 3077
224 3164
224 3292
224 3319
224 3367
224 3755
224 4009
224 4065
224 4088
224 4388
224 4701
224 4929
224 4931
225 311
225 328
225 534
225 746
225 780
225 818
225 1204
225 1400
225 1488
225 1548
225 2036
225 2063
225 2226
225 2348
225 2498
225 2623
225 3178
225 3272
225 3659
225 3773
225 3830
225 3968
225 4096
225 4409
225 4463
225 4494
226 686
226 723
226 1211
226 1600
226 1667
226 1776
226 1791
226 2185
226 2322
226 2356
226 2436
226 2773
226 2862
226 2933
226 3299
226 3388
226 3501
226 3793
226 4367
226 4371
226 4384
226 4758
227 371
227 415
227 841
227 1023
227 1098
227 1447
227 1785
227 1821
227 1998
227 2385
227 2902
227 2915
227 3043
227 3157
227 3175
227 3476
227 3553
227 3664
227 3692
227 3807
227 4188
227 4759
228 303
228 386
228 517
228 569
228 593
228 973
228 1606
228 1704
228 1797
228 2060
228 2252
228 2369
228 2659
228 3028
228 3030
228 3049
228 3070
228 3116
228 3191
228 3254
228 3879
228 4052
228 4567
228 4724
229 469
229 485
229 518
229 707
229 795
229 825
229 1176
229 1426
229 1804
229 1870
229 1960
229 2288
229 2305
229 2435
229 2482
229 2618
229 2674
229 2895
229 3000
229 3471
229 3743
229 3910
229 3937
229 4594
229 4674
229 4773
229 4859
230 243
230 647
230 732
230 756
230 1046
230 1055
230 1109
230 1198
230 1629
230 1709
230 1922
230 2012
230 2117
230 2121
230 2330
230 2358
230 2656
230 2686
230 2769
230 2850
230 2939
230 3119
230 3198
230 3456
230 3639
230 3717
230 3803
230 3963
230 4076
230 4578
230 4706
230 4734
230 4749
230 4818
231 262
231 315
231 458
231 611
231 802
231 1298
231 1371
231 1465
231 1599
231 1829
231 1950
231 2195
231 2213
231 2276
231 2311
231 2319
231 2411
231 2440
231 2658
231 2758
231 2780
231 3011
231 3020
231 3036
231 3064
231 3432
231 3483
231 3610
231 3794
231 4001
231 4303
231 4374
231 4582
231 4666
231 4736
231 4739
231 4743
231 4828
231 4918
231 4988
232 523
232 693
232 732
232 928
232 987
232 1370
232 1805
232 1846
232 1934
232 2891
232 2916
232 3012
232 3022
232 3266
232 3422
232 3675
232 3936
232 3937
232 4128
232 4194
232 4280
232 4390
232 4403
232 4586
233 237
233 499
233 668
233 755
233 829
233 1134
233 1380
233 1492
233 2272
233 2311
233 2591
233 2732
233 2904
233 2913
233 2987
233 3041
233 3340
233 3476
233 3675
233 3959
233 4174
233 4411
233 4412
233 4605
233 4891
234 306
234 451
234 725
234 907
234 1902
234 1982
234 2156
234 2467
234 2567
234 3155
234 3239
234 3267
234 3541
234 3661
234 3663
234 3670
234 3708
234 3928
234 4040
234 4351
234 4504
234 4607
234 4757
234 4971
234 4972
235 257
235 456
235 623
235 794
235 1067
235 1115
235 1137
235 1347
235 1466
235 1744
235 1839
235 1902
235 1928
235 1999
235 2093
235 2153
235 2256
235 2603
235 2865
235 2936
235 3212
235 3261
235 3498
235 4149
235 4565
235 4861
236 321
236 764
236 1233
236 1315
236 1351
236 1784
236 1873
236 1888
236 1998
236 2354
236 2460
236 2566
236 2581
236 2783
236 3042
236 3206
236 3266
236 3579
236 3690
236 3861
236 3941
236 4571
236 4689
236 4763
237 264
237 357
237 694
237 744
237 760
237 1024
237 1281
237 1636
237 1676
237 1749
237 1753
237 1776
237 2316
237 2426
237 2737
237 2931
237 3039
237 3128
237 3343
237 3370
237 3399
237 3794
237 4144
237 4446
237 4962
238 277
238 574
238 727
238 1004
238 1249
238 1455
238 1480
238 1527
238 1633
238 1828
238 1876
238 1933
238 1980
238 2029
238 2146
238 2314
238 2486
238 2698
238 2734
238 2852
238 2967
238 3362
238 3453
238 3635
238 3673
238 3799
238 3871
238 3922
238 4066
238 4541
238 4558
238 4637
238 4887
238 4888
238 4998
239 348
239 467
239 776
239 782
239 798
239 881
239 1045
239 1533
239 1558
239 1854
239 1958
239 2043
239 2117
239 2228
239 2327
239 2890
239 2933
239 3221
239 3316
239 3368
239 3447
239 3500
239 3849
239 4543
239 4544
239 4562
239 4583
239 4645
239 4735
239 4891
239 4939
239 4988
240 293
240 367
240 496
240 692
240 746
240 789
240 878
240 897
240 984
240 1021
240 1229
240 1291
240 1372
240 1375
240 1765
240 1822
240 1847
240 1888
240 1941
240 2128
240 2137
240 2241
240 2271
240 2361
240 2393
240 2499
240 2513
240 2626
240 2762
240 2940
240 3265
240 3371
240 3517
240 3604
240 3638
240 4096
240 4123
240 4185
240 4571
240 4651
240 4891
241 319
241 338
241 400
241 498
241 545
241 684
241 790
241 805
241 1015
241 1057
241 1183
241 1292
241 1341
241 1354
241 1397
241 1566
241 2707
241 2780
241 2863
241 3039
241 3046
241 3426
241 3862
241 3886
241 3930
241 3965
241 3973
241 4548
241 4603
242 308
242 450
242 504
242 508
242 584
242 592
242 831
242 1186
242 1289
242 1339
242 1730
242 1744
242 2650
242 2801
242 2813
242 2931
242 3359
242 3692
242 3733
242 3853
242 3875
242 4115
242 4203
242 4302
242 4682
242 4786
242 4923
243 289
243 493
243 566
243 949
243 1000
243 1009
243 1249
243 1472
243 1771
243 1866
243 2185
243 2192
243 2312
243 2334
243 2650
243 2732
243 2774
243 2854
243 3071
243 3389
243 3398
243 3518
243 3556
243 3584
243 3593
243 3603
243 3639
243 3747
243 3946
243 4418
243 4427
243 4809
243 4986
244 485
244 574
244 589
244 687
244 1010
244 1071
244 1461
244 1489
244 1498
244 1968
244 2480
244 2760
244 2781
244 3038
244 3314
244 3909
244 3921
244 4158
244 4611
245 534
245 1398
245 1513
245 1651
245 1807
245 1840
245 1890
245 1896
245 1951
245 2280
245 2357
245 2896
245 3328
245 3538
245 3689
245 3693
245 3825
245 4056
245 4271
245 4333
245 4518
245 4605
245 4723
245 4894
246 789
246 1197
246 1264
246 1271
246 1360
246 1404
246 1450
246 1627
246 1674
246 1686
246 1876
246 1978
246 2033
246 2211
246 2307
246 2459
246 2507
246 2541
246 2586
246 2666
246 2729
246 2733
246 2753
246 2894
246 3172
246 3211
246 3235
246 3279
246 3444
246 3816
246 4424
246 4463
246 4511
246 4561
246 4783
246 4815
246 4925
246 4940
247 710
247 890
247 908
247 1014
247 1170
247 1303
247 1425
247 1574
247 1587
247 1589
247 2081
247 2304
247 2523
247 2894
247 2985
247 3134
247 3199
247 3368
247 3431
247 3528
247 3767
247 3936
247 3963
247 4321
247 4433
247 4476
247 4484
247 4519
247 4546
247 4750
247 4761
248 483
248 596
248 600
248 712
248 715
248 946
248 1287
248 1336
248 1350
248 1663
248 2041
248 2184
248 2191
248 2381
248 2402
248 3174
248 3232
248 3311
248 3456
248 3874
248 4041
248 4090
248 4250
248 4400
248 4428
248 4478
248 4728
248 4834
248 4869
249 302
249 422
249 423
249 439
249 474
249 483
249 686
249 766
249 1136
249 1188
249 1209
249 1406
249 1695
249 1733
249 1753
249 2161
249 2330
249 2573
249 3136
249 3448
249 3730
249 3741
249 3905
249 4135
249 4165
249 4331
249 4661
249 4713
249 4747
250 301
250 832
250 998
250 1052
250 1856
250 2161
250 2199
250 2252
250 2486
250 2544
250 3147
250 3343
250 3488
250 3518
250 3806
250 3838
250 3957
250 4066
250 4293
250 4490
250 4506
250 4615
250 4784
250 4824
250 4951
251 377
251 381
251 623
251 722
251 1182
251 1194
251 1301
251 1879
251 2021
251 2079
251 2227
251 2694
251 2924
251 2989
251 3208
251 3285
251 3639
251 3765
251 3767
251 3870
251 3872
251 3884
251 4248
251 4261
251 4314
251 4599
251 4650
251 4857
251 4895
252 292
252 661
252 934
252 1089
252 1723
252 1881
252 2274
252 2305
252 2549
252 2667
252 2767
252 2964
252 2986
252 3228
252 3339
252 3723
252 4120
252 4634
252 4762
252 4763
252 4980
253 260
253 285
253 497
253 519
253 560
253 862
253 909
253 949
253 1287
253 1417
253 1450
253 1482
253 1643
253 1899
253 2005
253 2047
253 2224
253 2380
253 2404
253 2683
253 2897
253 3164
253 3330
253 3432
253 3528
253 3554
253 3762
253 4194
253 4640
253 4799
253 4877
254 320
254 436
254 651
254 908
254 1293
254 1353
254 1632
254 1705
254 1912
254 1975
254 2024
254 2056
254 2120
254 2151
254 2391
254 2481
254 2641
254 2756
254 2852
254 3023
254 3213
254 3313
254 3424
254 3753
254 3919
254 3965
254 4142
254 4151
254 4174
254 4664
254 4908
255 515
255 590
255 733
255 782
255 980
255 1013
255 1373
255 1456
255 1788
255 1976
255 2046
255 2237
255 2703
255 2893
255 3010
255 3031
255 3323
255 3586
255 3750
255 4094
255 4548
255 4585
255 4618
255 4751
255 4894
255 4918
256 340
256 549
256 991
256 1108
256 1151
256 1487
256 1611
256 1879
256 1991
256 2203
256 2242
256 2540
256 2573
256 2670
256 2683
256 2699
256 2774
256 2900
256 3133
256 3192
256 3361
256 3481
256 3495
256 3552
256 3914
256 4209
256 4391
256 4551
256 4560
256 4572
256 4651
256 4866
256 4943
257 459
257 537
257 558
257 649
257 1388
257 1805
257 2068
257 2098
257 2192
257 2309
257 3524
257 3583
257 4013
257 4061
257 4166
257 4462
257 4620
257 4673
257 4864
257 4988
258 274
258 312
258 805
258 1056
258 1395
258 1548
258 1585
258 1738
258 1828
258 1856
258 2268
258 2330
258 2830
258 2924
258 3408
258 4345
258 4486
258 4596
258 4602
258 4629
258 4777
258 4846
259 785
259 1165
259 1175
259 1574
259 1730
259 1741
259 1769
259 1807
259 1894
259 1950
259 2089
259 2358
259 2492
259 2763
259 2815
259 2940
259 3909
259 3969
259 4000
259 4147
259 4208
259 4415
259 4515
259 4782
259 4932
259 4963
260 389
260 468
260 557
260 577
260 1008
260 1104
260 1125
260 1167
260 1217
260 1448
260 1657
260 1821
260 1845
260 2017
260 2544
260 2602
260 2649
260 2678
260 3162
260 3565
260 4097
260 4110
260 4176
260 4432
260 4465
260 4662
260 4889
260 4917
261 314
261 545
261 556
261 1134
261 1244
261 1266
261 1499
261 1625
261 1688
261 2030
261 2349
261 2544
261 2587
261 2765
261 2830
261 2876
261 2907
261 3004
261 3131
261 3397
261 3699
261 3927
261 4271
261 4532
261 4625
261 4773
261 4801
262 458
262 783
262 878
262 947
262 1083
262 1151
262 2128
262 2131
262 2204
262 2306
262 2323
262 2498
262 2533
262 2977
262 3461
262 4327
262 4340
262 4574
262 4929
262 4998
263 454
263 468
263 631
263 713
263 767
263 782
263 812
263 822
263 901
263 978
263 1186
263 1242
263 1749
263 2049
263 2444
263 2686
263 2926
263 3309
263 3412
263 4017
263 4226
263 4293
263 4309
263 4370
263 4506
263 4560
263 4576
263 4902
264 338
264 364
264 729
264 836
264 856
264 1102
264 1119
264 1514
264 2144
264 2261
264 2300
264 2469
264 2856
264 2885
264 2943
264 3088
264 3221
264 3370
264 3575
264 3591
264 4096
264 4451
264 4454
264 4558
264 4718
264 4875
265 443
265 566
265 1101
265 1190
265 1199
265 1217
265 1345
265 1389
265 1584
265 1791
265 1824
265 1890
265 1892
265 1920
265 1999
265 2145
265 2291
265 2643
265 2679
265 2776
265 2879
265 2906
265 3422
265 3566
265 3627
265 3656
265 3718
265 3849
265 3861
265 3878
265 3938
265 4054
265 4082
265 4268
265 4425
265 4478
265 4925
265 4932
265 4946
266 434
266 490
266 704
266 790
266 1060
266 1364
266 1490
266 1691
266 1718
266 1816
266 1873
266 1898
266 1936
266 1957
266 2287
266 2346
266 2539
266 2851
266 2916
266 3065
266 3099
266 3897
266 4152
266 4373
266 4388
266 4849
267 503
267 684
267 716
267 784
267 824
267 830
267 912
267 924
267 932
267 962
267 1435
267 1634
267 1691
267 1777
267 2037
267 2221
267 2239
267 2294
267 2490
267 2521
267 2748
267 2785
267 2831
267 3199
267 3508
267 3544
267 3807
267 4305
267 4435
267 4874
267 4877
268 642
268 653
268 685
268 1282
268 1540
268 1580
268 1606
268 1683
268 2521
268 2550
268 2621
268 2636
268 3282
268 3293
268 3398
268 3423
268 3918
268 3984
268 4039
268 4293
268 4357
268 4386
268 4443
268 4473
268 4753
268 4820
269 304
269 1023
269 1754
269 1847
269 1892
269 2169
269 2172
269 2342
269 2514
269 2524
269 2673
269 2707
269 2772
269 2911
269 2924
269 3121
269 3126
269 3134
269 3143
269 4128
269 4278
269 4293
269 4721
270 370
270 416
270 477
270 527
270 532
270 533
270 535
270 573
270 611
270 690
270 842
270 1151
270 1610
270 1700
270 2029
270 2058
270 2150
270 2367
270 2571
270 2693
270 3048
270 3128
270 3422
270 3515
270 3625
270 3747
270 3907
270 3994
270 4042
270 4105
270 4187
270 4277
270 4585
271 390
271 766
271 958
271 1073
271 1166
271 1364
271 1387
271 1571
271 2326
271 2527
271 3122
271 3175
271 3421
271 3532
271 3570
271 3703
271 3714
271 3746
271 3947
271 4074
271 4373
271 4425
271 4536
271 4583
271 4657
271 4733
272 327
272 532
272 704
272 749
272 973
272 979
272 1104
272 1107
272 1131
272 1328
272 1446
272 1714
272 1867
272 2102
272 2210
272 2514
272 2905
272 2993
272 3121
272 3278
272 3359
272 3432
272 3534
272 3685
272 3886
272 3938
272 4002
272 4174
272 4177
272 4250
272 4578
272 4817
273 447
273 555
273 663
273 1526
273 1540
273 1873
273 2031
273 2246
273 2299
273 2329
273 2432
273 2485
273 2610
273 2837
273 3089
273 3184
273 3559
273 3568
273 3596
273 3688
273 3777
273 3971
273 4288
273 4295
273 4400
273 4714
273 4753
273 4825
273 4898
274 431
274 627
274 950
274 965
274 1030
274 1200
274 1330
274 1334
274 1501
274 1682
274 1760
274 1905
274 2409
274 2704
274 2920
274 3886
274 4903
275 278
275 322
275 371
275 437
275 476
275 872
275 1020
275 1029
275 1168
275 1412
275 2104
275 2245
275 2403
275 2404
275 2609
275 2814
275 3070
275 3130
275 3520
275 3878
275 4044
275 4055
275 4125
275 4204
275 4225
275 4652
276 447
276 707
276 890
276 1058
276 1180
276 1310
276 1563
276 1884
276 2051
276 2142
276 2519
276 2561
276 3730
276 3843
276 3898
276 3947
276 4172
276 4265
276 4281
276 4524
276 4636
277 337
277 513
277 636
277 746
277 797
277 820
277 843
277 1122
277 1487
277 1768
277 1772
277 1779
277 1840
277 2221
277 2380
277 2428
277 2736
277 2930
277 3261
277 3375
277 3387
277 3403
277 3631
277 3675
277 3756
277 3969
277 4246
277 4560
277 4623
277 4651
277 4857
277 4939
278 388
278 642
278 716
278 768
278 869
278 1163
278 1189
278 1750
278 1886
278 2006
278 2340
278 2751
278 2867
278 3036
278 3133
278 3453
278 3462
278 3532
278 3617
278 3893
278 4054
278 4156
278 4291
278 4379
278 4476
278 4529
278 4833
278 4926
279 501
279 738
279 771
279 1329
279 1450
279 1497
279 1538
279 1664
279 1665
279 1775
279 2179
279 2836
279 2973
279 3057
279 3059
279 3267
279 3419
279 3493
279 3598
279 3672
279 3814
279 4206
279 4284
279 4348
279 4418
279 4851
279 4898
279 4904
279 4977
280 956
280 1260
280 1282
280 1604
280 1631
280 1906
280 1908
280 2009
280 2045
280 2102
280 2470
280 2511
280 2565
280 2609
280 2673
280 3346
280 3472
280 3620
280 3853
280 4031
280 4115
280 4210
280 4552
280 4556
280 4704
281 472
281 528
281 652
281 772
281 943
281 1174
281 1332
281 1977
281 2278
281 2337
281 2525
281 2619
281 2645
281 2773
281 2968
281 3030
281 3035
281 3291
281 3321
281 3373
281 3696
281 4168
281 4171
281 4516
281 4653
281 4977
282 565
282 1164
282 1230
282 1768
282 1922
282 1994
282 2030
282 2184
282 2232
282 2279
282 2422
282 2470
282 2698
282 2729
282 2751
282 3259
282 3822
282 3905
282 4028
282 4136
282 4442
282 4505
282 4731
282 4951
283 407
283 780
283 1199
283 1293
283 1315
283 1381
283 1459
283 1539
283 1582
283 1658
283 1833
283 2298
283 2351
283 2709
283 2793
283 2848
283 2887
283 2896
283 3057
283 3169
283 3265
283 3431
283 3507
283 3574
283 3745
283 3884
283 4271
283 4321
283 4691
283 4945
284 433
284 882
284 1002
284 1022
284 1121
284 1436
284 1744
284 1804
284 1981
284 2050
284 2142
284 2300
284 2727
284 3260
284 3809
284 4092
284 4141
284 4513
284 4686
284 4793
284 4906
285 743
285 1520
285 1848
285 1951
285 1966
285 2006
285 2100
285 2255
285 2269
285 2696
285 2799
285 2919
285 3189
285 3265
285 3579
285 3597
285 3649
285 3740
285 3805
285 3883
285 4229
285 4429
285 4460
285 4639
285 4648
285 4828
285 4833
285 4835
285 4921
286 370
286 393
286 641
286 766
286 837
286 863
286 1123
286 1339
286 1693
286 1798
286 1863
286 1903
286 1907
286 2192
286 2397
286 2507
286 2876
286 3177
286 3225
286 3310
286 3469
286 3893
286 4228
286 4263
286 4347
286 4371
286 4533
286 4650
286 4933
287 486
287 505
287 741
287 1072
287 1117
287 1293
287 1576
287 1755
287 1771
287 1825
287 1924
287 2090
287 2182
287 2515
287 2527
287 2653
287 3269
287 3329
287 3395
287 3577
287 3629
287 3871
287 3984
287 4401
287 4429
287 4589
287 4676
287 4977
288 315
288 337
288 588
288 1031
288 1043
288 1046
288 1233
288 1558
288 1680
288 1728
288 1747
288 1768
288 1872
288 2072
288 2137
288 2224
288 2330
288 2392
288 2428
288 2453
288 2559
288 2563
288 2613
288 2635
288 2828
288 3139
288 3301
288 3335
288 3625
288 3998
288 4008
288 4307
288 4366
288 4370
288 4907
289 512
289 795
289 1061
289 1082
289 1433
289 1807
289 1966
289 2029
289 2060
289 2168
289 2245
289 2634
289 3013
289 3059
289 3137
289 3195
289 3471
289 3559
289 3600
289 3826
289 3941
289 3965
289 4102
289 4231
289 4637
289 4879
290 479
290 725
290 841
290 890
290 985
290 992
290 1120
290 1129
290 1187
290 1449
290 1778
290 1805
290 1918
290 2003
290 2105
290 2178
290 2608
290 3001
290 3244
290 3261
290 3325
290 3387
290 4119
290 4240
290 4632
290 4677
291 436
291 465
291 679
291 794
291 874
291 1106
291 1533
291 1652
291 2268
291 2468
291 2734
291 3575
291 3787
291 3836
291 3882
291 3993
291 4012
291 4129
291 4150
291 4237
291 4409
291 4530
291 4558
291 4576
291 4649
291 4815
291 4911
291 4974
292 327
292 359
292 537
292 554
292 651
292 878
292 962
292 1075
292 1147
292 1503
292 2094
292 2154
292 2237
292 2362
292 2412
292 2540
292 2836
292 2917
292 3530
292 3939
292 4001
292 4050
292 4054
292 4098
292 4209
292 4694
292 4737
292 4908
293 447
293 546
293 620
293 728
293 787
293 1001
293 1006
293 1148
293 1177
293 1231
293 1399
293 1436
293 1577
293 1755
293 1913
293 2083
293 2466
293 2963
293 3369
293 3807
293 3831
293 3955
293 4026
293 4038
293 4079
293 4238
293 4345
293 4347
293 4689
293 4692
293 4719
293 4730
293 4748
294 668
294 886
294 1214
294 1360
294 2097
294 2144
294 2157
294 2592
294 2664
294 2932
294 2941
294 3024
294 3187
294 3443
294 3731
294 3986
294 4140
294 4706
295 482
295 588
295 844
295 1119
295 1512
295 1584
295 1669
295 1849
295 2167
295 2177
295 2285
295 2331
295 2689
295 2700
295 3173
295 3443
295 3553
295 3653
295 3959
295 3976
295 4096
295 4267
295 4324
295 4582
295 4669
296 393
296 427
296 614
296 899
296 950
296 1276
296 1792
296 1836
296 1885
296 1921
296 2027
296 2330
296 2384
296 2406
296 2573
296 3074
296 3242
296 3268
296 3361
296 3602
296 3706
296 3710
296 3765
296 3816
296 4025
296 4374
296 4588
296 4591
297 371
297 374
297 544
297 560
297 706
297 991
297 1201
297 1635
297 1648
297 1824
297 1980
297 2049
297 2193
297 2200
297 2591
297 2696
297 3576
297 3920
297 4495
297 4510
297 4765
297 4833
298 325
298 418
298 444
298 507
298 652
298 1147
298 1358
298 1392
298 1396
298 1459
298 1512
298 1547
298 2069
298 2075
298 2813
298 2841
298 2968
298 2979
298 3197
298 3265
298 3444
298 3683
298 3808
298 3960
298 4110
298 4133
298 4265
298 4490
298 4558
298 4599
298 4650
299 709
299 737
299 772
299 1335
299 1497
299 1638
299 2113
299 2185
299 2263
299 2288
299 2545
299 2616
299 2642
299 2694
299 2789
299 2987
299 2994
299 3030
299 3189
299 3558
299 3930
299 3998
299 4291
299 4303
299 4595
299 4622
299 4929
300 377
300 464
300 505
300 825
300 1096
300 1168
300 1426
300 1681
300 1715
300 1801
300 1810
300 2101
300 2524
300 2857
300 3046
300 3087
300 3110
300 3201
300 3360
300 3690
300 3704
300 3997
300 4500
300 4648
300 4801
300 4895
300 4945
301 357
301 583
301 709
301 731
301 1146
301 1291
301 1311
301 1324
301 1612
301 1702
301 1789
301 1999
301 2118
301 2217
301 2218
301 2332
301 2411
301 2495
301 2707
301 2713
301 2797
301 3087
301 3541
301 3708
301 3944
301 4148
301 4581
301 4595
301 4677
301 4950
301 4986
302 504
302 787
302 814
302 1073
302 1261
302 1708
302 1816
302 1928
302 2040
302 2230
302 2421
302 2544
302 2575
302 2783
302 2794
302 2878
302 2926
302 2955
302 3448
302 3494
302 3578
302 3849
302 3877
302 4029
302 4213
302 4216
302 4564
302 4745
302 4855
302 4934
302 4965
303 332
303 671
303 679
303 681
303 737
303 1064
303 1261
303 1383
303 1431
303 1641
303 1895
303 1920
303 2414
303 2607
303 2656
303 2658
303 2935
303 3018
303 3231
303 3321
303 3652
303 3742
303 3920
303 4374
303 4405
303 4640
304 504
304 802
304 837
304 897
304 1368
304 1589
304 1756
304 2426
304 2482
304 2602
304 2687
304 2798
304 2859
304 2863
304 3193
304 3328
304 3376
304 3571
304 3596
304 4164
304 4246
304 4334
304 4427
304 4444
304 4808
304 4841
305 625
305 697
305 953
305 993
305 1075
305 1285
305 1291
305 1694
305 1735
305 1800
305 1920
305 2048
305 2252
305 2376
305 2532
305 2585
305 2595
305 2635
305 3116
305 3139
305 3521
305 3752
305 3906
305 3913
305 3983
305 4029
305 4042
305 4074
305 4161
305 4347
305 4356
305 4577
305 4753
305 4800
305 4890
306 495
306 673
306 811
306 853
306 1309
306 1321
306 1396
306 1463
306 1607
306 1681
306 1988
306 2010
306 2410
306 3180
306 3190
306 3297
306 3487
306 4183
306 4258
306 4770
306 4833
307 392
307 454
307 832
307 906
307 987
307 994
307 995
307 1018
307 1061
307 1229
307 1561
307 1605
307 1850
307 1951
307 1965
307 2154
307 2163
307 2254
307 2346
307 2418
307 2759
307 2821
307 2978
307 3227
307 3297
307 3373
307 4070
307 4102
307 4299
307 4311
307 4552
307 4667
307 4763
308 499
308 564
308 734
308 798
308 874
308 988
308 1233
308 1522
308 1844
308 2212
308 2241
308 2561
308 2767
308 2933
308 2957
308 3200
308 3391
308 3412
308 3486
308 3712
308 4115
308 4382
308 4452
308 4567
308 4648
308 4842
308 4860
308 4891
308 4981
308 4992
309 433
309 462
309 653
309 1002
309 1403
309 1538
309 1580
309 1746
309 1919
309 1953
309 2002
309 2156
309 2174
309 2392
309 2634
309 2786
309 2846
309 2943
309 2953
309 3147
309 3598
309 3624
309 4024
309 4060
309 4519
309 4675
310 454
310 565
310 714
310 798
310 806
310 1298
310 1420
310 1590
310 1861
310 1935
310 2047
310 2085
310 2128
310 2470
310 2574
310 2657
310 2673
310 2693
310 2760
310 2803
310 3070
310 3172
310 3219
310 3367
310 3488
310 3511
310 3691
310 3957
310 4163
310 4300
310 4642
310 4779
310 4829
310 4971
311 864
311 1223
311 1227
311 1247
311 1417
311 1618
311 1641
311 1751
311 2154
311 2172
311 2264
311 2285
311 2330
311 2587
311 2617
311 2635
311 2739
311 2744
311 2774
311 3279
311 3324
311 3411
311 3460
311 3515
311 4027
311 4276
311 4331
311 4391
311 4591
311 4596
311 4621
311 4905
312 467
312 476
312 898
312 1146
312 1229
312 1788
312 1832
312 1906
312 1962
312 2019
312 2037
312 2339
312 2507
312 2642
312 2782
312 3031
312 3065
312 3296
312 3384
312 3723
312 3923
312 4100
312 4504
312 4518
312 4752
312 4790
312 4844
313 481
313 530
313 725
313 865
313 886
313 1155
313 1560
313 1610
313 1802
313 1954
313 1972
313 2054
313 2206
313 2275
313 2759
313 2793
313 2944
313 3694
313 3887
313 4122
313 4315
313 4384
313 4468
313 4524
314 510
314 632
314 713
314 781
314 940
314 1459
314 1665
314 1862
314 2437
314 2456
314 2696
314 2755
314 2826
314 2966
314 3163
314 3193
314 3598
314 3604
314 3838
314 3907
314 3943
314 4113
314 4162
314 4270
314 4515
315 325
315 505
315 540
315 592
315 601
315 654
315 796
315 1081
315 1393
315 1895
315 2088
315 2158
315 2222
315 2280
315 2508
315 2534
315 2548
315 2791
315 2931
315 3082
315 3083
315 3179
315 3199
315 3315
315 3405
315 3524
315 3719
315 3889
315 4019
315 4519
315 4720
315 4834
316 473
316 588
316 1173
316 1400
316 1594
316 1636
316 1645
316 1673
316 1678
316 1942
316 2143
316 2482
316 2582
316 2942
316 2960
316 2966
316 2975
316 3228
316 3479
316 3489
316 3778
316 3899
316 4294
316 4323
316 4363
316 4887
317 557
317 806
317 975
317 1401
317 1704
317 1761
317 1815
317 1946
317 2115
317 2125
317 2509
317 2534
317 2774
317 3074
317 3238
317 3542
317 3742
317 4190
317 4592
317 4601
317 4661
317 4882
317 4989
318 712
318 963
318 1246
318 1352
318 1550
318 1596
318 1686
318 1971
318 2346
318 2541
318 2747
318 2874
318 2904
318 3127
318 3163
318 3401
318 3556
318 3634
318 3674
318 3736
318 4083
318 4158
318 4287
318 4496
318 4566
318 4858
318 4993
319 385
319 742
319 750
319 798
319 1000
319 1063
319 1065
319 1229
319 1599
319 1864
319 1969
319 1986
319 2094
319 2123
319 2456
319 2563
319 2721
319 3361
319 3637
319 3734
319 3757
319 3942
319 3979
319 4519
320 343
320 719
320 819
320 977
320 1067
320 1151
320 1245
320 1268
320 1343
320 1730
320 1804
320 1857
320 2116
320 2130
320 2133
320 2345
320 2414
320 2750
320 2853
320 2884
320 2893
320 3033
320 3095
320 3134
320 3305
320 3355
320 3489
320 4010
320 4071
320 4351
320 4358
320 4452
320 4644
320 4849
321 749
321 1521
321 1532
321 1571
321 2020
321 2180
321 2866
321 2932
321 3057
321 3083
321 3469
321 3722
321 3738
321 3921
321 3932
321 3986
321 4019
321 4449
321 4455
321 4730
321 4970
322 342
322 1026
322 1028
322 1389
322 1634
322 1637
322 1847
322 1894
322 2005
322 2023
322 2211
322 2231
322 2297
322 3999
322 4632
322 4719
322 4836
323 350
323 358
323 570
323 961
323 1356
323 1600
323 1860
323 2017
323 2265
323 2267
323 2367
323 2392
323 2895
323 3085
323 3992
323 4086
323 4109
323 4365
323 4726
324 375
324 547
324 647
324 744
324 1308
324 1377
324 1424
324 1556
324 1569
324 1619
324 1856
324 2071
324 2170
324 2484
324 2721
324 2778
324 3166
324 3560
324 3590
324 3718
324 3833
324 3885
324 3948
324 4180
324 4212
324 4510
324 4732
324 4795
324 4856
324 4974
324 4984
325 568
325 792
325 936
325 960
325 1078
325 1120
325 1320
325 1351
325 2137
325 2242
325 2254
325 2425
325 2558
325 2678
325 2766
325 2805
325 2955
325 3358
325 3689
325 3860
325 4090
325 4337
325 4366
325 4570
325 4620
325 4782
325 4834
326 342
326 512
326 560
326 825
326 913
326 967
326 1023
326 1226
326 1417
326 1476
326 1719
326 1870
326 1917
326 2010
326 2124
326 2462
326 2550
326 2654
326 2677
326 2722
326 2737
326 2753
326 2836
326 3557
326 3767
326 3827
326 4026
326 4219
326 4917
326 4962
327 331
327 380
327 721
327 1116
327 1192
327 1353
327 1488
327 1514
327 1524
327 1699
327 1893
327 1914
327 2012
327 2033
327 2479
327 2573
327 2639
327 2641
327 3027
327 3121
327 3135
327 3271
327 4008
327 4072
327 4346
327 4366
327 4595
327 4639
327 4765
327 4934
327 4948
328 338
328 397
328 537
328 564
328 705
328 744
328 883
328 1153
328 1441
328 1879
328 2305
328 2574
328 3037
328 3065
328 3087
328 3271
328 3541
328 3640
328 3811
328 3820
328 3870
328 4033
328 4248
328 4397
328 4416
328 4501
328 4565
328 4711
328 4777
328 4923
329 592
329 670
329 863
329 946
329 991
329 1073
329 1178
329 1511
329 1670
329 1872
329 2064
329 2593
329 2696
329 3152
329 3168
329 3248
329 3343
329 3357
329 3547
329 4060
329 4146
329 4150
329 4240
329 4471
329 4484
329 4641
329 4746
330 553
330 658
330 802
330 1073
330 1088
330 1223
330 1339
330 1494
330 1543
330 1568
330 1620
330 1655
330 1666
330 1796
330 2152
330 2217
330 2259
330 2319
330 2422
330 2488
330 3110
330 3192
330 3374
330 3485
330 3502
330 3512
330 3686
330 3742
330 3766
330 4122
330 4164
330 4203
330 4549
330 4616
330 4888
331 363
331 619
331 623
331 705
331 966
331 1201
331 1305
331 1580
331 1641
331 1670
331 1671
331 1713
331 1722
331 1810
331 1836
331 1854
331 1868
331 1971
331 2057
331 2581
331 2660
331 2693
331 2769
331 2967
331 3092
331 3107
331 3135
331 3444
331 3630
331 3745
331 3892
331 4233
331 4460
331 4477
331 4582
331 4608
331 4736
331 4745
332 512
332 877
332 950
332 1073
332 1101
332 1227
332 1238
332 1266
332 1290
332 1447
332 1526
332 1549
332 2616
332 2663
332 2915
332 3174
332 3541
332 3567
332 4199
332 4473
332 4529
332 4623
332 4683
332 4688
333 340
333 350
333 355
333 390
333 622
333 785
333 805
333 1100
333 1339
333 1410
333 1521
333 1633
333 1946
333 2175
333 2193
333 2310
333 2385
333 2500
333 2575
333 2593
333 2661
333 2832
333 2885
333 3122
333 3125
333 3768
333 3947
333 4104
333 4215
333 4537
333 4667
333 4672
334 362
334 385
334 462
334 470
334 511
334 686
334 1116
334 1129
334 1459
334 1516
334 1608
334 1734
334 1756
334 2165
334 2199
334 2666
334 2995
334 3082
334 3117
334 3203
334 3277
334 3282
334 3302
334 3663
334 3700
334 3714
334 3968
334 4041
334 4357
334 4550
335 1109
335 1294
335 1589
335 1604
335 1615
335 1627
335 1735
335 1929
335 2123
335 2220
335 2227
335 2642
335 2646
335 2685
335 2748
335 3205
335 3395
335 3966
335 4265
335 4333
335 4341
335 4458
335 4937
336 530
336 566
336 593
336 752
336 756
336 989
336 1288
336 1460
336 1539
336 1694
336 1722
336 2709
336 2984
336 2989
336 3217
336 3614
336 3709
336 3838
336 4187
336 4250
336 4432
336 4639
336 4654
336 4800
336 4983
337 357
337 605
337 1438
337 1561
337 2094
337 2104
337 2311
337 2356
337 2503
337 2873
337 2909
337 3177
337 3258
337 3497
337 3730
337 3762
337 3909
337 3995
337 4015
337 4101
337 4265
337 4290
337 4693
337 4955
338 547
338 650
338 810
338 1778
338 1953
338 2215
338 2292
338 2357
338 2961
338 3010
338 3142
338 3178
338 3197
338 3260
338 3295
338 3307
338 3325
338 3411
338 3506
338 3526
338 3629
338 3694
338 3939
338 4231
338 4528
338 4756
338 4773
338 4849
339 622
339 820
339 1008
339 1096
339 1298
339 1343
339 1824
339 1872
339 1961
339 2676
339 2873
339 3009
339 3509
339 3542
339 4069
339 4098
339 4281
339 4332
339 4757
339 4786
339 4872
339 4891
340 345
340 440
340 979
340 1069
340 1095
340 1857
340 1949
340 2001
340 2033
340 2041
340 2059
340 2115
340 2258
340 2480
340 2502
340 2740
340 2881
340 3430
340 3742
340 4012
340 4117
340 4132
340 4300
340 4370
340 4735
340 4742
340 4908
341 640
341 1065
341 1097
341 1216
341 1237
341 1270
341 1358
341 2224
341 2407
341 2489
341 2542
341 2779
341 2851
341 2980
341 3076
341 3185
341 3191
341 3682
341 3998
341 4490
341 4505
341 4611
341 4958
342 420
342 697
342 807
342 1069
342 1177
342 1213
342 1272
342 1514
342 1530
342 1636
342 1697
342 1939
342 2015
342 2128
342 2535
342 2595
342 3018
342 3094
342 3290
342 3562
342 3574
342 3604
342 3657
342 3919
342 4014
342 4265
342 4356
342 4410
342 4468
342 4675
343 562
343 685
343 779
343 1111
343 1263
343 1381
343 1653
343 1809
343 2062
343 2110
343 2516
343 2878
343 2880
343 3095
343 3106
343 3135
343 3581
343 3753
343 3893
343 3980
343 4768
343 4841
343 4913
344 365
344 548
344 1168
344 1482
344 1486
344 1622
344 1915
344 2141
344 2262
344 2497
344 2522
344 2538
344 2580
344 2836
344 2871
344 3302
344 3447
344 3474
344 3936
344 4047
344 4448
344 4456
344 4465
344 4520
344 4577
344 4740
344 4832
344 4903
345 459
345 975
345 1478
345 1604
345 1826
345 1851
345 1861
345 2362
345 2408
345 2560
345 2848
345 3523
345 3705
345 3778
345 4218
345 4618
345 4688
345 4904
346 422
346 476
346 906
346 1075
346 1235
346 1420
346 1429
346 1430
346 1483
346 1627
346 1982
346 2078
346 2104
346 2587
346 2591
346 2598
346 2619
346 2958
346 3012
346 3272
346 3295
346 3392
346 3556
346 3671
346 3685
346 4010
346 4109
346 4382
346 4397
346 4608
346 4735
346 4792
346 4845
346 4969
347 936
347 977
347 999
347 1156
347 1268
347 1355
347 1679
347 3535
347 3758
347 4267
347 4277
347 4295
347 4301
347 4324
347 4459
347 4503
347 4734
347 4818
348 379
348 426
348 428
348 750
348 800
348 870
348 950
348 1044
348 1066
348 1106
348 1348
348 1362
348 1397
348 1578
348 1595
348 1636
348 2026
348 2047
348 2103
348 2114
348 2341
348 2362
348 2464
348 2503
348 3093
348 3298
348 3612
348 3634
348 3650
348 3652
348 3677
348 4041
348 4136
348 4271
348 4366
348 4370
348 4384
348 4556
348 4590
348 4697
348 4744
349 506
349 565
349 798
349 952
349 1205
349 1311
349 1368
349 1394
349 1581
349 1685
349 1784
349 1886
349 1910
349 2281
349 2506
349 2639
349 2714
349 2762
349 2961
349 3173
349 3335
349 3883
349 4096
349 4175
349 4261
349 4407
349 4689
349 4720
349 4778
349 4792
349 4890
349 4969
350 725
350 876
350 1031
350 1117
350 1283
350 1524
350 1785
350 1915
350 2245
350 2513
350 2588
350 2722
350 2874
350 2947
350 2948
350 3238
350 3463
350 3513
350 3522
350 3745
350 4450
350 4452
350 4654
351 586
351 1273
351 1508
351 1535
351 1553
351 1830
351 2111
351 2166
351 2528
351 2652
351 2786
351 2791
351 2972
351 3058
351 3451
351 3535
351 3695
351 3869
351 3911
351 4160
351 4173
351 4282
351 4395
351 4564
351 4574
351 4770
352 357
352 468
352 519
352 860
352 955
352 1011
352 1185
352 1337
352 1503
352 1574
352 1632
352 1799
352 1808
352 1812
352 1817
352 1876
352 1956
352 2006
352 2175
352 2183
352 2213
352 2309
352 2348
352 2475
352 2534
352 2616
352 2701
352 2879
352 2936
352 2996
352 3028
352 3053
352 3093
352 3296
352 3427
352 3565
352 3824
352 3843
352 4046
352 4089
352 4121
352 4332
352 4897
353 723
353 794
353 810
353 1298
353 1347
353 1564
353 1687
353 1726
353 1781
353 1788
353 1953
353 1972
353 2263
353 2264
353 2287
353 2320
353 2368
353 2383
353 2530
353 2895
353 2922
353 3080
353 3141
353 3823
353 3967
353 4002
353 4067
353 4119
353 4133
353 4230
353 4340
353 4716
353 4927
353 4941
353 4981
354 639
354 1123
354 1215
354 1498
354 1537
354 1595
354 1824
354 2348
354 2398
354 2510
354 2626
354 2656
354 2786
354 2966
354 3014
354 3216
354 3289
354 3408
354 3555
354 3558
354 3672
354 3959
354 4062
354 4293
354 4324
354 4354
354 4397
354 4539
354 4941
355 422
355 460
355 521
355 569
355 780
355 823
355 1096
355 1397
355 1424
355 1493
355 1505
355 1832
355 1850
355 2004
355 2221
355 2435
355 2507
355 2508
355 2544
355 2601
355 2701
355 2788
355 3186
355 3298
355 3622
355 3826
355 3922
355 4072
355 4159
355 4746
355 4783
356 358
356 377
356 429
356 549
356 707
356 835
356 980
356 1614
356 1811
356 2037
356 2115
356 2158
356 2213
356 2406
356 2595
356 2632
356 2976
356 3029
356 3063
356 3130
356 3143
356 3228
356 3283
356 3603
356 3841
356 4085
356 4358
356 4489
356 4590
356 4639
356 4805
356 4993
357 495
357 622
357 776
357 909
357 1007
357 1098
357 1142
357 1208
357 1224
357 1324
357 1571
357 1647
357 1913
357 2112
357 2198
357 2272
357 2348
357 2399
357 2637
357 2773
357 2906
357 2929
357 2933
357 3137
357 3252
357 3408
357 3437
357 3554
357 3692
357 4182
357 4197
357 4312
357 4398
357 4506
357 4800
357 4936
357 4980
357 4992
358 371
358 430
358 442
358 664
358 859
358 975
358 985
358 1275
358 1365
358 1633
358 1717
358 1759
358 1930
358 2232
358 2594
358 2983
358 3070
358 3449
358 3600
358 3602
358 3616
358 3790
358 4347
358 4593
358 4655
358 4852
359 536
359 568
359 657
359 834
359 942
359 959
359 1124
359 1263
359 1337
359 1375
359 1564
359 2057
359 2069
359 2358
359 2459
359 2481
359 2515
359 2543
359 2617
359 2800
359 2969
359 3103
359 3576
359 3901
359 4094
359 4258
359 4416
359 4513
359 4779
359 4794
359 4814
360 402
360 438
360 498
360 581
360 603
360 1212
360 1214
360 1348
360 1414
360 1546
360 1898
360 1989
360 2323
360 2420
360 2466
360 2497
360 2498
360 2600
360 2601
360 2732
360 2776
360 2777
360 2801
360 2864
360 3138
360 3384
360 3497
360 3555
360 3688
360 3695
360 3814
360 3963
360 4064
360 4093
360 4225
360 4348
360 4355
360 4509
360 4571
360 4587
360 4637
360 4743
360 4822
360 4874
361 449
361 476
361 662
361 694
361 847
361 954
361 1078
361 1242
361 1268
361 1283
361 1304
361 1375
361 1406
361 1771
361 1898
361 1955
361 2312
361 2380
361 2626
361 3202
361 3207
361 3238
361 3270
361 3282
361 3772
361 3833
361 3998
361 4141
361 4388
361 4476
361 4542
361 4899
362 493
362 495
362 567
362 577
362 588
362 711
362 967
362 1182
362 1652
362 1722
362 1764
362 2281
362 2320
362 2686
362 2902
362 3078
362 3338
362 3603
362 3606
362 3702
362 4439
362 4511
362 4767
362 4875
362 4944
363 381
363 647
363 886
363 983
363 1024
363 1168
363 1414
363 1539
363 1604
363 1615
363 1685
363 2031
363 2062
363 2147
363 2332
363 2421
363 2615
363 2625
363 2745
363 2906
363 2908
363 2979
363 2997
363 3013
363 3635
363 3664
363 3707
363 3713
363 3885
363 3996
363 4090
363 4112
363 4268
363 4271
363 4349
363 4377
363 4569
363 4710
363 4809
363 4990
364 520
364 950
364 1068
364 1468
364 1752
364 2304
364 2521
364 2736
364 2738
364 3126
364 3151
364 3336
364 3361
364 3379
364 3461
364 3571
364 3988
364 4204
364 4286
364 4295
364 4397
364 4541
364 4696
364 4698
364 4705
365 366
365 377
365 425
365 481
365 718
365 788
365 869
365 1016
365 1352
365 1400
365 1869
365 2065
365 2439
365 2501
365 2915
365 3079
365 3351
365 3951
365 4168
365 4834
365 4858
366 568
366 1079
366 1516
366 1800
366 1896
366 1900
366 2663
366 2763
366 2984
366 3202
366 3299
366 3339
366 3361
366 3773
366 4169
366 4266
366 4293
366 4354
366 4471
366 4607
366 4722
366 4804
367 569
367 701
367 1268
367 1346
367 1418
367 1599
367 1710
367 1854
367 1858
367 2021
367 2080
367 2426
367 2631
367 2707
367 2833
367 2916
367 3124
367 3180
367 3216
367 3306
367 3569
367 3580
367 4168
367 4327
367 4375
367 4587
368 551
368 994
368 1443
368 1475
368 1676
368 1695
368 1876
368 2053
368 2224
368 2334
368 2651
368 2829
368 2975
368 2993
368 3006
368 3076
368 3537
368 3567
368 3643
368 3996
368 4047
368 4080
368 4352
368 4458
368 4617
368 4906
369 781
369 806
369 973
369 1148
369 1630
369 1637
369 1710
369 2180
369 2217
369 2235
369 2285
369 2821
369 2952
369 3059
369 3060
369 3392
369 3403
369 3418
369 3441
369 3484
369 3684
369 3780
369 3896
369 3959
369 4076
369 4085
369 4191
369 4226
369 4572
369 4695
370 434
370 463
370 801
370 814
370 818
370 972
370 1048
370 1233
370 1410
370 1418
370 1645
370 1852
370 2026
370 2051
370 2152
370 2369
370 2815
370 3377
370 3501
370 3939
370 4149
370 4219
370 4285
370 4293
370 4561
370 4769
370 4902
371 555
371 586
371 597
371 660
371 668
371 785
371 1032
371 1622
371 2089
371 2127
371 2234
371 2246
371 2707
371 2886
371 3702
371 4011
371 4160
371 4184
371 4393
371 4458
371 4462
372 654
372 814
372 821
372 1041
372 1645
372 1657
372 1792
372 1823
372 2009
372 2335
372 2425
372 2492
372 2665
372 2693
372 2779
372 2823
372 3142
372 3143
372 3921
372 3950
372 3992
372 4140
372 4195
372 4233
372 4433
372 4566
372 4689
373 532
373 582
373 782
373 800
373 913
373 966
373 1076
373 1196
373 1331
373 1485
373 1638
373 1711
373 2002
373 2167
373 2414
373 2594
373 2857
373 3437
373 3525
373 3536
373 3569
373 3570
373 3858
373 3956
373 3958
373 4189
373 4347
373 4529
374 646
374 658
374 827
374 840
374 970
374 1089
374 1262
374 1271
374 1354
374 1491
374 1818
374 1886
374 2015
374 2321
374 2539
374 2571
374 2575
374 3100
374 3289
374 3595
374 3605
374 4005
374 4158
374 4196
374 4380
374 4571
374 4592
374 4736
374 4850
374 4990
375 400
375 455
375 486
375 735
375 837
375 899
375 1270
375 1309
375 1321
375 1510
375 1611
375 2185
375 2189
375 2275
375 2389
375 2582
375 2912
375 2984
375 3043
375 3180
375 3231
375 3493
375 3745
375 4313
375 4498
375 4841
375 4958
376 938
376 1007
376 1140
376 1180
376 1279
376 1446
376 1569
376 1666
376 1774
376 1811
376 2151
376 2208
376 2352
376 2391
376 2442
376 2619
376 2660
376 3194
376 3221
376 3409
376 3858
376 3981
376 4024
376 4299
376 4379
376 4417
376 4604
376 4933
377 455
377 873
377 980
377 1095
377 1393
377 1695
377 1781
377 1945
377 1972
377 2577
377 2635
377 2939
377 2975
377 3463
377 3558
377 3588
377 3598
377 3648
377 3729
377 3794
377 3866
377 4454
377 4475
377 4482
377 4625
377 4635
377 4653
377 4746
377 4907
377 4942
377 4959
378 597
378 738
378 1427
378 1542
378 1662
378 1744
378 1777
378 1853
378 2071
378 2082
378 2100
378 2289
378 2353
378 3094
378 3150
378 3157
378 3180
378 3339
378 3514
378 3656
378 3682
378 3714
378 4035
378 4238
378 4381
378 4545
378 4749
378 4850
378 4943
378 4957
378 4992
379 415
379 563
379 596
379 628
379 703
379 1102
379 1185
379 1567
379 1627
379 1686
379 1734
379 1903
379 2693
379 2720
379 3104
379 3111
379 3150
379 3184
379 3459
379 3481
379 4089
379 4302
379 4425
380 391
380 492
380 600
380 723
380 777
380 956
380 1556
380 1635
380 1932
380 2599
380 2663
380 2729
380 2769
380 2803
380 3190
380 3304
380 3413
380 3582
380 3676
380 3886
380 3971
380 4397
380 4433
380 4515
380 4764
381 398
381 711
381 735
381 855
381 1116
381 1166
381 1400
381 1605
381 1767
381 1909
381 2900
381 2912
381 3373
381 3374
381 3606
381 3644
381 3654
381 3765
381 4216
381 4388
381 4394
381 4529
381 4611
381 4918
382 586
382 607
382 796
382 958
382 1397
382 1476
382 1853
382 2118
382 2250
382 2932
382 3006
382 3196
382 3652
382 3754
382 3891
382 3999
382 4345
382 4550
382 4711
383 576
383 619
383 681
383 747
383 1174
383 1254
383 1283
383 1666
383 2064
383 2120
383 2298
383 2317
383 2681
383 2838
383 2869
383 2966
383 3005
383 3116
383 3387
383 3426
383 3679
383 3961
383 4023
383 4269
383 4302
383 4454
383 4489
383 4570
383 4633
383 4687
383 4996
384 538
384 661
384 673
384 1520
384 1727
384 1742
384 1837
384 1910
384 2150
384 2193
384 2194
384 2236
384 2476
384 3370
384 3558
384 3561
384 3606
384 3802
384 3855
384 4102
384 4390
384 4620
384 4651
384 4705
384 4872
384 4971
385 415
385 436
385 785
385 890
385 1536
385 1591
385 1767
385 2063
385 2285
385 2456
385 2736
385 3054
385 3166
385 3276
385 3679
385 4244
385 4300
385 4325
385 4637
385 4746
385 4880
386 855
386 878
386 911
386 1202
386 1344
386 1526
386 1535
386 1588
386 1680
386 1703
386 1807
386 2085
386 2195
386 2211
386 2365
386 2457
386 2472
386 2838
386 2989
386 3030
386 3144
386 3306
386 3315
386 3321
386 3496
386 3984
386 4185
386 4238
386 4313
386 4511
386 4590
386 4776
386 4935
387 392
387 453
387 565
387 683
387 848
387 1000
387 1082
387 1185
387 1227
387 1240
387 1521
387 1828
387 1875
387 2180
387 2270
387 2344
387 2417
387 2921
387 3065
387 3077
387 3163
387 3332
387 3352
387 3534
388 433
388 445
388 565
388 664
388 734
388 881
388 1372
388 1379
388 1539
388 1589
388 1610
388 1679
388 1745
388 1775
388 2229
388 2380
388 2412
388 2485
388 2811
388 2876
388 2938
388 3005
388 3117
388 3624
388 3788
388 3914
388 3921
388 3937
388 3997
388 4055
388 4097
388 4363
388 4597
388 4791
389 425
389 478
389 680
389 853
389 984
389 1194
389 1256
389 1299
389 1361
389 1492
389 1499
389 1755
389 2493
389 2568
389 2633
389 2742
389 2823
389 3024
389 3396
389 3542
389 3560
389 3805
389 3809
389 4001
389 4302
389 4509
389 4605
389 4822
390 822
390 1188
390 1341
390 1526
390 1705
390 1734
390 1954
390 2365
390 2549
390 2622
390 2836
390 3067
390 3219
390 3665
390 3833
390 3995
390 4273
390 4475
391 447
391 471
391 520
391 640
391 669
391 695
391 801
391 862
391 976
391 1765
391 1921
391 2049
391 2224
391 2338
391 2543
391 2658
391 2743
391 2802
391 2899
391 3217
391 3227
391 3303
391 3419
391 4004
391 4098
391 4342
391 4360
391 4573
391 4588
391 4650
391 4747
391 4946
392 1024
392 1072
392 1606
392 1671
392 1701
392 2151
392 2185
392 2742
392 2765
392 2781
392 3046
392 3148
392 3242
392 3558
392 3725
392 3774
392 3803
392 3915
392 4109
392 4183
392 4348
392 4357
392 4792
393 483
393 490
393 724
393 1144
393 1215
393 1454
393 1777
393 2181
393 2203
393 2277
393 2492
393 2532
393 2551
393 2623
393 2711
393 2755
393 2826
393 2966
393 3011
393 3411
393 3414
393 3489
393 3844
393 4030
393 4323
393 4330
393 4474
393 4896
394 607
394 1319
394 1681
394 1703
394 2104
394 2180
394 2263
394 2379
394 2641
394 2710
394 2712
394 2957
394 3218
394 3245
394 3281
394 3455
394 3499
394 3672
394 3719
394 3820
394 4284
394 4312
394 4732
394 4800
395 435
395 663
395 842
395 876
395 905
395 907
395 909
395 935
395 1058
395 1080
395 1191
395 1263
395 1410
395 1816
395 2164
395 2224
395 2292
395 2423
395 2427
395 2521
395 2718
395 2878
395 3012
395 3182
395 3510
395 3609
395 3630
395 3639
395 3679
395 4416
395 4605
395 4651
395 4731
395 4818
395 4883
396 426
396 617
396 723
396 1423
396 1485
396 1503
396 1549
396 1655
396 1839
396 1929
396 1953
396 1955
396 2051
396 2222
396 2466
396 2736
396 2760
396 3009
396 3156
396 3187
396 3200
396 3299
396 3301
396 3534
396 3677
396 3809
396 3968
396 4118
396 4161
396 4344
396 4377
396 4548
396 4605
396 4727
396 4755
396 4891
396 4923
396 4967
396 4970
397 564
397 751
397 759
397 917
397 1204
397 1281
397 1365
397 1406
397 1891
397 1919
397 1940
397 2116
397 2313
397 2423
397 2455
397 2535
397 2649
397 2663
397 3525
397 3802
397 4092
397 4321
397 4323
397 4439
397 4613
397 4799
397 4854
397 4895
398 470
398 633
398 753
398 824
398 928
398 932
398 971
398 1470
398 1532
398 2175
398 2202
398 2353
398 2529
398 2643
398 2844
398 2893
398 3360
398 3498
398 3964
398 4008
398 4591
398 4711
398 4727
398 4910
398 4952
398 4974
399 938
399 1066
399 1123
399 1396
399 1486
399 1541
399 1799
399 1879
399 1971
399 2027
399 2032
399 2090
399 2147
399 2773
399 2953
399 3058
399 3213
399 3522
399 3694
399 3739
399 4160
399 4316
399 4591
399 4747
399 4965
400 417
400 435
400 524
400 986
400 1025
400 1503
400 1563
400 1961
400 2001
400 2006
400 2088
400 2167
400 2202
400 2388
400 3502
400 3579
400 3586
400 3737
400 3997
400 4357
400 4409
400 4412
400 4694
400 4729
401 473
401 771
401 1329
401 1336
401 1455
401 1582
401 1827
401 1922
401 1961
401 2378
401 2530
401 3198
401 3227
401 3602
401 3681
401 3890
401 3997
401 4089
401 4108
401 4143
401 4145
401 4466
401 4476
401 4510
401 4571
401 4883
401 4937
402 539
402 868
402 1000
402 1596
402 1713
402 1803
402 1937
402 1946
402 2150
402 2153
402 2259
402 2404
402 2449
402 2575
402 3224
402 3863
402 4094
402 4630
402 4864
402 4994
403 965
403 966
403 971
403 1059
403 1179
403 1228
403 1253
403 1368
403 1434
403 1660
403 1840
403 1878
403 1986
403 2107
403 2192
403 2373
403 2385
403 2433
403 2464
403 2519
403 2713
403 2807
403 2830
403 2988
403 3431
403 3663
403 3923
403 4147
403 4192
403 4811
404 417
404 459
404 519
404 647
404 717
404 1042
404 1182
404 1217
404 1309
404 1433
404 1530
404 1532
404 1756
404 1888
404 1910
404 1943
404 1975
404 2027
404 2116
404 2287
404 2364
404 2700
404 3414
404 3453
404 3487
404 3665
404 3841
404 4017
404 4400
404 4608
404 4652
404 4815
405 844
405 982
405 1142
405 1298
405 1385
405 1611
405 1785
405 1838
405 2090
405 2133
405 2165
405 2262
405 2498
405 2808
405 2838
405 2913
405 2977
405 3103
405 3493
405 3652
405 3675
405 3785
405 4022
405 4116
405 4128
405 4190
405 4620
405 4695
405 4753
406 871
406 986
406 1457
406 1881
406 1925
406 2039
406 2203
406 2213
406 2458
406 2588
406 2790
406 2799
406 3109
406 3133
406 3318
406 3682
406 4922
406 4985
406 4994
407 486
407 567
407 613
407 767
407 799
407 830
407 1409
407 1425
407 1939
407 2022
407 2322
407 2324
407 2447
407 2517
407 2667
407 3006
407 3018
407 3061
407 3107
407 3519
407 3676
407 3769
407 3771
407 3821
407 3827
407 3955
407 4117
407 4162
407 4249
407 4324
407 4537
407 4569
407 4657
407 4716
408 927
408 1183
408 1272
408 1398
408 1423
408 1493
408 1515
408 1823
408 1929
408 2115
408 2654
408 2828
408 2863
408 3001
408 3295
408 3414
408 3589
408 3938
408 4348
408 4791
408 4802
408 4859
409 718
409 958
409 995
409 1054
409 1208
409 1275
409 1296
409 1482
409 1590
409 1644
409 1856
409 1927
409 2117
409 2212
409 2369
409 2390
409 2473
409 2563
409 2599
409 2696
409 3138
409 3355
409 3401
409 3434
409 3648
409 4094
409 4668
409 4791
409 4831
409 4853
409 4885
410 513
410 570
410 648
410 1115
410 1124
410 1329
410 1608
410 1962
410 1968
410 1971
410 2069
410 2171
410 2429
410 2436
410 2526
410 2871
410 3263
410 3479
410 3673
410 3816
410 3849
410 3873
410 4084
410 4263
410 4416
410 4458
410 4472
410 4681
410 4738
411 556
411 629
411 653
411 1078
411 1132
411 1306
411 1352
411 1369
411 1474
411 1488
411 1771
411 1887
411 2033
411 2256
411 2757
411 2779
411 2951
411 3408
411 3543
411 3822
411 3829
411 3949
411 4037
411 4063
411 4221
411 4426
411 4579
411 4624
411 4684
411 4751
411 4787
412 650
412 969
412 996
412 1055
412 1493
412 1788
412 1920
412 2012
412 2339
412 2550
412 2655
412 2681
412 2754
412 2925
412 2974
412 3023
412 3549
412 3987
412 4129
412 4163
412 4482
412 4536
412 4588
412 4645
412 4739
412 4826
413 465
413 502
413 792
413 1081
413 1252
413 1533
413 1680
413 1694
413 1719
413 1968
413 2251
413 2259
413 2514
413 2594
413 2930
413 3020
413 3035
413 3062
413 3184
413 3287
413 3294
413 3367
413 3461
413 3504
413 3545
413 3629
413 3693
413 3698
413 4497
413 4807
414 479
414 491
414 558
414 1038
414 1070
414 1578
414 1725
414 1832
414 1931
414 1950
414 2016
414 2091
414 2306
414 2385
414 2390
414 2392
414 2620
414 2623
414 2673
414 3077
414 3204
414 3242
414 3564
414 4299
414 4549
414 4594
414 4725
414 4746
415 988
415 1181
415 1832
415 1874
415 1900
415 2018
415 2023
415 2035
415 2401
415 2430
415 2540
415 2718
415 2975
415 3128
415 3158
415 3581
415 3777
415 3843
415 3946
415 4169
415 4760
415 4851
416 458
416 623
416 667
416 748
416 1059
416 1093
416 1364
416 1630
416 1631
416 1693
416 1896
416 2112
416 2152
416 2199
416 2213
416 2261
416 2431
416 2537
416 2538
416 2603
416 2947
416 3004
416 3138
416 3616
416 3691
416 3703
416 4154
416 4357
416 4384
416 4740
416 4754
417 506
417 511
417 722
417 1252
417 1283
417 1611
417 1873
417 2176
417 2192
417 2240
417 2244
417 2533
417 2633
417 2940
417 2991
417 3072
417 3276
417 3543
417 3701
417 3832
417 4084
417 4149
417 4265
417 4305
417 4358
417 4452
417 4557
417 4635
417 4666
417 4889
417 4949
417 4961
418 515
418 686
418 783
418 1078
418 1104
418 1109
418 1273
418 1387
418 1742
418 1747
418 1848
418 1964
418 2131
418 2232
418 2297
418 2337
418 2487
418 2652
418 2681
418 2830
418 3015
418 3579
418 3625
418 4053
418 4172
418 4203
418 4489
418 4682
418 4690
418 4915
419 446
419 723
419 736
419 796
419 1446
419 1604
419 1767
419 1802
419 2001
419 2064
419 2398
419 2476
419 2643
419 2728
419 2774
419 2990
419 3192
419 3489
419 3832
419 3838
419 3868
419 3883
419 4025
419 4123
419 4147
419 4417
419 4575
419 4602
419 4721
420 677
420 1168
420 1231
420 1523
420 1622
420 2083
420 2140
420 2842
420 2867
420 2870
420 3208
420 3232
420 3773
420 3866
420 4138
420 4381
420 4791
420 4847
421 482
421 513
421 546
421 659
421 677
421 1035
421 1387
421 1635
421 1670
421 1707
421 1864
421 2216
421 2234
421 2255
421 2354
421 2733
421 2741
421 2887
421 3552
421 3575
421 3624
421 3723
421 3731
421 3751
421 3895
421 3918
421 4087
421 4157
421 4294
421 4461
421 4651
421 4872
421 4938
422 578
422 625
422 665
422 682
422 954
422 978
422 1060
422 1297
422 1501
422 1742
422 1827
422 2366
422 2491
422 2864
422 2973
422 3230
422 3411
422 3520
422 3829
422 3839
422 3883
422 3895
422 4147
422 4156
422 4268
422 4280
422 4352
422 4835
422 4845
422 4943
423 441
423 798
423 1154
423 1234
423 1245
423 1250
423 1296
423 1308
423 1354
423 1362
423 1870
423 1883
423 1917
423 2089
423 2154
423 2837
423 2855
423 2955
423 3067
423 3105
423 3262
423 3319
423 3659
423 3832
423 4157
423 4309
424 737
424 743
424 907
424 1025
424 1323
424 1437
424 2076
424 2284
424 2619
424 2936
424 3030
424 3218
424 3281
424 4127
424 4130
424 4229
424 4249
424 4388
424 4419
424 4456
424 4588
425 470
425 776
425 875
425 987
425 1063
425 1378
425 1572
425 1598
425 1840
425 1891
425 2169
425 2529
425 2595
425 2636
425 2851
425 2977
425 3094
425 3342
425 4114
425 4152
425 4195
425 4264
425 4409
425 4624
425 4689
425 4837
425 4851
425 4864
425 4930
426 437
426 545
426 747
426 887
426 1070
426 1076
426 1377
426 1442
426 1446
426 1606
426 1611
426 1728
426 1814
426 1858
426 1960
426 2080
426 2161
426 2165
426 2339
426 2400
426 2464
426 2802
426 2889
426 3056
426 3159
426 3252
426 3364
426 3463
426 3550
426 3750
426 4087
426 4681
426 4706
426 4762
426 4956
427 568
427 688
427 689
427 891
427 892
427 994
427 1055
427 1305
427 1501
427 1993
427 2074
427 2127
427 2240
427 2416
427 2515
427 2540
427 2708
427 2756
427 2831
427 3109
427 3158
427 3248
427 3590
427 3873
427 3928
427 4006
427 4033
427 4156
427 4182
427 4306
427 4354
427 4749
427 4978
427 4990
428 668
428 703
428 787
428 802
428 867
428 902
428 1059
428 1088
428 1109
428 1290
428 1294
428 1314
428 1723
428 1972
428 2203
428 2328
428 2371
428 2441
428 2648
428 2746
428 2866
428 3002
428 3101
428 3222
428 3230
428 3231
428 3462
428 3483
428 3717
428 3722
428 4108
428 4273
428 4315
428 4423
428 4527
428 4666
428 4812
428 4873
428 4989
429 590
429 650
429 661
429 1205
429 1435
429 1719
429 1974
429 2020
429 2046
429 2049
429 2324
429 2563
429 2584
429 2773
429 3083
429 3098
429 3399
429 3405
429 3435
429 3719
429 3870
429 3974
429 4180
429 4305
429 4525
429 4616
429 4696
429 4860
429 4913
430 528
430 643
430 820
430 1057
430 1172
430 1301
430 1638
430 2027
430 2191
430 2315
430 2321
430 3183
430 3254
430 3607
430 3797
430 3836
430 3849
430 4351
430 4369
430 4396
430 4674
431 592
431 749
431 877
431 1331
431 1340
431 1393
431 1442
431 1490
431 1552
431 1905
431 2403
431 2478
431 2614
431 2697
431 2918
431 3211
431 3218
431 3302
431 3527
431 3701
431 3840
431 3962
431 4202
431 4534
431 4585
431 4682
431 4700
431 4788
432 510
432 768
432 893
432 1091
432 1247
432 1290
432 1364
432 1766
432 1803
432 1828
432 1862
432 2093
432 2200
432 2487
432 2664
432 2694
432 2752
432 3366
432 3505
432 4050
432 4292
432 4871
432 4935
432 4947
432 4975
433 627
433 634
433 741
433 774
433 830
433 940
433 1030
433 1491
433 1929
433 1934
433 1957
433 2055
433 2148
433 2440
433 2486
433 2529
433 2690
433 2721
433 2727
433 2905
433 2982
433 3014
433 3242
433 3829
433 3876
433 3945
433 4743
433 4763
434 833
434 968
434 1153
434 1269
434 1550
434 1638
434 1747
434 1798
434 1947
434 2103
434 2470
434 2554
434 2939
434 3034
434 3095
434 3105
434 3223
434 3718
434 4650
434 4926
434 4932
435 531
435 558
435 755
435 934
435 970
435 976
435 1042
435 1309
435 1804
435 1928
435 1999
435 2447
435 2613
435 3339
435 3406
435 3547
435 3821
435 3950
435 4207
435 4412
435 4766
435 4809
436 531
436 626
436 682
436 779
436 837
436 1201
436 1616
436 1829
436 1897
436 2224
436 2260
436 2275
436 2307
436 2341
436 2495
436 2949
436 2964
436 3031
436 3115
436 3335
436 3425
436 3444
436 3735
436 4079
436 4086
436 4366
436 4473
436 4625
436 4640
436 4958
437 709
437 845
437 898
437 1520
437 1553
437 1561
437 1769
437 1979
437 2073
437 2122
437 2206
437 2629
437 2755
437 3047
437 3131
437 3201
437 3252
437 3276
437 3838
437 3865
437 4586
437 4662
437 4854
438 828
438 874
438 900
438 1143
438 1237
438 1336
438 1475
438 1508
438 1610
438 1785
438 1832
438 1923
438 2463
438 2503
438 2702
438 2731
438 2779
438 2935
438 2963
438 4016
438 4131
438 4170
438 4591
438 4798
438 4847
439 498
439 554
439 636
439 779
439 863
439 1130
439 1373
439 1424
439 1635
439 1862
439 1878
439 1991
439 2011
439 2050
439 2216
439 2218
439 2260
439 2265
439 2360
439 2401
439 2417
439 2613
439 2795
439 3351
439 3736
439 3922
439 3999
439 4002
439 4283
439 4978
440 1057
440 1141
440 1361
440 1508
440 1543
440 1912
440 1949
440 2116
440 2416
440 2470
440 2657
440 2778
440 2819
440 2929
440 3107
440 3239
440 3401
440 3715
440 4157
440 4182
440 4258
440 4347
440 4533
440 4654
440 4898
440 4900
441 514
441 654
441 1032
441 1710
441 1767
441 1791
441 1857
441 2071
441 2601
441 2889
441 2906
441 2917
441 3088
441 3234
441 3349
441 3715
441 3872
441 4308
441 4678
441 4722
441 4883
441 4906
441 4980
442 604
442 621
442 822
442 1030
442 1409
442 1503
442 1633
442 1815
442 2072
442 2184
442 2390
442 2407
442 2489
442 2577
442 2587
442 2627
442 2831
442 3000
442 3119
442 3256
442 3290
442 3323
442 3497
442 4007
442 4104
442 4128
442 4133
442 4153
442 4234
442 4271
442 4299
442 4310
442 4417
442 4594
442 4750
442 4968
443 672
443 834
443 895
443 906
443 937
443 1225
443 1254
443 1305
443 1430
443 1472
443 1483
443 1493
443 1560
443 1578
443 1835
443 1857
443 1967
443 2163
443 2273
443 2289
443 2340
443 2433
443 2713
443 3095
443 3126
443 3141
443 3195
443 3373
443 3519
443 3520
443 3541
443 3744
443 3868
443 3982
443 4014
443 4473
443 4618
443 4901
444 456
444 654
444 878
444 911
444 920
444 1234
444 1262
444 1525
444 1551
444 1590
444 2202
444 2579
444 2644
444 2883
444 3150
444 3175
444 3519
444 3555
444 3701
444 4096
444 4144
444 4152
444 4309
444 4450
445 755
445 862
445 965
445 1374
445 1834
445 1921
445 1965
445 1986
445 2085
445 2165
445 2246
445 2496
445 2561
445 2605
445 2610
445 2635
445 2886
445 3000
445 3100
445 3258
445 3477
445 3724
445 3957
445 4298
445 4543
445 4762
445 4810
446 696
446 709
446 796
446 990
446 1031
446 1403
446 1512
446 1584
446 1589
446 1593
446 2295
446 2410
446 2531
446 2550
446 2818
446 3099
446 3125
446 3165
446 3232
446 3288
446 3329
446 3435
447 463
447 686
447 881
447 1196
447 1565
447 1607
447 1814
447 1942
447 2303
447 2305
447 2460
447 2610
447 2776
447 2883
447 2977
447 3111
447 3246
447 3392
447 3556
447 3719
447 3767
447 3837
447 3991
447 4092
447 4124
447 4380
447 4419
447 4507
447 4716
447 4902
448 532
448 615
448 703
448 724
448 770
448 926
448 1056
448 1063
448 1165
448 1193
448 1295
448 1347
448 1365
448 1386
448 1410
448 1416
448 1421
448 1461
448 1478
448 1630
448 1758
448 2138
448 2168
448 2224
448 2314
448 2515
448 2636
448 3077
448 3208
448 3350
448 3856
448 4176
448 4307
448 4333
448 4568
449 507
449 533
449 643
449 698
449 793
449 810
449 930
449 1585
449 1905
449 2059
449 2269
449 2451
449 2617
449 2622
449 3202
449 3329
449 3449
449 3521
449 4015
449 4030
449 4064
449 4206
449 4317
449 4511
449 4764
449 4795
450 613
450 707
450 814
450 859
450 951
450 1049
450 1075
450 1375
450 1578
450 1692
450 2372
450 2837
450 2905
450 2988
450 3061
450 3435
450 3457
450 3463
450 3488
450 3585
450 3838
450 4098
450 4225
450 4227
450 4254
450 4357
451 493
451 523
451 542
451 558
451 649
451 784
451 1129
451 1164
451 1276
451 1370
451 1430
451 1601
451 1707
451 2179
451 2490
451 2503
451 2684
451 2702
451 2949
451 3184
451 3331
451 3545
451 3885
451 4133
451 4311
451 4467
451 4532
451 4834
451 4942
452 689
452 819
452 946
452 1367
452 1524
452 1667
452 1900
452 1908
452 2113
452 2453
452 2495
452 2656
452 2722
452 2725
452 3311
452 3463
452 3483
452 3675
452 3753
452 4105
452 4365
452 4481
452 4767
452 4885
453 497
453 513
453 544
453 578
453 622
453 989
453 1101
453 1220
453 1235
453 1242
453 1376
453 1746
453 1774
453 2017
453 2019
453 2026
453 2096
453 2134
453 2165
453 2245
453 2413
453 2433
453 2592
453 2736
453 2752
453 2827
453 2835
453 2894
453 2960
453 3219
453 3459
453 3540
453 4392
453 4554
453 4656
453 4989
454 577
454 676
454 710
454 866
454 923
454 1019
454 1116
454 1146
454 1211
454 1261
454 1615
454 1988
454 2422
454 2510
454 2701
454 2813
454 2893
454 2968
454 3127
454 3254
454 3435
454 3471
454 3525
454 3689
454 3792
454 3833
454 4018
454 4140
454 4245
454 4369
454 4747
454 4858
455 581
455 814
455 881
455 1158
455 1509
455 1625
455 1637
455 1705
455 1879
455 2006
455 2189
455 2377
455 2732
455 2801
455 3154
455 3216
455 3687
455 3688
455 4238
455 4305
455 4476
455 4479
455 4554
455 4787
455 4975
456 535
456 733
456 819
456 928
456 1002
456 1112
456 1157
456 1442
456 1713
456 2000
456 2072
456 2358
456 2415
456 2864
456 2894
456 2898
456 3072
456 3106
456 3234
456 3447
456 3631
456 3782
456 3793
456 4206
456 4229
456 4311
456 4360
456 4495
456 4745
456 4754
456 4826
457 517
457 583
457 617
457 1150
457 1198
457 1229
457 1597
457 2065
457 2340
457 2510
457 2522
457 2653
457 2723
457 2853
457 2874
457 2959
457 2983
457 3123
457 3268
457 3274
457 3289
457 3301
457 4028
457 4056
457 4093
457 4100
457 4704
458 726
458 921
458 1079
458 1094
458 1144
458 1589
458 1610
458 2105
458 2273
458 2363
458 2476
458 2605
458 3019
458 3033
458 3054
458 3106
458 3109
458 3242
458 3369
458 3373
458 3490
458 3692
458 3869
458 3915
458 3999
458 4297
458 4379
458 4548
458 4657
458 4712
459 606
459 813
459 1025
459 1293
459 1327
459 1437
459 1459
459 1488
459 1553
459 1958
459 2539
459 2622
459 2838
459 2930
459 3146
459 3152
459 3293
459 3552
459 3649
459 3701
459 3727
459 3751
459 3866
459 4100
459 4134
459 4329
459 4372
460 615
460 787
460 880
460 1020
460 1031
460 1075
460 1118
460 1225
460 1244
460 1306
460 1344
460 1412
460 1554
460 1666
460 1790
460 1890
460 2081
460 2134
460 2221
460 2357
460 2477
460 2883
460 2894
460 3034
460 3181
460 3406
460 3802
460 3873
460 4140
460 4295
460 4479
460 4755
460 4843
460 4912
461 540
461 809
461 869
461 1031
461 1235
461 1381
461 1578
461 1595
461 1765
461 1774
461 1776
461 2073
461 2113
461 2176
461 2235
461 2284
461 2574
461 3067
461 3242
461 3557
461 4029
461 4376
461 4847
461 4963
462 888
462 1141
462 1397
462 1494
462 1683
462 1727
462 1798
462 2317
462 2550
462 2621
462 2622
462 2801
462 2938
462 3025
462 3065
462 3088
462 3166
462 3543
462 3962
462 4034
462 4084
462 4184
462 4536
462 4604
462 4911
462 4932
463 528
463 758
463 945
463 1271
463 1415
463 1426
463 1452
463 1521
463 1695
463 1931
463 2162
463 2490
463 2539
463 2550
463 2573
463 2615
463 2617
463 2666
463 3127
463 3446
463 3563
463 3632
463 4122
463 4512
463 4588
463 4594
463 4634
463 4645
463 4710
463 4716
463 4743
463 4764
463 4815
464 511
464 633
464 642
464 769
464 972
464 1098
464 1163
464 1352
464 1717
464 1743
464 1761
464 1881
464 2061
464 2157
464 2197
464 2318
464 2611
464 2690
464 2972
464 3034
464 3040
464 3046
464 3247
464 3400
464 3590
464 3665
464 3794
464 3916
464 3998
464 4019
464 4215
464 4262
464 4547
464 4702
465 1159
465 1218
465 1219
465 1268
465 1503
465 1581
465 1950
465 2069
465 2124
465 2478
465 3615
465 3688
465 3777
465 3782
465 4110
465 4278
465 4400
465 4423
465 4599
465 4718
465 4830
465 4894
465 4920
466 475
466 564
466 600
466 654
466 1077
466 1343
466 1540
466 1718
466 2068
466 2072
466 2141
466 2204
466 2730
466 2794
466 2802
466 3347
466 3511
466 3602
466 3840
466 3869
466 3890
466 4136
466 4162
466 4187
466 4301
466 4503
466 4629
466 4779
466 4942
466 4974
467 468
467 536
467 677
467 913
467 1427
467 1695
467 1727
467 1744
467 2000
467 2013
467 2068
467 2410
467 2694
467 3037
467 3154
467 3611
467 3956
467 4469
467 4747
467 4813
467 4834
468 597
468 985
468 1102
468 1320
468 1435
468 1611
468 1739
468 1817
468 2049
468 2090
468 2296
468 2475
468 2596
468 2681
468 2727
468 2883
468 3158
468 3272
468 3451
468 3755
468 3946
468 4360
468 4515
468 4573
468 4687
468 4939
468 4946
469 617
469 634
469 647
469 696
469 705
469 718
469 728
469 914
469 934
469 1016
469 1360
469 1938
469 2310
469 2397
469 2412
469 2450
469 2681
469 2701
469 2725
469 2743
469 2770
469 2913
469 2958
469 2965
469 3093
469 3202
469 3213
469 4088
469 4299
469 4463
469 4571
469 4688
469 4709
470 678
470 744
470 762
470 1107
470 1126
470 1145
470 1238
470 1264
470 1299
470 1312
470 1336
470 1488
470 1553
470 1667
470 1778
470 1838
470 1917
470 2122
470 2177
470 2193
470 2346
470 2399
470 2727
470 2939
470 3361
470 3549
470 3999
470 4002
470 4218
470 4460
470 4686
470 4724
470 4733
471 941
471 1171
471 1257
471 1343
471 1397
471 1648
471 1978
471 2066
471 2140
471 2482
471 2925
471 3094
471 3303
471 3517
471 3674
471 3896
471 4078
471 4116
471 4290
471 4685
472 524
472 765
472 837
472 907
472 1267
472 1340
472 1345
472 1402
472 1703
472 1705
472 1728
472 1854
472 2290
472 2499
472 2570
472 2898
472 2906
472 2958
472 2984
472 3111
472 3367
472 3602
472 3929
472 3987
473 569
473 582
473 602
473 911
473 1097
473 1161
473 1195
473 1485
473 1764
473 1826
473 1952
473 2425
473 2430
473 3024
473 3085
473 3131
473 3550
473 3581
473 3708
473 3741
473 3766
473 3860
473 4240
473 4308
473 4313
473 4326
473 4488
473 4600
473 4642
473 4816
473 4935
473 4979
474 630
474 1098
474 1201
474 1331
474 1402
474 1696
474 1834
474 2235
474 2409
474 2800
474 2909
474 2938
474 3030
474 3071
474 3351
474 3355
474 3723
474 4050
474 4205
474 4219
474 4324
474 4390
474 4596
474 4836
474 4951
475 547
475 1095
475 1144
475 1365
475 1459
475 1750
475 2102
475 2780
475 3101
475 3382
475 4002
475 4041
475 4078
475 4124
475 4209
475 4405
475 4489
475 4684
475 4876
476 723
476 1029
476 1314
476 1471
476 1581
476 1631
476 1639
476 1802
476 2498
476 2681
476 2718
476 3028
476 3119
476 3268
476 3394
476 3809
476 4420
476 4625
476 4663
476 4826
476 4954
477 565
477 808
477 938
477 971
477 1014
477 1360
477 1402
477 1463
477 1467
477 1632
477 2013
477 2018
477 2035
477 2127
477 2246
477 2291
477 2672
477 2760
477 2899
477 2930
477 3370
477 3421
477 3424
477 4220
477 4335
477 4405
477 4536
477 4555
477 4587
477 4831
477 4882
478 666
478 849
478 1183
478 1384
478 1639
478 1717
478 2076
478 2235
478 2323
478 2410
478 2485
478 2614
478 2709
478 3022
478 3037
478 3134
478 3199
478 3226
478 3459
478 3588
478 3601
478 3711
478 3966
478 3972
478 4280
478 4724
478 4887
478 4939
479 518
479 757
479 926
479 1140
479 1503
479 1554
479 1716
479 1749
479 1805
479 2115
479 2117
479 2363
479 2385
479 2544
479 2560
479 2633
479 2712
479 2790
479 2851
479 2940
479 3280
479 3312
479 3326
479 3381
479 3397
479 3728
479 4328
479 4348
479 4729
479 4834
479 4864
479 4975
480 649
480 1021
480 1075
480 1145
480 1198
480 1392
480 1427
480 1514
480 1627
480 1667
480 1761
480 1888
480 2130
480 2228
480 2300
480 2489
480 2632
480 2679
480 3021
480 3249
480 3521
480 3851
480 3852
480 3955
480 3979
480 4098
480 4209
480 4439
480 4476
480 4783
480 4790
480 4854
480 4999
481 956
481 982
481 1055
481 1057
481 1102
481 1375
481 1470
481 1657
481 1915
481 2002
481 2310
481 2333
481 2549
481 2630
481 2670
481 2816
481 3001
481 3078
481 3172
481 3283
481 3325
481 3364
481 3506
481 3597
481 3785
481 3878
481 4127
481 4342
481 4443
481 4513
481 4518
481 4565
481 4710
481 4771
481 4790
481 4920
481 4938
481 4974
482 522
482 656
482 1015
482 1143
482 1170
482 1605
482 1744
482 1991
482 2055
482 2328
482 2485
482 2544
482 2778
482 2781
482 2816
482 3153
482 3155
482 3202
482 3264
482 3273
482 3397
482 3562
482 3650
482 3877
482 3886
482 3927
482 3936
482 4063
482 4348
482 4358
482 4382
482 4412
482 4425
482 4534
482 4657
482 4849
483 783
483 786
483 1143
483 1144
483 1301
483 1343
483 1418
483 1502
483 1516
483 2120
483 2151
483 2186
483 2315
483 2338
483 2506
483 2711
483 2830
483 2933
483 3037
483 3072
483 3106
483 3442
483 3590
483 3623
483 3671
483 3689
483 3856
483 3925
483 4172
483 4177
483 4642
483 4680
483 4760
483 4984
484 656
484 715
484 1733
484 1804
484 1865
484 1955
484 2337
484 2548
484 2687
484 2859
484 2902
484 3153
484 3202
484 3328
484 3455
484 3581
484 3634
484 3641
484 3738
484 3814
484 3892
484 4125
484 4159
484 4200
484 4365
484 4396
484 4555
484 4936
484 4968
485 557
485 584
485 798
485 827
485 988
485 1210
485 1348
485 1515
485 1545
485 1999
485 2060
485 2086
485 2257
485 2395
485 2615
485 2659
485 2738
485 2950
485 2967
485 3167
485 3191
485 3201
485 3241
485 3328
485 3857
485 4448
485 4485
485 4969
486 567
486 787
486 1210
486 1366
486 1650
486 1793
486 1816
486 1853
486 1877
486 2043
486 2060
486 2089
486 2414
486 2494
486 2620
486 2730
486 3063
486 3562
486 3948
486 4057
486 4213
486 4317
486 4401
486 4542
486 4652
486 4693
486 4696
486 4739
486 4757
486 4988
487 1029
487 1103
487 1130
487 1131
487 1155
487 1209
487 1426
487 1496
487 1506
487 1633
487 1676
487 1810
487 2111
487 2268
487 2440
487 2477
487 2493
487 2609
487 2794
487 3331
487 3495
487 3979
487 4092
487 4241
487 4505
487 4614
487 4632
487 4736
487 4759
487 4820
487 4897
487 4973
487 4974
487 4998
488 594
488 865
488 932
488 980
488 1293
488 1444
488 1522
488 1682
488 1845
488 2105
488 2202
488 2376
488 2519
488 2567
488 2654
488 2660
488 2895
488 3354
488 3936
488 3976
488 4335
488 4641
488 4801
489 648
489 756
489 765
489 1234
489 1613
489 1896
489 2272
489 2470
489 2593
489 2916
489 3053
489 3093
489 3281
489 3507
489 3640
489 3732
489 4101
489 4261
489 4262
489 4332
489 4790
490 621
490 636
490 715
490 865
490 947
490 1134
490 1305
490 1419
490 1526
490 1546
490 1890
490 2040
490 2119
490 2281
490 2556
490 2651
490 2860
490 3193
490 3304
490 3340
490 3787
490 3822
490 3849
490 4029
490 4097
490 4167
490 4256
490 4412
490 4458
490 4509
490 4896
491 496
491 504
491 522
491 658
491 785
491 970
491 991
491 1059
491 1441
491 1610
491 1651
491 1746
491 1925
491 2255
491 2482
491 2483
491 2494
491 2527
491 3014
491 3082
491 3096
491 3124
491 3155
491 3231
491 3419
491 3507
491 3558
491 3681
491 3686
491 3718
491 4008
491 4063
491 4160
491 4376
491 4416
492 793
492 1099
492 1674
492 1830
492 1853
492 2084
492 2181
492 2205
492 2243
492 2531
492 2713
492 2890
492 2894
492 3468
492 3623
492 3806
492 4052
492 4267
492 4643
492 4954
492 4977
493 803
493 870
493 906
493 978
493 1089
493 1282
493 1333
493 1573
493 2220
493 2231
493 2263
493 2367
493 2478
493 2914
493 2931
493 3074
493 3163
493 3182
493 3203
493 3289
493 3361
493 3395
493 3621
493 3956
493 4033
493 4066
493 4255
493 4501
493 4777
493 4824
493 4902
493 4914
493 4925
494 583
494 696
494 703
494 820
494 1076
494 1095
494 1126
494 1463
494 1526
494 1583
494 1634
494 1952
494 2030
494 2236
494 2504
494 2695
494 2974
494 3013
494 3104
494 3185
494 3526
494 4478
494 4555
494 4847
494 4878
494 4882
495 655
495 698
495 1272
495 1314
495 1981
495 2006
495 2062
495 2223
495 2672
495 3171
495 3225
495 3270
495 3360
495 3470
495 3766
495 3792
495 3854
495 3889
495 4483
495 4516
495 4831
496 747
496 951
496 1031
496 1259
496 1494
496 1500
496 1573
496 1775
496 1802
496 1851
496 1861
496 2157
496 2162
496 2180
496 2753
496 3136
496 3253
496 3332
496 3526
496 3628
496 4202
496 4457
496 4540
496 4545
496 4630
496 4923
496 4931
496 4966
497 784
497 1113
497 1250
497 1568
497 2168
497 2802
497 3020
497 3252
497 3300
497 3360
497 3533
497 3900
497 3912
497 4040
497 4265
497 4579
497 4633
497 4840
497 4937
498 678
498 786
498 806
498 1000
498 1245
498 1289
498 1522
498 1997
498 2349
498 2426
498 2510
498 2776
498 2783
498 2886
498 3107
498 3224
498 3373
498 3528
498 3614
498 3651
498 3680
498 4004
498 4078
498 4184
498 4279
498 4426
498 4747
499 579
499 666
499 813
499 868
499 1157
499 1266
499 1355
499 1380
499 1719
499 1796
499 2575
499 2685
499 3125
499 3378
499 3493
499 3507
499 4493
499 4496
499 4907
500 548
500 685
500 900
500 1260
500 1447
500 1478
500 1691
500 2017
500 2073
500 2705
500 2988
500 3004
500 3047
500 3433
500 3720
500 3727
500 4453
500 4704
500 4720
500 4815
500 4950
501 607
501 650
501 664
501 678
501 703
501 825
501 826
501 1139
501 1240
501 1472
501 1553
501 1563
501 1595
501 1815
501 1888
501 2037
501 2671
501 2721
501 2755
501 2861
501 2952
501 3011
501 3058
501 3097
501 3185
501 3539
501 4181
501 4587
501 4729
501 4852
502 600
502 890
502 974
502 1180
502 1259
502 1477
502 1785
502 1851
502 1853
502 1889
502 1997
502 2161
502 2783
502 3168
502 3218
502 3357
502 3386
502 3648
502 4414
502 4446
502 4863
503 516
503 546
503 554
503 602
503 932
503 1198
503 1205
503 1208
503 1418
503 1514
503 1757
503 2393
503 2633
503 2730
503 2800
503 2901
503 3194
503 3362
503 3406
503 3502
503 4132
503 4193
503 4554
503 4623
504 522
504 1039
504 1086
504 1188
504 1234
504 1325
504 1426
504 1593
504 1610
504 1628
504 1782
504 1786
504 1844
504 2426
504 2516
504 2828
504 2848
504 2857
504 3108
504 3127
504 3294
504 3305
504 3457
504 3886
504 4167
504 4214
504 4416
504 4421
504 4480
504 4638
504 4839
504 4904
505 704
505 860
505 986
505 1011
505 1018
505 1204
505 1364
505 1415
505 1657
505 1916
505 1991
505 2123
505 2127
505 2335
505 2388
505 2420
505 2449
505 2499
505 2740
505 2803
505 2817
505 2917
505 3540
505 3722
505 4076
505 4160
505 4317
505 4492
505 4603
505 4795
505 4873
506 570
506 797
506 809
506 830
506 894
506 1365
506 1425
506 1593
506 2165
506 2395
506 2645
506 2726
506 2728
506 3056
506 3126
506 3170
506 3328
506 3420
506 3545
506 3727
506 3893
506 3948
506 3955
506 4188
506 4334
506 4361
506 4434
506 4456
506 4625
507 585
507 669
507 761
507 774
507 1160
507 1283
507 1410
507 1413
507 1518
507 1628
507 1838
507 1897
507 1931
507 2029
507 2172
507 2209
507 2367
507 2546
507 2875
507 3087
507 3814
507 4155
508 548
508 665
508 742
508 760
508 857
508 858
508 1276
508 1436
508 1496
508 1863
508 1950
508 1990
508 2026
508 2374
508 2885
508 3446
508 3489
508 3532
508 3566
508 3877
508 4441
508 4511
508 4605
508 4860
509 553
509 588
509 745
509 1050
509 1096
509 1230
509 1266
509 1501
509 1672
509 2062
509 2256
509 2542
509 2580
509 2961
509 3709
509 4050
509 4115
509 4157
509 4215
509 4256
509 4356
509 4627
509 4780
509 4958
509 4962
510 635
510 832
510 834
510 865
510 1123
510 1720
510 2163
510 2257
510 2343
510 2506
510 2786
510 3452
510 3537
510 4628
510 4643
510 4731
510 4742
510 4796
510 4886
511 592
511 1012
511 1014
511 1066
511 1105
511 1333
511 1467
511 1603
511 1803
511 1881
511 2292
511 2303
511 2406
511 2543
511 2597
511 2642
511 2695
511 3046
511 3123
511 3140
511 3178
511 3326
511 3356
511 3425
511 3827
511 3868
511 4072
511 4149
511 4539
511 4557
511 4708
511 4987
512 567
512 708
512 946
512 1035
512 1074
512 1504
512 1550
512 1625
512 1698
512 2001
512 2090
512 2155
512 2353
512 2691
512 2803
512 2816
512 2994
512 3083
512 3464
512 3731
512 4183
512 4351
512 4688
512 4719
512 4884
512 4954
512 4987
513 722
513 1796
513 1919
513 1973
513 2069
513 2078
513 2651
513 2954
513 3136
513 3158
513 3277
513 3413
513 3507
513 3722
513 3939
513 4059
513 4060
513 4241
513 4423
513 4425
513 4488
513 4923
513 4962
514 575
514 1183
514 1202
514 1271
514 1303
514 1722
514 1800
514 1921
514 1925
514 2248
514 2562
514 2893
514 2932
514 3043
514 3111
514 3204
514 3598
514 3605
514 3751
514 3865
514 3999
514 4126
514 4182
514 4331
514 4373
514 4407
514 4415
514 4684
514 4795
515 639
515 704
515 1023
515 1035
515 1437
515 1455
515 1523
515 1560
515 1779
515 2009
515 2091
515 2440
515 2751
515 2994
515 3109
515 3143
515 3161
515 3417
515 3535
515 3645
515 3830
515 4069
515 4118
515 4338
515 4473
515 4537
515 4797
515 4980
516 988
516 1001
516 1074
516 1128
516 1436
516 1484
516 1561
516 1730
516 1738
516 1878
516 2103
516 2477
516 2659
516 2762
516 2797
516 2815
516 2827
516 2878
516 3113
516 3142
516 3165
516 3363
516 3526
516 4415
516 4519
516 4762
516 4813
516 4854
517 1383
517 1559
517 1844
517 1928
517 2006
517 2082
517 2259
517 2417
517 2807
517 2868
517 3051
517 3188
517 3249
517 3299
517 3309
517 3631
517 3779
517 4060
517 4122
517 4471
517 4502
517 4669
517 4759
517 4984
518 595
518 737
518 751
518 998
518 1375
518 1563
518 1846
518 1940
518 1987
518 2160
518 2173
518 2361
518 2425
518 2499
518 2545
518 2636
518 2755
518 2880
518 3312
518 3334
518 3512
518 3695
518 4028
518 4089
518 4332
518 4418
518 4445
518 4760
518 4780
518 4791
519 760
519 804
519 885
519 939
519 1100
519 1184
519 1591
519 1969
519 2226
519 2571
519 2608
519 2677
519 2881
519 3031
519 3648
519 3677
519 3707
519 3802
519 3869
519 3893
519 3969
519 3977
519 3978
519 4057
519 4082
519 4139
519 4172
519 4324
519 4329
519 4384
519 4501
519 4756
519 4936
519 4983
520 628
520 804
520 1132
520 1412
520 1858
520 2149
520 2164
520 2278
520 2549
520 2785
520 3635
520 3875
520 3996
520 4201
520 4246
520 4618
520 4714
520 4833
520 4981
521 702
521 726
521 1007
521 1116
521 1140
521 1170
521 1283
521 1533
521 1538
521 1653
521 1720
521 2052
521 2216
521 2496
521 2534
521 2699
521 2880
521 3004
521 3435
521 3740
521 3809
521 3996
521 4071
521 4177
521 4258
521 4462
521 4855
521 4864
521 4918
522 860
522 908
522 937
522 1030
522 1032
522 1065
522 1251
522 1269
522 1416
522 1474
522 1508
522 1617
522 1684
522 1728
522 1752
522 1799
522 2129
522 2488
522 3151
522 4001
523 540
523 569
523 594
523 1372
523 1471
523 1503
523 1685
523 1748
523 1761
523 2033
523 2050
523 2232
523 2414
523 2600
523 2643
523 2945
523 3074
523 3182
523 3258
523 3273
523 3278
523 3508
523 3598
523 4064
523 4411
523 4676
523 4946
524 939
524 998
524 1018
524 1145
524 1206
524 1236
524 1352
524 1705
524 1913
524 1934
524 2027
524 2053
524 2118
524 2300
524 2510
524 2537
524 2671
524 2819
524 2935
524 3141
524 3168
524 3335
524 3352
524 3369
524 3493
524 3556
524 3883
524 3989
524 4417
524 4605
524 4696
524 4815
524 4840
525 566
525 596
525 667
525 839
525 940
525 960
525 1029
525 1387
525 1400
525 1677
525 1759
525 1958
525 2448
525 2914
525 2968
525 3712
525 3947
525 3968
525 4516
525 4550
525 4686
525 4934
525 4945
526 1113
526 1684
526 2037
526 2588
526 2713
526 2738
526 3073
526 3196
526 3652
526 3736
526 3854
526 3909
526 3976
526 3977
526 4155
526 4203
526 4297
526 4308
526 4335
526 4523
526 4669
526 4831
526 4864
526 4884
526 4915
527 977
527 1075
527 1302
527 1935
527 2037
527 2150
527 2205
527 2414
527 2447
527 2565
527 3500
527 3548
527 3760
527 3926
527 3978
527 4349
527 4501
527 4732
527 4876
527 4916
528 535
528 567
528 859
528 1051
528 1185
528 1189
528 1459
528 1707
528 1709
528 1978
528 2062
528 2169
528 2174
528 2488
528 2504
528 2749
528 3145
528 3193
528 3234
528 3327
528 3338
528 3466
528 3831
528 3930
528 4202
528 4724
528 4946
529 532
529 634
529 654
529 979
529 1021
529 1178
529 1536
529 1629
529 1683
529 1740
529 1980
529 2040
529 2198
529 2200
529 2331
529 2364
529 2438
529 2636
529 3191
529 3398
529 3468
529 3534
529 4131
529 4346
529 4439
529 4523
529 4811
530 1411
530 1696
530 1780
530 2091
530 2367
530 3063
530 3123
530 3218
530 3504
530 3596
530 4006
530 4059
530 4196
530 4205
530 4397
530 4595
530 4642
530 4916
530 4980
531 923
531 1044
531 1075
531 1079
531 1109
531 1134
531 1315
531 1374
531 1819
531 2141
531 2319
531 2545
531 2906
531 2964
531 3015
531 3275
531 3311
531 3499
531 3651
531 3685
531 3767
531 3865
531 4401
531 4478
531 4551
531 4597
531 4702
531 4776
532 626
532 797
532 859
532 1287
532 1294
532 1468
532 2059
532 2092
532 2428
532 2550
532 2748
532 2855
532 2972
532 3172
532 3396
532 3849
532 4172
532 4211
532 4326
532 4573
532 4623
532 4713
532 4816
532 4832
532 4880
533 612
533 630
533 931
533 1206
533 1328
533 1610
533 1647
533 1812
533 1960
533 2092
533 2120
533 2144
533 2618
533 3075
533 3166
533 3635
533 4512
533 4525
533 4541
533 4621
533 4627
533 4752
533 4918
534 760
534 816
534 826
534 857
534 890
534 1007
534 1030
534 1074
534 1125
534 1201
534 1250
534 1257
534 1527
534 1799
534 1881
534 1945
534 1962
534 2022
534 2117
534 2723
534 2748
534 2806
534 2914
534 2927
534 2963
534 3152
534 3161
534 3447
534 3561
534 3787
534 3834
534 3835
534 3970
534 3993
534 4132
534 4226
534 4230
534 4608
534 4725
534 4812
534 4930
535 1289
535 1360
535 1493
535 1518
535 1554
535 1848
535 1872
535 1911
535 1999
535 2137
535 2146
535 2985
535 3241
535 3589
535 3603
535 3604
535 3951
535 3961
535 4162
535 4638
535 4711
536 600
536 644
536 662
536 720
536 974
536 981
536 1867
536 2166
536 2243
536 2332
536 3129
536 3239
536 3250
536 3712
536 3915
536 3938
536 4040
536 4070
536 4329
536 4415
536 4814
536 4861
536 4888
536 4915
537 542
537 714
537 969
537 1002
537 1008
537 1049
537 1236
537 1315
537 1438
537 1483
537 1498
537 1709
537 2291
537 2540
537 2819
537 2820
537 2882
537 3201
537 3293
537 3314
537 3911
537 4459
537 4536
537 4682
538 630
538 1194
538 1425
538 1447
538 1682
538 2055
538 2548
538 2750
538 2839
538 3092
538 3323
538 3352
538 3475
538 3673
538 3877
538 3891
538 3945
538 4095
538 4325
538 4380
539 585
539 666
539 776
539 805
539 948
539 973
539 1217
539 1379
539 1464
539 1611
539 2054
539 2084
539 2224
539 2253
539 2356
539 2451
539 2496
539 2522
539 2560
539 2976
539 2994
539 3419
539 3493
539 3879
539 4019
539 4079
539 4277
539 4782
539 4928
540 596
540 837
540 888
540 1052
540 1134
540 1161
540 1353
540 1485
540 1511
540 1610
540 1796
540 1904
540 1929
540 2631
540 2780
540 2871
540 3047
540 3240
540 3272
540 3499
540 3599
540 3677
540 3856
540 4142
540 4285
540 4335
540 4611
540 4623
540 4902
540 4982
541 582
541 869
541 945
541 953
541 1036
541 1061
541 1683
541 1892
541 1914
541 2161
541 2210
541 2555
541 2582
541 3155
541 3284
541 3290
541 3412
541 3588
541 3767
541 3834
541 3866
541 3962
541 4138
541 4297
541 4460
542 596
542 606
542 802
542 982
542 1118
542 1258
542 1510
542 1540
542 1812
542 2021
542 2508
542 2904
542 3517
542 3660
542 4297
542 4330
542 4628
542 4640
542 4853
542 4854
542 4935
543 1005
543 1150
543 1387
543 1400
543 1671
543 1673
543 1814
543 2033
543 2064
543 2091
543 2107
543 2268
543 2278
543 2291
543 2353
543 2445
543 2750
543 2776
543 2926
543 3056
543 3137
543 3282
543 3357
543 3368
543 3389
543 3575
543 3898
543 4082
543 4110
543 4150
543 4160
543 4343
543 4383
543 4520
543 4733
544 1099
544 1117
544 1796
544 1993
544 2506
544 2602
544 2742
544 2756
544 2903
544 3016
544 3076
544 3121
544 3198
544 3352
544 3553
544 4155
544 4269
544 4352
544 4369
544 4433
544 4470
544 4478
544 4605
544 4632
545 580
545 614
545 705
545 746
545 768
545 774
545 815
545 1093
545 1276
545 1366
545 1536
545 1602
545 1727
545 1987
545 2038
545 2130
545 2396
545 2730
545 2806
545 2990
545 3279
545 3294
545 3301
545 3668
545 3853
545 3909
545 3919
545 4041
545 4137
545 4602
545 4714
545 4742
545 4784
546 960
546 963
546 1095
546 1278
546 1407
546 1565
546 1810
546 2043
546 2172
546 2396
546 2525
546 2554
546 2636
546 2714
546 2789
546 2891
546 3160
546 3483
546 3513
546 3680
546 3925
546 4025
546 4289
546 4443
546 4609
547 825
547 947
547 1109
547 1321
547 1330
547 1634
547 1636
547 2040
547 2093
547 2192
547 2323
547 2673
547 2732
547 2739
547 2790
547 2799
547 2841
547 2869
547 3012
547 3214
547 3240
547 3374
547 3402
547 3409
547 3491
547 3542
547 3555
547 3575
547 3705
547 4525
547 4676
547 4979
548 607
548 745
548 928
548 1018
548 1304
548 1546
548 1666
548 1686
548 1873
548 2125
548 2131
548 2267
548 2305
548 2470
548 3015
548 3138
548 3222
548 3793
548 4074
548 4199
548 4249
548 4267
548 4556
548 4694
548 4750
548 4885
548 4946
549 825
549 936
549 1147
549 1334
549 1447
549 1474
549 1564
549 1666
549 1912
549 1918
549 2060
549 2082
549 2085
549 2593
549 2812
549 3039
549 3414
549 3485
549 3790
549 3816
549 3832
549 4060
549 4079
549 4216
549 4257
549 4316
549 4465
549 4517
550 734
550 804
550 1056
550 1186
550 1496
550 1852
550 1860
550 2011
550 2021
550 2038
550 2131
550 2236
550 2571
550 3099
550 3155
550 3220
550 3321
550 3707
550 3834
550 4012
550 4546
550 4590
550 4663
550 4882
551 564
551 632
551 787
551 928
551 979
551 1161
551 1267
551 1549
551 1579
551 1674
551 1697
551 1816
551 1827
551 1933
551 2219
551 2355
551 2474
551 3003
551 3394
551 3506
551 3546
551 3583
551 3716
551 3778
551 3889
551 4767
552 1011
552 1212
552 1275
552 2117
552 2177
552 2277
552 2498
552 2546
552 2721
552 2918
552 3244
552 3248
552 3610
552 3730
552 4170
552 4217
552 4274
552 4397
552 4429
552 4492
553 724
553 746
553 752
553 820
553 1001
553 1040
553 1280
553 1454
553 1565
553 2019
553 2035
553 2461
553 2497
553 2734
553 2752
553 2753
553 2837
553 2888
553 3097
553 3203
553 3745
553 3918
553 4132
553 4754
553 4953
553 4975
554 670
554 898
554 903
554 966
554 980
554 1067
554 1237
554 1247
554 1453
554 1925
554 2146
554 2219
554 2437
554 2493
554 2563
554 2925
554 3018
554 3033
554 3530
554 3775
554 3920
554 3925
554 4015
554 4484
554 4539
554 4781
554 4993
555 648
555 670
555 1110
555 1138
555 1267
555 1318
555 1331
555 1353
555 1421
555 1599
555 1726
555 1743
555 1873
555 1877
555 1918
555 1974
555 2188
555 2255
555 2307
555 2352
555 2578
555 2873
555 2888
555 2940
555 3496
555 3515
555 3662
555 3864
555 3939
555 4326
555 4712
555 4776
555 4803
556 621
556 654
556 919
556 997
556 1067
556 1172
556 1717
556 2007
556 2086
556 2213
556 2252
556 2789
556 2889
556 3177
556 3228
556 3268
556 3272
556 3674
556 3685
556 4078
556 4110
556 4414
556 4676
556 4707
556 4791
556 4954
557 953
557 979
557 1256
557 1481
557 1591
557 1592
557 1692
557 1972
557 2015
557 2564
557 2581
557 2763
557 2781
557 2925
557 2989
557 3031
557 3063
557 3401
557 3445
557 3856
557 3884
557 3933
557 3943
557 4407
557 4595
557 4611
557 4707
557 4953
558 590
558 669
558 681
558 803
558 816
558 824
558 856
558 885
558 1112
558 1128
558 1168
558 1281
558 1703
558 1771
558 1901
558 2057
558 2110
558 2380
558 2501
558 2660
558 2671
558 2677
558 2788
558 2958
558 3061
558 3103
558 3588
558 3810
558 3911
558 3953
558 4303
558 4884
558 4936
559 667
559 735
559 801
559 893
559 948
559 988
559 1143
559 1207
559 1368
559 1431
559 1536
559 2325
559 2542
559 2747
559 2802
559 2956
559 3294
559 3695
559 3724
559 3740
559 3771
559 3773
559 3803
559 3992
559 4068
559 4177
559 4315
559 4742
559 4831
560 950
560 1386
560 1460
560 1846
560 2130
560 2279
560 2383
560 2606
560 2696
560 2876
560 2970
560 3001
560 3277
560 3498
560 3678
560 3879
560 4067
560 4203
560 4547
560 4671
561 709
561 1019
561 1263
561 1403
561 1500
561 1743
561 1864
561 1885
561 2005
561 2037
561 2060
561 2345
561 2553
561 3023
561 3327
561 3445
561 3461
561 3513
561 3547
561 3983
561 4030
561 4082
561 4296
561 4350
561 4416
562 883
562 1040
562 1125
562 1349
562 1467
562 1635
562 1774
562 2403
562 2973
562 3248
562 3543
562 3580
562 3720
562 3734
562 4839
562 4840
562 4843
562 4961
563 754
563 856
563 928
563 1093
563 1156
563 1304
563 1478
563 1995
563 2411
563 2442
563 2461
563 2536
563 2569
563 2680
563 2797
563 2812
563 2862
563 3310
563 3659
563 3663
563 3770
563 4017
563 4044
563 4120
563 4122
563 4169
564 967
564 1343
564 1374
564 1458
564 1739
564 1803
564 2059
564 2185
564 2245
564 2465
564 2565
564 2567
564 2720
564 2740
564 2867
564 3180
564 3593
564 3962
564 3969
564 3978
564 4321
564 4340
564 4422
564 4531
564 4576
564 4634
565 768
565 840
565 954
565 1290
565 1388
565 2001
565 2141
565 2230
565 2306
565 2611
565 2850
565 3049
565 3077
565 3454
565 3508
565 4036
565 4098
565 4225
565 4244
565 4341
565 4483
565 4523
566 872
566 1102
566 1162
566 1399
566 1486
566 1488
566 1640
566 1683
566 1690
566 1703
566 1749
566 1851
566 1997
566 2073
566 2143
566 2167
566 2219
566 2258
566 2261
566 2765
566 2773
566 2810
566 2881
566 2990
566 3020
566 3184
566 3285
566 3428
566 3567
566 3918
566 4011
566 4208
566 4351
566 4502
566 4524
566 4669
566 4714
566 4836
566 4890
566 4950
567 577
567 886
567 1109
567 1232
567 1747
567 1795
567 1819
567 2275
567 2552
567 2639
567 3045
567 3246
567 3349
567 3849
567 3967
567 4181
567 4208
567 4371
567 4502
567 4587
567 4612
567 4681
567 4891
568 890
568 919
568 1008
568 1245
568 1445
568 1471
568 1490
568 1528
568 1588
568 1997
568 1999
568 2013
568 2127
568 2400
568 2442
568 2552
568 2921
568 3193
568 3291
568 3618
568 3990
568 4369
568 4637
568 4720
568 4947
569 819
569 862
569 1008
569 1353
569 1509
569 1536
569 1987
569 2187
569 2523
569 2769
569 3439
569 3527
569 3564
569 3972
569 3997
569 4194
569 4464
569 4581
569 4852
569 4970
570 925
570 1365
570 1532
570 1761
570 2033
570 2166
570 2548
570 2914
570 3308
570 3386
570 3559
570 3686
570 3734
570 3744
570 4014
570 4248
570 4436
570 4546
570 4655
570 4765
571 597
571 809
571 877
571 1029
571 1171
571 1174
571 1426
571 1463
571 1510
571 1618
571 1633
571 1931
571 2111
571 2126
571 2638
571 2729
571 2779
571 3119
571 3392
571 3565
571 3592
571 3803
571 4053
571 4060
571 4101
571 4158
571 4232
571 4447
571 4518
571 4526
571 4569
571 4746
571 4808
571 4822
571 4964
572 728
572 962
572 1218
572 1268
572 1514
572 1917
572 1982
572 2021
572 2132
572 2177
572 2395
572 2407
572 2528
572 2574
572 2674
572 2754
572 3201
572 3340
572 3519
572 3521
572 3586
572 3858
572 4273
572 4389
572 4396
572 4430
572 4760
572 4866
572 4903
573 637
573 777
573 837
573 1408
573 2014
573 2053
573 2063
573 2504
573 2511
573 2572
573 2734
573 2774
573 2777
573 3201
573 3258
573 3589
573 3968
573 4425
573 4678
573 4774
573 4904
573 4914
574 888
574 952
574 1256
574 1415
574 1497
574 1804
574 2366
574 2936
574 3031
574 3352
574 3489
574 3636
574 3900
574 3944
574 4159
574 4775
574 4828
574 4930
575 706
575 716
575 734
575 961
575 1086
575 1258
575 1269
575 1343
575 1544
575 1862
575 2039
575 2074
575 2566
575 2618
575 2752
575 2868
575 3012
575 3194
575 3479
575 4023
575 4108
575 4307
575 4345
575 4444
575 4487
575 4882
575 4891
575 4979
576 685
576 748
576 1412
576 1517
576 1760
576 1792
576 1875
576 1972
576 2876
576 2922
576 3010
576 3366
576 3552
576 3771
576 3802
576 3930
576 4144
576 4147
576 4739
576 4828
576 4835
576 4889
576 4903
577 631
577 849
577 955
577 980
577 1031
577 1142
577 1189
577 1416
577 1449
577 1564
577 1711
577 1962
577 1968
577 2038
577 2296
577 2621
577 2878
577 2960
577 3072
577 3095
577 3134
577 3203
577 3410
577 3767
577 3881
577 4094
577 4202
577 4273
577 4627
577 4628
577 4723
578 635
578 770
578 1226
578 1511
578 1532
578 1723
578 1863
578 2564
578 2798
578 2992
578 2994
578 3363
578 3757
578 3848
578 4098
578 4139
578 4158
578 4600
578 4917
579 941
579 1309
579 1391
579 1411
579 1477
579 1657
579 1698
579 1788
579 2180
579 2391
579 2549
579 2575
579 2902
579 2972
579 3061
579 3099
579 3525
579 3562
579 3566
579 4234
579 4460
579 4506
579 4554
579 4691
579 4698
580 599
580 885
580 947
580 1169
580 1435
580 1531
580 1910
580 2224
580 2318
580 2332
580 2379
580 2755
580 3241
580 3578
580 3628
580 3738
580 3767
580 4026
580 4057
580 4282
580 4314
580 4378
580 4544
580 4624
580 4813
580 4822
580 4950
580 4963
581 1143
581 1337
581 1379
581 1664
581 1720
581 1727
581 1740
581 1815
581 1849
581 1924
581 1970
581 1976
581 2262
581 2591
581 2889
581 3679
581 3700
581 3777
581 3795
581 3860
581 4121
581 4217
581 4256
581 4951
582 1048
582 1096
582 1255
582 1398
582 2236
582 2437
582 2629
582 3529
582 3563
582 3654
582 3752
582 3790
582 4112
582 4138
582 4269
582 4755
583 669
583 1023
583 1491
583 1780
583 1916
583 1934
583 2044
583 2325
583 2443
583 2707
583 3584
583 3734
583 4010
583 4229
583 4283
583 4362
583 4392
583 4605
583 4628
584 631
584 649
584 805
584 1232
584 1264
584 1275
584 1489
584 1556
584 1799
584 2463
584 2682
584 3012
584 3323
584 3338
584 3403
584 3537
584 3629
584 3643
584 3805
584 3917
584 4053
584 4227
584 4453
584 4465
584 4631
584 4723
584 4838
584 4990
585 776
585 1035
585 1701
585 1753
585 1945
585 2294
585 2344
585 2478
585 2658
585 3000
585 3192
585 3408
585 3419
585 3595
585 3642
585 3716
585 3757
585 3963
585 4068
585 4136
586 776
586 1103
586 1250
586 1323
586 1501
586 1667
586 1847
586 2111
586 2187
586 2224
586 2484
586 2602
586 2613
586 2746
586 2783
586 3712
586 4057
586 4197
586 4679
586 4712
586 4966
587 762
587 971
587 985
587 992
587 1014
587 1074
587 1098
587 1383
587 1703
587 2023
587 3658
587 3699
587 3780
587 3827
587 3913
587 4253
587 4342
587 4385
587 4566
588 629
588 654
588 792
588 1264
588 1270
588 1442
588 1771
588 2147
588 2319
588 2431
588 2498
588 2609
588 2685
588 2773
588 2920
588 3048
588 3108
588 3150
588 3285
588 3332
588 3360
588 3655
588 4258
588 4619
588 4733
588 4792
589 914
589 1014
589 1200
589 1249
589 1974
589 2140
589 2275
589 2514
589 2771
589 3432
589 3723
589 3827
589 3857
589 4039
589 4401
589 4506
589 4560
589 4950
590 799
590 999
590 1241
590 1305
590 1636
590 1825
590 2043
590 2086
590 2107
590 2345
590 2368
590 2553
590 2573
590 2865
590 2906
590 2969
590 3175
590 3203
590 3225
590 3321
590 3523
590 3736
590 3881
590 4054
590 4229
590 4351
590 4360
590 4376
590 4566
590 4914
590 4938
591 599
591 864
591 1217
591 1416
591 1639
591 1720
591 1796
591 1803
591 1986
591 2128
591 2366
591 2511
591 2660
591 2796
591 2866
591 3066
591 3083
591 3147
591 3233
591 3351
591 3382
591 3436
591 3545
591 3596
591 3995
591 4105
591 4394
591 4665
591 4793
592 720
592 751
592 761
592 762
592 890
592 1555
592 1837
592 2092
592 2279
592 2395
592 2430
592 2502
592 2528
592 2870
592 2928
592 3043
592 3056
592 3330
592 3495
592 3525
592 3652
592 3761
592 3889
592 3986
592 4118
592 4172
592 4180
592 4216
592 4419
592 4603
592 4684
592 4731
592 4812
593 783
593 1472
593 1672
593 2004
593 2351
593 2621
593 3001
593 3062
593 3103
593 3196
593 3327
593 3403
593 3420
593 3570
593 3769
593 3797
593 4032
593 4204
593 4245
593 4474
593 4540
593 4543
593 4644
593 4682
593 4716
593 4900
593 4923
594 733
594 908
594 962
594 1046
594 1247
594 1287
594 1346
594 1604
594 1639
594 1652
594 1851
594 2045
594 2405
594 2496
594 2566
594 2718
594 2806
594 2893
594 2975
594 3242
594 3433
594 3914
594 4141
594 4608
594 4752
594 4855
594 4902
595 775
595 927
595 932
595 1016
595 1021
595 1315
595 1425
595 1543
595 1925
595 2006
595 2451
595 2485
595 2540
595 2551
595 2634
595 3075
595 3084
595 3116
595 3154
595 3354
595 3391
595 3514
595 3593
595 3637
595 3694
595 4189
595 4222
595 4342
595 4724
595 4842
595 4860
595 4879
596 946
596 1050
596 1092
596 1182
596 1736
596 1753
596 1934
596 1945
596 2078
596 2185
596 2210
596 2241
596 2582
596 2792
596 2800
596 2965
596 3035
596 3170
596 3246
596 3256
596 3291
596 3477
596 3496
596 4518
596 4523
596 4617
597 852
597 933
597 1091
597 1121
597 1344
597 1364
597 1501
597 1522
597 1653
597 1667
597 1704
597 1993
597 2069
597 2128
597 2403
597 2409
597 2494
597 2501
597 2644
597 3144
597 3352
597 3487
597 3548
597 3751
597 4021
597 4533
597 4589
597 4655
597 4701
597 4887
597 4928
597 4948
598 843
598 879
598 1226
598 1276
598 1288
598 1291
598 1515
598 1588
598 1670
598 1762
598 2259
598 2271
598 2359
598 2421
598 2422
598 2583
598 2588
598 2608
598 2714
598 2776
598 3040
598 3762
598 3858
598 3955
598 4075
598 4214
598 4556
598 4692
598 4773
599 807
599 870
599 1023
599 1100
599 1595
599 1758
599 1791
599 1991
599 2018
599 2037
599 2506
599 2544
599 2796
599 2837
599 2895
599 2952
599 2957
599 3014
599 3033
599 3064
599 3340
599 3473
599 3892
599 3915
599 4186
599 4562
599 4639
600 608
600 660
600 897
600 1256
600 1442
600 1554
600 1783
600 2111
600 2164
600 2299
600 2705
600 2760
600 3213
600 3393
600 3437
600 3818
600 3860
600 4382
600 4405
601 640
601 670
601 1036
601 1132
601 1268
601 1509
601 1579
601 1639
601 1684
601 1907
601 2111
601 2342
601 2362
601 2383
601 2872
601 3170
601 3449
601 3554
601 3691
601 3791
601 3925
601 4105
601 4207
601 4262
601 4301
601 4543
601 4723
601 4771
601 4786
602 613
602 776
602 1112
602 1421
602 1514
602 1520
602 1549
602 1785
602 1930
602 1960
602 2119
602 2425
602 2781
602 3425
602 3568
602 3654
602 3916
602 4028
602 4309
602 4496
602 4600
602 4823
603 1103
603 1449
603 1537
603 1582
603 1812
603 1814
603 1984
603 2159
603 2186
603 2228
603 2315
603 2329
603 2605
603 2618
603 2689
603 3334
603 3391
603 3538
603 3930
603 3947
603 3969
603 4162
603 4707
603 4870
603 4896
604 746
604 774
604 952
604 1007
604 1009
604 1199
604 1246
604 1273
604 1686
604 1743
604 1749
604 1836
604 1843
604 1888
604 1947
604 1959
604 2004
604 2031
604 2087
604 2243
604 2336
604 2382
604 2584
604 2707
604 2839
604 2958
604 3030
604 3051
604 3491
604 3542
604 3640
604 3790
604 3953
604 4382
604 4386
604 4760
604 4811
604 4887
605 708
605 825
605 853
605 904
605 979
605 1021
605 1035
605 1327
605 1620
605 1679
605 2214
605 2425
605 2462
605 2548
605 2752
605 2797
605 2897
605 3002
605 3463
605 3770
605 4030
605 4034
605 4158
605 4320
605 4336
605 4376
605 4447
605 4556
605 4671
605 4692
605 4955
606 685
606 735
606 963
606 1033
606 1073
606 1383
606 1418
606 1546
606 1588
606 1858
606 2516
606 2706
606 2723
606 3056
606 3139
606 3260
606 3487
606 3938
606 4002
606 4058
606 4236
606 4326
606 4358
606 4435
607 662
607 807
607 808
607 887
607 903
607 1203
607 1911
607 2378
607 2418
607 2606
607 2818
607 3315
607 4040
607 4080
607 4286
607 4325
607 4464
607 4478
607 4791
607 4832
608 650
608 839
608 901
608 928
608 945
608 951
608 1069
608 1956
608 2055
608 2062
608 2149
608 2463
608 2517
608 2534
608 2861
608 3169
608 3195
608 3209
608 3637
608 3831
608 4166
608 4202
608 4342
608 4732
608 4781
608 4910
609 772
609 1334
609 1376
609 1393
609 1502
609 1822
609 1871
609 1882
609 1973
609 2063
609 2154
609 2270
609 2290
609 2552
609 2887
609 2897
609 2971
609 3286
609 3469
609 3833
609 4003
609 4187
609 4452
609 4543
609 4838
610 618
610 626
610 1022
610 1087
610 1091
610 1260
610 1305
610 1417
610 1446
610 1482
610 1617
610 1652
610 1685
610 1784
610 1835
610 1889
610 2052
610 2231
610 2470
610 2667
610 2759
610 2802
610 2887
610 3250
610 3343
610 3478
610 3817
610 4448
610 4836
610 4984
611 701
611 750
611 849
611 863
611 912
611 1187
611 1235
611 1449
611 1697
611 1787
611 1988
611 2201
611 2231
611 2338
611 2370
611 2463
611 2692
611 2730
611 3076
611 3150
611 3329
611 3525
611 3613
611 3762
611 3778
611 3836
611 3948
611 4400
611 4427
611 4478
611 4565
611 4727
612 786
612 805
612 1150
612 1311
612 1393
612 1402
612 1409
612 1830
612 1905
612 1956
612 2005
612 2139
612 2153
612 2253
612 2487
612 2508
612 2762
612 2814
612 2855
612 3591
612 3608
612 3613
612 3634
612 3651
612 3667
612 4096
612 4716
612 4743
612 4975
613 745
613 749
613 887
613 1319
613 1368
613 1390
613 1476
613 1663
613 1759
613 2071
613 2090
613 2266
613 2464
613 2526
613 2751
613 2818
613 3214
613 3379
613 3477
613 4095
613 4229
613 4230
613 4548
613 4570
613 4572
613 4602
613 4654
613 4853
614 788
614 818
614 942
614 960
614 985
614 1200
614 1352
614 1803
614 2127
614 2233
614 2459
614 2577
614 2665
614 2765
614 3159
614 3286
614 3291
614 3455
614 3666
614 3938
614 3943
614 3984
614 4119
614 4206
614 4475
614 4581
614 4721
615 698
615 765
615 1196
615 1709
615 2606
615 2680
615 2740
615 2852
615 2933
615 3096
615 3113
615 3318
615 3987
615 4017
615 4035
615 4647
615 4691
615 4845
615 4875
615 4936
615 4968
616 741
616 788
616 949
616 954
616 962
616 1152
616 1321
616 1564
616 1781
616 1820
616 2136
616 2372
616 2479
616 2511
616 2712
616 2889
616 2907
616 3084
616 3253
616 3446
616 3710
616 3955
616 4201
616 4228
616 4453
616 4749
617 968
617 1332
617 1368
617 1727
617 1787
617 1816
617 1847
617 1848
617 2152
617 2246
617 2266
617 2287
617 2757
617 2781
617 2951
617 2981
617 3023
617 3069
617 3133
617 3516
617 3889
617 4029
617 4072
617 4289
617 4593
617 4645
617 4793
618 742
618 779
618 843
618 1031
618 1108
618 1161
618 1654
618 2044
618 2793
618 2838
618 2839
618 2949
618 3196
618 3434
618 3450
618 3669
618 3772
618 3829
618 4183
618 4404
618 4413
618 4496
618 4504
618 4633
618 4761
618 4848
619 860
619 1340
619 1475
619 1639
619 1683
619 1809
619 1867
619 2220
619 2221
619 2292
619 3012
619 3015
619 3345
619 3522
619 3959
619 3988
619 4046
619 4409
619 4550
619 4662
619 4907
619 4931
620 651
620 775
620 947
620 1397
620 1407
620 1480
620 1561
620 1620
620 1766
620 1890
620 1987
620 2055
620 2146
620 2348
620 2422
620 2573
620 2612
620 2636
620 2691
620 2964
620 2984
620 3087
620 3104
620 3477
620 3563
620 3629
620 3637
620 3683
620 3828
620 3896
620 3932
620 4377
620 4428
620 4614
621 833
621 973
621 1078
621 1148
621 1592
621 1654
621 1659
621 1711
621 1763
621 1861
621 1966
621 1974
621 1988
621 2466
621 2522
621 2541
621 2563
621 2792
621 3081
621 3357
621 3479
621 3827
621 3828
621 4286
621 4310
621 4328
621 4415
621 4502
621 4718
621 4748
621 4876
622 937
622 939
622 956
622 1108
622 1253
622 1293
622 1402
622 1489
622 1588
622 1623
622 1693
622 2156
622 2279
622 2903
622 2905
622 3183
622 3279
622 3341
622 4278
622 4502
622 4558
622 4597
622 4656
622 4789
622 4812
623 751
623 1000
623 1008
623 1062
623 1160
623 1451
623 1480
623 1580
623 1769
623 2266
623 2360
623 2582
623 2996
623 3192
623 3309
623 3634
623 3900
623 4318
623 4463
623 4495
623 4551
623 4618
623 4717
623 4885
624 737
624 810
624 980
624 1538
624 1544
624 1551
624 1640
624 2333
624 2364
624 2503
624 2665
624 2667
624 2858
624 3016
624 3043
624 3343
624 3356
624 3486
624 3758
624 3955
624 4296
624 4439
624 4456
624 4532
624 4553
624 4723
624 4894
625 973
625 1066
625 1103
625 1180
625 1186
625 1360
625 1467
625 1505
625 1775
625 1959
625 2524
625 2579
625 2711
625 2851
625 3558
625 3741
625 4159
625 4387
625 4398
625 4687
625 4864
626 684
626 706
626 908
626 1009
626 1296
626 1354
626 1425
626 1505
626 1677
626 1890
626 2189
626 2231
626 2299
626 2333
626 2429
626 2437
626 2626
626 2683
626 2807
626 3056
626 3300
626 3301
626 3638
626 3663
626 4339
626 4593
626 4675
627 885
627 991
627 1730
627 1856
627 2101
627 2109
627 2208
627 2312
627 3152
627 3408
627 3604
627 3605
627 3745
627 3754
627 3766
627 4027
627 4140
627 4142
627 4567
627 4610
627 4650
627 4838
627 4842
627 4882
628 663
628 688
628 920
628 1042
628 1045
628 1403
628 1711
628 1862
628 2038
628 2239
628 2369
628 2464
628 2721
628 2967
628 2988
628 3015
628 3218
628 3402
628 3420
628 3547
628 3640
628 3722
628 4005
628 4145
628 4340
628 4735
629 641
629 756
629 1103
629 1266
629 1361
629 1385
629 1417
629 1479
629 1625
629 1635
629 1895
629 1923
629 2059
629 2070
629 2795
629 2876
629 3093
629 3456
629 3683
629 3825
629 3843
629 3985
629 3997
629 4541
629 4776
629 4793
629 4808
629 4821
630 887
630 959
630 985
630 1043
630 1139
630 1149
630 1206
630 1585
630 1653
630 1732
630 1778
630 2073
630 2189
630 2240
630 2666
630 3037
630 3216
630 3231
630 3306
630 3710
630 4103
630 4152
630 4434
630 4464
630 4481
630 4548
630 4667
630 4785
630 4977
630 4999
631 933
631 1313
631 1510
631 1696
631 1725
631 1837
631 1852
631 1880
631 1940
631 2067
631 2324
631 2372
631 2404
631 2482
631 2487
631 2605
631 2960
631 2989
631 3138
631 3408
631 3441
631 3715
631 3716
631 3790
631 3821
631 3954
632 769
632 873
632 1181
632 1200
632 1348
632 1361
632 1540
632 1741
632 1799
632 1817
632 1856
632 1925
632 2006
632 2008
632 2033
632 2057
632 2206
632 2385
632 2389
632 2421
632 2458
632 2472
632 2605
632 2665
632 2772
632 2773
632 3012
632 3052
632 3114
632 3251
632 3665
632 3674
632 3936
632 3970
632 4052
632 4078
632 4198
632 4330
632 4427
632 4490
632 4535
632 4770
633 879
633 923
633 961
633 1214
633 1312
633 1357
633 1418
633 1419
633 1447
633 1758
633 2165
633 2725
633 2765
633 2796
633 2853
633 3003
633 3251
633 3285
633 3423
633 3782
633 4146
633 4299
633 4797
633 4839
634 1048
634 1425
634 1434
634 1778
634 1934
634 2080
634 2101
634 2314
634 2327
634 2346
634 2356
634 2562
634 2573
634 2904
634 3035
634 3154
634 3464
634 3524
634 4001
634 4101
634 4527
634 4989
635 1489
635 1672
635 1680
635 1682
635 2152
635 2384
635 2522
635 2847
635 2959
635 3103
635 3182
635 3229
635 3452
635 3776
635 3963
635 3995
635 4009
635 4074
635 4147
635 4301
635 4401
635 4968
636 719
636 1088
636 1343
636 1368
636 1506
636 1523
636 2202
636 2337
636 2366
636 2427
636 2444
636 2539
636 2690
636 2707
636 2783
636 3068
636 3077
636 3253
636 3571
636 3708
636 3820
636 3909
636 4074
636 4187
636 4227
636 4251
636 4421
636 4921
636 4943
636 4956
636 4983
637 676
637 847
637 857
637 906
637 975
637 1242
637 1411
637 1571
637 1722
637 1857
637 2168
637 2302
637 2364
637 2506
637 2579
637 2908
637 2928
637 2961
637 3445
637 3601
637 3768
637 4103
637 4150
637 4169
637 4224
637 4242
637 4292
637 4676
637 4705
637 4932
638 1123
638 1149
638 1219
638 1243
638 1405
638 1634
638 1637
638 1646
638 1919
638 2022
638 2607
638 2893
638 2978
638 3243
638 3519
638 3556
638 3628
638 3629
638 3870
638 3933
638 4222
638 4280
638 4446
638 4664
638 4730
638 4878
639 647
639 880
639 1101
639 1221
639 1755
639 2051
639 2097
639 2186
639 2263
639 2530
639 2607
639 2899
639 2951
639 3085
639 3198
639 3370
639 3385
639 3692
639 3704
639 3838
639 4173
639 4204
639 4921
639 4930
640 746
640 909
640 1116
640 1313
640 1353
640 1574
640 1660
640 1787
640 1868
640 1870
640 2290
640 2333
640 2429
640 2455
640 2588
640 2609
640 2756
640 2790
640 2939
640 2949
640 3218
640 3256
640 3951
640 4060
640 4156
640 4162
640 4362
640 4501
640 4745
640 4979
641 971
641 977
641 1107
641 1360
641 1393
641 1972
641 2007
641 2179
641 2238
641 2356
641 2453
641 2497
641 2581
641 2796
641 2953
641 3039
641 3069
641 3070
641 3424
641 3546
641 3692
641 4015
641 4039
641 4103
641 4219
641 4543
641 4565
641 4765
641 4845
641 4847
641 4923
641 4966
642 742
642 802
642 1105
642 1237
642 1679
642 2047
642 2594
642 2642
642 2647
642 2834
642 2882
642 3098
642 3126
642 3213
642 3397
642 3565
642 3633
642 3826
642 3887
642 4336
642 4381
642 4647
642 4774
642 4777
642 4819
643 812
643 1534
643 1576
643 1633
643 1710
643 2068
643 2126
643 2142
643 2550
643 2601
643 2708
643 2800
643 2826
643 2914
643 3465
643 3550
643 4004
643 4013
643 4015
643 4533
643 4547
643 4571
643 4714
643 4805
643 4859
643 4940
643 4953
644 1043
644 1297
644 2083
644 2107
644 2124
644 2220
644 2228
644 2434
644 2566
644 2680
644 2742
644 2856
644 3036
644 3100
644 3184
644 3207
644 3309
644 3400
644 3402
644 3436
644 3894
644 3904
644 4020
644 4057
644 4195
644 4196
644 4517
645 981
645 1085
645 1752
645 1911
645 2002
645 2190
645 2459
645 2491
645 2820
645 2863
645 2976
645 3007
645 3105
645 3303
645 3320
645 3458
645 3935
645 4195
645 4224
645 4658
645 4877
645 4914
646 1344
646 1641
646 2076
646 2150
646 2496
646 2624
646 2749
646 2817
646 3024
646 3159
646 3347
646 3632
646 3956
646 4022
646 4389
646 4506
646 4561
646 4899
646 4973
646 4987
647 727
647 1027
647 1218
647 1234
647 1332
647 1682
647 2177
647 2329
647 2467
647 2508
647 2524
647 2725
647 2830
647 2929
647 3154
647 3510
647 3794
647 4050
647 4292
647 4298
647 4308
647 4682
648 916
648 1090
648 1490
648 1511
648 1788
648 2286
648 2403
648 2663
648 2768
648 2994
648 3350
648 3427
648 3881
648 4050
648 4322
648 4510
648 4905
649 746
649 760
649 916
649 937
649 975
649 1318
649 1580
649 1583
649 1897
649 2054
649 2059
649 2785
649 2799
649 3348
649 3727
649 3825
649 3885
649 4070
649 4245
649 4283
649 4352
649 4429
649 4507
649 4709
649 4893
650 664
650 689
650 930
650 1130
650 1210
650 1413
650 1666
650 2272
650 2381
650 2526
650 2648
650 2723
650 2744
650 2799
650 2845
650 2846
650 3170
650 3184
650 3579
650 3649
650 3671
650 3816
650 4234
650 4323
650 4393
650 4483
650 4589
650 4613
651 684
651 694
651 760
651 770
651 1239
651 1408
651 1585
651 1728
651 1837
651 2069
651 2092
651 2099
651 2123
651 2372
651 2594
651 2636
651 2649
651 2843
651 3765
651 3848
651 3917
651 4022
651 4235
651 4472
651 4741
651 4848
651 4890
651 4927
652 675
652 823
652 1263
652 1479
652 1922
652 2237
652 2309
652 2497
652 2766
652 2799
652 3427
652 3592
652 3741
652 3855
652 4237
652 4322
652 4486
652 4615
652 4718
652 4739
652 4766
652 4772
653 674
653 1083
653 1147
653 1153
653 1278
653 1463
653 1629
653 2138
653 2220
653 3014
653 3181
653 3194
653 3223
653 3402
653 3415
653 3527
653 3677
653 4057
653 4113
653 4177
653 4727
653 4728
654 1391
654 1440
654 1644
654 1671
654 1931
654 2203
654 2483
654 2540
654 2587
654 2611
654 3213
654 3308
654 3390
654 3440
654 4062
654 4113
654 4375
654 4400
654 4469
654 4668
654 4726
654 4903
655 1285
655 1323
655 1363
655 1715
655 1836
655 1927
655 2172
655 2196
655 2925
655 3194
655 3220
655 3510
655 3577
655 3834
655 4421
655 4521
656 754
656 859
656 1119
656 1129
656 1132
656 1274
656 1336
656 1346
656 1350
656 1594
656 1824
656 1870
656 2035
656 2192
656 2235
656 2385
656 2388
656 2448
656 2661
656 3164
656 3175
656 3327
656 3465
656 3482
656 3551
656 3569
656 3865
656 3924
656 3954
656 3965
656 4027
656 4064
656 4094
656 4203
656 4244
656 4356
656 4361
656 4406
656 4548
656 4688
656 4873
656 4933
656 4934
657 808
657 821
657 827
657 1088
657 1187
657 1217
657 1273
657 1279
657 1333
657 1681
657 1949
657 1968
657 1996
657 2491
657 2522
657 2621
657 2709
657 2867
657 2889
657 3012
657 3039
657 3323
657 3653
657 3672
657 4152
657 4363
657 4435
657 4438
657 4643
657 4812
657 4911
657 4931
658 718
658 725
658 855
658 959
658 978
658 1049
658 1290
658 1516
658 1657
658 1691
658 1871
658 1916
658 2058
658 2554
658 2779
658 2844
658 3016
658 3032
658 3054
658 3199
658 3694
658 3696
658 4306
658 4415
658 4986
659 1004
659 1121
659 1148
659 1403
659 1649
659 2009
659 2060
659 2198
659 2259
659 2364
659 2657
659 2720
659 2759
659 2860
659 2995
659 3083
659 3140
659 3315
659 3431
659 3582
659 3926
659 3978
659 4077
659 4161
659 4166
659 4330
659 4687
659 4735
659 4752
659 4758
659 4859
659 4876
659 4996
660 676
660 789
660 806
660 855
660 887
660 1254
660 1291
660 1305
660 1362
660 1507
660 1604
660 2068
660 2127
660 2846
660 2910
660 2914
660 3286
660 3422
660 3780
660 3810
660 3931
660 4202
660 4388
660 4444
660 4638
660 4976
661 766
661 828
661 848
661 853
661 865
661 1083
661 1172
661 1241
661 1259
661 1381
661 1440
661 2099
661 2207
661 2453
661 2465
661 2632
661 2786
661 2845
661 3411
661 3556
661 3560
661 3565
661 3840
661 4087
661 4377
661 4585
661 4741
661 4962
662 683
662 708
662 758
662 793
662 1061
662 1326
662 1684
662 1837
662 1854
662 1965
662 2379
662 2394
662 2621
662 2696
662 3110
662 3162
662 3192
662 3283
662 3343
662 3347
662 3435
662 3529
662 3832
662 3875
662 4245
662 4370
662 4451
662 4599
662 4615
662 4733
662 4873
663 849
663 1166
663 1295
663 1353
663 1388
663 1466
663 1967
663 2030
663 2236
663 2435
663 2614
663 2695
663 2945
663 3116
663 3219
663 3359
663 3531
663 3648
663 3719
663 4025
663 4065
663 4405
663 4684
663 4691
663 4964
664 1035
664 1119
664 1826
664 1839
664 2147
664 2325
664 3601
664 3754
664 3773
664 3926
664 3938
664 3988
664 4146
664 4618
664 4774
665 991
665 1017
665 1267
665 1283
665 1329
665 1978
665 2207
665 2214
665 2458
665 2642
665 2754
665 2758
665 2830
665 2970
665 3252
665 3309
665 3338
665 3808
665 3850
665 3924
665 4078
665 4450
665 4721
666 790
666 861
666 936
666 1351
666 1718
666 1805
666 1910
666 2245
666 2551
666 2597
666 2690
666 2760
666 2982
666 3305
666 3448
666 4105
666 4252
666 4434
666 4743
666 4761
666 4974
667 771
667 982
667 1168
667 1419
667 1460
667 1514
667 1612
667 1924
667 2416
667 2534
667 2728
667 2755
667 2934
667 3121
667 3130
667 3140
667 3311
667 3349
667 3482
667 3536
667 3662
667 3717
667 4148
667 4336
667 4530
667 4675
667 4720
667 4728
667 4747
667 4847
668 856
668 932
668 1084
668 1337
668 1769
668 1831
668 1875
668 2034
668 2464
668 2775
668 3231
668 3787
668 3990
668 4015
668 4249
668 4285
668 4545
668 4986
669 771
669 776
669 1199
669 1304
669 1335
669 1370
669 1545
669 1786
669 2037
669 2196
669 2284
669 2515
669 2546
669 2691
669 2791
669 2806
669 2890
669 3048
669 3458
669 3517
669 4838
669 4849
669 4865
670 680
670 801
670 870
670 963
670 1032
670 1041
670 1742
670 1899
670 2013
670 2147
670 2207
670 2282
670 2315
670 2548
670 2856
670 2901
670 3223
670 3362
670 3408
670 3657
670 3798
670 4129
670 4474
671 953
671 1186
671 1265
671 1310
671 1873
671 2164
671 2347
671 3296
671 3719
671 3764
671 3918
671 3954
671 3965
671 4070
671 4172
671 4252
671 4311
671 4576
671 4645
671 4847
671 4873
671 4969
672 950
672 971
672 1321
672 1769
672 2247
672 2336
672 2388
672 2418
672 2499
672 2546
672 2720
672 3084
672 3158
672 3364
672 3434
672 3801
672 3870
672 3913
672 4100
672 4223
672 4260
672 4799
672 4809
673 937
673 964
673 970
673 1160
673 1220
673 1274
673 1440
673 1493
673 1828
673 1884
673 1902
673 1955
673 1990
673 2066
673 2229
673 2556
673 2613
673 3310
673 3431
673 3491
673 3600
673 3751
673 3762
673 4155
673 4177
673 4199
673 4309
673 4339
673 4588
673 4629
673 4819
673 4900
673 4916
673 4956
674 961
674 983
674 1057
674 1258
674 1403
674 1801
674 1880
674 1889
674 1923
674 2101
674 2122
674 2227
674 2241
674 2475
674 2601
674 2794
674 3502
674 4063
674 4091
674 4098
674 4104
674 4556
674 4902
675 1707
675 1824
675 1987
675 2054
675 2258
675 2450
675 2474
675 2636
675 2861
675 2955
675 3009
675 3301
675 3326
675 3624
675 3793
675 4043
675 4202
675 4265
675 4290
675 4296
675 4568
675 4826
675 4905
675 4925
676 919
676 941
676 1190
676 1688
676 1755
676 1994
676 2172
676 2329
676 2790
676 3058
676 3146
676 3288
676 3332
676 3411
676 3514
676 3833
676 4171
676 4202
676 4228
676 4309
676 4729
676 4820
676 4934
676 4972
677 1452
677 1467
677 1662
677 1676
677 1774
677 1896
677 2003
677 2140
677 2334
677 2361
677 2368
677 2785
677 2848
677 2907
677 3089
677 3150
677 3164
677 3556
677 4413
677 4432
677 4659
677 4755
677 4756
677 4811
677 4926
677 4938
678 695
678 1088
678 1112
678 1185
678 2016
678 2210
678 2495
678 2499
678 2574
678 2600
678 2872
678 3066
678 3109
678 3297
678 3562
678 3607
678 3724
678 4088
678 4477
678 4608
678 4789
678 4824
678 4891
678 4914
678 4918
679 716
679 921
679 1130
679 1143
679 1422
679 1431
679 1456
679 1474
679 1475
679 1749
679 1996
679 2280
679 2368
679 2510
679 3095
679 3198
679 3377
679 3452
679 3686
679 3780
679 3940
679 3978
679 3986
679 4131
679 4244
679 4382
679 4777
680 1076
680 1114
680 1884
680 2324
680 2455
680 2524
680 2551
680 2816
680 2871
680 3057
680 3126
680 3453
680 3487
680 3540
680 3866
680 3931
680 3992
680 4037
680 4201
680 4209
680 4699
681 682
681 699
681 931
681 945
681 1160
681 1173
681 1332
681 1527
681 1773
681 2046
681 2048
681 2404
681 2437
681 2451
681 2475
681 2479
681 2523
681 2555
681 2705
681 3373
681 3523
681 3625
681 3775
681 3939
681 4130
681 4153
681 4247
681 4445
681 4546
681 4574
681 4578
681 4902
682 684
682 703
682 1129
682 1347
682 1640
682 1730
682 1943
682 2285
682 2411
682 2548
682 2655
682 2759
682 2863
682 2988
682 3131
682 3245
682 3599
682 3606
682 4358
682 4729
682 4811
682 4843
682 4879
683 892
683 970
683 1188
683 1521
683 1527
683 1782
683 1948
683 2253
683 2333
683 2351
683 2734
683 2749
683 2935
683 3093
683 3225
683 3284
683 3470
683 3522
683 3550
683 3784
683 3833
683 4088
683 4257
683 4767
684 709
684 1046
684 1446
684 1538
684 1781
684 1799
684 1959
684 2125
684 2177
684 3023
684 3347
684 3378
684 3397
684 3401
684 3649
684 3712
684 3932
684 3986
684 4340
684 4433
684 4437
684 4843
684 4866
684 4982
685 770
685 862
685 1438
685 1571
685 1744
685 1853
685 2220
685 2439
685 2683
685 2842
685 2980
685 3233
685 3510
685 3766
685 3845
685 4194
685 4260
685 4362
685 4465
685 4555
685 4714
685 4717
685 4856
686 692
686 750
686 802
686 1077
686 1240
686 1290
686 1309
686 1335
686 1369
686 1516
686 2011
686 2023
686 2028
686 2133
686 2330
686 2358
686 2395
686 2666
686 2706
686 2707
686 2819
686 2838
686 2980
686 3354
686 3452
686 3507
686 3619
686 4069
686 4091
686 4095
686 4242
686 4283
686 4298
686 4320
686 4321
686 4720
686 4801
687 818
687 822
687 962
687 976
687 1121
687 1183
687 1521
687 1876
687 1913
687 2364
687 2460
687 2525
687 2657
687 2841
687 2967
687 3035
687 3093
687 3324
687 3328
687 3518
687 3621
687 3737
687 3752
687 3808
687 3844
687 3862
687 3936
687 3950
687 4253
687 4266
687 4292
687 4351
687 4363
687 4419
687 4505
687 4742
687 4754
687 4844
687 4993
688 836
688 889
688 1080
688 1114
688 1136
688 1152
688 1176
688 1673
688 1678
688 1807
688 1971
688 2065
688 2088
688 2139
688 2693
688 2856
688 3417
688 3575
688 3802
688 3903
688 3921
688 4010
688 4088
688 4327
688 4348
688 4406
688 4685
688 4960
689 744
689 959
689 1171
689 1454
689 1478
689 1575
689 1701
689 1823
689 1827
689 2099
689 2709
689 2872
689 2978
689 3112
689 3263
689 3282
689 3479
689 3531
689 3588
689 3673
689 3768
689 3881
689 3923
689 4167
689 4306
689 4376
689 4561
689 4589
689 4819
689 4833
690 1004
690 1173
690 1180
690 1459
690 1541
690 1594
690 1649
690 1992
690 2253
690 2420
690 2562
690 2797
690 2840
690 3146
690 3367
690 3779
690 4065
690 4344
690 4372
690 4428
690 4970
691 1360
691 1387
691 1420
691 1924
691 2225
691 2236
691 2379
691 2450
691 2537
691 2626
691 3761
691 3980
691 4091
691 4325
691 4530
691 4727
691 4807
691 4814
692 708
692 813
692 891
692 895
692 1024
692 1185
692 1205
692 1278
692 1290
692 1317
692 1577
692 1654
692 1874
692 1996
692 2293
692 2570
692 2571
692 2667
692 2758
692 3028
692 3109
692 3149
692 3242
692 3370
692 3487
692 3525
692 3527
692 3573
692 3621
692 3724
692 3797
692 3942
692 4268
692 4663
692 4753
693 956
693 1017
693 1124
693 1458
693 1614
693 1900
693 2289
693 2320
693 2859
693 3063
693 3283
693 3397
693 3504
693 3677
693 3992
693 4147
693 4626
693 4804
694 1163
694 1212
694 1230
694 1426
694 1465
694 1576
694 1712
694 1751
694 1895
694 2381
694 2421
694 3205
694 3362
694 3383
694 3616
694 3810
694 4038
694 4068
694 4100
694 4107
694 4341
694 4573
694 4996
695 832
695 1163
695 1281
695 1309
695 1400
695 1466
695 1874
695 2109
695 2359
695 2376
695 2614
695 3034
695 3184
695 3258
695 3382
695 3521
695 3581
695 3696
695 4098
695 4787
696 739
696 824
696 1276
696 1284
696 1449
696 1979
696 2002
696 2314
696 2322
696 2485
696 2860
696 3077
696 3123
696 3303
696 3367
696 3430
696 3554
696 3576
696 3597
696 3758
696 3773
696 4075
696 4146
696 4330
696 4362
696 4496
696 4511
696 4950
697 723
697 1344
697 1691
697 1735
697 2224
697 2284
697 2413
697 2581
697 2641
697 2880
697 3491
697 3619
697 3837
697 4239
697 4265
697 4315
697 4381
697 4785
697 4970
698 849
698 985
698 1042
698 2087
698 2108
698 2301
698 2857
698 3217
698 3296
698 3543
698 3816
698 4647
699 732
699 921
699 1440
699 1853
699 1955
699 2011
699 2078
699 2086
699 2168
699 2280
699 2460
699 2501
699 2765
699 3166
699 3190
699 3318
699 3750
699 3870
699 4049
699 4246
699 4307
699 4312
699 4623
699 4690
699 4897
700 867
700 1008
700 1334
700 1702
700 1853
700 2617
700 2947
700 3011
700 3137
700 3225
700 3305
700 3470
700 3654
700 3732
700 3747
700 3819
700 3908
700 4129
700 4467
700 4493
700 4867
700 4874
700 4951
701 1037
701 1170
701 1207
701 1270
701 1453
701 2138
701 2310
701 2655
701 2689
701 2798
701 2982
701 3513
701 3613
701 3797
701 3887
701 3939
701 3997
701 3999
701 4031
701 4404
701 4440
701 4492
701 4559
701 4567
701 4569
701 4796
701 4818
701 4848
701 4939
701 4995
702 1009
702 1050
702 1277
702 1373
702 1523
702 1808
702 1872
702 1886
702 2250
702 2564
702 2607
702 2651
702 2711
702 2851
702 2885
702 2928
702 2998
702 3179
702 3424
702 3604
702 4106
702 4601
702 4794
702 4907
703 765
703 840
703 996
703 1043
703 1057
703 1060
703 1234
703 1354
703 1400
703 1957
703 1981
703 2138
703 2199
703 2580
703 3129
703 3374
703 3438
703 3585
703 3628
703 3682
703 4194
703 4291
703 4475
703 4781
703 4918
704 768
704 1135
704 1357
704 1362
704 1396
704 1543
704 2075
704 2205
704 2246
704 2425
704 2533
704 2608
704 2858
704 3038
704 3299
704 3322
704 3508
704 3642
704 3947
704 4197
704 4225
704 4604
705 741
705 1351
705 1369
705 1470
705 1535
705 1549
705 1600
705 1611
705 1732
705 1752
705 2049
705 2252
705 2315
705 2435
705 2799
705 2955
705 2990
705 3026
705 3122
705 3299
705 3477
705 3511
705 4007
705 4062
705 4362
705 4378
705 4837
706 744
706 796
706 1032
706 1230
706 1243
706 1408
706 1632
706 2054
706 2159
706 2221
706 2355
706 2454
706 2502
706 2545
706 2899
706 3071
706 3266
706 3355
706 3426
706 3641
706 3788
706 3887
706 4025
706 4121
706 4237
706 4256
706 4286
706 4501
706 4518
706 4523
706 4721
706 4931
706 4993
707 842
707 876
707 1005
707 1108
707 1233
707 1305
707 1389
707 1534
707 1561
707 1673
707 1846
707 1995
707 2395
707 2503
707 2628
707 2630
707 2656
707 2743
707 2761
707 2852
707 2893
707 3112
707 3169
707 3360
707 3388
707 3486
707 3506
707 3744
707 3752
707 3815
707 3944
707 4010
707 4089
707 4195
707 4263
707 4453
707 4455
707 4488
707 4631
707 4788
708 740
708 1169
708 1778
708 1789
708 2006
708 2068
708 2184
708 2387
708 2397
708 2466
708 3256
708 3921
708 4053
708 4087
708 4131
708 4154
708 4335
708 4383
708 4395
708 4441
708 4482
708 4572
708 4599
708 4942
709 838
709 936
709 1077
709 1214
709 1243
709 1490
709 1816
709 1824
709 2091
709 2350
709 2378
709 3454
709 3498
709 3563
709 3991
709 4041
709 4180
709 4251
709 4441
709 4445
709 4599
709 4763
709 4876
710 935
710 1024
710 1225
710 1489
710 1869
710 2040
710 2130
710 2288
710 2308
710 2325
710 2472
710 2507
710 2646
710 2948
710 3225
710 3263
710 3341
710 3712
710 3927
710 4481
710 4810
711 1319
711 1428
711 1467
711 1603
711 1633
711 2106
711 2195
711 2331
711 2437
711 2551
711 2831
711 2972
711 3588
711 4081
711 4152
711 4353
712 772
712 784
712 966
712 978
712 1270
712 1292
712 1347
712 1573
712 1631
712 1735
712 1753
712 1922
712 2050
712 2152
712 2351
712 2741
712 3212
712 3696
712 4300
712 4496
712 4666
712 4715
712 4718
712 4794
712 4962
713 771
713 938
713 942
713 1110
713 1154
713 1171
713 1467
713 1777
713 2015
713 2180
713 2258
713 2643
713 2809
713 3120
713 3339
713 3398
713 3563
713 4275
713 4336
713 4465
713 4654
713 4666
713 4718
713 4940
714 1020
714 1215
714 1249
714 1495
714 2132
714 2454
714 2490
714 2558
714 2654
714 2737
714 2768
714 3055
714 3140
714 3515
714 3522
714 3679
714 4019
714 4174
714 4306
714 4385
714 4493
715 1052
715 1359
715 1460
715 1468
715 1547
715 1664
715 1741
715 2071
715 2836
715 3045
715 3260
715 3393
715 3421
715 3423
715 3479
715 4829
715 4994
716 800
716 857
716 1045
716 1092
716 1102
716 1409
716 1957
716 2068
716 2072
716 2274
716 2412
716 2456
716 2556
716 3223
716 3226
716 3239
716 3551
716 3596
716 3734
716 3863
716 4092
716 4349
716 4479
716 4587
716 4634
716 4652
716 4905
717 724
717 778
717 829
717 878
717 989
717 1035
717 1077
717 1091
717 1168
717 1224
717 1280
717 1295
717 1386
717 1448
717 1629
717 1785
717 2094
717 2109
717 2265
717 2559
717 2786
717 2840
717 3001
717 3109
717 3749
717 3768
717 3899
717 3930
717 4170
717 4276
717 4298
717 4801
717 4915
718 1012
718 1536
718 1548
718 1688
718 2079
718 2162
718 2229
718 2382
718 2778
718 2807
718 2828
718 2996
718 3082
718 3273
718 3275
718 3405
718 3521
718 3623
718 3776
718 3864
718 3941
718 4201
718 4529
718 4960
718 4988
719 953
719 1039
719 1173
719 1500
719 1593
719 1752
719 1898
719 2091
719 2239
719 2286
719 2344
719 2377
719 2462
719 2924
719 3235
719 3510
719 3555
719 3793
719 3858
719 3933
719 4197
719 4336
719 4440
719 4916
720 882
720 917
720 919
720 1002
720 1242
720 1439
720 2007
720 2024
720 2114
720 2419
720 2803
720 3009
720 3040
720 3426
720 3468
720 3514
720 3533
720 3661
720 3905
720 3928
720 4214
720 4476
720 4533
720 4875
720 4968
720 4978
721 915
721 1201
721 1258
721 1289
721 1301
721 1603
721 1803
721 1836
721 2444
721 2448
721 2475
721 2524
721 2648
721 2717
721 2960
721 3299
721 3641
721 3705
721 3751
721 3886
721 3911
721 4103
721 4562
721 4564
721 4589
721 4838
721 4939
722 744
722 767
722 772
722 1038
722 1205
722 1348
722 1611
722 1731
722 2093
722 2223
722 2243
722 2299
722 2652
722 2680
722 2933
722 2969
722 3057
722 3109
722 3143
722 3165
722 3212
722 3324
722 3336
722 3612
722 3651
722 3671
722 3747
722 3814
722 3868
722 3937
722 3943
722 4240
722 4482
722 4791
722 4859
722 4929
723 770
723 1326
723 1338
723 1449
723 1858
723 2306
723 2345
723 2416
723 2482
723 2515
723 2870
723 3296
723 3451
723 3510
723 3700
723 3821
723 3913
723 4127
723 4273
723 4488
723 4569
723 4578
724 740
724 1084
724 1490
724 1514
724 1839
724 2009
724 2059
724 2121
724 2135
724 2610
724 2641
724 2687
724 2822
724 3108
724 3247
724 3307
724 3317
724 3322
724 3349
724 3737
724 4062
724 4499
724 4650
724 4723
724 4727
724 4737
725 1208
725 1361
725 1630
725 1697
725 1707
725 1891
725 2649
725 2832
725 3093
725 3103
725 3300
725 3434
725 3631
725 4064
725 4134
725 4176
725 4236
725 4877
726 752
726 1234
726 1401
726 1461
726 1506
726 1604
726 1747
726 1929
726 2548
726 2716
726 3529
726 3772
726 3868
726 4056
726 4128
726 4813
726 4848
726 4979
727 980
727 1067
727 1442
727 1808
727 2373
727 2388
727 2452
727 2645
727 2970
727 3262
727 3354
727 3602
727 3908
727 4042
727 4195
727 4609
727 4810
728 926
728 1086
728 1177
728 1226
728 1318
728 1397
728 1666
728 1882
728 2028
728 2032
728 2134
728 2245
728 2250
728 2502
728 2518
728 2632
728 3015
728 3123
728 3359
728 3390
728 3619
728 3725
728 4188
728 4529
728 4835
728 4964
728 4994
729 892
729 1146
729 1163
729 1246
729 1363
729 1415
729 1788
729 2318
729 2471
729 2547
729 2895
729 2995
729 3569
729 3677
729 3693
729 3931
729 4040
729 4164
729 4204
729 4365
729 4381
729 4407
729 4589
729 4809
730 954
730 1278
730 1487
730 1561
730 1566
730 1752
730 1759
730 1990
730 2038
730 2040
730 2323
730 2577
730 2587
730 2602
730 2711
730 2859
730 3104
730 3960
730 4081
730 4212
730 4443
730 4477
730 4616
730 4663
730 4907
730 4982
731 761
731 779
731 1114
731 1548
731 1967
731 2167
731 2196
731 2218
731 2270
731 2430
731 2480
731 2618
731 2820
731 2821
731 2912
731 3026
731 3050
731 3135
731 3327
731 3427
731 3597
731 4028
731 4510
731 4556
731 4620
731 4820
732 807
732 936
732 1110
732 1135
732 1198
732 1419
732 1501
732 1601
732 1806
732 1866
732 2165
732 2545
732 2687
732 3237
732 3273
732 3329
732 3505
732 3543
732 3634
732 3668
732 4179
732 4269
732 4735
732 4770
732 4974
733 745
733 762
733 994
733 1033
733 1059
733 1224
733 1447
733 1532
733 1626
733 1670
733 1716
733 1799
733 1880
733 1991
733 1997
733 2071
733 2313
733 2325
733 2999
733 3050
733 3102
733 3192
733 3324
733 3444
733 3485
733 3752
733 3788
733 3852
733 4031
733 4048
733 4434
733 4855
733 4939
734 1443
734 1532
734 1544
734 1589
734 1705
734 1727
734 1766
734 1873
734 1884
734 2354
734 2632
734 3058
734 3072
734 3444
734 3662
734 3770
734 3771
734 4222
734 4243
734 4338
734 4778
735 1616
735 1757
735 1820
735 2280
735 2462
735 3208
735 3271
735 3397
735 3903
735 3949
735 4081
735 4170
735 4479
735 4536
735 4810
735 4832
736 756
736 875
736 1032
736 1096
736 1594
736 2072
736 2107
736 2257
736 2502
736 2534
736 2542
736 2772
736 2817
736 3147
736 3194
736 3403
736 3409
736 3704
736 3856
736 3870
736 4139
736 4299
736 4309
736 4623
736 4762
736 4814
737 1032
737 1367
737 1434
737 1437
737 1640
737 1923
737 2034
737 2072
737 2586
737 2653
737 2759
737 2917
737 3184
737 3194
737 3409
737 3599
737 3639
737 3747
737 3949
737 3952
737 3992
737 4413
737 4862
737 4943
738 901
738 1099
738 1190
738 1299
738 1545
738 1592
738 1613
738 1747
738 1890
738 2133
738 2185
738 2228
738 2422
738 3599
738 3788
738 3882
738 3958
738 3983
738 4036
738 4286
738 4373
738 4873
739 985
739 1272
739 1458
739 1976
739 2014
739 2247
739 2359
739 2390
739 2483
739 2675
739 2863
739 2897
739 2998
739 3119
739 3156
739 3198
739 3571
739 3775
739 3784
739 3824
739 3887
739 4038
739 4147
739 4235
739 4297
739 4478
739 4585
739 4896
739 4907
740 883
740 981
740 1021
740 1054
740 1147
740 2311
740 2372
740 2467
740 2751
740 3298
740 3321
740 3367
740 3413
740 3519
740 3561
740 3646
740 3688
740 4048
740 4054
740 4499
740 4726
740 4914
741 753
741 883
741 938
741 1154
741 1195
741 1633
741 1807
741 2137
741 2160
741 2164
741 2246
741 2430
741 2478
741 2744
741 2839
741 2863
741 3417
741 3473
741 3880
741 4057
741 4144
741 4187
741 4343
741 4487
741 4902
741 4924
742 889
742 979
742 1189
742 1345
742 1430
742 1598
742 1627
742 1912
742 2002
742 2144
742 2638
742 2676
742 3375
742 3436
742 3542
742 3596
742 3647
742 3967
742 4427
742 4631
742 4649
742 4685
742 4796
742 4952
743 771
743 802
743 913
743 1022
743 1222
743 1258
743 1288
743 1349
743 1502
743 1755
743 1853
743 2005
743 2037
743 2425
743 2447
743 2519
743 2574
743 2585
743 2857
743 3098
743 3166
743 3304
743 3370
743 3472
743 3504
743 3550
743 3674
743 3773
743 4038
743 4107
743 4421
743 4642
743 4905
744 895
744 953
744 1068
744 1076
744 1520
744 1523
744 1683
744 1923
744 2591
744 2665
744 2972
744 3014
744 3032
744 3038
744 3140
744 3298
744 3354
744 3498
744 3680
744 3876
744 4019
744 4210
744 4238
744 4280
744 4677
744 4756
744 4836
744 4919
745 890
745 1010
745 1151
745 1234
745 1707
745 2093
745 2097
745 2102
745 2161
745 2552
745 2575
745 2576
745 2603
745 2863
745 2963
745 3104
745 3210
745 3981
745 4143
745 4309
745 4520
745 4821
745 4880
745 4910
746 992
746 1149
746 1180
746 1706
746 1754
746 1797
746 1904
746 2012
746 2071
746 2148
746 2387
746 2469
746 2478
746 3074
746 3316
746 3854
746 4004
746 4119
746 4181
746 4224
746 4490
746 4845
746 4931
746 4964
747 950
747 1094
747 1151
747 1267
747 1504
747 1586
747 1667
747 1800
747 2011
747 2039
747 2221
747 2359
747 2659
747 2671
747 2946
747 3047
747 3079
747 3119
747 3170
747 3285
747 3519
747 3580
747 3856
747 3970
747 4028
747 4121
747 4274
747 4373
747 4958
747 4968
747 4995
748 769
748 791
748 902
748 967
748 1064
748 1329
748 1375
748 1734
748 1761
748 2441
748 2590
748 2635
748 2721
748 2988
748 3324
748 3652
748 3686
748 3986
748 4381
748 4436
748 4688
749 791
749 838
749 878
749 1127
749 1161
749 1706
749 1906
749 2002
749 2045
749 2329
749 2628
749 2833
749 2894
749 3007
749 3288
749 3438
749 3569
749 3603
749 3627
749 3648
749 3757
749 4251
749 4301
749 4578
749 4888
749 4973
750 860
750 911
750 993
750 1111
750 1240
750 1591
750 1751
750 1863
750 1992
750 2097
750 2167
750 2320
750 2583
750 2985
750 3302
750 3519
750 3561
750 3666
750 3803
750 4018
750 4027
750 4107
750 4132
750 4233
750 4293
750 4443
750 4489
750 4795
750 4822
750 4899
751 781
751 889
751 1081
751 1393
751 1409
751 1820
751 1982
751 2023
751 2158
751 2323
751 2640
751 2853
751 2881
751 2892
751 3079
751 3102
751 3444
751 3552
751 3985
751 4007
751 4022
751 4242
751 4364
751 4406
751 4804
752 1116
752 1245
752 1265
752 1570
752 1811
752 2112
752 2363
752 2510
752 2926
752 3362
752 3441
752 3681
752 4086
752 4345
752 4502
752 4571
752 4873
753 825
753 855
753 1147
753 1228
753 1370
753 1479
753 1485
753 1676
753 1913
753 2298
753 2873
753 3001
753 3259
753 3294
753 3308
753 3415
753 3532
753 3606
753 3828
753 3999
753 4132
753 4837
754 811
754 969
754 1505
754 1530
754 1728
754 1815
754 1871
754 2232
754 2233
754 2293
754 2345
754 3086
754 3165
754 3298
754 3519
754 4190
754 4251
754 4340
754 4549
754 4783
754 4856
754 4885
755 916
755 1513
755 1705
755 1783
755 1805
755 1850
755 1884
755 2054
755 2343
755 2636
755 2653
755 2711
755 3297
755 3483
755 3613
755 3837
755 4270
755 4305
755 4390
755 4425
755 4483
755 4661
755 4829
755 4857
756 1087
756 1350
756 1655
756 1658
756 1810
756 2103
756 2238
756 2317
756 2806
756 3087
756 3225
756 3322
756 3526
756 3815
756 4119
756 4269
756 4312
756 4599
757 821
757 828
757 846
757 894
757 935
757 951
757 982
757 989
757 1013
757 1499
757 1572
757 1576
757 1600
757 1872
757 1913
757 2164
757 2228
757 2377
757 2425
757 2440
757 2505
757 2834
757 2839
757 2853
757 3171
757 3566
757 3817
757 3930
757 3935
757 4151
757 4444
757 4911
758 927
758 1168
758 1514
758 1528
758 1751
758 1910
758 2288
758 2501
758 2611
758 2694
758 2778
758 3047
758 3058
758 3255
758 3297
758 3474
758 3478
758 3670
758 3684
758 4045
758 4455
758 4519
758 4557
758 4575
758 4644
758 4772
758 4917
759 1043
759 1305
759 1381
759 1495
759 1776
759 2050
759 2165
759 2209
759 2412
759 2496
759 2806
759 2981
759 3223
759 3425
759 3531
759 3582
759 3585
759 3700
759 3735
759 4014
759 4129
759 4134
759 4232
759 4243
759 4275
760 957
760 1113
760 1706
760 1786
760 1907
760 2024
760 2260
760 2417
760 2509
760 2585
760 2728
760 2863
760 3024
760 3057
760 3399
760 3540
760 3605
760 3772
760 3828
760 4186
760 4242
760 4405
760 4630
760 4739
760 4966
760 4995
761 770
761 831
761 928
761 963
761 1431
761 1794
761 1989
761 2154
761 2364
761 2374
761 2694
761 2877
761 3025
761 3256
761 3351
761 3428
761 3440
761 3677
761 3878
761 4217
761 4423
761 4443
761 4703
761 4783
762 860
762 894
762 1572
762 1650
762 1827
762 1856
762 1915
762 1944
762 2680
762 2712
762 3360
762 3469
762 3505
762 3602
762 4014
762 4049
762 4148
762 4554
762 4632
762 4635
762 4834
763 829
763 1172
763 1373
763 2043
763 2066
763 2120
763 2132
763 2142
763 2283
763 2353
763 2402
763 2593
763 2742
763 2799
763 2825
763 2840
763 2857
763 2872
763 3096
763 3129
763 3411
763 3436
763 3556
763 3852
763 3919
763 3922
763 3999
763 4037
763 4296
763 4437
764 953
764 1231
764 1335
764 1499
764 1694
764 1705
764 1862
764 2153
764 2565
764 2713
764 2758
764 2859
764 2993
764 3000
764 3008
764 3058
764 3071
764 3145
764 3235
764 3236
764 3642
764 3662
764 3713
764 3850
764 4059
764 4108
764 4261
764 4575
764 4746
764 4841
764 4945
765 975
765 997
765 1015
765 1058
765 1120
765 1220
765 1410
765 1453
765 1583
765 1894
765 1929
765 1943
765 1986
765 2271
765 2869
765 2894
765 2992
765 3002
765 3136
765 3436
765 3653
765 3749
765 3802
765 3816
765 4234
765 4322
765 4425
765 4691
765 4746
766 899
766 929
766 1135
766 1288
766 1459
766 1466
766 1755
766 1833
766 2001
766 2414
766 2629
766 2654
766 2789
766 2821
766 2889
766 2994
766 3148
766 3151
766 3275
766 3300
766 3607
766 3919
766 3946
766 4277
766 4537
766 4658
766 4676
766 4687
766 4871
767 980
767 1016
767 1219
767 1536
767 2076
767 2266
767 2420
767 2562
767 2680
767 2784
767 2936
767 3073
767 3705
767 3892
767 3909
767 4170
767 4196
767 4461
767 4532
767 4640
767 4704
767 4847
768 1096
768 1225
768 1413
768 1644
768 2352
768 2603
768 2832
768 2981
768 3049
768 3308
768 3513
768 3569
768 3657
768 3901
768 4161
768 4197
768 4283
768 4484
768 4714
768 4771
769 936
769 1271
769 1609
769 1955
769 2436
769 2492
769 2575
769 2796
769 2862
769 3063
769 3392
769 3416
769 3581
769 3664
769 3672
769 3677
769 3931
769 3971
769 4112
769 4238
769 4358
769 4360
769 4470
769 4627
769 4676
769 4684
769 4908
770 866
770 1075
770 1140
770 1396
770 1707
770 2133
770 2138
770 2478
770 2550
770 2765
770 2786
770 2859
770 2902
770 3006
770 3280
770 3354
770 3367
770 3462
770 3898
770 3983
770 4107
770 4144
770 4598
770 4922
771 790
771 1004
771 1058
771 1063
771 1182
771 1302
771 1334
771 1435
771 1846
771 2013
771 2136
771 2257
771 2411
771 2542
771 2571
771 2578
771 2861
771 3352
771 3385
771 3572
771 3638
771 3964
771 4012
771 4040
771 4110
771 4163
771 4488
771 4808
771 4820
772 1132
772 1213
772 1666
772 1725
772 1760
772 2036
772 2120
772 2136
772 2231
772 2278
772 2533
772 2658
772 2751
772 2801
772 2883
772 2938
772 3078
772 3148
772 3284
772 3373
772 3718
772 3804
772 3882
772 4150
772 4185
772 4396
772 4399
772 4449
772 4657
772 4770
772 4899
772 4978
773 933
773 1021
773 1163
773 1275
773 1442
773 1703
773 2157
773 2343
773 2383
773 2476
773 2712
773 2785
773 3060
773 3492
773 3730
773 3865
773 4085
773 4200
773 4254
773 4379
773 4445
773 4500
773 4543
773 4563
773 4654
773 4670
773 4762
773 4925
773 4959
773 4961
774 1074
774 1374
774 1471
774 1531
774 1618
774 1840
774 2301
774 2823
774 3045
774 3175
774 3327
774 3522
774 3558
774 3723
774 4200
774 4207
774 4662
774 4944
775 907
775 926
775 931
775 1044
775 1115
775 1242
775 1346
775 1735
775 1877
775 2212
775 2381
775 2655
775 2704
775 3098
775 3192
775 3213
775 3400
775 3433
775 3862
775 3919
775 4101
775 4196
775 4218
775 4357
775 4380
775 4677
775 4751
775 4880
775 4930
775 4998
776 872
776 1076
776 1368
776 1918
776 1955
776 2090
776 2341
776 2685
776 2885
776 2956
776 3105
776 3134
776 3831
776 4151
776 4188
776 4436
776 4452
776 4497
776 4695
776 4800
776 4894
776 4987
777 1061
777 1301
777 1306
777 1307
777 1335
777 1398
777 1442
777 1584
777 1675
777 1707
777 1838
777 2139
777 2519
777 2841
777 2845
777 3135
777 3179
777 3271
777 3581
777 3619
777 3652
777 3659
777 3764
777 3926
777 3981
777 4165
777 4618
777 4840
778 965
778 981
778 1023
778 1321
778 1368
778 1406
778 1747
778 2039
778 2211
778 2220
778 2389
778 2404
778 2958
778 3004
778 3039
778 3142
778 3307
778 3677
778 3747
778 4167
778 4654
778 4734
778 4799
779 918
779 1121
779 1246
779 1404
779 1733
779 1950
779 2041
779 2082
779 2182
779 2461
779 2478
779 3276
779 3314
779 3540
779 3547
779 3672
779 3942
779 3995
779 4140
779 4195
779 4398
779 4466
779 4535
779 4667
779 4953
779 4960
780 794
780 1335
780 1409
780 1520
780 1536
780 1650
780 2066
780 2194
780 2282
780 2482
780 2490
780 2513
780 2824
780 2847
780 2875
780 3133
780 3678
780 4016
780 4311
780 4414
780 4449
780 4545
780 4764
780 4796
780 4952
780 4985
781 857
781 1170
781 1631
781 1795
781 1932
781 2115
781 2160
781 2430
781 2678
781 2834
781 2852
781 2907
781 3039
781 3312
781 3412
781 3424
781 3448
781 3621
781 3897
781 3970
781 4304
781 4332
781 4346
781 4351
781 4373
781 4500
781 4650
781 4904
782 930
782 931
782 1271
782 1289
782 1359
782 1424
782 1453
782 1522
782 1673
782 1819
782 1927
782 1928
782 2188
782 2271
782 2287
782 2359
782 2369
782 2873
782 2880
782 2895
782 2946
782 3104
782 3108
782 3446
782 3610
782 3875
782 3914
782 4749
783 785
783 917
783 965
783 1218
783 1278
783 1389
783 2054
783 2106
783 2140
783 2287
783 2320
783 2611
783 2963
783 2991
783 3335
783 3478
783 3624
783 4109
783 4403
783 4432
783 4546
783 4638
783 4754
783 4794
783 4808
783 4908
784 981
784 1127
784 1174
784 1212
784 1311
784 1326
784 1378
784 1402
784 1417
784 1597
784 1698
784 1877
784 1972
784 1999
784 2026
784 2153
784 2366
784 2482
784 2516
784 2522
784 2535
784 2697
784 2798
784 3082
784 3385
784 3623
784 3630
784 3688
784 4014
784 4144
784 4238
784 4249
784 4364
784 4401
784 4685
784 4857
784 4858
784 4976
785 931
785 964
785 1065
785 1146
785 1156
785 1336
785 1556
785 1566
785 1828
785 1938
785 1998
785 2187
785 2191
785 2299
785 2341
785 2367
785 2547
785 2599
785 2943
785 2980
785 3088
785 3123
785 3195
785 3597
785 3747
785 3756
785 4033
785 4477
785 4490
785 4742
785 4995
786 833
786 876
786 1041
786 1066
786 1792
786 1897
786 2268
786 2329
786 2607
786 2804
786 2871
786 3295
786 3312
786 3524
786 3612
786 3642
786 3848
786 3889
786 4329
786 4454
786 4489
786 4628
786 4713
786 4803
786 4947
787 914
787 1243
787 1408
787 1954
787 2411
787 2544
787 2662
787 2918
787 2948
787 3121
787 3647
787 3653
787 3656
787 3767
787 3938
787 4143
787 4590
787 4733
787 4797
787 4943
788 1023
788 1095
788 1563
788 1580
788 1687
788 1829
788 1889
788 1951
788 2077
788 2260
788 2316
788 2356
788 2711
788 3086
788 3149
788 3527
788 3587
788 3869
788 4178
788 4241
788 4271
788 4321
788 4467
788 4538
788 4648
788 4825
788 4995
789 1203
789 1214
789 1290
789 1498
789 2029
789 2057
789 2099
789 2275
789 2486
789 2519
789 2540
789 3382
789 3499
789 3645
789 3711
789 3863
789 3946
789 4031
789 4112
789 4150
789 4260
789 4543
789 4584
789 4808
789 4899
790 1177
790 1233
790 1273
790 1446
790 1601
790 1629
790 1919
790 2202
790 2456
790 2478
790 2987
790 3296
790 3345
790 3404
790 3621
790 4052
790 4305
791 1285
791 1308
791 1388
791 1398
791 1443
791 1475
791 1605
791 1779
791 1829
791 1830
791 1974
791 2047
791 2246
791 2262
791 2413
791 2629
791 2753
791 2800
791 3177
791 3416
791 3636
791 4073
791 4115
791 4302
791 4593
791 4884
791 4891
791 4988
792 882
792 917
792 1380
792 1577
792 1682
792 1716
792 1949
792 1959
792 1996
792 2022
792 2238
792 2717
792 2806
792 2927
792 2932
792 3061
792 3581
792 3831
792 3863
792 3937
792 4045
792 4241
792 4460
792 4486
792 4596
792 4647
792 4879
793 917
793 1003
793 1214
793 1744
793 1831
793 1923
793 2414
793 2445
793 2812
793 3013
793 3166
793 3172
793 3390
793 3432
793 3631
793 3731
793 3984
793 4127
793 4229
793 4466
793 4952
794 1094
794 1262
794 1289
794 1305
794 1602
794 1605
794 1769
794 1905
794 2059
794 2125
794 2178
794 2516
794 2700
794 3334
794 3841
794 4258
794 4698
794 4706
794 4802
794 4995
795 985
795 1107
795 1121
795 1443
795 1631
795 1877
795 1922
795 1976
795 2096
795 2773
795 2972
795 3028
795 3257
795 3335
795 3445
795 3721
795 3800
795 4392
795 4563
795 4821
795 4916
796 798
796 968
796 1184
796 1205
796 1235
796 1379
796 1429
796 1463
796 1481
796 1568
796 1703
796 1787
796 2070
796 2076
796 2115
796 2116
796 2225
796 2678
796 2697
796 2768
796 2934
796 2950
796 3004
796 3023
796 3168
796 3205
796 3347
796 3382
796 3529
796 3538
796 3793
796 3912
796 4000
796 4118
796 4246
796 4624
796 4640
796 4684
796 4863
796 4964
797 1108
797 1167
797 1282
797 1292
797 1406
797 1997
797 2237
797 2498
797 2636
797 2738
797 2809
797 3123
797 3229
797 3250
797 3300
797 3413
797 3492
797 3853
797 3897
797 3949
797 4045
797 4048
797 4442
797 4494
797 4522
797 4606
797 4650
797 4830
797 4952
798 890
798 970
798 1001
798 1155
798 1179
798 1330
798 1425
798 1744
798 2116
798 2140
798 2222
798 2249
798 2278
798 2358
798 2392
798 2443
798 2817
798 3049
798 3303
798 4044
798 4367
798 4644
798 4771
799 1044
799 1056
799 1126
799 1187
799 1244
799 1790
799 2263
799 2327
799 2354
799 2431
799 2750
799 2993
799 3019
799 3030
799 3079
799 3522
799 3550
799 3626
799 3768
799 3873
799 3910
799 3996
799 4093
799 4396
799 4687
799 4742
799 4989
800 820
800 878
800 1176
800 1515
800 1706
800 1781
800 1797
800 1831
800 2152
800 2213
800 2216
800 2247
800 2366
800 2389
800 2500
800 2571
800 2612
800 2767
800 2818
800 2828
800 2899
800 3004
800 3024
800 3044
800 3128
800 3161
800 3328
800 3471
800 3681
800 4065
800 4249
800 4262
800 4357
800 4443
800 4747
800 4836
801 1067
801 1131
801 1400
801 1490
801 1534
801 1555
801 1625
801 1848
801 2052
801 2305
801 2339
801 3125
801 3288
801 3466
801 3548
801 3971
801 4247
801 4274
801 4606
802 812
802 842
802 1233
802 1395
802 1800
802 1817
802 2039
802 2206
802 2584
802 2588
802 2609
802 2627
802 2645
802 2689
802 2827
802 2901
802 2918
802 3007
802 3107
802 3458
802 3795
802 3859
802 4255
802 4283
802 4395
802 4458
802 4549
802 4616
802 4764
803 1178
803 1274
803 1717
803 1910
803 2038
803 2437
803 2537
803 3022
803 3179
803 3656
803 3728
803 3742
803 3848
803 4017
803 4144
803 4246
803 4563
803 4813
803 4822
804 833
804 933
804 1054
804 1414
804 1419
804 1630
804 1681
804 1864
804 1865
804 2102
804 2357
804 2664
804 2679
804 3212
804 3535
804 3762
804 3763
804 3842
804 3935
804 3953
804 4089
804 4343
804 4426
804 4427
804 4767
804 4845
804 4863
805 1159
805 1346
805 1732
805 1794
805 2013
805 3361
805 3483
805 3615
805 3945
805 4117
805 4283
805 4332
805 4474
805 4684
805 4826
805 4840
805 4867
805 4994
806 989
806 1119
806 1136
806 1754
806 1955
806 2047
806 2121
806 2124
806 2243
806 2523
806 2766
806 3035
806 3123
806 3411
806 3492
806 3500
806 3589
806 3614
806 3677
806 3764
806 4164
806 4351
806 4566
807 933
807 997
807 1038
807 1176
807 1279
807 1323
807 1341
807 1569
807 1596
807 2334
807 2341
807 2410
807 2478
807 3394
807 3502
807 3552
807 3702
807 3970
807 4201
807 4540
807 4724
808 835
808 904
808 979
808 1225
808 1560
808 1874
808 1906
808 1990
808 2098
808 2185
808 2227
808 2352
808 2442
808 2549
808 2818
808 2926
808 2928
808 3096
808 3337
808 3493
808 3701
808 4316
808 4424
808 4455
808 4621
808 4634
808 4807
808 4816
809 967
809 1021
809 1112
809 1318
809 1665
809 1744
809 1914
809 2177
809 2640
809 3129
809 3178
809 3196
809 3329
809 3453
809 3461
809 3479
809 3694
809 3814
809 4235
809 4319
809 4513
809 4709
809 4924
810 863
810 1029
810 1086
810 1146
810 1294
810 1394
810 1588
810 1619
810 1892
810 1964
810 2309
810 2367
810 2446
810 2463
810 2673
810 2781
810 3271
810 3786
810 3898
810 4098
810 4118
810 4749
810 4764
810 4969
811 894
811 1008
811 1018
811 1320
811 1406
811 1887
811 1911
811 1914
811 2074
811 2131
811 2242
811 2826
811 2883
811 3076
811 3418
811 3469
811 3549
811 3662
811 3944
811 4021
811 4240
811 4461
811 4630
811 4646
812 922
812 1414
812 1546
812 2078
812 2175
812 2459
812 2864
812 2944
812 2953
812 3366
812 3385
812 3740
812 3845
812 4180
812 4199
812 4808
812 4819
812 4932
813 836
813 852
813 939
813 1078
813 1152
813 1177
813 1953
813 2031
813 2215
813 2325
813 2347
813 2489
813 2498
813 2611
813 2664
813 2879
813 2954
813 3016
813 3102
813 3493
813 3549
813 3633
813 3735
813 3932
813 4075
813 4219
813 4262
813 4324
813 4335
814 1057
814 1061
814 1084
814 1590
814 2016
814 2668
814 2830
814 2977
814 3421
814 3426
814 3597
814 3626
814 3645
814 3777
814 3861
814 3866
814 4267
814 4556
814 4801
814 4835
814 4954
815 899
815 1119
815 1428
815 1431
815 1500
815 1690
815 1897
815 2235
815 2258
815 2471
815 2567
815 2613
815 2899
815 2981
815 3250
815 3367
815 3500
815 3554
815 4023
815 4368
815 4516
815 4622
815 4718
815 4770
815 4906
816 927
816 1092
816 1220
816 1293
816 1636
816 1646
816 1786
816 2429
816 2513
816 2606
816 2751
816 2904
816 3005
816 3283
816 3378
816 3383
816 3734
816 4227
816 4365
816 4494
816 4661
816 4951
816 4997
817 954
817 1249
817 1843
817 1867
817 1996
817 2042
817 2119
817 2230
817 2333
817 2494
817 2526
817 2726
817 2975
817 3526
817 3657
817 3856
817 3857
817 4045
817 4101
817 4278
817 4348
817 4516
817 4522
817 4536
817 4546
817 4649
817 4811
817 4861
818 1080
818 1340
818 1472
818 1647
818 1968
818 2138
818 2202
818 2209
818 2225
818 2320
818 2379
818 2395
818 2651
818 3100
818 3206
818 3344
818 3632
818 3666
818 3704
818 3948
818 4034
818 4120
818 4261
818 4519
818 4673
819 898
819 1116
819 1569
819 1769
819 1919
819 2131
819 2186
819 2276
819 2323
819 2386
819 2686
819 2862
819 3057
819 3437
819 3521
819 3709
819 3740
819 3942
819 3996
819 4096
819 4160
819 4206
819 4503
819 4691
819 4785
819 4911
819 4973
820 915
820 1514
820 1641
820 1867
820 2311
820 2656
820 2958
820 2968
820 3178
820 3222
820 3256
820 3313
820 3758
820 4007
820 4066
820 4074
820 4253
820 4413
820 4435
820 4581
820 4728
820 4950
821 1143
821 1211
821 1234
821 1295
821 1397
821 1645
821 1715
821 1737
821 2099
821 2159
821 2422
821 2639
821 2820
821 2835
821 2837
821 3018
821 3409
821 4003
821 4071
821 4322
821 4325
821 4433
821 4534
821 4890
821 4913
821 4981
822 1094
822 1415
822 1489
822 1713
822 1799
822 1807
822 1955
822 1961
822 2085
822 2555
822 2896
822 2933
822 3424
822 3767
822 3830
822 3833
822 3839
822 3940
822 4102
822 4295
822 4349
822 4633
822 4768
822 4883
822 4972
823 1085
823 1474
823 1554
823 1654
823 1729
823 1754
823 1771
823 1905
823 2064
823 2093
823 2158
823 2190
823 2519
823 3137
823 3328
823 3467
823 3619
823 3883
823 3892
823 4018
823 4187
823 4189
823 4300
823 4326
823 4333
823 4428
823 4532
823 4834
823 4880
824 881
824 1088
824 1145
824 1360
824 1461
824 1525
824 1621
824 1720
824 1800
824 1824
824 1835
824 1862
824 2089
824 2108
824 2205
824 2416
824 2598
824 2671
824 2695
824 3010
824 3165
824 3210
824 3515
824 3589
824 3590
824 3609
824 3766
824 3845
824 4047
824 4061
824 4095
824 4144
824 4275
824 4325
824 4434
824 4602
825 860
825 1063
825 1100
825 1146
825 1164
825 1263
825 1461
825 1580
825 1778
825 1806
825 1885
825 1894
825 2013
825 2062
825 2151
825 2975
825 3014
825 3034
825 3226
825 3599
825 3677
825 3935
825 3955
825 3987
825 4033
825 4073
825 4156
825 4176
825 4285
825 4518
825 4700
825 4845
825 4948
825 4988
826 924
826 939
826 1047
826 1129
826 1188
826 1322
826 1363
826 1460
826 1770
826 2014
826 2205
826 2389
826 2511
826 3291
826 3408
826 3748
826 3807
826 3814
826 4133
826 4372
826 4934
827 840
827 961
827 1157
827 1507
827 2183
827 2196
827 2197
827 2204
827 2556
827 2663
827 2668
827 3259
827 3469
827 4158
827 4337
827 4522
828 870
828 1344
828 1354
828 1517
828 1678
828 1750
828 2175
828 2213
828 2293
828 2516
828 2529
828 2552
828 2998
828 3136
828 3449
828 3531
828 3563
828 3589
828 3608
828 3787
828 3906
828 4410
828 4952
828 4954
829 1078
829 1415
829 1481
829 2157
829 2369
829 2693
829 2701
829 2715
829 2769
829 2841
829 2928
829 2958
829 3389
829 3483
829 3500
829 3558
829 3626
829 3867
829 3913
829 4165
829 4328
829 4358
829 4439
829 4715
829 4768
829 4940
829 4949
830 1027
830 1063
830 1112
830 1144
830 1970
830 1980
830 2174
830 2476
830 3125
830 3275
830 3366
830 3387
830 3502
830 3528
830 3568
830 3614
830 3629
830 3683
830 3689
830 3729
830 3856
830 3871
830 3968
830 4201
830 4265
830 4425
830 4713
830 4744
830 4835
830 4855
831 870
831 1068
831 1071
831 1073
831 1253
831 1367
831 1407
831 1446
831 1524
831 1615
831 2518
831 2795
831 2956
831 3132
831 3254
831 3580
831 3643
831 4380
831 4644
831 4802
831 4946
832 846
832 888
832 1059
832 1346
832 1526
832 1534
832 1541
832 1542
832 1853
832 1962
832 1983
832 1986
832 2301
832 2704
832 2964
832 3026
832 3231
832 3272
832 3320
832 3736
832 4102
832 4172
832 4227
832 4634
832 4719
832 4817
833 1146
833 1152
833 1435
833 1513
833 1772
833 1785
833 1966
833 2040
833 2573
833 2676
833 2796
833 2892
833 3113
833 3152
833 3291
833 3405
833 3491
833 3618
833 3819
833 3870
833 4136
833 4361
833 4431
833 4460
833 4628
834 1065
834 1154
834 1267
834 1292
834 1520
834 1543
834 1716
834 2073
834 2228
834 3087
834 3245
834 3253
834 3438
834 3693
834 3974
834 4088
834 4096
834 4113
834 4269
834 4584
834 4726
835 1103
835 1279
835 1281
835 1293
835 1439
835 1471
835 1587
835 1651
835 1822
835 1976
835 2311
835 2441
835 2461
835 2525
835 2762
835 3155
835 3197
835 3198
835 3636
835 3879
835 3986
835 4203
835 4259
835 4484
835 4569
835 4676
835 4775
835 4936
835 4958
836 879
836 929
836 1256
836 1496
836 1568
836 1668
836 1676
836 1706
836 1940
836 2011
836 2160
836 2277
836 2666
836 2838
836 3077
836 3399
836 3572
836 3744
836 3765
836 3953
836 3961
836 4127
836 4872
837 856
837 1593
837 1602
837 1734
837 1955
837 2162
837 2238
837 2272
837 2486
837 2579
837 2931
837 2954
837 3099
837 3169
837 3378
837 3433
837 3457
837 3705
837 3715
837 3802
837 3823
837 3878
837 4014
837 4314
837 4973
838 854
838 861
838 876
838 911
838 1499
838 1574
838 1681
838 1884
838 2130
838 2178
838 2405
838 2552
838 2574
838 3232
838 3400
838 3420
838 3506
838 3573
838 3733
838 3925
838 4262
838 4381
838 4643
838 4693
838 4775
838 4927
839 1004
839 1023
839 1034
839 1107
839 1172
839 1419
839 1472
839 1549
839 1580
839 1666
839 1728
839 1911
839 2330
839 2448
839 2898
839 2901
839 2948
839 3376
839 3424
839 3835
839 3875
839 3893
839 4729
840 859
840 1154
840 1174
840 1888
840 2082
840 2115
840 2429
840 2452
840 2455
840 2508
840 2586
840 2653
840 3087
840 3267
840 3291
840 3460
840 4022
840 4304
840 4313
840 4521
840 4602
840 4857
841 923
841 1052
841 1106
841 1687
841 1881
841 2069
841 2224
841 2287
841 2308
841 2837
841 2858
841 3118
841 3150
841 3179
841 3284
841 3536
841 3594
841 3856
841 3887
841 3915
841 4425
841 4442
841 4460
841 4541
841 4705
841 4759
841 4844
842 958
842 1042
842 1135
842 1296
842 1531
842 1788
842 1823
842 2075
842 2180
842 2366
842 3144
842 3282
842 3341
842 3675
842 4019
842 4232
842 4452
842 4873
843 1084
843 1413
843 1474
843 1765
843 1835
843 1969
843 2261
843 2609
843 2686
843 3317
843 3515
843 3534
843 3573
843 3591
843 3931
843 4032
843 4040
843 4362
843 4572
843 4718
844 888
844 944
844 1092
844 1109
844 1717
844 2057
844 2129
844 2318
844 2323
844 2447
844 2578
844 2642
844 2807
844 3042
844 3080
844 3191
844 3588
844 3627
844 3917
844 4333
844 4657
845 1175
845 1424
845 1630
845 1772
845 2071
845 2088
845 2225
845 2520
845 2528
845 2653
845 2809
845 2850
845 3147
845 3186
845 3385
845 3534
845 3754
845 3812
845 3937
845 3990
845 4053
845 4100
845 4180
845 4372
845 4674
845 4809
845 4908
846 999
846 1023
846 1541
846 1560
846 1910
846 1950
846 2243
846 2301
846 2336
846 2438
846 2833
846 3219
846 3239
846 3331
846 3720
846 3729
846 3770
846 3814
846 3908
846 4085
846 4118
846 4287
846 4773
846 4939
847 1037
847 1300
847 1453
847 1941
847 2494
847 2723
847 2766
847 3016
847 3303
847 3321
847 3748
847 4063
847 4190
847 4535
847 4562
847 4701
847 4931
848 874
848 1036
848 1271
848 1341
848 2294
848 2325
848 2371
848 2559
848 2744
848 3436
848 3510
848 3596
848 3651
848 3666
848 3733
848 3803
848 4007
848 4022
848 4039
848 4105
848 4244
848 4400
848 4441
848 4478
848 4907
849 895
849 899
849 933
849 1116
849 1253
849 1297
849 1572
849 1638
849 1874
849 2231
849 2673
849 2999
849 4260
849 4383
849 4704
849 4717
849 4888
850 1260
850 1347
850 1667
850 2020
850 2807
850 3005
850 3408
850 3549
850 4250
850 4479
850 4526
850 4556
850 4710
850 4875
850 4937
851 962
851 1225
851 1247
851 1303
851 1393
851 1583
851 1646
851 1718
851 2028
851 2117
851 2156
851 2215
851 2472
851 2564
851 2618
851 2656
851 2906
851 2992
851 3259
851 3319
851 3391
851 3410
851 3684
851 4263
851 4577
851 4757
851 4811
851 4860
851 4902
851 4971
852 924
852 1052
852 1167
852 1172
852 1178
852 1193
852 1485
852 1504
852 1526
852 1662
852 1682
852 2108
852 2134
852 2307
852 2313
852 2663
852 2989
852 3239
852 3269
852 3416
852 3563
852 3628
852 3652
852 3667
852 3698
853 905
853 1197
853 1278
853 1767
853 2248
853 2270
853 2453
853 2612
853 2720
853 2746
853 3047
853 3083
853 3423
853 3755
853 3760
853 3885
853 4287
853 4316
853 4624
853 4717
853 4848
853 4889
854 873
854 893
854 1000
854 1025
854 1089
854 1425
854 1651
854 2414
854 2572
854 2687
854 3585
854 3590
854 3637
854 3795
854 3911
854 4034
854 4045
854 4221
854 4460
854 4569
854 4657
854 4694
854 4819
854 4824
855 947
855 1313
855 1370
855 1436
855 1522
855 1761
855 1827
855 1965
855 2179
855 2267
855 2357
855 2530
855 2567
855 2650
855 2660
855 2682
855 2703
855 2833
855 2841
855 2857
855 3147
855 3351
855 3374
855 3401
855 3521
855 3685
855 3881
855 4046
855 4480
855 4659
855 4935
855 4941
855 4958
856 1089
856 1233
856 1605
856 1831
856 1889
856 1934
856 2081
856 2160
856 2323
856 2371
856 2574
856 2689
856 2751
856 3299
856 3625
856 3697
856 3701
856 4113
856 4504
856 4750
857 1083
857 1194
857 1211
857 1313
857 1344
857 1695
857 1973
857 2323
857 2489
857 2556
857 2683
857 2793
857 3037
857 3186
857 3268
857 3588
857 3893
857 4007
857 4097
857 4435
857 4516
857 4661
857 4718
858 883
858 1124
858 1162
858 1353
858 1587
858 1622
858 1844
858 2065
858 2113
858 2140
858 2444
858 2716
858 2721
858 3033
858 3102
858 3718
858 3725
858 3766
858 3871
858 3938
858 4029
858 4447
858 4590
858 4598
858 4625
858 4631
858 4913
859 961
859 1213
859 1250
859 1484
859 1505
859 1581
859 1883
859 2007
859 2027
859 2059
859 2277
859 2295
859 2358
859 2396
859 2676
859 2805
859 3059
859 3478
859 3620
859 3651
859 3723
859 3850
859 3948
859 4065
859 4096
859 4387
859 4438
859 4625
859 4669
859 4675
859 4759
859 4801
859 4897
859 4982
860 862
860 1036
860 1445
860 1599
860 1773
860 1785
860 1833
860 2013
860 2027
860 2316
860 2438
860 2619
860 2719
860 2815
860 2880
860 2968
860 3050
860 3160
860 3167
860 3327
860 4095
860 4429
860 4437
860 4534
860 4632
860 4774
861 948
861 1085
861 1233
861 1304
861 1451
861 1897
861 1913
861 1926
861 1986
861 2071
861 2298
861 2312
861 2332
861 2551
861 2631
861 2836
861 2888
861 2921
861 3082
861 3183
861 3190
861 3200
861 3662
861 3837
861 4252
861 4599
861 4718
861 4781
861 4836
861 4852
861 4928
861 4957
862 1029
862 1036
862 1203
862 1357
862 1406
862 2069
862 2392
862 2544
862 2717
862 2753
862 2808
862 3048
862 3219
862 3267
862 3735
862 3797
862 4039
862 4090
862 4216
862 4402
862 4548
862 4556
862 4676
862 4693
862 4754
863 951
863 1011
863 1311
863 1554
863 1673
863 2078
863 2191
863 2371
863 2705
863 3097
863 3113
863 3592
863 3597
863 3639
863 3855
863 3988
863 4253
863 4280
863 4398
863 4526
863 4622
863 4835
864 921
864 1189
864 1198
864 1330
864 1370
864 1407
864 1558
864 1637
864 1689
864 2004
864 2136
864 2142
864 2155
864 2766
864 3171
864 3413
864 3422
864 3491
864 3603
864 3621
864 3697
864 3715
864 3953
864 4280
864 4308
865 1072
865 1090
865 1471
865 1749
865 1818
865 1898
865 1970
865 2196
865 2517
865 2528
865 2659
865 2669
865 2763
865 2957
865 3160
865 3188
865 3252
865 3263
865 3417
865 3471
865 3655
865 3730
865 4109
865 4130
865 4386
865 4489
865 4847
866 1097
866 1224
866 1330
866 1503
866 1520
866 1584
866 1826
866 1859
866 1883
866 1958
866 2048
866 2085
866 2407
866 2544
866 2666
866 2763
866 3025
866 3272
866 3350
866 3579
866 3730
866 3929
866 4468
866 4564
866 4711
866 4931
867 1228
867 1297
867 1498
867 2122
867 2549
867 2611
867 2650
867 2685
867 2751
867 3066
867 3084
867 3155
867 3361
867 3571
867 3651
867 4123
867 4190
867 4278
867 4280
867 4616
867 4873
867 4879
867 4883
867 4948
867 4970
868 891
868 1044
868 1416
868 1506
868 1576
868 1661
868 1798
868 1936
868 2123
868 2660
868 2721
868 2736
868 2829
868 3291
868 3757
868 3782
868 3838
868 3894
868 3939
868 3998
868 4138
868 4200
868 4306
868 4349
868 4466
868 4689
868 4746
868 4791
869 879
869 924
869 935
869 1040
869 1256
869 1649
869 1991
869 1993
869 2243
869 2285
869 2571
869 2771
869 2847
869 3008
869 3245
869 3301
869 3462
869 3765
869 3920
869 3989
869 4054
869 4079
869 4164
869 4301
869 4521
869 4612
869 4727
869 4792
869 4892
870 930
870 1132
870 1373
870 1403
870 1458
870 1479
870 1523
870 1603
870 1631
870 1650
870 1810
870 1968
870 2102
870 2179
870 2665
870 3316
870 3581
870 3749
870 3778
870 4527
870 4591
870 4799
871 1281
871 1647
871 1648
871 1737
871 1856
871 2038
871 2117
871 2316
871 2576
871 2900
871 3190
871 3541
871 3605
871 3707
871 3736
871 3813
871 3886
871 3926
871 4050
871 4126
871 4145
871 4263
871 4383
871 4538
871 4911
871 4970
872 975
872 1355
872 1676
872 2528
872 2570
872 2634
872 2734
872 2878
872 3065
872 3122
872 3234
872 3237
872 3559
872 3781
872 4113
872 4316
872 4639
872 4660
872 4685
873 1144
873 1335
873 1508
873 1578
873 1755
873 2146
873 2387
873 2471
873 2564
873 3070
873 3432
873 3763
873 3933
873 4033
873 4093
873 4102
873 4133
873 4146
873 4823
874 1037
874 1170
874 1534
874 1728
874 1830
874 1951
874 2567
874 2715
874 2747
874 2895
874 3000
874 3054
874 3126
874 3387
874 3507
874 3543
874 3630
874 3824
874 4570
874 4663
874 4941
875 914
875 1199
875 1257
875 1312
875 1355
875 1639
875 1697
875 1808
875 1845
875 1854
875 2082
875 2093
875 2146
875 2305
875 2342
875 2356
875 2415
875 2509
875 2557
875 2611
875 2699
875 2722
875 2807
875 2955
875 2997
875 3218
875 3481
875 3522
875 3677
875 3743
875 3783
875 3873
875 3897
875 4106
875 4203
875 4208
875 4215
875 4314
875 4398
875 4542
875 4833
875 4880
876 901
876 1229
876 1446
876 1690
876 1750
876 1798
876 1906
876 1983
876 2227
876 2240
876 2386
876 2391
876 2536
876 2540
876 2790
876 2855
876 2889
876 2904
876 3044
876 3438
876 3526
876 3539
876 3577
876 3593
876 3643
876 3668
876 3846
876 3849
876 4124
876 4480
876 4498
876 4776
876 4784
876 4800
876 4887
877 1327
877 1818
877 1821
877 2084
877 2193
877 2491
877 2533
877 2825
877 3137
877 3258
877 3379
877 3478
877 3934
877 3963
877 4256
877 4602
877 4974
878 896
878 1099
878 1240
878 1333
878 1334
878 1491
878 1740
878 1769
878 1807
878 2167
878 2240
878 2468
878 2530
878 2572
878 2640
878 2756
878 2809
878 2925
878 3707
878 3795
878 4106
878 4357
878 4452
878 4754
878 4792
878 4934
879 1056
879 1138
879 1181
879 1310
879 1476
879 1603
879 1773
879 2228
879 2302
879 2390
879 2455
879 2858
879 2931
879 3397
879 3747
879 3890
879 3907
879 3912
879 4060
879 4193
879 4604
879 4808
880 1070
880 1188
880 1244
880 1266
880 1296
880 1319
880 1410
880 1522
880 1891
880 2110
880 2147
880 2443
880 2561
880 2737
880 2809
880 2820
880 3469
880 3619
880 3886
880 3894
880 3904
880 4225
880 4281
880 4329
880 4600
880 4787
881 905
881 1360
881 1549
881 1997
881 2125
881 2582
881 2772
881 2911
881 3095
881 3219
881 3309
881 3341
881 3709
881 3718
881 3760
881 4054
881 4171
881 4933
881 4984
882 1206
882 1618
882 1747
882 1759
882 1790
882 1806
882 1814
882 1919
882 2401
882 2498
882 2749
882 2863
882 2933
882 3008
882 3497
882 3606
882 4009
882 4242
882 4273
882 4322
882 4728
882 4933
883 1218
883 1243
883 1257
883 1527
883 1795
883 1837
883 2120
883 2544
883 2660
883 2813
883 3123
883 3345
883 3389
883 3433
883 3517
883 3589
883 3603
883 3698
883 3984
883 4101
883 4719
883 4893
883 4897
883 4969
884 1081
884 1142
884 1369
884 1402
884 1428
884 1520
884 1708
884 1753
884 1885
884 1987
884 2076
884 2103
884 2150
884 2417
884 2681
884 2717
884 3030
884 3043
884 3561
884 3657
884 3658
884 3746
884 3894
884 3996
884 4045
884 4353
884 4713
884 4812
884 4830
885 893
885 1279
885 1340
885 1412
885 1780
885 1785
885 1944
885 1995
885 2009
885 2047
885 2211
885 2427
885 2629
885 2943
885 3017
885 3585
885 3653
885 4222
885 4327
885 4639
885 4774
885 4775
886 1073
886 1139
886 1260
886 1267
886 1440
886 1829
886 2117
886 2231
886 2259
886 2583
886 2771
886 3308
886 3350
886 3577
886 3672
886 4078
886 4143
886 4300
886 4333
886 4421
886 4458
886 4497
886 4653
886 4766
887 951
887 960
887 1037
887 1468
887 1663
887 2054
887 2086
887 2182
887 2274
887 2585
887 2707
887 2718
887 2908
887 2952
887 3055
887 3073
887 3299
887 3310
887 3368
887 3376
887 3533
887 3970
887 4048
887 4225
887 4286
887 4293
887 4470
887 4647
888 935
888 1242
888 1879
888 1998
888 2084
888 2274
888 2275
888 2626
888 2873
888 2964
888 3053
888 3272
888 3671
888 4070
888 4385
888 4523
888 4605
888 4866
889 1020
889 1066
889 1884
889 2581
889 2610
889 2752
889 2813
889 2857
889 3036
889 3162
889 3606
889 4078
889 4185
889 4236
889 4368
889 4634
889 4813
889 4927
890 931
890 940
890 1093
890 1186
890 1271
890 1638
890 2403
890 2503
890 3180
890 3211
890 3427
890 3498
890 3587
890 3897
890 3985
890 3996
890 4011
890 4049
890 4383
890 4589
890 4723
891 1041
891 1127
891 1191
891 1284
891 1286
891 1538
891 1545
891 1599
891 1771
891 2039
891 2084
891 2170
891 2408
891 2680
891 2749
891 2909
891 2928
891 2969
891 2975
891 3025
891 3280
891 3435
891 3588
891 3614
891 3688
891 3799
891 3869
891 3946
891 3961
891 3962
891 3965
891 4394
891 4591
891 4718
891 4730
891 4924
892 1470
892 1488
892 1601
892 1758
892 1880
892 1989
892 2022
892 2153
892 2179
892 2204
892 2232
892 2397
892 2475
892 2885
892 2912
892 3273
892 3302
892 3327
892 3335
892 3422
892 3472
892 3593
892 3681
892 3823
892 3890
892 4069
892 4578
892 4712
892 4739
892 4773
893 1142
893 1220
893 1256
893 1690
893 1741
893 2004
893 2286
893 2624
893 2735
893 2763
893 2919
893 3177
893 3462
893 3506
893 3767
893 3809
893 3921
893 4029
893 4058
893 4267
893 4625
893 4663
893 4834
894 900
894 1094
894 1218
894 1721
894 1758
894 1777
894 1778
894 1796
894 1850
894 2015
894 2194
894 2521
894 2886
894 2952
894 3238
894 3618
894 3647
894 3757
894 4029
894 4276
894 4326
894 4373
894 4629
894 4633
894 4820
895 930
895 1010
895 1141
895 1277
895 1358
895 1635
895 1713
895 1733
895 2023
895 2445
895 2453
895 2597
895 3137
895 3187
895 3246
895 3299
895 3378
895 3841
895 3856
895 4185
895 4198
895 4469
895 4476
895 4971
895 4979
895 4994
896 975
896 1391
896 1474
896 1592
896 1650
896 1871
896 2060
896 2089
896 2296
896 2520
896 2966
896 3056
896 3202
896 3327
896 4422
896 4565
896 4724
896 4854
896 4915
896 4918
896 4986
897 937
897 1049
897 1390
897 1462
897 2190
897 2486
897 3202
897 3357
897 3974
897 4096
897 4135
897 4200
897 4689
897 4926
898 967
898 1469
898 1522
898 1538
898 1623
898 1733
898 1829
898 2478
898 2599
898 2908
898 3061
898 3287
898 3401
898 3459
898 3480
898 4118
898 4136
898 4164
898 4497
898 4910
899 904
899 938
899 982
899 1069
899 1115
899 1302
899 1588
899 1715
899 2398
899 2549
899 3008
899 3176
899 3209
899 3534
899 3748
899 3916
899 4156
899 4235
899 4376
899 4655
900 1233
900 1498
900 1708
900 1926
900 1935
900 2097
900 2318
900 2319
900 2562
900 3114
900 3493
900 3687
900 3782
900 3835
900 3941
900 4389
900 4702
900 4807
901 1155
901 1182
901 1629
901 1934
901 1941
901 2054
901 2208
901 2291
901 2447
901 2686
901 2840
901 3335
901 3656
901 3667
901 3716
901 3909
901 4174
901 4396
901 4501
901 4504
901 4604
901 4754
901 4837
901 4844
902 918
902 1374
902 2042
902 2911
902 2959
902 3162
902 3180
902 3325
902 3327
902 3330
902 3883
902 4436
902 4591
902 4883
902 4927
902 4967
903 1018
903 1070
903 1238
903 1467
903 1597
903 1689
903 1810
903 1900
903 1936
903 1965
903 1989
903 2184
903 2347
903 2544
903 2726
903 2831
903 3291
903 3580
903 3793
903 3846
903 3850
903 3965
903 4460
903 4914
903 4971
904 990
904 1144
904 1249
904 1280
904 1325
904 1661
904 1805
904 1908
904 2018
904 2033
904 2150
904 2156
904 2279
904 2495
904 2515
904 2523
904 2549
904 2581
904 2724
904 2963
904 3191
904 3230
904 3678
904 3848
904 3851
904 4107
904 4485
904 4523
904 4544
904 4889
904 4965
904 4988
905 1276
905 1450
905 1624
905 1637
905 1767
905 2092
905 2237
905 2332
905 2516
905 2886
905 3020
905 3112
905 3138
905 3315
905 3356
905 3357
905 3550
905 3587
905 3787
905 4051
905 4138
905 4151
905 4349
905 4651
905 4802
906 1064
906 1434
906 1459
906 1606
906 1670
906 1701
906 1724
906 2353
906 2426
906 2816
906 2922
906 3203
906 3390
906 3798
906 3919
906 4022
906 4164
906 4412
906 4439
906 4585
906 4868
906 4940
907 941
907 1123
907 1235
907 1388
907 2435
907 2438
907 2482
907 2488
907 2490
907 2516
907 3682
907 3831
907 3864
907 3889
907 4005
907 4105
907 4162
907 4309
907 4546
907 4626
907 4789
907 4851
907 4904
907 4922
908 910
908 1243
908 1287
908 1506
908 1677
908 1870
908 2339
908 2716
908 2813
908 3216
908 3315
908 3778
908 3854
908 3958
908 4093
909 921
909 963
909 996
909 1190
909 1580
909 1643
909 1658
909 1726
909 1768
909 1781
909 1818
909 2070
909 2110
909 2131
909 2395
909 2532
909 2551
909 3407
909 3572
909 3998
909 4126
909 4187
909 4250
909 4628
909 4736
910 947
910 1356
910 1568
910 1737
910 1910
910 1975
910 1986
910 2263
910 2549
910 2795
910 2878
910 2983
910 3619
910 3916
910 4021
910 4054
910 4088
910 4107
910 4423
910 4706
910 4711
910 4740
910 4805
910 4899
911 920
911 1575
911 1634
911 1745
911 1835
911 1943
911 2055
911 2105
911 2278
911 2362
911 2515
911 2971
911 3015
911 3026
911 3035
911 3189
911 3233
911 3333
911 3506
911 3814
911 3834
911 4350
911 4576
911 4758
911 4973
912 1024
912 1276
912 1649
912 1808
912 2000
912 2009
912 2043
912 2119
912 2487
912 2883
912 2896
912 2944
912 2950
912 3008
912 3030
912 3272
912 3373
912 3673
912 3686
912 3697
912 4542
912 4590
912 4714
912 4882
912 4910
912 4960
913 1388
913 1425
913 1439
913 1661
913 1894
913 2024
913 2123
913 2256
913 2383
913 2529
913 2581
913 2737
913 2745
913 3207
913 3460
913 3472
913 3582
913 3825
913 3853
913 4103
913 4230
913 4234
913 4436
913 4443
913 4454
913 4559
913 4641
913 4751
913 4785
913 4824
913 4844
914 921
914 941
914 989
914 1169
914 1285
914 1337
914 1351
914 1554
914 1615
914 1874
914 1898
914 1996
914 2366
914 2505
914 2601
914 3192
914 3464
914 3638
914 3659
914 3975
914 3993
914 4081
914 4146
914 4538
914 4566
914 4870
914 4994
915 1065
915 1629
915 2881
915 2902
915 3370
915 3498
915 3547
915 3774
915 3884
915 4203
915 4294
915 4303
915 4424
915 4480
915 4509
915 4569
915 4700
915 4760
915 4913
915 4961
915 4973
916 1039
916 1518
916 1671
916 1764
916 1983
916 2449
916 2453
916 2614
916 3025
916 3886
916 3973
916 4050
916 4086
916 4111
916 4196
916 4328
916 4386
916 4737
916 4763
916 4846
917 1113
917 1255
917 1439
917 1563
917 2102
917 2304
917 2328
917 2360
917 2483
917 2686
917 2799
917 3017
917 3251
917 3642
917 4420
917 4455
917 4465
917 4749
917 4895
918 1025
918 1083
918 1191
918 1336
918 1696
918 1818
918 1879
918 2225
918 2591
918 2739
918 2814
918 2912
918 3507
918 3746
918 3927
918 4121
918 4194
918 4219
918 4293
918 4330
918 4537
918 4555
918 4597
918 4665
918 4749
918 4759
918 4771
919 1117
919 1169
919 1214
919 1267
919 1463
919 1534
919 1683
919 1761
919 1809
919 1990
919 2290
919 2852
919 2901
919 2903
919 2980
919 2988
919 3099
919 3739
919 3782
919 3789
919 3811
919 3868
919 4009
919 4030
919 4341
919 4461
919 4495
919 4542
919 4667
919 4917
919 4923
920 1202
920 1267
920 1543
920 1552
920 1628
920 1652
920 1924
920 1981
920 2066
920 2167
920 2399
920 2906
920 2915
920 2949
920 3137
920 3339
920 3365
920 4082
920 4244
920 4420
920 4592
920 4845
920 4931
921 1030
921 1075
921 1108
921 1296
921 1373
921 1670
921 2712
921 2861
921 2961
921 2975
921 2997
921 3203
921 3225
921 3576
921 3618
921 3699
921 3974
921 4992
922 956
922 1100
922 1219
922 1389
922 1393
922 1435
922 1608
922 1642
922 1669
922 1675
922 1678
922 1737
922 1763
922 2242
922 2435
922 2590
922 2596
922 2707
922 2933
922 2941
922 2995
922 3021
922 3220
922 3372
922 3389
922 3405
922 4030
922 4114
922 4381
922 4463
922 4727
922 4856
922 4870
922 4929
922 4964
923 1243
923 1494
923 1576
923 1692
923 1695
923 1779
923 2046
923 2510
923 3158
923 3173
923 3312
923 3843
923 4022
923 4085
923 4135
923 4233
923 4575
923 4616
923 4891
923 4935
923 4983
924 1054
924 1319
924 1455
924 1651
924 1760
924 1992
924 2123
924 2401
924 2547
924 2602
924 2798
924 3229
924 3388
924 3685
924 3762
924 4017
924 4543
924 4554
924 4559
924 4830
925 934
925 1443
925 1527
925 1617
925 1654
925 1657
925 1939
925 2016
925 2021
925 2067
925 2148
925 2171
925 2251
925 2262
925 2332
925 2396
925 2441
925 2545
925 2602
925 2632
925 2682
925 2843
925 3081
925 3414
925 3541
925 3860
925 4003
925 4133
925 4231
925 4383
925 4661
925 4796
925 4803
926 928
926 998
926 1003
926 1099
926 1524
926 1701
926 1789
926 1867
926 2055
926 2274
926 2282
926 2430
926 2634
926 2800
926 3009
926 3129
926 3157
926 3159
926 3255
926 3352
926 3377
926 3430
926 3506
926 3983
926 4305
926 4588
927 1031
927 1066
927 1231
927 1276
927 1402
927 1466
927 1478
927 1601
927 1668
927 1720
927 1857
927 1863
927 2007
927 2056
927 2218
927 2265
927 2297
927 2299
927 2549
927 2643
927 2731
927 2782
927 2917
927 3033
927 3086
927 3154
927 3563
927 3606
927 3875
927 4034
927 4102
927 4116
927 4247
927 4425
927 4426
927 4567
927 4903
928 1153
928 1204
928 1290
928 1413
928 1611
928 1620
928 2218
928 2299
928 2310
928 2449
928 2471
928 2563
928 2938
928 2939
928 3102
928 3146
928 3230
928 3644
928 3891
928 3908
928 3916
928 4131
928 4144
928 4246
928 4490
928 4731
928 4808
928 4818
928 4859
928 4961
929 1041
929 1255
929 1348
929 1493
929 1672
929 1932
929 2183
929 2363
929 2616
929 2719
929 2764
929 2827
929 3062
929 3455
929 3646
929 3662
929 3665
929 3928
929 4389
929 4663
929 4954
930 1221
930 1259
930 1562
930 1711
930 2187
930 2481
930 2567
930 2790
930 2971
930 3087
930 3353
930 3424
930 3514
930 3785
930 3805
930 3949
930 3964
930 4353
930 4375
931 1714
931 1950
931 1987
931 2089
931 2335
931 2705
931 2745
931 2959
931 3002
931 3117
931 3131
931 3206
931 3464
931 3919
931 3949
931 4314
931 4416
931 4462
931 4702
931 4818
931 4942
931 4977
932 953
932 1023
932 1247
932 1580
932 1673
932 2191
932 2500
932 2514
932 2527
932 2604
932 2849
932 2905
932 2940
932 3105
932 3137
932 3331
932 3379
932 3498
932 3544
932 3792
932 3851
932 4250
932 4322
932 4381
932 4615
932 4649
933 1557
933 1691
933 1902
933 1993
933 2411
933 2493
933 2977
933 3009
933 3208
933 3841
933 4147
933 4191
933 4307
933 4348
933 4835
933 4866
933 4934
934 1043
934 1053
934 1130
934 1132
934 1344
934 1447
934 1630
934 1765
934 1790
934 1961
934 2181
934 2207
934 2242
934 2466
934 2472
934 2537
934 2619
934 2889
934 3023
934 3269
934 3369
934 3421
934 3489
934 3548
934 3672
934 3808
934 4274
934 4356
934 4460
934 4880
934 4978
935 1282
935 1288
935 1432
935 1575
935 1743
935 1957
935 2054
935 2364
935 2392
935 2596
935 2601
935 2773
935 2828
935 3055
935 4016
935 4382
935 4485
935 4552
935 4671
935 4912
935 4961
935 4992
936 942
936 1038
936 1210
936 1367
936 1539
936 1546
936 1610
936 2003
936 2260
936 2469
936 2506
936 2726
936 2917
936 3127
936 3382
936 3485
936 3630
936 3691
936 3751
936 3879
936 3910
936 4297
936 4618
936 4714
937 1042
937 1057
937 1146
937 1487
937 1833
937 1905
937 2068
937 2125
937 2166
937 2168
937 2179
937 2293
937 2313
937 2405
937 2527
937 2537
937 2542
937 2543
937 2685
937 2822
937 2873
937 2956
937 2975
937 3002
937 3134
937 3141
937 3146
937 3806
937 3894
937 3945
937 4192
937 4322
937 4328
937 4353
937 4389
937 4743
937 4932
938 974
938 1037
938 1057
938 1299
938 2212
938 2324
938 2326
938 2427
938 2443
938 2446
938 2686
938 2771
938 2810
938 2898
938 3087
938 3218
938 3254
938 3255
938 3403
938 3508
938 3600
938 4180
938 4430
938 4838
938 4957
939 1109
939 1428
939 1473
939 1558
939 1559
939 1748
939 1818
939 2039
939 2093
939 2130
939 2402
939 2418
939 2786
939 2932
939 3097
939 3303
939 3473
939 3481
939 3814
939 4135
939 4339
939 4471
939 4481
939 4689
939 4857
940 1093
940 1109
940 1536
940 1562
940 1717
940 1725
940 1874
940 2122
940 2217
940 2220
940 2307
940 2370
940 2460
940 2493
940 2842
940 2857
940 2933
940 3122
940 3165
940 3185
940 3298
940 3366
940 3561
940 3612
940 3851
940 4090
940 4296
940 4466
940 4474
940 4483
940 4710
941 943
941 990
941 999
941 1041
941 1226
941 1347
941 1498
941 1522
941 1662
941 1734
941 1815
941 2198
941 2251
941 2296
941 2361
941 2647
941 2888
941 3152
941 3258
941 3394
941 3651
941 4071
941 4304
941 4359
942 1137
942 1170
942 1230
942 1453
942 1797
942 2055
942 2093
942 2222
942 2311
942 2588
942 2816
942 2886
942 2908
942 3039
942 3042
942 3100
942 3414
942 3420
942 3423
942 3494
942 3857
942 4086
942 4968
942 4978
942 4995
943 993
943 1214
943 1216
943 1237
943 1350
943 1470
943 1482
943 1793
943 1797
943 1852
943 2011
943 2044
943 2141
943 2605
943 2632
943 2972
943 3061
943 3242
943 3296
943 3594
943 3648
943 3793
943 3883
943 4034
943 4378
943 4394
943 4772
943 4807
943 4827
944 1073
944 1133
944 1219
944 1846
944 1889
944 2566
944 2581
944 2582
944 2739
944 3151
944 3651
944 4039
944 4095
944 4382
944 4661
944 4869
944 4888
944 4967
945 1191
945 1366
945 1372
945 1381
945 1510
945 1644
945 1744
945 1768
945 1839
945 1975
945 2164
945 2258
945 2355
945 2629
945 2669
945 2762
945 3012
945 3142
945 3310
945 4093
945 4432
945 4639
945 4718
945 4972
946 1341
946 1398
946 1482
946 1502
946 1791
946 1852
946 2073
946 2222
946 2461
946 2463
946 2552
946 2653
946 2899
946 3117
946 3161
946 3255
946 3441
946 3497
946 3839
947 1055
947 1221
947 1420
947 1501
947 1529
947 1638
947 1948
947 2662
947 3133
947 3704
947 4666
947 4787
947 4941
948 1329
948 1398
948 1591
948 1860
948 2143
948 2179
948 2289
948 2420
948 2589
948 2771
948 2958
948 3104
948 3362
948 3371
948 3593
948 3706
948 3887
948 4162
948 4523
948 4529
948 4587
949 951
949 1159
949 1261
949 1313
949 1392
949 1489
949 1667
949 1673
949 1678
949 1725
949 1826
949 2167
949 2244
949 2265
949 2307
949 2518
949 2575
949 2609
949 2630
949 2820
949 2876
949 3018
949 3228
949 3333
949 3362
949 3513
949 3546
949 4083
949 4423
949 4558
949 4960
950 1017
950 1207
950 1331
950 1704
950 1759
950 2056
950 2151
950 2409
950 2465
950 2528
950 2531
950 2560
950 2753
950 3009
950 3018
950 3230
950 3309
950 3315
950 3467
950 3662
950 3690
950 3918
950 3950
950 4015
950 4772
950 4842
951 1038
951 1204
951 1288
951 1295
951 1421
951 1603
951 1707
951 1741
951 1814
951 1884
951 1929
951 2151
951 2308
951 2347
951 2358
951 2454
951 2926
951 3061
951 3183
951 3246
951 4233
951 4274
951 4290
951 4404
951 4551
951 4587
951 4672
951 4743
951 4947
952 979
952 1132
952 1330
952 1512
952 1622
952 1962
952 2188
952 2359
952 2557
952 2665
952 2846
952 3005
952 3255
952 3481
952 3512
952 3769
952 3796
952 3844
952 4413
952 4515
952 4826
952 4879
953 1099
953 1201
953 1670
953 1714
953 1801
953 1874
953 1992
953 2258
953 2344
953 2506
953 2556
953 2601
953 2656
953 3093
953 3531
953 3620
953 3678
953 3688
953 3706
953 3771
953 4078
953 4493
953 4942
953 4947
954 1069
954 1298
954 1544
954 2490
954 2560
954 2600
954 2634
954 2637
954 2643
954 2817
954 3128
954 3143
954 3290
954 3409
954 4053
954 4609
955 1249
955 1274
955 1511
955 1700
955 1835
955 2159
955 3163
955 3669
955 3692
955 3866
955 3947
955 4081
955 4233
955 4782
955 4879
956 1045
956 1243
956 1627
956 1750
956 1776
956 1797
956 1862
956 1957
956 1960
956 1991
956 2046
956 2358
956 2534
956 2821
956 2911
956 2950
956 2978
956 3064
956 3168
956 3223
956 3320
956 3435
956 3492
956 3560
956 3730
956 4044
956 4094
956 4375
956 4384
956 4431
956 4705
956 4815
956 4944
957 1063
957 1082
957 1440
957 1769
957 1860
957 2038
957 2376
957 2681
957 2880
957 3534
957 3574
957 3627
957 3668
957 3775
957 3892
957 4254
957 4290
957 4427
957 4441
957 4528
957 4552
957 4553
957 4577
957 4624
957 4694
958 1011
958 1126
958 1240
958 1682
958 1906
958 2494
958 2809
958 2874
958 3084
958 3205
958 3427
958 3754
958 3863
958 3922
958 3924
958 4304
958 4318
958 4442
958 4549
958 4569
958 4765
958 4968
959 968
959 1317
959 1469
959 1984
959 2075
959 2269
959 2340
959 2347
959 2778
959 2845
959 2917
959 3051
959 3277
959 3620
959 3645
959 3741
959 3770
959 3925
959 4094
959 4235
959 4315
959 4510
960 1192
960 1200
960 1420
960 1511
960 2129
960 2204
960 2610
960 2753
960 2789
960 2904
960 3103
960 3501
960 3601
960 3827
960 4064
960 4105
960 4108
960 4179
960 4417
960 4426
960 4488
960 4500
960 4645
961 1098
961 1352
961 1453
961 1651
961 2224
961 2306
961 2343
961 2431
961 2561
961 2698
961 2874
961 3067
961 3174
961 3323
961 3388
961 4363
961 4560
961 4681
961 4805
962 987
962 1060
962 1129
962 1136
962 1348
962 1644
962 1727
962 1869
962 2023
962 2074
962 2510
962 2579
962 2602
962 2836
962 2942
962 3016
962 3261
962 3421
962 3625
962 3675
962 4103
962 4161
962 4298
962 4334
962 4707
962 4711
962 4962
963 1022
963 1033
963 1073
963 1464
963 1549
963 1570
963 1634
963 2306
963 2330
963 2446
963 2462
963 2505
963 2601
963 2747
963 2945
963 3077
963 3200
963 3403
963 3573
963 3654
963 3659
963 3721
963 3813
963 4007
963 4168
963 4187
963 4310
963 4610
964 997
964 1080
964 1217
964 1250
964 1450
964 1456
964 1504
964 1568
964 1574
964 1632
964 1885
964 2319
964 2565
964 2696
964 2748
964 3055
964 3293
964 3432
964 3567
964 3656
964 4094
964 4107
964 4786
964 4826
964 4961
965 1038
965 1051
965 1107
965 1328
965 1386
965 1449
965 1810
965 1826
965 2030
965 2161
965 2360
965 2686
965 2716
965 2860
965 2886
965 2957
965 3103
965 3104
965 3750
965 4232
965 4482
965 4884
966 1709
966 1856
966 1869
966 1950
966 2374
966 2439
966 2696
966 3014
966 3425
966 3442
966 3465
966 3474
966 3531
966 3557
966 3734
966 4095
966 4360
966 4411
966 4786
966 4793
966 4875
966 4939
967 1144
967 1426
967 1585
967 1922
967 2103
967 2564
967 2705
967 2853
967 2934
967 3030
967 3082
967 3257
967 3939
967 4073
967 4667
967 4808
968 1333
968 1527
968 1547
968 1570
968 1579
968 1742
968 1866
968 2076
968 2331
968 2337
968 2380
968 2421
968 2528
968 2567
968 3097
968 3112
968 3532
968 3622
968 4010
968 4664
968 4741
968 4816
968 4965
969 1188
969 1343
969 1379
969 1394
969 1428
969 1487
969 1636
969 1657
969 1771
969 1852
969 1920
969 2102
969 2219
969 2270
969 2312
969 2325
969 2837
969 2865
969 2904
969 3094
969 3118
969 3171
969 3248
969 3259
969 3411
969 3761
969 4450
969 4745
970 1326
970 1329
970 1465
970 1734
970 1904
970 1962
970 1999
970 2034
970 2069
970 2082
970 2228
970 2295
970 2471
970 3154
970 3279
970 3634
970 4438
970 4714
970 4950
971 1253
971 1262
971 1620
971 1753
971 1834
971 1942
971 1992
971 2169
971 2327
971 2381
971 2573
971 2596
971 2702
971 2859
971 3009
971 3058
971 3213
971 3219
971 3580
971 3608
971 3617
971 4161
971 4257
971 4490
971 4658
972 1239
972 1508
972 1522
972 1692
972 1745
972 1880
972 1969
972 2206
972 2427
972 2511
972 2657
972 2882
972 2963
972 3136
972 3164
972 3358
972 3378
972 3635
972 4049
972 4182
972 4362
972 4381
972 4673
972 4692
972 4925
973 1081
973 1085
973 1439
973 1552
973 1845
973 1862
973 1866
973 1987
973 2013
973 2341
973 2373
973 2687
973 2789
973 2863
973 3206
973 3464
973 3526
973 3667
973 3790
973 3865
973 3938
973 3994
973 4035
973 4098
973 4355
973 4576
973 4621
974 1015
974 1234
974 1298
974 1323
974 1549
974 1662
974 2048
974 2131
974 2384
974 2532
974 2541
974 2615
974 2831
974 2930
974 3029
974 3365
974 3511
974 3625
974 3967
974 4031
974 4158
974 4264
974 4625
974 4647
974 4656
974 4702
974 4726
974 4791
975 997
975 1058
975 1184
975 1373
975 1695
975 1831
975 2236
975 2436
975 2632
975 2744
975 2883
975 3105
975 3165
975 3400
975 3601
975 3681
975 3853
975 4032
975 4636
975 4670
975 4712
975 4777
976 994
976 1115
976 1122
976 1277
976 1305
976 1374
976 1667
976 1843
976 2068
976 2118
976 2363
976 2416
976 2684
976 2831
976 3576
976 3981
976 4199
976 4347
976 4436
976 4774
977 1080
977 1367
977 1382
977 1434
977 1907
977 2564
977 2870
977 3200
977 3255
977 3397
977 3446
977 3670
977 3700
977 4686
977 4882
978 1049
978 1095
978 1145
978 1153
978 1214
978 1301
978 1481
978 1607
978 1672
978 1730
978 2424
978 2630
978 2941
978 3486
978 3501
978 3607
978 3865
978 4205
978 4394
978 4477
978 4810
979 1062
979 1245
979 1257
979 1375
979 1452
979 1483
979 1514
979 1966
979 2306
979 2672
979 2934
979 2937
979 3230
979 3300
979 3513
979 3760
979 3850
979 3913
979 3952
979 4050
979 4055
979 4195
979 4262
979 4270
979 4390
979 4408
979 4573
979 4659
979 4720
979 4859
980 1025
980 1141
980 1412
980 1490
980 1518
980 1603
980 1623
980 1653
980 1672
980 1755
980 1789
980 1863
980 1927
980 2158
980 2332
980 2402
980 2424
980 2765
980 2898
980 3388
980 3390
980 3399
980 3522
980 3748
980 3777
980 4043
980 4193
980 4415
980 4588
980 4875
980 4989
981 1014
981 1453
981 1515
981 1583
981 2054
981 2164
981 2353
981 2423
981 2762
981 2779
981 3058
981 3101
981 3419
981 3425
981 3689
981 3839
981 4008
981 4111
981 4152
981 4313
981 4410
981 4420
981 4746
981 4775
981 4866
981 4923
981 4989
982 1314
982 1615
982 1748
982 1832
982 1856
982 2229
982 2271
982 2354
982 2490
982 2720
982 2738
982 2821
982 3094
982 3491
982 3557
982 3613
982 3645
982 3755
982 3896
982 4039
982 4063
982 4268
982 4727
982 4925
983 1008
983 1088
983 1268
983 2028
983 2143
983 2200
983 2591
983 2750
983 2973
983 3269
983 3388
983 3628
983 3656
983 3812
983 3874
983 4261
983 4466
983 4501
983 4567
983 4647
983 4774
983 4985
984 1332
984 1515
984 1583
984 1921
984 2066
984 2151
984 2553
984 2596
984 2597
984 2741
984 3120
984 3663
984 3728
984 3964
984 3983
984 4004
984 4289
984 4597
984 4877
985 1078
985 1205
985 1233
985 1630
985 1637
985 1733
985 2135
985 2158
985 2233
985 2251
985 2291
985 2770
985 2931
985 3132
985 3145
985 3215
985 3418
985 3952
985 4168
985 4365
985 4521
985 4679
985 4796
986 1139
986 1667
986 1703
986 1785
986 1877
986 2002
986 2076
986 2120
986 2260
986 2702
986 2917
986 2935
986 3029
986 3034
986 3127
986 3151
986 3335
986 3438
986 3556
986 3680
986 3719
986 3846
986 4348
986 4356
986 4378
986 4388
986 4405
986 4434
986 4440
986 4594
986 4635
987 1314
987 1611
987 1676
987 1696
987 2555
987 2965
987 3226
987 3600
987 3768
987 3879
987 3923
987 4047
987 4213
987 4277
987 4479
987 4733
987 4767
988 1245
988 1538
988 1556
988 1675
988 1722
988 1808
988 1992
988 2611
988 2767
988 2820
988 2832
988 3737
988 4280
988 4347
988 4418
988 4453
988 4462
988 4589
988 4672
988 4677
988 4852
988 4966
989 1077
989 1302
989 1327
989 1328
989 1372
989 1384
989 1630
989 1903
989 1956
989 2586
989 2611
989 2840
989 3236
989 3541
989 3780
989 4011
989 4056
989 4141
989 4389
989 4585
990 993
990 1242
990 1529
990 1543
990 1777
990 1982
990 2049
990 2315
990 2623
990 2633
990 2819
990 2927
990 2999
990 3209
990 3578
990 3722
990 3744
990 4107
990 4108
990 4176
990 4350
990 4525
991 1136
991 1382
991 1528
991 1613
991 1773
991 1795
991 1947
991 1984
991 2145
991 2203
991 2451
991 2503
991 2586
991 3286
991 3530
991 3964
991 4044
991 4801
992 1048
992 1076
992 1137
992 1275
992 1307
992 1357
992 1429
992 2548
992 2623
992 2642
992 2752
992 2807
992 2891
992 2966
992 3511
992 3632
992 3656
992 3871
992 4026
992 4050
992 4213
992 4288
992 4701
992 4723
992 4762
993 1583
993 1674
993 1797
993 1961
993 1978
993 2189
993 2298
993 2507
993 2755
993 2797
993 2922
993 3076
993 3234
993 3300
993 3451
993 3681
993 3934
993 4089
993 4266
993 4352
993 4572
994 1001
994 1040
994 1284
994 1441
994 1468
994 1631
994 1806
994 1839
994 2064
994 2176
994 2614
994 2758
994 2827
994 2865
994 3119
994 3139
994 3339
994 3424
994 3505
994 3537
994 4017
994 4121
994 4521
994 4661
994 4810
994 4857
995 1023
995 1240
995 2139
995 2311
995 2416
995 2533
995 2551
995 2569
995 2614
995 2871
995 2965
995 3097
995 3821
995 3833
995 3859
995 4149
995 4164
995 4297
995 4359
995 4371
995 4385
995 4610
995 4752
995 4794
995 4832
996 1122
996 1263
996 1308
996 1451
996 1454
996 1749
996 1844
996 2176
996 2179
996 2526
996 2595
996 3140
996 3387
996 3783
996 4248
996 4741
996 4751
996 4935
997 1357
997 1470
997 1897
997 2278
997 2326
997 2386
997 2407
997 2459
997 2518
997 2600
997 2654
997 2715
997 2723
997 2794
997 2796
997 2812
997 2977
997 3166
997 3327
997 3367
997 3404
997 3493
997 3860
997 3998
997 4042
997 4225
997 4312
997 4558
997 4606
998 1192
998 1228
998 1342
998 1404
998 1695
998 1778
998 2053
998 2195
998 2205
998 2827
998 3177
998 3539
998 3650
998 3774
998 4017
998 4035
998 4124
998 4169
998 4269
998 4575
998 4947
999 1111
999 1505
999 1569
999 1582
999 1699
999 1805
999 1929
999 2054
999 2236
999 2297
999 2350
999 2411
999 2575
999 2601
999 2616
999 2700
999 2739
999 3313
999 3362
999 3383
999 3616
999 3667
999 3788
999 4454
999 4787
999 4994
1000 1113
1000 1549
1000 1667
1000 1916
1000 2192
1000 2569
1000 2581
1000 2598
1000 2835
1000 3130
1000 3407
1000 3489
1000 3522
1000 3727
1000 4085
1000 4154
1000 4300
1000 4370
1000 4488
1000 4601
1000 4602
1000 4713
1001 1058
1001 1180
1001 1266
1001 1289
1001 1297
1001 1790
1001 1991
1001 2067
1001 2262
1001 2381
1001 2618
1001 2839
1001 3207
1001 3471
1001 3629
1001 3691
1001 4208
1001 4298
1001 4337
1001 4527
1002 1088
1002 1111
1002 1117
1002 1376
1002 1762
1002 1783
1002 1799
1002 1872
1002 2130
1002 2350
1002 2377
1002 2943
1002 3079
1002 3144
1002 3298
1002 3325
1002 3587
1002 4565
1002 4744
1002 4814
1002 4981
1003 1115
1003 1130
1003 1217
1003 1438
1003 1825
1003 2327
1003 2377
1003 2456
1003 2710
1003 2754
1003 2964
1003 3080
1003 3118
1003 3137
1003 3264
1003 3339
1003 3630
1003 3886
1003 3903
1003 4337
1003 4439
1003 4898
1004 1112
1004 1133
1004 1237
1004 1364
1004 1471
1004 1726
1004 1768
1004 1809
1004 2215
1004 2371
1004 2523
1004 3982
1004 4173
1004 4722
1005 1098
1005 1179
1005 1204
1005 1749
1005 1967
1005 2060
1005 2080
1005 2163
1005 2219
1005 2484
1005 3175
1005 3259
1005 3541
1005 3692
1005 3719
1005 3922
1005 3942
1005 4095
1005 4442
1005 4460
1005 4468
1005 4482
1005 4606
1005 4658
1005 4906
1006 1090
1006 1402
1006 1811
1006 1987
1006 2046
1006 2133
1006 2368
1006 2439
1006 2470
1006 2481
1006 2804
1006 2830
1006 2915
1006 3025
1006 3041
1006 3150
1006 3207
1006 3714
1006 4100
1006 4436
1006 4488
1006 4745
1006 4861
1007 1087
1007 1483
1007 1696
1007 1883
1007 1942
1007 1982
1007 2270
1007 2540
1007 2590
1007 3004
1007 3012
1007 3151
1007 3181
1007 3328
1007 3454
1007 3514
1007 3545
1007 3699
1007 3854
1007 3892
1007 3954
1007 3957
1007 4000
1007 4152
1007 4383
1007 4461
1007 4608
1007 4646
1007 4950
1007 4995
1008 1098
1008 1376
1008 1812
1008 1823
1008 2304
1008 2383
1008 2400
1008 2781
1008 2974
1008 3311
1008 3708
1008 3747
1008 3759
1008 3899
1008 4322
1008 4382
1008 4676
1008 4705
1008 4708
1008 4842
1008 4888
1009 1031
1009 1105
1009 1140
1009 1249
1009 1349
1009 1482
1009 1743
1009 1902
1009 1962
1009 2489
1009 2565
1009 2607
1009 2776
1009 2777
1009 2852
1009 2893
1009 3238
1009 3416
1009 3426
1009 3553
1009 3691
1009 3760
1009 3826
1009 4247
1009 4290
1009 4703
1009 4772
1009 4906
1010 1223
1010 1315
1010 1347
1010 1687
1010 1729
1010 1837
1010 2129
1010 2385
1010 2535
1010 2561
1010 2580
1010 2623
1010 3077
1010 3351
1010 3488
1010 3496
1010 3554
1010 3663
1010 3847
1010 3989
1010 4086
1010 4237
1010 4327
1010 4594
1010 4864
1011 1440
1011 1460
1011 1794
1011 1867
1011 1880
1011 1981
1011 2272
1011 2468
1011 2487
1011 2591
1011 3121
1011 3289
1011 3413
1011 3507
1011 3764
1011 3857
1011 4529
1011 4633
1011 4642
1011 4776
1011 4876
1011 4942
1012 1038
1012 1556
1012 1618
1012 2121
1012 2149
1012 2288
1012 2352
1012 2663
1012 2898
1012 3048
1012 3334
1012 3428
1012 3465
1012 3791
1012 3847
1012 3866
1012 3913
1012 3948
1012 4439
1012 4955
1013 1231
1013 1747
1013 1826
1013 1942
1013 2315
1013 2380
1013 2479
1013 2660
1013 3090
1013 3104
1013 3278
1013 3383
1013 3552
1013 3656
1013 3718
1013 3769
1013 3962
1013 4022
1013 4185
1013 4421
1013 4507
1013 4629
1013 4691
1013 4820
1013 4917
1014 1190
1014 1233
1014 1307
1014 1328
1014 1477
1014 1639
1014 1739
1014 1802
1014 1814
1014 2272
1014 2370
1014 2521
1014 2634
1014 3133
1014 3134
1014 3478
1014 3487
1014 3837
1014 3882
1014 4228
1014 4269
1014 4271
1014 4362
1014 4501
1014 4713
1015 1164
1015 1288
1015 2040
1015 2129
1015 2180
1015 2355
1015 2578
1015 2851
1015 2903
1015 3212
1015 3393
1015 3437
1015 3461
1015 3572
1015 3693
1015 4013
1015 4271
1015 4359
1015 4444
1015 4703
1015 4917
1015 4983
1016 1263
1016 1319
1016 1341
1016 1366
1016 1466
1016 1627
1016 1733
1016 1922
1016 2359
1016 2399
1016 2500
1016 2620
1016 2621
1016 2631
1016 2786
1016 2800
1016 2936
1016 2962
1016 3035
1016 3110
1016 3238
1016 3627
1016 3769
1016 3918
1016 3926
1016 4102
1016 4354
1016 4403
1016 4496
1016 4583
1016 4597
1016 4644
1017 1032
1017 1221
1017 1421
1017 1571
1017 1802
1017 2003
1017 2094
1017 2302
1017 2347
1017 2587
1017 2819
1017 3379
1017 3614
1017 3749
1017 3866
1017 4700
1017 4879
1018 1368
1018 1466
1018 1585
1018 1859
1018 1973
1018 2162
1018 2360
1018 2466
1018 2800
1018 2851
1018 2874
1018 3379
1018 3576
1018 3637
1018 3662
1018 3768
1018 3794
1018 3909
1018 4157
1018 4388
1018 4420
1018 4489
1018 4908
1018 4929
1019 1474
1019 1523
1019 1634
1019 1743
1019 1790
1019 1923
1019 1941
1019 2015
1019 2042
1019 2095
1019 2320
1019 2383
1019 2387
1019 2435
1019 2459
1019 2612
1019 2657
1019 2804
1019 2844
1019 3112
1019 3271
1019 3370
1019 3426
1019 3648
1019 3907
1019 3973
1019 3996
1019 4176
1019 4235
1019 4279
1019 4435
1019 4533
1019 4758
1019 4888
1020 1199
1020 1454
1020 1514
1020 1856
1020 1906
1020 1999
1020 2155
1020 2252
1020 2305
1020 2331
1020 2558
1020 2686
1020 2719
1020 2766
1020 2830
1020 2928
1020 3117
1020 3340
1020 3374
1020 3716
1020 3729
1020 3753
1020 3831
1020 3887
1020 3924
1020 3953
1020 4159
1020 4309
1020 4777
1020 4940
1021 1095
1021 1323
1021 1690
1021 1860
1021 2205
1021 2336
1021 2492
1021 2512
1021 3054
1021 3077
1021 3106
1021 3122
1021 3208
1021 3217
1021 3243
1021 3511
1021 3991
1021 3993
1021 4228
1021 4321
1021 4356
1021 4399
1021 4546
1021 4614
1022 1079
1022 1285
1022 1389
1022 1436
1022 1725
1022 1897
1022 1930
1022 2007
1022 2182
1022 2263
1022 2380
1022 2499
1022 2523
1022 2535
1022 2707
1022 2940
1022 3005
1022 3043
1022 3080
1022 3214
1022 3394
1022 3672
1022 3746
1022 3846
1022 3902
1022 3907
1022 4082
1022 4400
1022 4584
1022 4708
1022 4728
1022 4764
1022 4932
1022 4996
1023 1245
1023 1689
1023 1817
1023 2337
1023 2338
1023 2373
1023 2634
1023 2841
1023 2914
1023 2985
1023 3240
1023 3826
1023 3903
1023 3969
1023 4213
1023 4270
1023 4650
1023 4704
1023 4914
1024 1064
1024 1216
1024 1253
1024 1258
1024 1352
1024 1710
1024 1718
1024 1719
1024 2066
1024 2154
1024 2281
1024 2382
1024 2419
1024 2428
1024 2793
1024 2861
1024 2864
1024 3048
1024 3145
1024 3295
1024 4025
1024 4253
1024 4329
1024 4330
1024 4387
1024 4538
1024 4610
1024 4842
1025 1137
1025 1221
1025 1384
1025 1781
1025 1828
1025 1928
1025 2586
1025 2673
1025 2763
1025 2778
1025 2800
1025 2847
1025 2917
1025 3205
1025 3610
1025 3647
1025 3693
1025 3933
1025 4068
1025 4168
1025 4500
1025 4592
1025 4742
1025 4759
1025 4996
1026 1104
1026 1132
1026 1136
1026 1167
1026 1209
1026 1754
1026 2319
1026 2389
1026 2443
1026 2650
1026 2860
1026 2961
1026 3338
1026 3554
1026 3680
1026 3849
1026 4250
1026 4493
1026 4933
1026 4974
1026 4981
1027 1039
1027 1126
1027 1230
1027 1247
1027 1250
1027 1274
1027 1464
1027 1499
1027 1653
1027 2271
1027 2375
1027 2378
1027 2597
1027 2607
1027 2702
1027 2742
1027 2783
1027 3088
1027 3098
1027 3246
1027 3261
1027 3335
1027 3492
1027 3771
1027 3830
1027 4005
1027 4183
1027 4260
1027 4313
1027 4445
1027 4623
1027 4993
1028 1275
1028 1473
1028 1596
1028 1811
1028 2049
1028 2056
1028 2427
1028 2612
1028 2667
1028 2787
1028 2795
1028 2828
1028 3005
1028 3166
1028 3185
1028 3216
1028 3294
1028 3395
1028 3403
1028 3714
1028 3800
1028 3861
1028 4018
1028 4818
1028 4874
1028 4992
1029 1039
1029 1087
1029 1128
1029 1178
1029 1332
1029 1682
1029 1700
1029 1717
1029 1926
1029 1947
1029 1989
1029 2132
1029 2259
1029 2449
1029 2708
1029 3140
1029 3160
1029 3453
1029 3519
1029 3753
1029 3855
1029 3860
1029 4022
1029 4357
1029 4586
1029 4830
1029 4842
1029 4930
1030 1047
1030 1237
1030 1280
1030 1474
1030 1766
1030 1890
1030 1953
1030 2085
1030 2373
1030 2668
1030 2941
1030 3024
1030 3130
1030 3406
1030 3509
1030 3709
1030 3821
1030 3881
1030 3914
1030 4491
1030 4719
1030 4763
1031 1140
1031 1175
1031 1277
1031 1738
1031 1829
1031 1851
1031 1854
1031 2050
1031 2207
1031 2253
1031 2308
1031 2346
1031 2397
1031 2504
1031 2646
1031 2668
1031 2765
1031 2829
1031 2835
1031 2928
1031 3398
1031 3411
1031 3618
1031 3634
1031 3913
1031 3982
1031 4153
1031 4268
1031 4404
1031 4566
1031 4679
1031 4843
1032 1087
1032 1651
1032 1690
1032 1954
1032 2054
1032 2061
1032 2495
1032 2579
1032 3328
1032 3405
1032 3549
1032 4039
1032 4110
1032 4291
1032 4955
1033 1057
1033 1165
1033 1387
1033 1425
1033 1511
1033 1525
1033 1622
1033 1916
1033 1939
1033 2017
1033 2322
1033 2376
1033 2521
1033 2726
1033 2885
1033 3117
1033 3324
1033 3604
1033 3795
1033 3936
1033 4056
1033 4216
1033 4236
1033 4340
1033 4379
1033 4397
1033 4677
1033 4985
1034 1085
1034 1174
1034 1300
1034 1314
1034 1498
1034 1608
1034 1771
1034 2021
1034 2160
1034 2319
1034 2379
1034 2386
1034 2520
1034 2645
1034 2901
1034 3104
1034 3216
1034 3354
1034 3363
1034 3546
1034 3735
1034 4000
1034 4202
1034 4467
1034 4473
1034 4605
1034 4796
1035 1135
1035 1153
1035 1226
1035 1538
1035 1603
1035 1693
1035 2122
1035 2237
1035 3265
1035 3284
1035 3968
1035 4161
1035 4169
1035 4187
1035 4458
1035 4492
1035 4507
1035 4528
1035 4563
1035 4581
1035 4637
1035 4937
1035 4959
1036 1098
1036 1167
1036 1226
1036 1233
1036 1254
1036 1360
1036 1662
1036 1774
1036 2031
1036 2113
1036 2140
1036 2178
1036 2445
1036 2527
1036 2875
1036 3011
1036 3014
1036 3178
1036 3218
1036 3311
1036 3495
1036 3589
1036 3722
1036 3765
1036 3794
1036 3831
1036 3998
1036 4136
1036 4812
1036 4850
1036 4868
1036 4901
1037 1553
1037 1620
1037 1642
1037 1735
1037 1740
1037 1835
1037 2050
1037 2125
1037 2594
1037 2672
1037 2718
1037 2770
1037 2841
1037 2853
1037 3018
1037 3318
1037 3396
1037 3557
1037 4036
1037 4088
1037 4124
1037 4157
1037 4198
1037 4204
1037 4314
1037 4323
1037 4331
1037 4366
1037 4537
1037 4670
1037 4734
1038 1063
1038 1066
1038 1091
1038 1489
1038 1609
1038 1649
1038 1839
1038 1853
1038 2129
1038 2218
1038 2252
1038 2450
1038 2664
1038 2792
1038 2826
1038 3128
1038 3170
1038 3289
1038 3523
1038 3696
1038 3721
1038 3784
1038 4046
1038 4514
1038 4694
1038 4975
1039 1055
1039 1229
1039 1257
1039 1333
1039 1384
1039 1616
1039 1667
1039 1780
1039 1803
1039 1844
1039 1976
1039 2067
1039 2107
1039 2499
1039 2656
1039 2662
1039 3073
1039 3195
1039 3665
1039 4342
1039 4411
1039 4427
1039 4536
1039 4540
1039 4576
1039 4759
1039 4822
1040 1258
1040 1399
1040 1575
1040 1912
1040 2211
1040 2220
1040 2268
1040 2425
1040 2516
1040 2981
1040 3023
1040 3058
1040 3426
1040 3846
1040 3855
1040 3981
1040 4131
1040 4296
1040 4570
1040 4905
1040 4994
1041 1280
1041 1353
1041 1393
1041 1422
1041 1574
1041 1963
1041 2272
1041 2279
1041 2650
1041 2715
1041 2936
1041 3152
1041 3541
1041 4068
1041 4232
1041 4244
1041 4506
1041 4750
1041 4948
1042 1171
1042 1246
1042 1514
1042 1536
1042 1658
1042 1672
1042 1694
1042 1703
1042 1771
1042 1791
1042 1854
1042 1952
1042 1977
1042 2153
1042 2210
1042 2449
1042 2523
1042 2690
1042 2734
1042 2887
1042 2913
1042 3002
1042 3154
1042 3157
1042 3187
1042 3302
1042 3459
1042 3671
1042 3822
1042 3988
1042 4014
1042 4558
1042 4623
1042 4950
1043 1073
1043 1157
1043 1281
1043 1566
1043 1638
1043 1679
1043 1775
1043 1776
1043 1858
1043 2552
1043 3548
1043 3569
1043 3696
1043 3743
1043 3923
1043 3976
1043 4068
1043 4300
1043 4319
1043 4712
1043 4743
1043 4871
1043 4935
1044 1222
1044 1388
1044 1572
1044 1798
1044 1858
1044 1879
1044 1905
1044 2077
1044 2266
1044 2420
1044 2535
1044 2728
1044 2940
1044 3039
1044 3086
1044 3111
1044 3313
1044 3536
1044 3896
1044 4145
1044 4170
1044 4177
1044 4275
1044 4402
1044 4423
1044 4662
1044 4675
1044 4861
1045 1059
1045 1667
1045 1677
1045 1960
1045 1971
1045 1985
1045 2075
1045 2166
1045 2200
1045 2448
1045 2547
1045 3437
1045 3736
1045 3927
1045 4126
1045 4187
1045 4290
1045 4368
1045 4713
1046 1306
1046 1337
1046 1428
1046 1531
1046 1745
1046 1754
1046 1969
1046 2103
1046 2153
1046 2391
1046 2595
1046 3540
1046 3577
1046 3627
1046 3834
1046 3939
1046 3992
1046 4041
1046 4247
1046 4310
1046 4550
1046 4554
1046 4622
1046 4917
1047 1133
1047 1147
1047 1408
1047 1437
1047 1663
1047 2112
1047 2170
1047 2231
1047 2589
1047 2746
1047 2808
1047 3017
1047 3118
1047 3225
1047 3259
1047 3432
1047 3514
1047 3731
1047 3780
1047 3817
1047 3925
1047 4079
1047 4090
1047 4092
1047 4196
1047 4207
1047 4301
1047 4601
1047 4945
1048 1254
1048 1341
1048 1460
1048 1742
1048 1941
1048 2448
1048 2498
1048 2758
1048 2781
1048 2916
1048 3059
1048 3383
1048 3424
1048 3574
1048 3635
1048 3649
1048 3655
1048 3666
1048 3731
1048 3738
1048 3756
1048 4053
1048 4184
1048 4195
1048 4206
1048 4629
1048 4696
1048 4702
1048 4878
1048 4907
1049 1179
1049 1459
1049 1555
1049 1627
1049 1696
1049 1710
1049 1930
1049 2185
1049 2268
1049 2335
1049 2361
1049 2382
1049 2423
1049 2489
1049 2609
1049 2708
1049 2754
1049 2810
1049 2920
1049 2961
1049 3278
1049 3473
1049 3746
1049 4001
1049 4100
1049 4144
1049 4392
1049 4514
1049 4733
1049 4753
1049 4933
1050 1199
1050 1232
1050 1233
1050 1313
1050 1333
1050 1451
1050 1501
1050 1752
1050 1778
1050 2141
1050 2772
1050 2923
1050 2940
1050 3043
1050 3411
1050 3445
1050 3585
1050 3727
1050 3877
1050 4490
1050 4494
1050 4784
1051 1417
1051 1456
1051 1561
1051 1618
1051 1629
1051 1672
1051 1904
1051 2199
1051 2288
1051 2664
1051 3245
1051 4035
1051 4038
1051 4279
1051 4463
1051 4641
1052 1608
1052 1732
1052 1918
1052 1983
1052 2176
1052 2249
1052 2292
1052 2342
1052 2476
1052 2484
1052 2764
1052 3177
1052 3754
1052 3898
1052 3978
1052 4125
1052 4359
1052 4366
1052 4503
1052 4543
1052 4810
1052 4835
1052 4970
1053 1146
1053 1269
1053 1393
1053 1396
1053 1417
1053 1462
1053 1806
1053 1861
1053 2162
1053 2334
1053 2450
1053 2952
1053 3086
1053 3109
1053 3452
1053 3652
1053 3940
1053 4023
1053 4066
1053 4168
1053 4268
1053 4483
1053 4583
1053 4679
1053 4864
1053 4936
1054 1232
1054 1309
1054 1539
1054 1773
1054 1811
1054 1905
1054 2214
1054 2580
1054 3080
1054 3138
1054 3310
1054 3351
1054 3511
1054 3644
1054 3935
1054 4285
1054 4422
1054 4498
1054 4562
1054 4569
1054 4753
1054 4885
1055 1128
1055 1392
1055 1609
1055 1807
1055 1920
1055 2624
1055 3034
1055 3086
1055 3438
1055 3691
1055 3815
1055 3944
1055 4160
1055 4231
1055 4450
1055 4591
1055 4959
1055 4962
1056 1272
1056 1661
1056 1911
1056 1978
1056 2043
1056 2049
1056 2157
1056 2548
1056 2670
1056 3141
1056 3371
1056 3760
1056 3823
1056 4109
1056 4374
1056 4450
1056 4602
1056 4686
1056 4773
1057 1102
1057 1162
1057 1505
1057 1875
1057 2101
1057 2528
1057 2530
1057 2547
1057 2694
1057 2717
1057 2910
1057 3029
1057 3065
1057 3103
1057 3120
1057 3287
1057 3650
1057 3781
1057 3915
1057 4073
1057 4092
1057 4164
1057 4570
1057 4975
1058 1081
1058 1207
1058 1304
1058 1764
1058 1854
1058 1899
1058 2022
1058 2317
1058 2459
1058 2514
1058 2954
1058 2962
1058 2979
1058 2984
1058 3064
1058 3074
1058 3294
1058 3461
1058 3840
1058 4155
1058 4510
1058 4727
1058 4953
1058 4998
1059 1319
1059 1510
1059 1814
1059 1881
1059 1903
1059 2028
1059 2069
1059 2164
1059 2246
1059 2268
1059 2482
1059 2563
1059 2615
1059 2836
1059 3036
1059 3097
1059 3138
1059 3381
1059 3852
1059 4193
1059 4307
1059 4643
1059 4959
1059 4974
1059 4999
1060 1292
1060 1410
1060 1462
1060 1748
1060 2026
1060 2179
1060 2607
1060 2988
1060 3051
1060 3119
1060 3232
1060 3238
1060 3274
1060 3343
1060 3443
1060 3542
1060 3583
1060 3640
1060 3789
1060 4041
1060 4086
1060 4394
1060 4558
1061 1074
1061 1254
1061 1835
1061 1868
1061 1936
1061 1992
1061 2208
1061 2258
1061 2315
1061 2436
1061 2458
1061 2461
1061 2471
1061 2646
1061 2732
1061 2815
1061 2852
1061 2862
1061 2875
1061 2944
1061 2982
1061 3062
1061 3137
1061 3235
1061 3426
1061 3490
1061 3957
1061 4111
1061 4265
1061 4399
1061 4586
1061 4737
1061 4844
1062 1063
1062 1165
1062 1167
1062 1229
1062 1783
1062 1984
1062 2134
1062 2154
1062 2752
1062 2800
1062 2859
1062 3023
1062 3042
1062 3219
1062 3319
1062 3503
1062 3739
1062 3959
1062 4068
1062 4082
1062 4240
1062 4315
1062 4676
1063 1143
1063 1156
1063 1382
1063 1439
1063 1577
1063 1719
1063 1978
1063 2123
1063 2357
1063 3103
1063 3125
1063 3255
1063 3426
1063 3706
1063 3799
1063 3899
1063 4244
1063 4481
1063 4513
1063 4634
1063 4651
1063 4715
1064 1078
1064 1115
1064 1131
1064 1230
1064 2072
1064 2362
1064 2758
1064 2840
1064 3001
1064 3089
1064 3244
1064 3426
1064 3501
1064 3866
1064 3897
1064 4270
1064 4501
1064 4668
1064 4923
1064 4973
1065 1522
1065 1555
1065 2050
1065 2153
1065 2157
1065 2162
1065 2206
1065 2296
1065 2429
1065 2867
1065 2910
1065 3000
1065 3172
1065 3688
1065 3767
1065 4046
1065 4102
1065 4193
1065 4321
1065 4400
1065 4535
1065 4633
1066 1106
1066 1174
1066 1349
1066 1587
1066 1608
1066 2003
1066 2052
1066 2489
1066 3421
1066 3454
1066 3596
1066 3826
1066 4208
1066 4319
1066 4627
1066 4798
1066 4820
1066 4846
1066 4925
1067 1104
1067 1293
1067 1797
1067 1872
1067 2125
1067 2139
1067 2237
1067 2554
1067 2811
1067 2996
1067 3032
1067 3327
1067 3676
1067 4104
1067 4288
1067 4485
1068 1128
1068 1154
1068 1289
1068 1661
1068 1713
1068 1790
1068 1920
1068 2034
1068 2210
1068 2876
1068 3007
1068 3231
1068 3362
1068 3377
1068 3400
1068 3539
1068 4276
1068 4503
1068 4591
1068 4831
1068 4869
1068 4962
1069 1153
1069 1426
1069 1713
1069 1900
1069 1909
1069 2299
1069 2333
1069 2369
1069 2815
1069 2845
1069 2939
1069 3369
1069 3896
1069 3990
1069 4016
1069 4021
1069 4114
1069 4195
1069 4715
1069 4886
1070 1139
1070 1262
1070 1449
1070 2142
1070 2263
1070 2846
1070 3058
1070 3285
1070 3445
1070 4913
1071 1083
1071 1348
1071 1438
1071 1700
1071 1802
1071 1831
1071 1833
1071 1837
1071 2071
1071 2078
1071 2197
1071 2378
1071 2390
1071 3435
1071 3851
1071 3922
1071 3935
1071 4669
1072 1481
1072 1561
1072 1610
1072 1673
1072 1875
1072 1898
1072 1925
1072 2095
1072 2127
1072 2130
1072 2328
1072 2374
1072 2392
1072 2684
1072 2806
1072 3096
1072 3455
1072 3829
1072 3913
1072 4082
1072 4148
1072 4303
1072 4552
1072 4652
1072 4784
1072 4946
1073 1300
1073 1622
1073 1637
1073 1793
1073 2018
1073 2079
1073 2149
1073 2334
1073 2594
1073 2638
1073 2729
1073 2748
1073 3132
1073 3142
1073 3600
1073 3620
1073 3943
1073 4205
1073 4685
1073 4888
1074 1120
1074 1277
1074 1336
1074 1555
1074 1605
1074 1827
1074 2023
1074 2118
1074 2181
1074 2460
1074 2500
1074 2569
1074 2673
1074 2725
1074 2935
1074 3173
1074 3481
1074 3848
1074 3891
1074 4852
1074 4865
1074 4925
1075 1203
1075 1453
1075 1566
1075 1625
1075 1830
1075 2103
1075 3235
1075 3300
1075 3405
1075 3431
1075 3695
1075 3799
1075 3879
1075 4129
1075 4582
1075 4591
1075 4711
1076 1181
1076 1256
1076 1816
1076 2000
1076 2372
1076 2420
1076 2421
1076 2515
1076 2746
1076 3367
1076 3383
1076 3418
1076 3434
1076 3596
1076 3762
1076 3918
1076 4006
1076 4107
1076 4234
1076 4734
1076 4928
1076 4930
1077 1252
1077 1352
1077 1379
1077 1796
1077 1860
1077 1864
1077 1995
1077 2016
1077 2499
1077 2605
1077 2817
1077 3098
1077 3155
1077 3263
1077 3428
1077 3641
1077 3869
1077 4874
1078 1093
1078 1370
1078 1601
1078 1764
1078 1843
1078 2027
1078 2031
1078 2151
1078 2393
1078 2412
1078 2757
1078 2810
1078 2815
1078 2855
1078 3135
1078 3524
1078 3604
1078 3672
1078 3749
1078 3800
1078 3844
1078 3856
1078 3885
1078 4060
1078 4512
1078 4574
1079 1129
1079 1802
1079 2038
1079 2420
1079 2424
1079 2464
1079 2481
1079 2637
1079 2843
1079 2903
1079 3349
1079 3463
1079 3803
1079 3863
1079 3995
1079 4345
1079 4350
1079 4398
1079 4498
1079 4635
1079 4762
1079 4867
1079 4941
1080 1084
1080 1133
1080 1329
1080 1425
1080 1437
1080 1559
1080 1622
1080 1769
1080 1853
1080 1951
1080 2179
1080 2219
1080 2424
1080 2475
1080 2724
1080 2750
1080 2763
1080 2918
1080 2952
1080 3269
1080 3631
1080 3851
1080 3947
1080 3988
1080 4014
1080 4377
1080 4558
1080 4587
1081 1128
1081 1139
1081 1257
1081 1276
1081 1376
1081 1427
1081 1510
1081 1936
1081 2036
1081 2078
1081 2180
1081 3227
1081 3331
1081 3404
1081 3601
1081 3728
1081 4018
1081 4099
1081 4105
1081 4204
1081 4324
1081 4496
1081 4714
1081 4820
1082 1462
1082 1719
1082 1734
1082 1799
1082 1896
1082 2071
1082 2236
1082 2418
1082 2663
1082 2681
1082 2864
1082 2992
1082 3034
1082 3103
1082 3432
1082 3646
1082 3649
1082 3777
1082 4042
1082 4202
1082 4366
1082 4368
1082 4492
1082 4898
1083 1337
1083 1365
1083 1477
1083 1490
1083 1593
1083 1611
1083 1828
1083 2022
1083 2237
1083 2576
1083 3004
1083 3072
1083 3169
1083 3258
1083 3262
1083 3515
1083 3722
1083 4282
1083 4560
1083 4622
1083 4758
1083 4955
1083 4976
1084 1317
1084 1719
1084 2127
1084 2240
1084 2274
1084 2777
1084 2778
1084 2869
1084 2979
1084 3046
1084 3281
1084 3628
1084 3681
1084 3923
1084 4156
1084 4397
1084 4457
1084 4636
1084 4720
1085 1113
1085 1164
1085 1230
1085 1246
1085 1339
1085 1617
1085 1711
1085 1892
1085 1983
1085 2284
1085 2295
1085 2309
1085 2367
1085 2722
1085 2855
1085 2949
1085 3173
1085 3193
1085 3474
1085 3594
1085 3750
1085 4160
1085 4218
1085 4450
1085 4455
1085 4539
1085 4581
1085 4880
1086 1099
1086 1376
1086 1467
1086 1677
1086 1811
1086 2136
1086 2191
1086 2256
1086 2355
1086 2408
1086 2661
1086 2851
1086 3084
1086 3086
1086 3118
1086 3191
1086 3209
1086 3372
1086 3436
1086 3514
1086 3629
1086 3828
1086 4007
1086 4077
1086 4299
1086 4536
1086 4583
1086 4732
1086 4767
1087 1340
1087 1519
1087 1565
1087 1895
1087 1915
1087 2025
1087 2064
1087 2233
1087 2265
1087 2284
1087 2432
1087 2570
1087 2813
1087 3141
1087 3278
1087 3359
1087 3635
1087 3755
1087 3922
1087 4081
1087 4659
1087 4802
1087 4956
1088 1159
1088 1418
1088 1643
1088 1792
1088 2265
1088 2266
1088 2548
1088 2727
1088 2741
1088 2991
1088 3292
1088 3405
1088 3661
1088 4109
1088 4166
1088 4201
1088 4553
1088 4664
1088 4676
1088 4876
1089 1167
1089 1261
1089 1264
1089 1367
1089 1416
1089 1693
1089 2142
1089 2348
1089 2723
1089 2829
1089 3023
1089 3057
1089 3211
1089 3357
1089 3631
1089 4115
1089 4262
1089 4276
1089 4439
1089 4518
1089 4577
1089 4718
1089 4827
1089 4887
1089 4948
1090 1109
1090 1243
1090 1552
1090 1709
1090 2052
1090 2306
1090 2350
1090 2554
1090 2568
1090 2639
1090 2999
1090 3389
1090 3717
1090 3949
1090 4137
1090 4210
1090 4267
1090 4671
1090 4714
1090 4773
1090 4792
1090 4852
1091 1791
1091 1923
1091 2110
1091 2286
1091 2406
1091 2876
1091 2885
1091 2952
1091 3019
1091 3385
1091 3443
1091 3773
1091 3835
1091 4186
1091 4886
1092 1207
1092 1382
1092 1412
1092 1633
1092 1646
1092 1719
1092 1964
1092 2027
1092 2072
1092 2272
1092 2385
1092 2466
1092 2505
1092 2721
1092 2911
1092 2936
1092 3307
1092 3471
1092 3603
1092 3754
1092 4285
1092 4754
1092 4761
1092 4764
1093 1112
1093 1178
1093 1340
1093 1378
1093 1971
1093 1995
1093 2177
1093 2379
1093 2530
1093 3253
1093 3443
1093 3507
1093 3918
1093 3962
1093 4288
1093 4737
1093 4898
1093 4984
1093 4994
1094 1407
1094 1486
1094 1588
1094 1589
1094 1684
1094 1775
1094 1842
1094 2410
1094 2430
1094 2855
1094 2879
1094 3133
1094 3258
1094 3449
1094 3539
1094 4249
1094 4303
1094 4546
1094 4554
1094 4797
1094 4873
1094 4911
1095 2096
1095 2484
1095 2929
1095 2960
1095 3097
1095 3169
1095 3376
1095 3997
1095 4163
1095 4234
1095 4295
1095 4769
1095 4869
1096 1204
1096 1253
1096 1322
1096 1396
1096 1474
1096 1570
1096 1679
1096 1732
1096 2040
1096 2209
1096 2384
1096 2748
1096 2917
1096 3027
1096 3192
1096 3274
1096 3281
1096 3336
1096 3631
1096 3714
1096 3784
1096 4112
1096 4119
1096 4598
1096 4624
1096 4658
1096 4695
1096 4743
1097 1251
1097 1603
1097 1652
1097 1693
1097 1700
1097 1927
1097 2039
1097 2075
1097 2117
1097 2372
1097 2487
1097 2950
1097 2966
1097 3115
1097 3396
1097 3414
1097 3430
1097 3463
1097 4181
1097 4315
1097 4677
1098 1644
1098 1702
1098 1755
1098 1923
1098 2032
1098 2115
1098 2139
1098 2233
1098 2430
1098 2540
1098 2607
1098 2681
1098 2710
1098 2717
1098 2785
1098 2891
1098 3655
1098 3992
1098 3997
1098 4475
1098 4580
1098 4733
1098 4751
1099 1187
1099 1236
1099 1705
1099 1748
1099 1750
1099 1987
1099 2000
1099 2084
1099 2096
1099 2280
1099 2785
1099 2792
1099 2945
1099 3461
1099 3610
1099 3656
1099 3696
1099 3838
1099 4024
1099 4211
1099 4482
1099 4615
1099 4820
1099 4921
1099 4994
1099 4998
1100 1200
1100 1220
1100 1285
1100 1481
1100 1666
1100 1841
1100 1875
1100 1922
1100 2195
1100 2314
1100 2359
1100 2410
1100 2514
1100 2544
1100 2860
1100 2907
1100 3291
1100 3412
1100 3471
1100 3612
1100 3884
1100 3987
1100 4042
1100 4132
1100 4158
1100 4461
1100 4638
1100 4663
1100 4756
1100 4951
1101 1163
1101 1323
1101 1382
1101 1388
1101 1737
1101 1771
1101 1931
1101 1937
1101 2056
1101 2299
1101 2447
1101 2489
1101 2502
1101 2517
1101 2677
1101 2711
1101 2831
1101 2873
1101 2890
1101 3026
1101 3609
1101 3773
1101 3972
1101 4100
1101 4294
1101 4306
1101 4323
1101 4400
1101 4436
1101 4552
1101 4713
1101 4779
1101 4975
1102 1626
1102 2006
1102 2256
1102 2337
1102 2340
1102 2422
1102 2490
1102 2557
1102 2560
1102 2869
1102 3389
1102 3555
1102 3608
1102 3623
1102 4038
1102 4144
1102 4324
1102 4354
1102 4455
1102 4503
1102 4570
1102 4790
1102 4970
1103 1163
1103 1373
1103 1784
1103 2016
1103 2037
1103 2230
1103 2766
1103 2791
1103 2938
1103 3102
1103 3250
1103 3575
1103 3922
1103 4349
1103 4810
1104 1111
1104 1256
1104 1341
1104 1389
1104 1418
1104 1423
1104 1605
1104 1875
1104 1981
1104 2175
1104 2281
1104 2389
1104 2475
1104 2731
1104 2862
1104 3079
1104 3104
1104 3364
1104 3569
1104 3617
1104 3676
1104 3837
1104 4027
1104 4048
1104 4240
1104 4388
1104 4427
1104 4618
1104 4698
1104 4721
1104 4782
1104 4811
1105 1128
1105 1692
1105 1885
1105 2286
1105 2353
1105 2515
1105 2689
1105 2745
1105 2912
1105 3170
1105 3257
1105 3282
1105 3449
1105 3562
1105 3625
1105 3916
1105 4126
1105 4519
1105 4532
1105 4650
1105 4687
1105 4751
1105 4815
1105 4902
1106 1519
1106 1634
1106 1686
1106 2042
1106 2473
1106 2715
1106 2845
1106 2939
1106 2967
1106 3332
1106 3856
1106 3893
1106 4091
1106 4378
1106 4545
1106 4598
1106 4695
1106 4708
1107 1161
1107 1707
1107 1764
1107 2096
1107 2548
1107 2553
1107 2873
1107 3111
1107 3461
1107 3527
1107 3555
1107 3623
1107 3877
1107 4092
1107 4470
1108 1767
1108 2099
1108 2221
1108 2262
1108 2406
1108 2446
1108 2813
1108 2938
1108 3026
1108 3143
1108 3279
1108 3331
1108 3525
1108 3581
1108 3839
1108 3908
1108 3914
1108 3922
1108 4276
1108 4591
1108 4638
1108 4700
1108 4878
1109 1160
1109 1269
1109 1554
1109 1567
1109 1664
1109 1855
1109 1927
1109 1970
1109 2147
1109 2150
1109 2467
1109 3277
1109 3326
1109 3485
1109 4020
1109 4121
1109 4203
1109 4460
1109 4788
1109 4818
1109 4876
1109 4944
1109 4966
1110 1264
1110 1315
1110 1458
1110 1506
1110 1894
1110 2070
1110 2208
1110 2450
1110 2558
1110 2585
1110 2624
1110 2630
1110 2747
1110 3011
1110 3026
1110 3118
1110 3119
1110 3154
1110 3218
1110 3523
1110 3886
1110 4016
1110 4465
1110 4722
1110 4770
1110 4896
1111 1182
1111 1286
1111 1304
1111 1618
1111 2275
1111 2391
1111 2702
1111 2789
1111 2941
1111 3130
1111 3183
1111 3211
1111 3250
1111 3473
1111 3663
1111 3772
1111 3780
1111 3839
1111 3932
1111 4014
1111 4148
1111 4162
1111 4262
1111 4308
1111 4399
1111 4461
1111 4545
1112 1524
1112 1697
1112 1933
1112 2290
1112 3062
1112 3132
1112 3190
1112 3352
1112 3399
1112 3651
1112 3990
1112 4084
1112 4127
1112 4192
1112 4412
1112 4460
1112 4504
1112 4555
1112 4670
1112 4871
1113 1117
1113 1307
1113 1372
1113 1440
1113 1564
1113 1672
1113 1732
1113 1898
1113 1995
1113 2011
1113 2063
1113 2174
1113 2288
1113 2368
1113 2482
1113 2638
1113 2889
1113 2938
1113 3033
1113 3049
1113 3506
1113 3662
1113 3851
1113 3892
1113 4062
1113 4333
1113 4344
1113 4579
1113 4593
1113 4611
1113 4849
1113 4986
1113 4998
1114 1131
1114 1380
1114 1396
1114 1665
1114 1749
1114 2028
1114 2103
1114 2108
1114 2248
1114 2283
1114 2314
1114 2352
1114 2551
1114 2701
1114 2742
1114 3325
1114 3359
1114 3576
1114 3701
1114 4057
1114 4139
1114 4259
1114 4387
1114 4399
1114 4467
1114 4803
1115 1224
1115 1267
1115 1280
1115 1341
1115 1442
1115 1672
1115 1726
1115 2048
1115 2430
1115 2808
1115 2828
1115 2894
1115 3214
1115 3543
1115 3571
1115 3757
1115 3815
1115 3816
1115 4364
1115 4505
1115 4643
1115 4654
1115 4704
1115 4756
1115 4823
1115 4861
1116 1652
1116 1787
1116 1834
1116 1857
1116 2093
1116 2207
1116 2535
1116 2571
1116 2667
1116 2819
1116 2984
1116 3086
1116 3130
1116 3142
1116 3220
1116 3398
1116 3408
1116 3423
1116 3601
1116 3689
1116 4078
1116 4377
1116 4741
1116 4866
1117 1133
1117 1716
1117 1873
1117 2002
1117 2117
1117 2336
1117 2380
1117 2691
1117 2731
1117 2798
1117 2881
1117 2993
1117 3131
1117 3275
1117 3352
1117 3385
1117 3400
1117 3425
1117 3713
1117 3766
1117 3806
1117 4026
1117 4096
1117 4159
1117 4278
1117 4316
1117 4470
1117 4574
1118 1490
1118 1597
1118 1833
1118 1874
1118 2245
1118 2248
1118 2466
1118 2683
1118 2719
1118 3262
1118 3299
1118 3364
1118 4012
1118 4294
1118 4377
1118 4484
1118 4615
1118 4643
1118 4710
1118 4771
1118 4828
1118 4848
1118 4890
1119 1122
1119 1590
1119 1663
1119 1674
1119 2003
1119 2098
1119 2227
1119 2229
1119 2289
1119 2294
1119 2334
1119 2764
1119 2809
1119 2836
1119 3036
1119 3134
1119 3303
1119 3760
1119 4156
1119 4580
1119 4646
1119 4743
1119 4812
1120 1214
1120 1264
1120 1324
1120 1497
1120 1626
1120 1703
1120 1705
1120 1978
1120 2023
1120 2060
1120 2069
1120 2416
1120 2742
1120 2743
1120 2790
1120 2822
1120 3087
1120 3247
1120 3432
1120 3490
1120 3549
1120 3583
1120 3589
1120 3803
1120 3836
1120 3849
1120 4238
1120 4299
1120 4490
1120 4547
1120 4777
1121 1164
1121 1380
1121 1479
1121 1480
1121 1784
1121 2107
1121 2147
1121 2293
1121 2513
1121 2655
1121 3124
1121 3368
1121 3471
1121 3496
1121 3600
1121 3623
1121 3812
1121 3983
1121 4224
1121 4332
1121 4358
1121 4517
1121 4602
1121 4653
1121 4702
1121 4961
1121 4972
1122 1302
1122 1325
1122 1350
1122 1669
1122 1932
1122 2091
1122 2120
1122 2590
1122 2645
1122 2694
1122 2703
1122 3008
1122 3106
1122 3618
1122 3758
1122 3774
1122 3875
1122 4085
1122 4195
1122 4564
1122 4585
1122 4619
1122 4684
1123 1354
1123 1356
1123 1439
1123 1456
1123 1487
1123 1531
1123 1571
1123 1679
1123 2153
1123 2306
1123 2349
1123 2447
1123 2648
1123 2859
1123 2901
1123 2919
1123 2959
1123 3088
1123 3134
1123 3425
1123 3576
1123 3821
1123 3901
1123 4013
1123 4577
1123 4960
1124 1301
1124 1560
1124 1651
1124 1721
1124 2130
1124 2231
1124 2394
1124 2406
1124 2455
1124 2476
1124 2740
1124 2900
1124 2979
1124 3426
1124 3438
1124 3595
1124 3852
1124 4005
1124 4178
1124 4261
1124 4469
1124 4703
1125 1262
1125 1316
1125 1495
1125 1578
1125 1824
1125 2012
1125 2095
1125 2612
1125 2798
1125 2909
1125 3290
1125 3491
1125 3623
1125 3872
1125 4066
1125 4294
1125 4383
1125 4483
1125 4795
1125 4948
1126 1223
1126 1341
1126 1370
1126 1764
1126 1834
1126 1876
1126 1973
1126 2083
1126 2112
1126 2241
1126 2616
1126 2664
1126 2996
1126 3070
1126 3076
1126 3149
1126 3428
1126 3680
1126 3945
1126 4175
1126 4272
1126 4372
1126 4622
1126 4831
1126 4911
1127 1151
1127 1190
1127 1204
1127 1330
1127 1569
1127 1635
1127 1856
1127 1918
1127 1968
1127 2058
1127 2102
1127 2185
1127 2202
1127 2870
1127 3031
1127 3044
1127 3221
1127 3317
1127 3491
1127 3660
1127 3731
1127 3994
1127 4207
1127 4250
1127 4880
1128 1330
1128 2035
1128 2116
1128 2147
1128 2183
1128 2247
1128 2327
1128 2338
1128 2523
1128 2871
1128 2912
1128 2983
1128 2986
1128 3071
1128 3242
1128 3364
1128 3539
1128 3700
1128 3751
1128 3875
1128 3885
1128 4062
1128 4376
1128 4603
1128 4772
1128 4878
1128 4888
1129 1194
1129 1669
1129 1917
1129 1936
1129 2187
1129 2283
1129 2352
1129 2417
1129 2527
1129 2536
1129 2739
1129 2786
1129 2829
1129 2867
1129 2937
1129 3255
1129 3278
1129 3673
1129 3689
1129 3827
1129 3953
1129 3969
1129 4028
1129 4084
1129 4400
1129 4460
1129 4490
1129 4527
1129 4668
1129 4846
1129 4911
1129 4961
1130 1147
1130 1191
1130 1216
1130 1342
1130 1351
1130 1465
1130 1466
1130 1623
1130 1879
1130 2066
1130 2763
1130 3125
1130 3402
1130 3591
1130 3633
1130 3639
1130 3723
1130 4032
1130 4222
1130 4576
1130 4690
1130 4703
1130 4708
1130 4736
1130 4871
1130 4942
1131 1295
1131 1377
1131 1387
1131 1670
1131 1736
1131 1946
1131 2237
1131 2438
1131 2449
1131 2610
1131 2871
1131 2930
1131 3095
1131 3261
1131 3368
1131 3491
1131 3795
1131 3823
1131 3887
1131 4034
1131 4399
1131 4453
1131 4463
1131 4608
1131 4825
1131 4841
1131 4966
1131 4992
1132 1537
1132 1672
1132 2110
1132 2305
1132 2487
1132 2505
1132 2899
1132 2958
1132 3246
1132 3366
1132 3494
1132 3607
1132 3768
1132 3936
1132 4128
1132 4155
1132 4182
1132 4252
1132 4437
1132 4584
1132 4631
1132 4814
1133 1185
1133 1218
1133 1357
1133 1464
1133 1481
1133 1482
1133 1704
1133 2034
1133 2165
1133 2464
1133 2657
1133 2696
1133 3010
1133 3264
1133 4028
1133 4073
1133 4379
1133 4690
1133 4694
1134 1181
1134 1665
1134 1786
1134 2485
1134 2655
1134 2800
1134 2956
1134 2979
1134 3159
1134 3585
1134 3710
1134 3825
1134 4042
1134 4197
1134 4314
1134 4441
1134 4750
1134 4921
1135 1513
1135 1840
1135 1950
1135 2236
1135 2319
1135 2727
1135 2908
1135 3010
1135 3500
1135 3506
1135 4354
1135 4485
1135 4633
1135 4807
1136 1160
1136 1306
1136 1319
1136 1549
1136 2473
1136 2527
1136 2689
1136 2760
1136 2780
1136 3193
1136 3236
1136 3275
1136 3401
1136 3766
1136 4071
1136 4192
1136 4210
1136 4751
1136 4906
1136 4983
1137 1239
1137 1291
1137 1467
1137 1744
1137 1832
1137 2267
1137 2319
1137 2409
1137 2426
1137 2586
1137 2761
1137 2805
1137 2886
1137 3131
1137 3379
1137 3382
1137 3445
1137 3837
1137 4464
1137 4543
1137 4634
1137 4824
1137 4827
1137 4860
1137 4994
1138 1216
1138 1297
1138 1435
1138 1456
1138 1470
1138 1599
1138 1687
1138 1710
1138 1714
1138 1870
1138 2139
1138 2378
1138 2674
1138 2684
1138 2715
1138 3050
1138 3168
1138 3205
1138 3337
1138 3462
1138 4078
1138 4306
1138 4404
1138 4477
1138 4530
1138 4533
1138 4542
1138 4576
1138 4626
1138 4642
1138 4987
1139 1278
1139 1483
1139 1486
1139 1645
1139 2409
1139 2806
1139 2811
1139 2843
1139 2957
1139 2970
1139 3118
1139 3137
1139 3606
1139 3718
1139 3911
1139 4071
1139 4340
1139 4341
1139 4438
1139 4625
1139 4856
1140 1257
1140 1480
1140 1592
1140 1696
1140 1798
1140 1799
1140 2145
1140 2427
1140 2611
1140 2684
1140 2917
1140 2987
1140 3158
1140 3611
1140 3664
1140 4582
1140 4867
1140 4915
1140 4977
1141 1580
1141 1711
1141 2079
1141 2171
1141 2214
1141 2385
1141 2392
1141 2424
1141 2719
1141 2743
1141 2795
1141 3261
1141 3347
1141 3383
1141 3520
1141 3674
1141 3826
1141 3903
1141 4102
1141 4262
1141 4640
1141 4721
1142 1297
1142 1362
1142 1651
1142 2056
1142 2112
1142 2146
1142 2402
1142 2420
1142 2535
1142 2602
1142 3093
1142 3144
1142 3824
1142 3874
1142 3935
1142 3962
1142 4130
1142 4359
1143 1224
1143 1580
1143 1688
1143 1746
1143 1771
1143 1981
1143 2230
1143 2473
1143 2554
1143 2569
1143 2594
1143 2685
1143 2805
1143 2993
1143 3180
1143 3212
1143 3324
1143 3516
1143 3671
1143 4301
1143 4343
1143 4435
1143 4476
1143 4836
1144 1627
1144 2065
1144 2097
1144 2178
1144 2387
1144 2403
1144 2590
1144 2686
1144 2906
1144 3240
1144 3254
1144 3260
1144 3613
1144 3891
1144 3990
1144 4031
1144 4081
1144 4263
1144 4635
1144 4648
1144 4994
1145 1398
1145 1859
1145 1914
1145 2359
1145 2461
1145 2562
1145 2654
1145 2753
1145 2916
1145 3087
1145 3236
1145 3322
1145 3462
1145 3646
1145 3693
1145 3971
1145 4190
1145 4321
1145 4368
1145 4481
1145 4547
1145 4704
1146 1301
1146 1349
1146 1421
1146 1437
1146 1473
1146 1711
1146 1724
1146 1853
1146 2197
1146 2215
1146 2352
1146 2444
1146 2541
1146 2615
1146 3232
1146 3325
1146 3474
1146 3477
1146 3533
1146 3583
1146 3707
1146 4088
1146 4229
1146 4512
1146 4555
1146 4903
1147 1235
1147 1399
1147 2093
1147 2515
1147 2542
1147 2975
1147 3262
1147 3604
1147 3788
1147 4038
1147 4191
1147 4484
1147 4506
1147 4580
1147 4960
1148 1186
1148 2011
1148 2088
1148 2175
1148 2475
1148 2577
1148 3031
1148 3219
1148 3410
1148 3752
1148 4512
1148 4661
1148 4690
1148 4833
1148 4913
1149 1216
1149 1350
1149 1576
1149 1752
1149 1758
1149 1977
1149 2041
1149 2164
1149 2220
1149 2268
1149 2865
1149 2878
1149 3015
1149 3091
1149 3139
1149 3162
1149 3356
1149 3656
1149 3716
1149 3951
1149 4002
1149 4132
1149 4477
1149 4718
1149 4859
1149 4878
1149 4897
1149 4911
1150 1195
1150 1248
1150 1646
1150 1816
1150 1935
1150 2106
1150 2136
1150 2138
1150 2302
1150 2639
1150 2738
1150 2821
1150 2958
1150 3086
1150 3223
1150 3278
1150 3528
1150 4271
1150 4380
1150 4662
1150 4791
1150 4840
1151 1257
1151 1517
1151 1757
1151 1924
1151 2240
1151 2357
1151 2396
1151 2462
1151 2503
1151 2546
1151 2683
1151 2768
1151 3080
1151 3314
1151 3445
1151 3528
1151 3601
1151 3628
1151 3753
1151 4033
1151 4125
1151 4187
1151 4227
1151 4304
1151 4408
1151 4497
1151 4652
1151 4659
1152 1243
1152 1272
1152 1300
1152 1360
1152 2007
1152 2283
1152 2610
1152 2822
1152 2911
1152 3001
1152 3278
1152 3301
1152 3522
1152 3569
1152 3576
1152 3766
1152 3795
1152 3905
1152 4110
1152 4128
1152 4194
1152 4365
1152 4554
1152 4793
1153 1209
1153 1431
1153 1435
1153 1587
1153 1737
1153 1755
1153 1926
1153 1977
1153 2048
1153 2143
1153 2507
1153 2516
1153 2657
1153 3129
1153 3188
1153 3203
1153 3220
1153 3372
1153 3528
1153 4101
1153 4216
1153 4416
1153 4648
1153 4813
1153 4894
1153 4930
1154 1191
1154 1421
1154 1693
1154 1749
1154 1896
1154 2350
1154 2359
1154 2502
1154 2632
1154 2803
1154 2854
1154 2989
1154 3446
1154 3664
1154 4242
1154 4653
1154 4763
1154 4931
1155 1279
1155 1479
1155 1521
1155 1626
1155 1894
1155 1954
1155 2102
1155 2296
1155 2335
1155 2518
1155 2569
1155 2777
1155 2851
1155 2856
1155 3158
1155 3290
1155 3613
1155 3690
1155 3778
1155 4026
1155 4273
1155 4275
1155 4466
1155 4564
1155 4767
1155 4993
1155 4995
1156 1164
1156 1332
1156 1896
1156 2131
1156 2184
1156 2267
1156 2359
1156 2463
1156 2498
1156 2637
1156 2638
1156 2894
1156 3081
1156 3360
1156 3431
1156 3454
1156 3470
1156 3496
1156 3708
1156 3753
1156 4028
1156 4169
1156 4580
1156 4723
1156 4844
1156 4971
1157 1211
1157 1222
1157 1270
1157 1293
1157 1336
1157 1424
1157 1689
1157 1848
1157 2372
1157 2529
1157 2808
1157 3052
1157 3301
1157 3431
1157 3503
1157 3871
1157 4087
1157 4312
1157 4667
1158 1169
1158 1238
1158 1555
1158 1678
1158 2173
1158 2268
1158 2519
1158 2582
1158 2982
1158 3036
1158 3047
1158 3198
1158 3390
1158 3808
1158 4452
1158 4614
1158 4939
1159 1175
1159 1342
1159 1489
1159 1563
1159 1812
1159 1889
1159 2053
1159 2178
1159 2234
1159 2343
1159 2585
1159 2771
1159 3056
1159 3193
1159 3210
1159 3623
1159 3680
1159 3790
1159 3825
1159 3939
1159 4259
1159 4294
1159 4549
1160 1587
1160 1695
1160 1979
1160 2083
1160 2119
1160 2214
1160 2238
1160 2512
1160 2595
1160 2761
1160 2770
1160 2837
1160 3280
1160 3292
1160 3826
1160 3942
1160 4394
1160 4646
1160 4801
1161 1296
1161 1397
1161 1473
1161 1496
1161 1519
1161 1681
1161 1733
1161 2157
1161 2330
1161 2396
1161 2569
1161 2679
1161 2848
1161 2857
1161 3186
1161 3435
1161 4063
1161 4109
1161 4520
1161 4922
1161 4949
1161 4952
1161 4956
1162 1174
1162 1315
1162 1399
1162 1465
1162 1729
1162 2229
1162 2336
1162 2780
1162 3025
1162 3232
1162 3325
1162 3571
1162 3744
1162 3766
1162 3906
1162 4154
1162 4175
1162 4478
1162 4531
1162 4536
1162 4916
1162 4973
1163 1184
1163 1241
1163 1287
1163 1296
1163 1617
1163 1649
1163 1717
1163 1737
1163 2028
1163 2098
1163 2187
1163 2531
1163 2778
1163 3237
1163 3411
1163 3669
1163 3865
1163 3931
1163 4104
1163 4119
1163 4141
1163 4336
1163 4594
1163 4624
1163 4644
1163 4673
1163 4836
1163 4921
1164 1318
1164 1363
1164 1524
1164 1536
1164 1547
1164 1673
1164 1698
1164 1744
1164 2084
1164 2503
1164 2596
1164 2672
1164 2706
1164 2871
1164 3132
1164 3261
1164 3376
1164 3514
1164 3598
1164 3656
1164 3964
1164 4233
1164 4292
1164 4686
1164 4843
1164 4887
1164 4995
1165 1484
1165 1517
1165 1683
1165 1813
1165 1826
1165 2193
1165 2230
1165 2239
1165 2568
1165 2751
1165 2914
1165 3027
1165 3410
1165 3677
1165 3706
1165 3756
1165 4024
1165 4032
1165 4202
1165 4340
1165 4347
1165 4576
1165 4649
1165 4790
1165 4810
1165 4824
1165 4882
1166 1291
1166 1367
1166 1376
1166 1560
1166 1652
1166 1837
1166 1852
1166 2152
1166 2415
1166 2469
1166 2599
1166 2879
1166 2951
1166 2954
1166 2985
1166 3621
1166 4286
1166 4638
1167 1210
1167 1443
1167 1484
1167 1696
1167 1777
1167 1835
1167 2057
1167 2734
1167 2874
1167 2937
1167 3237
1167 3257
1167 3313
1167 3513
1167 3631
1167 4016
1167 4132
1167 4245
1167 4383
1167 4457
1167 4461
1167 4833
1167 4836
1168 1199
1168 1573
1168 1649
1168 1808
1168 1867
1168 1926
1168 2404
1168 2668
1168 2746
1168 2761
1168 2899
1168 2914
1168 3171
1168 3614
1168 3959
1168 4027
1168 4140
1168 4157
1168 4290
1168 4431
1168 4509
1168 4687
1168 4690
1169 1634
1169 1653
1169 1799
1169 1898
1169 1990
1169 2059
1169 2225
1169 2300
1169 2375
1169 2605
1169 2857
1169 3083
1169 3172
1169 3183
1169 3235
1169 3294
1169 3385
1169 3412
1169 3632
1169 3750
1169 3761
1169 3789
1169 3844
1169 4378
1169 4394
1169 4401
1169 4478
1169 4571
1169 4807
1169 4961
1170 1305
1170 1377
1170 1379
1170 1440
1170 1594
1170 1683
1170 1684
1170 1883
1170 1908
1170 2028
1170 2208
1170 2274
1170 2321
1170 2399
1170 2982
1170 3007
1170 3098
1170 3549
1170 3627
1170 3748
1170 3930
1170 4793
1171 1273
1171 1325
1171 1334
1171 1544
1171 1653
1171 1893
1171 1968
1171 2115
1171 2348
1171 2717
1171 2903
1171 3053
1171 3087
1171 3230
1171 3364
1171 3703
1171 3965
1171 4072
1171 4103
1171 4203
1171 4385
1171 4525
1171 4739
1172 1229
1172 1430
1172 1585
1172 1797
1172 2054
1172 2098
1172 2795
1172 2917
1172 2950
1172 3552
1172 3581
1172 3590
1172 3720
1172 3881
1172 3999
1172 4050
1172 4162
1172 4368
1172 4494
1172 4732
1172 4828
1173 1228
1173 1233
1173 1442
1173 1491
1173 1634
1173 1829
1173 1882
1173 1884
1173 1938
1173 2060
1173 2302
1173 2418
1173 2538
1173 2829
1173 3017
1173 3169
1173 3349
1173 3973
1173 4109
1173 4112
1173 4319
1173 4336
1173 4409
1173 4420
1173 4440
1173 4517
1173 4600
1173 4885
1173 4959
1174 1514
1174 1567
1174 1577
1174 1670
1174 1853
1174 2168
1174 2261
1174 2335
1174 2337
1174 2661
1174 2668
1174 2682
1174 2874
1174 3109
1174 3171
1174 3238
1174 3445
1174 3494
1174 3545
1174 4100
1174 4202
1174 4328
1174 4456
1174 4513
1174 4846
1174 4936
1174 4941
1174 4997
1175 1305
1175 1327
1175 1541
1175 1807
1175 1811
1175 1837
1175 1976
1175 2037
1175 2167
1175 2452
1175 2536
1175 2580
1175 2588
1175 2838
1175 2976
1175 3349
1175 3453
1175 3503
1175 3860
1175 3919
1175 3958
1175 4486
1175 4811
1175 4857
1175 4912
1175 4946
1176 1252
1176 1267
1176 1782
1176 1883
1176 1943
1176 2191
1176 2669
1176 2670
1176 3006
1176 3104
1176 3184
1176 3554
1176 3594
1176 3598
1176 3633
1176 3671
1176 3732
1176 3803
1176 3828
1176 3876
1176 3883
1176 4172
1176 4866
1177 1282
1177 1339
1177 1401
1177 1796
1177 1813
1177 1834
1177 2085
1177 2107
1177 2191
1177 2211
1177 2272
1177 2388
1177 2618
1177 2673
1177 2769
1177 3215
1177 3304
1177 3416
1177 3872
1177 3974
1177 3992
1177 3999
1177 4025
1177 4439
1177 4925
1178 1601
1178 1791
1178 1804
1178 2081
1178 2741
1178 2748
1178 2810
1178 2815
1178 2870
1178 3121
1178 3188
1178 3229
1178 3791
1178 3834
1178 3897
1178 3898
1178 4114
1178 4163
1178 4432
1178 4501
1178 4582
1178 4871
1179 1273
1179 1393
1179 1447
1179 1535
1179 1721
1179 1793
1179 1989
1179 2162
1179 2190
1179 2758
1179 2769
1179 2798
1179 3221
1179 3390
1179 3438
1179 3559
1179 3650
1179 3659
1179 3994
1179 4317
1179 4500
1179 4849
1180 1188
1180 1999
1180 2090
1180 2142
1180 2207
1180 2458
1180 2564
1180 2749
1180 2821
1180 2864
1180 3132
1180 3329
1180 3730
1180 3842
1180 4079
1180 4158
1180 4183
1180 4197
1180 4338
1180 4359
1180 4428
1180 4445
1180 4450
1180 4598
1180 4788
1180 4991
1181 1627
1181 2083
1181 2103
1181 2376
1181 3035
1181 3343
1181 3450
1181 3463
1181 3542
1181 3673
1181 3734
1181 3863
1181 4241
1181 4262
1181 4309
1181 4344
1181 4665
1181 4739
1181 4759
1182 1191
1182 1708
1182 1991
1182 2092
1182 2252
1182 2494
1182 2499
1182 2647
1182 3043
1182 3130
1182 3165
1182 3220
1182 3322
1182 3697
1182 3750
1182 4523
1182 4570
1182 4699
1182 4838
1182 4986
1183 1203
1183 1240
1183 1679
1183 1741
1183 1817
1183 1864
1183 2159
1183 2220
1183 2362
1183 2634
1183 2811
1183 2842
1183 2947
1183 3347
1183 3374
1183 3716
1183 3896
1183 3914
1183 4073
1183 4149
1183 4333
1183 4347
1183 4572
1183 4877
1183 4889
1183 4958
1184 1193
1184 1501
1184 1562
1184 1662
1184 1708
1184 1720
1184 1914
1184 2101
1184 2368
1184 2591
1184 2615
1184 2902
1184 2918
1184 2968
1184 3444
1184 3480
1184 3777
1184 4422
1184 4445
1184 4596
1184 4665
1184 4696
1184 4892
1185 1238
1185 1418
1185 1916
1185 2053
1185 2207
1185 2488
1185 2540
1185 2543
1185 2584
1185 2882
1185 3349
1185 3374
1185 3575
1185 4192
1185 4321
1185 4431
1185 4545
1185 4695
1186 1287
1186 1406
1186 1521
1186 1594
1186 1783
1186 2460
1186 2494
1186 2922
1186 2959
1186 3048
1186 3296
1186 3316
1186 3413
1186 3450
1186 3735
1186 3773
1186 3840
1186 4398
1186 4444
1186 4699
1187 1698
1187 1720
1187 1792
1187 1848
1187 1978
1187 1998
1187 2036
1187 2065
1187 2368
1187 2483
1187 2615
1187 2720
1187 2981
1187 3080
1187 3272
1187 3373
1187 3464
1187 3697
1187 3876
1187 4231
1187 4336
1187 4423
1187 4619
1187 4634
1187 4733
1187 4808
1187 4919
1188 1381
1188 1550
1188 1817
1188 2231
1188 2285
1188 2562
1188 2634
1188 2825
1188 3013
1188 3422
1188 3721
1188 3962
1188 4084
1188 4198
1188 4506
1188 4513
1188 4595
1188 4660
1188 4953
1189 1192
1189 1302
1189 1453
1189 2189
1189 2502
1189 2663
1189 2746
1189 2758
1189 2939
1189 2997
1189 3364
1189 3370
1189 3455
1189 3495
1189 3848
1189 3891
1189 4020
1189 4366
1189 4500
1189 4645
1189 4751
1189 4762
1189 4780
1189 4907
1190 1412
1190 1426
1190 1685
1190 1925
1190 2036
1190 2444
1190 2664
1190 3040
1190 3436
1190 3558
1190 3765
1190 3845
1190 3866
1190 4357
1190 4418
1190 4473
1190 4569
1190 4730
1190 4743
1190 4861
1190 4898
1190 4922
1191 1312
1191 1699
1191 2174
1191 2356
1191 2366
1191 2898
1191 2952
1191 3176
1191 3262
1191 3325
1191 3740
1191 3861
1191 3947
1191 3948
1191 3995
1191 4284
1191 4326
1191 4407
1191 4888
1192 1350
1192 1412
1192 1615
1192 1617
1192 1729
1192 1837
1192 2467
1192 2644
1192 2700
1192 2770
1192 2790
1192 3098
1192 3323
1192 3868
1192 4065
1192 4132
1192 4147
1192 4620
1192 4831
1192 4859
1192 4906
1192 4927
1193 1271
1193 1278
1193 1321
1193 1414
1193 1505
1193 1574
1193 1845
1193 2041
1193 2226
1193 2601
1193 3217
1193 3252
1193 3858
1193 3965
1193 4078
1193 4101
1193 4123
1193 4430
1193 4650
1193 4891
1194 1514
1194 1521
1194 1821
1194 1887
1194 1958
1194 1968
1194 2033
1194 2248
1194 2667
1194 2806
1194 2976
1194 3010
1194 3072
1194 3155
1194 3195
1194 3302
1194 3372
1194 3680
1194 3681
1194 3805
1194 4220
1194 4293
1194 4346
1194 4368
1194 4542
1194 4618
1194 4634
1194 4961
1195 1680
1195 1706
1195 1843
1195 2033
1195 2128
1195 2151
1195 2157
1195 2276
1195 2317
1195 2327
1195 2387
1195 2483
1195 2731
1195 2868
1195 2904
1195 2963
1195 2973
1195 3102
1195 3135
1195 4075
1195 4260
1195 4379
1195 4780
1196 1311
1196 1346
1196 1536
1196 1553
1196 1625
1196 1641
1196 1812
1196 2053
1196 2072
1196 2083
1196 2135
1196 2196
1196 2221
1196 2505
1196 2843
1196 2907
1196 3055
1196 3141
1196 3259
1196 3260
1196 3517
1196 3719
1196 3832
1196 3847
1196 4017
1196 4062
1196 4085
1196 4163
1196 4206
1196 4245
1196 4273
1196 4447
1196 4518
1196 4719
1196 4754
1196 4836
1196 4935
1197 1711
1197 1758
1197 1848
1197 1934
1197 1960
1197 2007
1197 2148
1197 2230
1197 2379
1197 2661
1197 2772
1197 2890
1197 3250
1197 3266
1197 3291
1197 3384
1197 3386
1197 3522
1197 3549
1197 3578
1197 3729
1197 3731
1197 4019
1197 4021
1197 4022
1197 4095
1197 4452
1198 1290
1198 1337
1198 1796
1198 1875
1198 2453
1198 2679
1198 2727
1198 2937
1198 2961
1198 3229
1198 3414
1198 3600
1198 3687
1198 3796
1198 3812
1198 4043
1198 4245
1198 4246
1198 4374
1198 4682
1198 4834
1198 4880
1199 1565
1199 1706
1199 1911
1199 2435
1199 2664
1199 2747
1199 2867
1199 2986
1199 3328
1199 3509
1199 3653
1199 3713
1199 3741
1199 3954
1199 4104
1199 4235
1199 4429
1199 4442
1199 4447
1199 4550
1199 4873
1200 1921
1200 2079
1200 2168
1200 2252
1200 2520
1200 2548
1200 2552
1200 2744
1200 2761
1200 2943
1200 2945
1200 3223
1200 3224
1200 3672
1200 3731
1200 3912
1200 4107
1200 4194
1200 4285
1200 4356
1200 4376
1200 4438
1200 4475
1200 4664
1200 4754
1200 4808
1201 1210
1201 1654
1201 1765
1201 1938
1201 1993
1201 2123
1201 2160
1201 2250
1201 2287
1201 2534
1201 2560
1201 2703
1201 3146
1201 3210
1201 3636
1201 3761
1201 3983
1201 4162
1201 4246
1201 4370
1201 4445
1201 4487
1201 4747
1201 4875
1201 4920
1202 1360
1202 1581
1202 1584
1202 1669
1202 1887
1202 1933
1202 2014
1202 2234
1202 2456
1202 2541
1202 2558
1202 2736
1202 2755
1202 2777
1202 2947
1202 3308
1202 3445
1202 3454
1202 3477
1202 3515
1202 3595
1202 4175
1202 4192
1202 4447
1202 4488
1202 4549
1203 1338
1203 1350
1203 1422
1203 1457
1203 1618
1203 1980
1203 2069
1203 2100
1203 2335
1203 2391
1203 2465
1203 2661
1203 2747
1203 2757
1203 2940
1203 3083
1203 3214
1203 3860
1203 3913
1203 3933
1203 4047
1203 4442
1203 4468
1203 4758
1203 4861
1203 4874
1204 1228
1204 1341
1204 1437
1204 1580
1204 2299
1204 2520
1204 2559
1204 2606
1204 2841
1204 2921
1204 3032
1204 3246
1204 3381
1204 3397
1204 3511
1204 3687
1204 3861
1204 3912
1204 3932
1204 3964
1204 4143
1204 4344
1204 4346
1204 4454
1204 4522
1204 4658
1204 4706
1204 4767
1205 1359
1205 1383
1205 1739
1205 2035
1205 2133
1205 2271
1205 2322
1205 2409
1205 2562
1205 2655
1205 2730
1205 2922
1205 3065
1205 3209
1205 3304
1205 3512
1205 3717
1205 3772
1205 3833
1205 4141
1205 4273
1205 4277
1205 4421
1205 4443
1205 4689
1205 4880
1206 1462
1206 1867
1206 1968
1206 1991
1206 2037
1206 2133
1206 2268
1206 2305
1206 2405
1206 2795
1206 2871
1206 3138
1206 3237
1206 3363
1206 3505
1206 3547
1206 3753
1206 3840
1206 4185
1206 4426
1206 4595
1206 4748
1206 4879
1207 1484
1207 1520
1207 1796
1207 1981
1207 2299
1207 2326
1207 2401
1207 2650
1207 2654
1207 2983
1207 3618
1207 4178
1207 4284
1207 4755
1208 1658
1208 1687
1208 1792
1208 1920
1208 2272
1208 2499
1208 2824
1208 3008
1208 3159
1208 3163
1208 3330
1208 3467
1208 3606
1208 3750
1208 3905
1208 4366
1208 4488
1208 4767
1209 1486
1209 1547
1209 1717
1209 1747
1209 1814
1209 1904
1209 1933
1209 2192
1209 2209
1209 2235
1209 2375
1209 2641
1209 2837
1209 2956
1209 2978
1209 3392
1209 3490
1209 3583
1209 3802
1209 4164
1209 4171
1209 4306
1209 4781
1209 4981
1210 1247
1210 1314
1210 1671
1210 1681
1210 1870
1210 1891
1210 1905
1210 2013
1210 2266
1210 2318
1210 2687
1210 2838
1210 2980
1210 3042
1210 3105
1210 3334
1210 3362
1210 3496
1210 3505
1210 3671
1210 3691
1210 4046
1210 4187
1210 4346
1210 4720
1211 1285
1211 1727
1211 2047
1211 2468
1211 3067
1211 3086
1211 3147
1211 3379
1211 3529
1211 3570
1211 3724
1211 3768
1211 3906
1211 4230
1211 4502
1211 4564
1211 4621
1211 4704
1211 4760
1211 4809
1212 1595
1212 1665
1212 1740
1212 1944
1212 2280
1212 2672
1212 3013
1212 3106
1212 3167
1212 3254
1212 3585
1212 3670
1212 3683
1212 3703
1212 4125
1212 4181
1212 4696
1212 4735
1212 4957
1213 1349
1213 1365
1213 1873
1213 1980
1213 2079
1213 2638
1213 2798
1213 2923
1213 3233
1213 3735
1213 3917
1213 3955
1213 4079
1214 1224
1214 1451
1214 1967
1214 2039
1214 2487
1214 2587
1214 2666
1214 2690
1214 2711
1214 2732
1214 3306
1214 3444
1214 3498
1214 4094
1214 4200
1214 4256
1214 4388
1214 4473
1214 4767
1214 4830
1215 1329
1215 1475
1215 2048
1215 2460
1215 2682
1215 2712
1215 3042
1215 3137
1215 3176
1215 3975
1215 4034
1215 4123
1215 4515
1215 4736
1215 4840
1216 1380
1216 1499
1216 1559
1216 1671
1216 1717
1216 1754
1216 1954
1216 1986
1216 2335
1216 2540
1216 2676
1216 2941
1216 2942
1216 2951
1216 3028
1216 3060
1216 3183
1216 3503
1216 3540
1216 3594
1216 3919
1216 3969
1216 3981
1216 4380
1216 4393
1216 4512
1216 4716
1216 4782
1216 4894
1217 1231
1217 1307
1217 1429
1217 1654
1217 2041
1217 2070
1217 2154
1217 2229
1217 2244
1217 2255
1217 2355
1217 2558
1217 2669
1217 2673
1217 2822
1217 2856
1217 2905
1217 3312
1217 3360
1217 3645
1217 4003
1217 4369
1217 4569
1217 4832
1218 1551
1218 1641
1218 1711
1218 2080
1218 2327
1218 2605
1218 2617
1218 2878
1218 3035
1218 3365
1218 3401
1218 4002
1218 4151
1218 4215
1218 4218
1218 4477
1218 4484
1218 4503
1218 4564
1218 4841
1218 4975
1219 1352
1219 1533
1219 1715
1219 1734
1219 1867
1219 1877
1219 1907
1219 2233
1219 2292
1219 2393
1219 2835
1219 3078
1219 4398
1219 4650
1219 4983
1220 1361
1220 1798
1220 1985
1220 2542
1220 2759
1220 2796
1220 2928
1220 3093
1220 3190
1220 3192
1220 3393
1220 3397
1220 3580
1220 3653
1220 3668
1220 3795
1220 3918
1220 3922
1220 4010
1220 4076
1220 4482
1220 4851
1221 1412
1221 1509
1221 1559
1221 1608
1221 1949
1221 2060
1221 2692
1221 2814
1221 2906
1221 3083
1221 3435
1221 3519
1221 3565
1221 4075
1221 4444
1221 4606
1221 4712
1221 4903
1221 4940
1221 4978
1222 1376
1222 1429
1222 1535
1222 1928
1222 1952
1222 2038
1222 2100
1222 2201
1222 2337
1222 2567
1222 3042
1222 3653
1222 3656
1222 3723
1222 3843
1222 3871
1222 4128
1222 4235
1222 4300
1222 4407
1222 4414
1222 4761
1222 4851
1223 1512
1223 1623
1223 1677
1223 1780
1223 1826
1223 1937
1223 2278
1223 2290
1223 2370
1223 2653
1223 3285
1223 3312
1223 3372
1223 3381
1223 3424
1223 3519
1223 3788
1223 3856
1223 3908
1223 3954
1223 4000
1223 4278
1223 4326
1223 4367
1223 4382
1223 4705
1223 4839
1223 4841
1224 1283
1224 1433
1224 1647
1224 1767
1224 2894
1224 2907
1224 2947
1224 2988
1224 3004
1224 3167
1224 3344
1224 3436
1224 3479
1224 3756
1224 3781
1224 3965
1224 4106
1224 4150
1224 4232
1224 4344
1224 4591
1224 4757
1224 4893
1225 1279
1225 1366
1225 1550
1225 1580
1225 1812
1225 2071
1225 2444
1225 2811
1225 2932
1225 3038
1225 3054
1225 3253
1225 3433
1225 3529
1225 3686
1225 3969
1225 4318
1225 4368
1225 4377
1225 4667
1225 4722
1226 1395
1226 1633
1226 1634
1226 1852
1226 2154
1226 2215
1226 2439
1226 2565
1226 2788
1226 2809
1226 2819
1226 2873
1226 2908
1226 3197
1226 3266
1226 3294
1226 3305
1226 3506
1226 3509
1226 3647
1226 3987
1226 4057
1226 4119
1226 4177
1226 4278
1226 4410
1226 4628
1226 4883
1226 4990
1227 1328
1227 1452
1227 1618
1227 1906
1227 2026
1227 2126
1227 2254
1227 2258
1227 2494
1227 2756
1227 2975
1227 2983
1227 3088
1227 3187
1227 3277
1227 3443
1227 3596
1227 3737
1227 3780
1227 4220
1227 4254
1227 4333
1227 4401
1227 4641
1227 4889
1228 1366
1228 1715
1228 1834
1228 1962
1228 2407
1228 2415
1228 2500
1228 2675
1228 2708
1228 2808
1228 2864
1228 2870
1228 3107
1228 3120
1228 3273
1228 3414
1228 3489
1228 3753
1228 3808
1228 4117
1228 4344
1228 4439
1228 4479
1228 4632
1228 4907
1229 1351
1229 1353
1229 1993
1229 2218
1229 2415
1229 2540
1229 2634
1229 2849
1229 2965
1229 3078
1229 3291
1229 3379
1229 3407
1229 3700
1229 4146
1229 4296
1229 4660
1229 4798
1229 4964
1229 4971
1230 1283
1230 1318
1230 1655
1230 1722
1230 1766
1230 1865
1230 1987
1230 2197
1230 2307
1230 2323
1230 2552
1230 3231
1230 3257
1230 3565
1230 3789
1230 3803
1230 3839
1230 4047
1230 4461
1230 4524
1230 4601
1230 4776
1231 1297
1231 1485
1231 1496
1231 1515
1231 1527
1231 1608
1231 1778
1231 1845
1231 2169
1231 2219
1231 2324
1231 2336
1231 2385
1231 2903
1231 2925
1231 2994
1231 3194
1231 3309
1231 3559
1231 3727
1231 3916
1231 3923
1231 3958
1231 3991
1231 4160
1231 4239
1231 4387
1231 4435
1231 4453
1231 4530
1231 4585
1231 4835
1231 4942
1231 4960
1232 1294
1232 1340
1232 1447
1232 1506
1232 1532
1232 1857
1232 2039
1232 2202
1232 2325
1232 2365
1232 2490
1232 2655
1232 3459
1232 3945
1232 4408
1232 4550
1232 4789
1233 1505
1233 1512
1233 1910
1233 2013
1233 2127
1233 2284
1233 2573
1233 2626
1233 2735
1233 2756
1233 2843
1233 3456
1233 3533
1233 3547
1233 3734
1233 4294
1233 4313
1233 4445
1233 4739
1233 4760
1233 4848
1234 1302
1234 1513
1234 1536
1234 1555
1234 1591
1234 1593
1234 1674
1234 1904
1234 1909
1234 2246
1234 2269
1234 2287
1234 2815
1234 2869
1234 2897
1234 3008
1234 3016
1234 3171
1234 3173
1234 3262
1234 3325
1234 3802
1234 3874
1234 3978
1234 4200
1234 4782
1235 1243
1235 1324
1235 1577
1235 1579
1235 1786
1235 1831
1235 1859
1235 1863
1235 2021
1235 2113
1235 2125
1235 2208
1235 2578
1235 2680
1235 2951
1235 3416
1235 3711
1235 3911
1235 3926
1235 3941
1235 4027
1235 4154
1235 4382
1235 4462
1235 4650
1235 4651
1235 4833
1235 4986
1236 1461
1236 1802
1236 1832
1236 2097
1236 2260
1236 2296
1236 2791
1236 3038
1236 3112
1236 3118
1236 3951
1236 3981
1236 4065
1236 4193
1236 4654
1236 4694
1236 4777
1236 4817
1236 4877
1237 1295
1237 1347
1237 1558
1237 1753
1237 1869
1237 2630
1237 2635
1237 3138
1237 3152
1237 3166
1237 3177
1237 3620
1237 3699
1237 4322
1237 4361
1237 4447
1237 4481
1237 4488
1237 4528
1237 4597
1237 4625
1237 4691
1237 4897
1238 1286
1238 1470
1238 1585
1238 1921
1238 1924
1238 2149
1238 2670
1238 2830
1238 2838
1238 2856
1238 3139
1238 3451
1238 3556
1238 3613
1238 3692
1238 3760
1238 3918
1238 4291
1238 4335
1238 4363
1238 4437
1238 4483
1238 4620
1238 4690
1238 4710
1238 4984
1239 1257
1239 1401
1239 1440
1239 1448
1239 1494
1239 1551
1239 1616
1239 1637
1239 1858
1239 2010
1239 2050
1239 2241
1239 2294
1239 2380
1239 2454
1239 3195
1239 3685
1239 3996
1239 4135
1239 4515
1239 4777
1239 4791
1239 4812
1239 4860
1240 1293
1240 1466
1240 1582
1240 2029
1240 2412
1240 2558
1240 2646
1240 2682
1240 3050
1240 3190
1240 3309
1240 3362
1240 3367
1240 3797
1240 4004
1240 4229
1240 4515
1240 4933
1241 1465
1241 1697
1241 1833
1241 1931
1241 1933
1241 2135
1241 2256
1241 2273
1241 2277
1241 2293
1241 2443
1241 2746
1241 2756
1241 2841
1241 2851
1241 4229
1241 4418
1241 4549
1241 4704
1241 4937
1242 1324
1242 1430
1242 1603
1242 2700
1242 2714
1242 3464
1242 3537
1242 4029
1242 4533
1242 4651
1242 4684
1242 4810
1242 4894
1243 1261
1243 1286
1243 1973
1243 2185
1243 2666
1243 3095
1243 3162
1243 3462
1243 3636
1243 4105
1243 4164
1243 4437
1243 4587
1243 4630
1243 4642
1243 4888
1243 4918
1243 4972
1244 1262
1244 1287
1244 1306
1244 1408
1244 1469
1244 1531
1244 1891
1244 1900
1244 2138
1244 2306
1244 2342
1244 2354
1244 2558
1244 3016
1244 3360
1244 3454
1244 3473
1244 3822
1244 4164
1244 4238
1244 4373
1244 4602
1244 4652
1244 4737
1245 1360
1245 1666
1245 1734
1245 1986
1245 2380
1245 2439
1245 2712
1245 2802
1245 3401
1245 3551
1245 3664
1245 3869
1245 4102
1245 4408
1246 1254
1246 1482
1246 1564
1246 1576
1246 1707
1246 1784
1246 2266
1246 2347
1246 2690
1246 2875
1246 3036
1246 3211
1246 3409
1246 3843
1246 4253
1246 4465
1246 4564
1246 4904
1247 1373
1247 1464
1247 1490
1247 1566
1247 2149
1247 2682
1247 3642
1247 3879
1247 4005
1247 4035
1247 4050
1247 4079
1247 4154
1247 4169
1247 4496
1247 4596
1248 1266
1248 1316
1248 1417
1248 1473
1248 1952
1248 2015
1248 2242
1248 2790
1248 2813
1248 3099
1248 3364
1248 3535
1248 3739
1248 3993
1248 4524
1248 4605
1248 4814
1248 4853
1249 1328
1249 1669
1249 2163
1249 2202
1249 2266
1249 2319
1249 2452
1249 2463
1249 2579
1249 2798
1249 2920
1249 3004
1249 3191
1249 3282
1249 3615
1249 3795
1249 3945
1249 4000
1249 4247
1249 4505
1249 4634
1249 4656
1249 4839
1250 1260
1250 1384
1250 1385
1250 1480
1250 1506
1250 1833
1250 2007
1250 2112
1250 2191
1250 2268
1250 2321
1250 2381
1250 2388
1250 2505
1250 2647
1250 3059
1250 3469
1250 3588
1250 3641
1250 3865
1250 3951
1250 4493
1250 4742
1251 1395
1251 1451
1251 1545
1251 1629
1251 1869
1251 2117
1251 2154
1251 2328
1251 2597
1251 2615
1251 2649
1251 2764
1251 2948
1251 3439
1251 3500
1251 3578
1251 3901
1251 3966
1251 3970
1251 4008
1251 4764
1251 4851
1251 4924
1252 1287
1252 1411
1252 1667
1252 1798
1252 2235
1252 2244
1252 2288
1252 2391
1252 2563
1252 2574
1252 2669
1252 2678
1252 2732
1252 2895
1252 2929
1252 3295
1252 3323
1252 3421
1252 3463
1252 3502
1252 3510
1252 3547
1252 3832
1252 3839
1252 4042
1252 4098
1252 4390
1252 4405
1252 4449
1252 4452
1252 4547
1252 4630
1252 4824
1252 4879
1253 1350
1253 1359
1253 1426
1253 1558
1253 1665
1253 2124
1253 2805
1253 2810
1253 3236
1253 3372
1253 3380
1253 3523
1253 3832
1253 4561
1253 4581
1253 4723
1253 4750
1253 4900
1253 4913
1253 4986
1254 1387
1254 1559
1254 1781
1254 2783
1254 2969
1254 3296
1254 3647
1254 3745
1254 4129
1254 4350
1254 4666
1254 4990
1255 1263
1255 1266
1255 1553
1255 1613
1255 2068
1255 2106
1255 2143
1255 2618
1255 2925
1255 2967
1255 3079
1255 3278
1255 3590
1255 3699
1255 3701
1255 3796
1255 3821
1256 1257
1256 1287
1256 1308
1256 1612
1256 2179
1256 2222
1256 2720
1256 3004
1256 3061
1256 3133
1256 3188
1256 3685
1256 3838
1256 3847
1256 3911
1256 3927
1256 4051
1256 4155
1256 4179
1256 4576
1256 4631
1256 4957
1257 1450
1257 1578
1257 1731
1257 1833
1257 1840
1257 1881
1257 1976
1257 1990
1257 1993
1257 2263
1257 2308
1257 2370
1257 2419
1257 2481
1257 2561
1257 2606
1257 2703
1257 2775
1257 2919
1257 3342
1257 3601
1257 3739
1257 3799
1257 4089
1257 4127
1257 4574
1257 4845
1258 1417
1258 1525
1258 1527
1258 1711
1258 1777
1258 1988
1258 1993
1258 2093
1258 2119
1258 2346
1258 2791
1258 3226
1258 3317
1258 3572
1258 3733
1258 3879
1258 3941
1258 4002
1258 4167
1258 4251
1258 4362
1258 4723
1258 4838
1258 4943
1259 1779
1259 1788
1259 2155
1259 2382
1259 3191
1259 3193
1259 3354
1259 3383
1259 3394
1259 3477
1259 3487
1259 3863
1259 3976
1259 4264
1259 4707
1259 4897
1260 1469
1260 1562
1260 1738
1260 2069
1260 2107
1260 2174
1260 2246
1260 2437
1260 2526
1260 2749
1260 2897
1260 3041
1260 3221
1260 3447
1260 3868
1260 3982
1260 4036
1260 4124
1260 4267
1260 4329
1260 4408
1260 4703
1260 4879
1260 4886
1260 4915
1261 1614
1261 2038
1261 2148
1261 2231
1261 2330
1261 2798
1261 3172
1261 3394
1261 3546
1261 3911
1261 3927
1261 4213
1261 4487
1261 4571
1261 4602
1261 4649
1261 4835
1261 4971
1262 1560
1262 1774
1262 2095
1262 2274
1262 2704
1262 2873
1262 2956
1262 2980
1262 3220
1262 3607
1262 3841
1262 3846
1262 4018
1262 4234
1262 4390
1262 4427
1262 4475
1262 4547
1262 4555
1262 4905
1262 4944
1263 1441
1263 1476
1263 1503
1263 1508
1263 1729
1263 1786
1263 2074
1263 2092
1263 2277
1263 2524
1263 2571
1263 2698
1263 2738
1263 2880
1263 2944
1263 3042
1263 3082
1263 3388
1263 3726
1263 3785
1263 3900
1263 3945
1263 3980
1263 4220
1263 4439
1263 4574
1263 4579
1263 4591
1263 4669
1263 4859
1263 4958
1264 1334
1264 1572
1264 1585
1264 1858
1264 1893
1264 1986
1264 2088
1264 2153
1264 2194
1264 2285
1264 2544
1264 2590
1264 2717
1264 2879
1264 2902
1264 2918
1264 3073
1264 3115
1264 3176
1264 3334
1264 3360
1264 3406
1264 3822
1264 3931
1264 4080
1264 4084
1264 4394
1264 4538
1264 4583
1264 4639
1264 4693
1264 4924
1265 1391
1265 1460
1265 1508
1265 1672
1265 1747
1265 1810
1265 1846
1265 2610
1265 2753
1265 2841
1265 2923
1265 3019
1265 3077
1265 3178
1265 3223
1265 3428
1265 3493
1265 3593
1265 3658
1265 3682
1265 3772
1265 3846
1265 4022
1265 4514
1265 4823
1266 1415
1266 1464
1266 1824
1266 1991
1266 2425
1266 2440
1266 2795
1266 2881
1266 2889
1266 2943
1266 3222
1266 3282
1266 3401
1266 3494
1266 3502
1266 3545
1266 3560
1266 3583
1266 3677
1266 3682
1266 3711
1266 4274
1266 4784
1266 4797
1266 4804
1266 4859
1267 1281
1267 1630
1267 1654
1267 1689
1267 1908
1267 3030
1267 3052
1267 3457
1267 3611
1267 3680
1267 4015
1267 4039
1267 4261
1267 4367
1267 4396
1267 4420
1267 4442
1267 4552
1267 4591
1267 4947
1268 1667
1268 1703
1268 1753
1268 1999
1268 2009
1268 2054
1268 2096
1268 2135
1268 2167
1268 2435
1268 2475
1268 2717
1268 2779
1268 2794
1268 2976
1268 2977
1268 3016
1268 3123
1268 3147
1268 3319
1268 3333
1268 3420
1268 3423
1268 3807
1268 4490
1268 4732
1268 4767
1268 4853
1268 4897
1268 4973
1269 1546
1269 1775
1269 1952
1269 2021
1269 2154
1269 2274
1269 2301
1269 2344
1269 2726
1269 2826
1269 3003
1269 3031
1269 3720
1269 3959
1269 3964
1269 4359
1269 4527
1269 4694
1269 4774
1269 4824
1269 4900
1269 4941
1270 1285
1270 1466
1270 1589
1270 1667
1270 1920
1270 2115
1270 2226
1270 2434
1270 2607
1270 2667
1270 2875
1270 3213
1270 3287
1270 3512
1270 3517
1270 3564
1270 3654
1270 3901
1270 3913
1270 3920
1270 4219
1270 4443
1270 4580
1270 4635
1270 4726
1270 4801
1271 1637
1271 1829
1271 3115
1271 3169
1271 3244
1271 3382
1271 3536
1271 3562
1271 3926
1271 3929
1271 4081
1271 4112
1271 4173
1271 4571
1271 4819
1271 4892
1272 1331
1272 1664
1272 2111
1272 2763
1272 2840
1272 3100
1272 3133
1272 3471
1272 3789
1272 3896
1272 4359
1273 1279
1273 1336
1273 1535
1273 1769
1273 2041
1273 2089
1273 2246
1273 2310
1273 2326
1273 2990
1273 3018
1273 3046
1273 3129
1273 3256
1273 3358
1273 3362
1273 4587
1273 4918
1273 4944
1274 1454
1274 1685
1274 2155
1274 2277
1274 2317
1274 2430
1274 2489
1274 3522
1274 3676
1274 4090
1274 4268
1274 4359
1274 4753
1274 4901
1275 1291
1275 1709
1275 1837
1275 1879
1275 1917
1275 2140
1275 2192
1275 2325
1275 2514
1275 2521
1275 2777
1275 2844
1275 3003
1275 3207
1275 3490
1275 3523
1275 3603
1275 3737
1275 3770
1275 3793
1275 4116
1275 4170
1275 4356
1275 4641
1275 4660
1275 4695
1275 4720
1275 4895
1276 1321
1276 1403
1276 1510
1276 1550
1276 1561
1276 2356
1276 2638
1276 2688
1276 3022
1276 3267
1276 3271
1276 3410
1276 3614
1276 3792
1276 3807
1276 3952
1276 4249
1276 4266
1276 4280
1276 4282
1276 4297
1276 4396
1276 4615
1276 4791
1276 4865
1277 1434
1277 1476
1277 1510
1277 1525
1277 1528
1277 1942
1277 2421
1277 2473
1277 2810
1277 3297
1277 3343
1277 3558
1277 4012
1277 4084
1277 4302
1277 4322
1277 4648
1277 4794
1277 4850
1277 4915
1277 4980
1278 1534
1278 2009
1278 2085
1278 2141
1278 2200
1278 2267
1278 2406
1278 2497
1278 2808
1278 3177
1278 3213
1278 3226
1278 3302
1278 3436
1278 3486
1278 3507
1278 3761
1278 3772
1278 3876
1278 3989
1278 4906
1279 1497
1279 1808
1279 1923
1279 2036
1279 2171
1279 2445
1279 2664
1279 2718
1279 3192
1279 3267
1279 3385
1279 3414
1279 3697
1279 4286
1279 4396
1279 4436
1279 4544
1279 4732
1279 4915
1280 1323
1280 1353
1280 1419
1280 1570
1280 1692
1280 1864
1280 1936
1280 2044
1280 2060
1280 2186
1280 2346
1280 2676
1280 2886
1280 3195
1280 3209
1280 3563
1280 3597
1280 3633
1280 3754
1280 4220
1280 4290
1280 4319
1280 4428
1280 4481
1280 4568
1280 4774
1280 4977
1281 1462
1281 1494
1281 1654
1281 1685
1281 1877
1281 2038
1281 2065
1281 2422
1281 2575
1281 2823
1281 2836
1281 3039
1281 3052
1281 3378
1281 3410
1281 3413
1281 3646
1281 3890
1281 3934
1281 3977
1281 4001
1281 4047
1281 4313
1281 4332
1281 4387
1281 4502
1281 4755
1281 4978
1282 1359
1282 1360
1282 1434
1282 1520
1282 1536
1282 2028
1282 2219
1282 2565
1282 2597
1282 2791
1282 2825
1282 3205
1282 3431
1282 3573
1282 3582
1282 4211
1282 4212
1282 4273
1282 4302
1282 4340
1282 4343
1282 4374
1282 4807
1283 1455
1283 1551
1283 1582
1283 2023
1283 2024
1283 2047
1283 2220
1283 2230
1283 2281
1283 2335
1283 2379
1283 2820
1283 2876
1283 3604
1283 3723
1283 3850
1283 3887
1283 3951
1283 4199
1283 4388
1283 4512
1283 4544
1283 4864
1283 4897
1284 1493
1284 1581
1284 1732
1284 1983
1284 2149
1284 2299
1284 2368
1284 2466
1284 2495
1284 2649
1284 2759
1284 2794
1284 2913
1284 3164
1284 3214
1284 3365
1284 3467
1284 3522
1284 4247
1284 4459
1284 4485
1284 4586
1284 4673
1284 4792
1284 4989
1284 4992
1285 1518
1285 1555
1285 1872
1285 1922
1285 2270
1285 2338
1285 2755
1285 3045
1285 3100
1285 3434
1285 3627
1285 3698
1285 3819
1285 3868
1285 3947
1285 4013
1285 4654
1286 1463
1286 1487
1286 1552
1286 1598
1286 1635
1286 1689
1286 1920
1286 1926
1286 1950
1286 2094
1286 2328
1286 2368
1286 2394
1286 2399
1286 2537
1286 2563
1286 2683
1286 2737
1286 2975
1286 3115
1286 3141
1286 3341
1286 3528
1286 3566
1286 3630
1286 3655
1286 3932
1286 3985
1287 1802
1287 2184
1287 2431
1287 2621
1287 2699
1287 3018
1287 3250
1287 3448
1287 3553
1287 3823
1287 3954
1287 3984
1287 4442
1287 4697
1287 4841
1287 4936
1288 1548
1288 1562
1288 2070
1288 2139
1288 2344
1288 2605
1288 2631
1288 2709
1288 2728
1288 3350
1288 3432
1288 3626
1288 3669
1288 3691
1288 3853
1288 3903
1288 3917
1288 3973
1288 4243
1288 4473
1288 4725
1288 4823
1289 1464
1289 1812
1289 2848
1289 3045
1289 3126
1289 3143
1289 3213
1289 3265
1289 3403
1289 4614
1289 4621
1289 4770
1289 4946
1290 1468
1290 1482
1290 1687
1290 1797
1290 2013
1290 2220
1290 2319
1290 2610
1290 2623
1290 2640
1290 2801
1290 3013
1290 3091
1290 3810
1290 3880
1290 3967
1290 4252
1290 4408
1290 4447
1290 4578
1290 4798
1290 4837
1290 4972
1291 1504
1291 1644
1291 1816
1291 2031
1291 2213
1291 2732
1291 3078
1291 3242
1291 3710
1291 3745
1291 3994
1291 4143
1291 4335
1291 4455
1291 4492
1291 4542
1291 4629
1291 4931
1292 1429
1292 1600
1292 1760
1292 1963
1292 2485
1292 2545
1292 2618
1292 2815
1292 3144
1292 3289
1292 3478
1292 3497
1292 3954
1292 4101
1292 4173
1292 4652
1292 4838
1293 1404
1293 1521
1293 1639
1293 1937
1293 2297
1293 2362
1293 2524
1293 2592
1293 2721
1293 2779
1293 2786
1293 2914
1293 3021
1293 3038
1293 3578
1293 3600
1293 3839
1293 4130
1293 4181
1293 4348
1293 4539
1293 4834
1293 4905
1293 4934
1294 1332
1294 1436
1294 1470
1294 1649
1294 1879
1294 2160
1294 2194
1294 3668
1294 3924
1294 4116
1294 4443
1294 4479
1294 4518
1294 4758
1294 4959
1295 1339
1295 1512
1295 1589
1295 1719
1295 1845
1295 2345
1295 2624
1295 2666
1295 2816
1295 2925
1295 3259
1295 3322
1295 3684
1295 3828
1295 3954
1295 4072
1295 4176
1295 4186
1295 4323
1295 4434
1295 4539
1295 4614
1295 4685
1295 4789
1296 1519
1296 1531
1296 1600
1296 1989
1296 2241
1296 2608
1296 2817
1296 3141
1296 3200
1296 3249
1296 3444
1296 3770
1296 3865
1296 3960
1296 4364
1296 4837
1296 4847
1296 4960
1296 4968
1297 1528
1297 1995
1297 2156
1297 2187
1297 2226
1297 2231
1297 2232
1297 2452
1297 2715
1297 2856
1297 3102
1297 3118
1297 3440
1297 3490
1297 3592
1297 3741
1297 3937
1297 4019
1297 4155
1297 4186
1297 4244
1297 4369
1297 4661
1298 1391
1298 1679
1298 1701
1298 1819
1298 1900
1298 2159
1298 2350
1298 2570
1298 3222
1298 3285
1298 3524
1298 3628
1298 4105
1298 4291
1298 4325
1298 4399
1298 4433
1298 4539
1298 4544
1298 4640
1298 4734
1299 1561
1299 1720
1299 1899
1299 1946
1299 1987
1299 2017
1299 2121
1299 2163
1299 2373
1299 2594
1299 2618
1299 2705
1299 2759
1299 2973
1299 3074
1299 3171
1299 3559
1299 3889
1299 4144
1299 4164
1299 4189
1299 4436
1299 4438
1300 1913
1300 2150
1300 2326
1300 2352
1300 2395
1300 2424
1300 2560
1300 2604
1300 2639
1300 2675
1300 2686
1300 2706
1300 2767
1300 2820
1300 3022
1300 3084
1300 3351
1300 3403
1300 3448
1300 3604
1300 3723
1300 3985
1300 3990
1300 4089
1300 4301
1300 4306
1300 4402
1300 4436
1300 4571
1301 1359
1301 1538
1301 2053
1301 2674
1301 2698
1301 2742
1301 2758
1301 3203
1301 3273
1301 3647
1301 3946
1301 4512
1301 4612
1301 4715
1301 4769
1301 4921
1301 4996
1302 1306
1302 1477
1302 1513
1302 1527
1302 1798
1302 1846
1302 2000
1302 2043
1302 2090
1302 2206
1302 2276
1302 2352
1302 2435
1302 2788
1302 2827
1302 2843
1302 2947
1302 3054
1302 3075
1302 3201
1302 3439
1302 3635
1302 3740
1302 3886
1302 4025
1302 4092
1302 4243
1303 1464
1303 1716
1303 1801
1303 1846
1303 1898
1303 2240
1303 2352
1303 2353
1303 2387
1303 2703
1303 2728
1303 3023
1303 3028
1303 3045
1303 3194
1303 3662
1303 4108
1303 4881
1303 4892
1304 1381
1304 1430
1304 1564
1304 1760
1304 2118
1304 2189
1304 2438
1304 2567
1304 2687
1304 3251
1304 3267
1304 3686
1304 3837
1304 3887
1304 4017
1304 4070
1304 4206
1304 4643
1304 4715
1304 4895
1305 1350
1305 1444
1305 1548
1305 1814
1305 1828
1305 1939
1305 2085
1305 2257
1305 2324
1305 2577
1305 3148
1305 3310
1305 3647
1305 3753
1305 3859
1305 3872
1305 4342
1305 4429
1305 4991
1306 1504
1306 1606
1306 1608
1306 1619
1306 1668
1306 1737
1306 1762
1306 2072
1306 2393
1306 2759
1306 2904
1306 2952
1306 3540
1306 3574
1306 3751
1306 3834
1306 3921
1306 4033
1306 4218
1306 4255
1306 4607
1306 4623
1306 4626
1306 4991
1307 1808
1307 2131
1307 2156
1307 2290
1307 2556
1307 3022
1307 3070
1307 3284
1307 3951
1307 4280
1307 4847
1307 4855
1308 1423
1308 1652
1308 2013
1308 2116
1308 2662
1308 2742
1308 2784
1308 2903
1308 2965
1308 3119
1308 3277
1308 3520
1308 4005
1308 4011
1308 4087
1308 4143
1308 4324
1308 4409
1308 4432
1308 4468
1308 4563
1308 4695
1308 4701
1308 4890
1308 4946
1309 1319
1309 1582
1309 1825
1309 1851
1309 1957
1309 2081
1309 2159
1309 2229
1309 2341
1309 2360
1309 2510
1309 2552
1309 2562
1309 2730
1309 2937
1309 3178
1309 3207
1309 3361
1309 3856
1309 3999
1309 4108
1309 4197
1309 4303
1309 4394
1309 4410
1309 4640
1309 4969
1309 4990
1310 1713
1310 1781
1310 2008
1310 2026
1310 2080
1310 2097
1310 2279
1310 2332
1310 2623
1310 2668
1310 2784
1310 2859
1310 3121
1310 3589
1310 3603
1310 4002
1310 4067
1310 4138
1310 4300
1310 4751
1310 4905
1311 1326
1311 1327
1311 1434
1311 1560
1311 1576
1311 1598
1311 1723
1311 1737
1311 1814
1311 2412
1311 2486
1311 2863
1311 3198
1311 3310
1311 3487
1311 3533
1311 4044
1311 4068
1311 4097
1311 4398
1311 4460
1311 4565
1311 4879
1312 1319
1312 1383
1312 1503
1312 1828
1312 1851
1312 3074
1312 3200
1312 3309
1312 3559
1312 4019
1312 4181
1312 4473
1312 4583
1313 1375
1313 1397
1313 1581
1313 2034
1313 2427
1313 2848
1313 3117
1313 3261
1313 3394
1313 3601
1313 3891
1313 4227
1313 4333
1313 4994
1314 1608
1314 1752
1314 1827
1314 1856
1314 1868
1314 1898
1314 2150
1314 2239
1314 2254
1314 2415
1314 2717
1314 2833
1314 3220
1314 3662
1314 3887
1314 4385
1314 4430
1314 4498
1314 4601
1315 1355
1315 1630
1315 1815
1315 1978
1315 2171
1315 2533
1315 2551
1315 2603
1315 2619
1315 2787
1315 2908
1315 2935
1315 3026
1315 3031
1315 3071
1315 3312
1315 3455
1315 3593
1315 3650
1315 4236
1315 4263
1315 4328
1315 4405
1315 4563
1315 4592
1315 4683
1315 4772
1316 1618
1316 1882
1316 1915
1316 1973
1316 2044
1316 2143
1316 2238
1316 2443
1316 2465
1316 2566
1316 2608
1316 2777
1316 2979
1316 3254
1316 3505
1316 3778
1316 3841
1316 4008
1316 4048
1316 4179
1316 4225
1316 4389
1316 4435
1316 4510
1316 4775
1316 4967
1316 4993
1317 1462
1317 2076
1317 2453
1317 2471
1317 2726
1317 3176
1317 4429
1317 4528
1317 4555
1317 4586
1317 4938
1318 1393
1318 1599
1318 1744
1318 1939
1318 2050
1318 2197
1318 2205
1318 2500
1318 2632
1318 2992
1318 3354
1318 3452
1318 3786
1318 3807
1318 3837
1318 4166
1318 4595
1319 1513
1319 1542
1319 1565
1319 1687
1319 1770
1319 1885
1319 2092
1319 2207
1319 2813
1319 3029
1319 3097
1319 3387
1319 3461
1319 3755
1319 3894
1319 4165
1319 4212
1319 4280
1319 4295
1319 4489
1319 4517
1319 4580
1319 4606
1319 4851
1319 4868
1319 4900
1320 1391
1320 1535
1320 1668
1320 1847
1320 1870
1320 2303
1320 2472
1320 3331
1320 3471
1320 4085
1320 4557
1320 4560
1320 4653
1320 4838
1320 4911
1321 1333
1321 1436
1321 1519
1321 1641
1321 1774
1321 1855
1321 1902
1321 2107
1321 2259
1321 2384
1321 2475
1321 2497
1321 2714
1321 2764
1321 2833
1321 2847
1321 2897
1321 3109
1321 3195
1321 3258
1321 3526
1321 3612
1321 3689
1321 3778
1321 3794
1321 4271
1321 4333
1321 4441
1321 4510
1321 4740
1321 4743
1321 4754
1322 1487
1322 1524
1322 1708
1322 1933
1322 1974
1322 2241
1322 2277
1322 2315
1322 2381
1322 2415
1322 2431
1322 2720
1322 2774
1322 2859
1322 3108
1322 3295
1322 3407
1322 3682
1322 3689
1322 3880
1322 3970
1322 4123
1322 4137
1322 4155
1322 4172
1322 4514
1322 4680
1323 1610
1323 1627
1323 1725
1323 1986
1323 2074
1323 2741
1323 2771
1323 2806
1323 2815
1323 2829
1323 2913
1323 2989
1323 3052
1323 3545
1323 3819
1323 3856
1323 3968
1323 3988
1323 4280
1323 4457
1323 4899
1323 4952
1324 1387
1324 1519
1324 1663
1324 1764
1324 1969
1324 2279
1324 2392
1324 2666
1324 2965
1324 3006
1324 3304
1324 3312
1324 3317
1324 4079
1324 4291
1324 4292
1324 4471
1324 4819
1325 1991
1325 2334
1325 2342
1325 2651
1325 2800
1325 3368
1325 3438
1325 3727
1325 3789
1325 4043
1325 4106
1325 4224
1325 4258
1325 4361
1325 4562
1325 4661
1325 4738
1326 1480
1326 1547
1326 1610
1326 1663
1326 1715
1326 1968
1326 2201
1326 2311
1326 2346
1326 2579
1326 2607
1326 2635
1326 2804
1326 3028
1326 3115
1326 3598
1326 3707
1326 3771
1326 4328
1326 4469
1326 4846
1327 1426
1327 1457
1327 1614
1327 1819
1327 2003
1327 2239
1327 2585
1327 2933
1327 2984
1327 3143
1327 3494
1327 3673
1327 3819
1327 3881
1327 3951
1327 3987
1327 4068
1327 4080
1327 4217
1327 4421
1327 4589
1327 4761
1327 4973
1327 4991
1328 1412
1328 1648
1328 1931
1328 2108
1328 2209
1328 2293
1328 2477
1328 2602
1328 2651
1328 2889
1328 3418
1328 3622
1328 3664
1328 3714
1328 3851
1328 4069
1328 4307
1328 4449
1328 4573
1328 4736
1328 4746
1328 4825
1328 4830
1328 4993
1329 2019
1329 2236
1329 2508
1329 2557
1329 2560
1329 2808
1329 2832
1329 3073
1329 3360
1329 3667
1329 3857
1329 3973
1329 4059
1329 4332
1329 4680
1329 4693
1329 4696
1330 1480
1330 1499
1330 1632
1330 1653
1330 1659
1330 1722
1330 1752
1330 1931
1330 1997
1330 2010
1330 2638
1330 3031
1330 3292
1330 3473
1330 3766
1330 4101
1330 4178
1330 4242
1330 4245
1330 4677
1330 4737
1330 4828
1331 1346
1331 1428
1331 1677
1331 1790
1331 1912
1331 2212
1331 2269
1331 2429
1331 2507
1331 2732
1331 2733
1331 3038
1331 3067
1331 3167
1331 3455
1331 3563
1331 3697
1331 3758
1331 3807
1331 3895
1331 3953
1331 3954
1331 4416
1331 4430
1331 4943
1332 1347
1332 1360
1332 1386
1332 1392
1332 1401
1332 1606
1332 1996
1332 2026
1332 2033
1332 2039
1332 2130
1332 2219
1332 2538
1332 2721
1332 2985
1332 3072
1332 3077
1332 3542
1332 3583
1332 3784
1332 4074
1332 4217
1332 4321
1332 4614
1332 4673
1332 4995
1333 1441
1333 1842
1333 1866
1333 2010
1333 2148
1333 2362
1333 2512
1333 2724
1333 2901
1333 3028
1333 3174
1333 3218
1333 3403
1333 3510
1333 3762
1333 3923
1333 3950
1333 4027
1333 4203
1333 4410
1333 4441
1333 4739
1333 4786
1333 4949
1334 1549
1334 1553
1334 1609
1334 1820
1334 2368
1334 2423
1334 2723
1334 2782
1334 2912
1334 3333
1334 3399
1334 3450
1334 3568
1334 3626
1334 3661
1334 3929
1334 4368
1334 4515
1334 4993
1335 1729
1335 1847
1335 1898
1335 1945
1335 1985
1335 2119
1335 2285
1335 2606
1335 2811
1335 2840
1335 2973
1335 3185
1335 3448
1335 3764
1335 3817
1335 4066
1335 4079
1335 4097
1335 4181
1335 4555
1335 4664
1335 4806
1335 4979
1336 1412
1336 1429
1336 1768
1336 1847
1336 1946
1336 2175
1336 2324
1336 2484
1336 2616
1336 2946
1336 3259
1336 3350
1336 3398
1336 3439
1336 3615
1336 4022
1336 4024
1336 4184
1336 4231
1336 4431
1336 4489
1336 4503
1336 4679
1336 4790
1336 4801
1336 4803
1336 4901
1337 1499
1337 1575
1337 2140
1337 2269
1337 2485
1337 2602
1337 2635
1337 2752
1337 3295
1337 3690
1337 3742
1337 3823
1337 3860
1337 3892
1337 4014
1337 4126
1337 4284
1337 4324
1337 4472
1337 4490
1337 4578
1337 4690
1337 4732
1337 4804
1337 4840
1337 4928
1338 1446
1338 1607
1338 2160
1338 2337
1338 2508
1338 2669
1338 2683
1338 2709
1338 2931
1338 3231
1338 3526
1338 3587
1338 3609
1338 3658
1338 3682
1338 3826
1338 3878
1338 4085
1338 4276
1338 4889
1339 1758
1339 2101
1339 2153
1339 2489
1339 2555
1339 3146
1339 3365
1339 3510
1339 4080
1339 4104
1339 4181
1339 4204
1339 4303
1340 1560
1340 1628
1340 1969
1340 1985
1340 1988
1340 2153
1340 2338
1340 2378
1340 2614
1340 2673
1340 2719
1340 2766
1340 2862
1340 3132
1340 3457
1340 3470
1340 3489
1340 3772
1340 4041
1340 4268
1340 4294
1340 4832
1341 1596
1341 1756
1341 1934
1341 2190
1341 2551
1341 2562
1341 2566
1341 3350
1341 3364
1341 4042
1341 4057
1341 4122
1341 4224
1341 4406
1341 4460
1341 4480
1341 4562
1341 4674
1342 1650
1342 1670
1342 1886
1342 2027
1342 2079
1342 2301
1342 2534
1342 2926
1342 2931
1342 3045
1342 3320
1342 3421
1342 3601
1342 3741
1342 3993
1342 4251
1342 4277
1342 4594
1342 4684
1342 4860
1342 4955
1343 1387
1343 1823
1343 2232
1343 2292
1343 2333
1343 2492
1343 2600
1343 2795
1343 2957
1343 2991
1343 3322
1343 3334
1343 3489
1343 3534
1343 3588
1343 3768
1343 3804
1343 3806
1343 3855
1343 3992
1343 4099
1343 4615
1343 4645
1343 4684
1343 4685
1343 4803
1344 1580
1344 1753
1344 1934
1344 2124
1344 2125
1344 2195
1344 2491
1344 2547
1344 2885
1344 2889
1344 2908
1344 3121
1344 3181
1344 3362
1344 3496
1344 3837
1344 4047
1344 4048
1344 4154
1344 4199
1344 4306
1344 4608
1344 4696
1344 4847
1345 1395
1345 1492
1345 1521
1345 1541
1345 1593
1345 1646
1345 1970
1345 2077
1345 2185
1345 2290
1345 2432
1345 2724
1345 2751
1345 2865
1345 2954
1345 3066
1345 3167
1345 3332
1345 3529
1345 3530
1345 3691
1345 3778
1345 4117
1345 4154
1345 4212
1345 4259
1345 4537
1345 4795
1345 4944
1346 1708
1346 1789
1346 1980
1346 2166
1346 2171
1346 2216
1346 2324
1346 2395
1346 2543
1346 2760
1346 3115
1346 3164
1346 3313
1346 3421
1346 3982
1346 4181
1346 4220
1346 4563
1346 4613
1346 4776
1346 4833
1347 1356
1347 1763
1347 1828
1347 1930
1347 2013
1347 2032
1347 2076
1347 2085
1347 2279
1347 2345
1347 2453
1347 2512
1347 2602
1347 2684
1347 2733
1347 3127
1347 3156
1347 3166
1347 3372
1347 3452
1347 3541
1347 3601
1347 3619
1347 3924
1347 4375
1347 4404
1347 4492
1347 4589
1347 4718
1347 4818
1347 4893
1347 4979
1348 1421
1348 1593
1348 1762
1348 1787
1348 1820
1348 2541
1348 3065
1348 3159
1348 3193
1348 3486
1348 3547
1348 3949
1348 4109
1348 4346
1348 4349
1348 4375
1348 4479
1348 4577
1348 4897
1348 4930
1348 4937
1348 4990
1349 1518
1349 1813
1349 2041
1349 2320
1349 2390
1349 2484
1349 2721
1349 3040
1349 3192
1349 3242
1349 3249
1349 3608
1349 3819
1349 4064
1349 4161
1349 4233
1349 4272
1349 4408
1349 4501
1349 4550
1349 4554
1350 1420
1350 1846
1350 1919
1350 2105
1350 2148
1350 2249
1350 2673
1350 2826
1350 2959
1350 2979
1350 3021
1350 3334
1350 3440
1350 3536
1350 3870
1350 4135
1350 4294
1350 4302
1350 4314
1350 4333
1350 4499
1351 1425
1351 1437
1351 1750
1351 1979
1351 2128
1351 2760
1351 2933
1351 3036
1351 3362
1351 3407
1351 3426
1351 3489
1351 3747
1351 4322
1351 4387
1351 4723
1351 4746
1351 4866
1351 4883
1352 1397
1352 1420
1352 1582
1352 1591
1352 1810
1352 2050
1352 2151
1352 2167
1352 2189
1352 2215
1352 2379
1352 2580
1352 2634
1352 2668
1352 2764
1352 2864
1352 2900
1352 2914
1352 3234
1352 3358
1352 3705
1352 3842
1352 3968
1352 4083
1352 4145
1352 4154
1352 4301
1352 4344
1353 1648
1353 1674
1353 1919
1353 2125
1353 2127
1353 2174
1353 2747
1353 2967
1353 3083
1353 3262
1353 3451
1353 4159
1353 4201
1353 4411
1353 4833
1353 4983
1354 1459
1354 1599
1354 1644
1354 1734
1354 1744
1354 1854
1354 2086
1354 2166
1354 2256
1354 2738
1354 2817
1354 2939
1354 3175
1354 3239
1354 3270
1354 3274
1354 3361
1354 3438
1354 3452
1354 3739
1354 3977
1354 4082
1354 4546
1354 4677
1354 4720
1354 4834
1354 4924
1354 4958
1354 4965
1355 1425
1355 1916
1355 1962
1355 2387
1355 2427
1355 2470
1355 3348
1355 3451
1355 3508
1355 3630
1355 3965
1355 4093
1355 4150
1355 4214
1355 4516
1355 4580
1355 4914
1355 4972
1356 1799
1356 2330
1356 2521
1356 2569
1356 2592
1356 2795
1356 2985
1356 3321
1356 3361
1356 3407
1356 3542
1356 3834
1356 3880
1356 4180
1356 4341
1356 4382
1356 4765
1357 1399
1357 1564
1357 1569
1357 1723
1357 1739
1357 1770
1357 2142
1357 2308
1357 2395
1357 2906
1357 3093
1357 3168
1357 3443
1357 3688
1357 3739
1357 4101
1357 4108
1357 4239
1357 4255
1357 4377
1357 4484
1357 4657
1357 4736
1357 4859
1358 1676
1358 1960
1358 2073
1358 2112
1358 2385
1358 2605
1358 2817
1358 2825
1358 2947
1358 3179
1358 3237
1358 3316
1358 3468
1358 3487
1358 3533
1358 3570
1358 3748
1358 4012
1358 4087
1358 4230
1358 4301
1358 4700
1358 4711
1358 4728
1358 4884
1359 1507
1359 1526
1359 1553
1359 1626
1359 1642
1359 1776
1359 1861
1359 2520
1359 2563
1359 2609
1359 2710
1359 2899
1359 3054
1359 3461
1359 3465
1359 3545
1359 3685
1359 3793
1359 3887
1359 3930
1359 4050
1359 4131
1359 4221
1359 4307
1359 4354
1359 4893
1359 4915
1360 1680
1360 1775
1360 1787
1360 1962
1360 2028
1360 2083
1360 2251
1360 2446
1360 2542
1360 2757
1360 2844
1360 3210
1360 3595
1360 3810
1360 3962
1360 4243
1360 4324
1360 4392
1360 4455
1361 1477
1361 1815
1361 1822
1361 1901
1361 2084
1361 2274
1361 2496
1361 2505
1361 2662
1361 2664
1361 3473
1361 3568
1361 3895
1361 4527
1361 4570
1361 4599
1361 4653
1361 4725
1361 4791
1361 4820
1361 4839
1361 4903
1361 4943
1362 1573
1362 1865
1362 2096
1362 2296
1362 2378
1362 2567
1362 2605
1362 2615
1362 2834
1362 3133
1362 3449
1362 3464
1362 3649
1362 3919
1362 3991
1362 4024
1362 4334
1362 4385
1362 4495
1362 4657
1363 1590
1363 1955
1363 2276
1363 2592
1363 3342
1363 3651
1363 3658
1363 3928
1363 4208
1363 4312
1363 4473
1363 4789
1363 4865
1364 1520
1364 1815
1364 1927
1364 2102
1364 2305
1364 2327
1364 2575
1364 2595
1364 2663
1364 2695
1364 2864
1364 3004
1364 3320
1364 3394
1364 3612
1364 4202
1364 4351
1364 4681
1364 4735
1365 1827
1365 1903
1365 1983
1365 2479
1365 2526
1365 3037
1365 3096
1365 3444
1365 3521
1365 3609
1365 3671
1365 3724
1365 3932
1365 4234
1365 4378
1365 4632
1365 4686
1365 4892
1365 4968
1366 1425
1366 1690
1366 1736
1366 1825
1366 1827
1366 2057
1366 2097
1366 2357
1366 2631
1366 2678
1366 3021
1366 3130
1366 3264
1366 3269
1366 3464
1366 3762
1366 3837
1366 3869
1366 4048
1366 4201
1366 4422
1366 4482
1366 4530
1366 4549
1366 4647
1366 4650
1366 4726
1366 4736
1366 4927
1367 1944
1367 2037
1367 2108
1367 2111
1367 2595
1367 2642
1367 2668
1367 2775
1367 2954
1367 2986
1367 3069
1367 3351
1367 3656
1367 3765
1367 3780
1367 3978
1367 4200
1367 4231
1367 4331
1367 4578
1367 4593
1367 4724
1367 4838
1368 1572
1368 1590
1368 1603
1368 1746
1368 1769
1368 1811
1368 1884
1368 2128
1368 2150
1368 2295
1368 2469
1368 2699
1368 2826
1368 2850
1368 3129
1368 3143
1368 3555
1368 3637
1368 3884
1368 4659
1368 4792
1369 1734
1369 1981
1369 2115
1369 2709
1369 3108
1369 3851
1369 3934
1369 4260
1369 4329
1369 4339
1369 4558
1369 4599
1369 4768
1370 1446
1370 1609
1370 1964
1370 2035
1370 2122
1370 2275
1370 2363
1370 2681
1370 2776
1370 2998
1370 3007
1370 3096
1370 3194
1370 3215
1370 3351
1370 3381
1370 3412
1370 3424
1370 3496
1370 3983
1370 4049
1370 4474
1370 4554
1370 4708
1370 4718
1370 4992
1371 2421
1371 2518
1371 2542
1371 2562
1371 3179
1371 3295
1371 3412
1371 3634
1371 3716
1371 3818
1371 3863
1371 3970
1371 4119
1371 4123
1371 4204
1371 4568
1371 4582
1371 4681
1371 4780
1371 4781
1371 4792
1371 4907
1372 1388
1372 1595
1372 1694
1372 1696
1372 1864
1372 1920
1372 2148
1372 2175
1372 2441
1372 2494
1372 2762
1372 2864
1372 2871
1372 2915
1372 2927
1372 2994
1372 3047
1372 3124
1372 3150
1372 3594
1372 3615
1372 3892
1372 3978
1372 4118
1372 4188
1372 4219
1372 4414
1372 4472
1372 4553
1372 4694
1372 4772
1373 1387
1373 1501
1373 1552
1373 1559
1373 1618
1373 1708
1373 2103
1373 2345
1373 2637
1373 2918
1373 2970
1373 3071
1373 3194
1373 3242
1373 3649
1373 3937
1373 4143
1373 4346
1373 4821
1373 4843
1374 1589
1374 1612
1374 2089
1374 2125
1374 2319
1374 2338
1374 2403
1374 2513
1374 2909
1374 2990
1374 3407
1374 3440
1374 3663
1374 4081
1374 4473
1374 4697
1375 1693
1375 2378
1375 2792
1375 2793
1375 2956
1375 3011
1375 3145
1375 3208
1375 3227
1375 3363
1375 3484
1375 3542
1375 3633
1375 3792
1375 4155
1375 4380
1375 4459
1375 4528
1375 4888
1376 1438
1376 1517
1376 1524
1376 1591
1376 1669
1376 1762
1376 1920
1376 1971
1376 2223
1376 2310
1376 2332
1376 2424
1376 2911
1376 2919
1376 3549
1376 3590
1376 3805
1376 4159
1376 4386
1376 4710
1376 4791
1376 4871
1377 1420
1377 1869
1377 1871
1377 1946
1377 2179
1377 2309
1377 3083
1377 3175
1377 3341
1377 3854
1377 3922
1377 3935
1377 4016
1377 4110
1377 4419
1377 4493
1377 4510
1377 4545
1378 1391
1378 1530
1378 1727
1378 1738
1378 2244
1378 2356
1378 2431
1378 2810
1378 2880
1378 2889
1378 2954
1378 3119
1378 3143
1378 3219
1378 3279
1378 3434
1378 3772
1378 3779
1378 4033
1378 4408
1378 4448
1378 4579
1378 4689
1378 4765
1378 4773
1379 1441
1379 1554
1379 1861
1379 2120
1379 2307
1379 2320
1379 2434
1379 2667
1379 2817
1379 2897
1379 2983
1379 3174
1379 3436
1379 3444
1379 3514
1379 3536
1379 3597
1379 3609
1379 3758
1379 3972
1379 4126
1379 4147
1379 4380
1379 4692
1379 4785
1380 1429
1380 1798
1380 1836
1380 1856
1380 1895
1380 1904
1380 2692
1380 3025
1380 3128
1380 3546
1380 3597
1380 3698
1380 3706
1380 3778
1380 4762
1380 4834
1380 4887
1380 4952
1381 1397
1381 1404
1381 1461
1381 1655
1381 1735
1381 1822
1381 1940
1381 1982
1381 2620
1381 2714
1381 3160
1381 3363
1381 3387
1381 3488
1381 3501
1381 3680
1381 3805
1381 3929
1381 3968
1381 4137
1381 4276
1381 4361
1381 4488
1381 4573
1381 4754
1381 4768
1381 4955
1382 1392
1382 1488
1382 1791
1382 2056
1382 2117
1382 2156
1382 2240
1382 2600
1382 2654
1382 2995
1382 3186
1382 3343
1382 3433
1382 3501
1382 3548
1382 3584
1382 3622
1382 3699
1382 4452
1382 4572
1382 4718
1383 1440
1383 1604
1383 1755
1383 2199
1383 2781
1383 2832
1383 3067
1383 3097
1383 3279
1383 3363
1383 3424
1383 3553
1383 3613
1383 3671
1383 4065
1383 4358
1383 4425
1383 4464
1383 4967
1384 1408
1384 1780
1384 1878
1384 1947
1384 2001
1384 2191
1384 2380
1384 2592
1384 2719
1384 2875
1384 2940
1384 3025
1384 3110
1384 3318
1384 3534
1384 3751
1384 3888
1384 4158
1384 4176
1384 4181
1384 4258
1384 4458
1384 4719
1385 1863
1385 1935
1385 2466
1385 2714
1385 2749
1385 2866
1385 3116
1385 3237
1385 3345
1385 3384
1385 3496
1385 3506
1385 3656
1385 3802
1385 3807
1385 4107
1385 4398
1385 4803
1385 4902
1386 1424
1386 1561
1386 1614
1386 1796
1386 2094
1386 2373
1386 2456
1386 2850
1386 3597
1386 4235
1386 4359
1386 4518
1386 4776
1387 1627
1387 1688
1387 1810
1387 2020
1387 2126
1387 2303
1387 2413
1387 2514
1387 2587
1387 3217
1387 3290
1387 3408
1387 3834
1387 4048
1387 4330
1387 4637
1387 4858
1387 4866
1388 1514
1388 1715
1388 1809
1388 1915
1388 1997
1388 2131
1388 2381
1388 2665
1388 2684
1388 2711
1388 3200
1388 3392
1388 3710
1388 3760
1388 3784
1388 4145
1388 4187
1388 4195
1388 4307
1388 4480
1388 4567
1388 4583
1388 4732
1388 4759
1388 4836
1389 1477
1389 1644
1389 1672
1389 1844
1389 1875
1389 1877
1389 2028
1389 2067
1389 2163
1389 2320
1389 2858
1389 3237
1389 3540
1389 4642
1389 4776
1389 4850
1389 4936
1390 1505
1390 1532
1390 1567
1390 1603
1390 1679
1390 1744
1390 2031
1390 2198
1390 2234
1390 2477
1390 2521
1390 2940
1390 3177
1390 3539
1390 3737
1390 4080
1390 4436
1390 4640
1390 4714
1391 1990
1391 2049
1391 2176
1391 2243
1391 2296
1391 2328
1391 2591
1391 2860
1391 3039
1391 3745
1391 3855
1391 4062
1391 4082
1391 4164
1391 4321
1391 4434
1391 4609
1391 4708
1391 4805
1391 4821
1391 4839
1392 1482
1392 1512
1392 1633
1392 1682
1392 1958
1392 2489
1392 2693
1392 2736
1392 2989
1392 3166
1392 3260
1392 3475
1392 3526
1392 3609
1392 3642
1392 3723
1392 3748
1392 3792
1392 3866
1392 3928
1392 3931
1392 4305
1392 4432
1392 4558
1392 4831
1392 4980
1392 4990
1393 1791
1393 1799
1393 1993
1393 2247
1393 2266
1393 2290
1393 2319
1393 2495
1393 2724
1393 3016
1393 3043
1393 3055
1393 3069
1393 3159
1393 3197
1393 3253
1393 3508
1393 3811
1393 4141
1393 4195
1393 4219
1393 4323
1393 4342
1393 4663
1393 4703
1393 4807
1393 4980
1393 4992
1394 1404
1394 1525
1394 1657
1394 1772
1394 2066
1394 2220
1394 2374
1394 2381
1394 2383
1394 2425
1394 2813
1394 2889
1394 2894
1394 2981
1394 3052
1394 3308
1394 3319
1394 3806
1394 3849
1394 4439
1394 4749
1394 4781
1394 4901
1395 1469
1395 1574
1395 1610
1395 1632
1395 1844
1395 2160
1395 2206
1395 2216
1395 2375
1395 2433
1395 2669
1395 2955
1395 3053
1395 3382
1395 3861
1395 4129
1395 4151
1395 4158
1395 4303
1395 4793
1395 4920
1396 1496
1396 1508
1396 1790
1396 1801
1396 2160
1396 2234
1396 2262
1396 2300
1396 2904
1396 3001
1396 3002
1396 3167
1396 3325
1396 3378
1396 3558
1396 3609
1396 3662
1396 3796
1396 4070
1396 4115
1396 4266
1396 4319
1396 4448
1397 1463
1397 1625
1397 1691
1397 2090
1397 2541
1397 2663
1397 3228
1397 3242
1397 3268
1397 3374
1397 3527
1397 3680
1397 3739
1397 4214
1397 4333
1397 4375
1397 4611
1397 4928
1398 1800
1398 1915
1398 2085
1398 2128
1398 2132
1398 2378
1398 2823
1398 2881
1398 3007
1398 3162
1398 3209
1398 3225
1398 3332
1398 3596
1398 3814
1398 3817
1398 3993
1398 4047
1398 4350
1398 4546
1398 4652
1398 4973
1399 1630
1399 1802
1399 1850
1399 1854
1399 2006
1399 2293
1399 2434
1399 2617
1399 2704
1399 2764
1399 2801
1399 3494
1399 3636
1399 3729
1399 3862
1399 3875
1399 4009
1399 4297
1399 4316
1399 4412
1399 4423
1399 4498
1399 4534
1399 4567
1400 1460
1400 1556
1400 1578
1400 1623
1400 1732
1400 1767
1400 1869
1400 1992
1400 2341
1400 2627
1400 2889
1400 2892
1400 3005
1400 3268
1400 3273
1400 3438
1400 3540
1400 3723
1400 3968
1400 4241
1400 4269
1400 4510
1400 4582
1400 4734
1400 4905
1400 4989
1401 1498
1401 1961
1401 2077
1401 2131
1401 2149
1401 2166
1401 2172
1401 2228
1401 2454
1401 2510
1401 2675
1401 2831
1401 2977
1401 3215
1401 3277
1401 3433
1401 3597
1401 3811
1401 3857
1401 4202
1401 4204
1401 4423
1401 4547
1401 4620
1401 4744
1401 4882
1402 1528
1402 1611
1402 1763
1402 1786
1402 1926
1402 2064
1402 2155
1402 2182
1402 2412
1402 2541
1402 2698
1402 2879
1402 3063
1402 3227
1402 3380
1402 3547
1402 3688
1402 3689
1402 4013
1402 4345
1402 4368
1402 4442
1402 4683
1402 4754
1402 4811
1403 1609
1403 2699
1403 2778
1403 2873
1403 3049
1403 3245
1403 3271
1403 3750
1403 3791
1403 3927
1403 4032
1403 4063
1403 4328
1404 1466
1404 1670
1404 1733
1404 1763
1404 1806
1404 2212
1404 2240
1404 2620
1404 2688
1404 3193
1404 3204
1404 3542
1404 3586
1404 3827
1404 3845
1404 4398
1404 4453
1404 4470
1404 4690
1404 4874
1405 1692
1405 1809
1405 2264
1405 2332
1405 2464
1405 2681
1405 2864
1405 2958
1405 2969
1405 3675
1405 3740
1405 3980
1405 4011
1405 4384
1405 4586
1405 4672
1405 4836
1406 1515
1406 1516
1406 1625
1406 1761
1406 3035
1406 3105
1406 3223
1406 3224
1406 3259
1406 3344
1406 3426
1406 3514
1406 3636
1406 3683
1406 3817
1406 4291
1406 4531
1406 4774
1406 4851
1407 1677
1407 1982
1407 2069
1407 2081
1407 2097
1407 3076
1407 3165
1407 3438
1407 3565
1407 3569
1407 3647
1407 3867
1407 3952
1407 3968
1407 4052
1407 4093
1407 4278
1407 4313
1407 4321
1407 4416
1407 4513
1407 4771
1407 4938
1407 4978
1408 1417
1408 1465
1408 1557
1408 1788
1408 1944
1408 1972
1408 2000
1408 2001
1408 2236
1408 2283
1408 2398
1408 2448
1408 2636
1408 2758
1408 2888
1408 2921
1408 3395
1408 3452
1408 3474
1408 4090
1408 4262
1408 4603
1408 4912
1409 1420
1409 1652
1409 1737
1409 2179
1409 2497
1409 2761
1409 2833
1409 3046
1409 3520
1409 4531
1409 4669
1409 4951
1410 1663
1410 2187
1410 2196
1410 2326
1410 2457
1410 2646
1410 2902
1410 2992
1410 3013
1410 3016
1410 3559
1410 3698
1410 3814
1410 3817
1410 3818
1410 3819
1410 3879
1410 4096
1410 4399
1410 4472
1410 4568
1410 4689
1410 4849
1410 4924
1410 4940
1411 1428
1411 1456
1411 1767
1411 1861
1411 1947
1411 2144
1411 2214
1411 2295
1411 2358
1411 2599
1411 2646
1411 2739
1411 2770
1411 2775
1411 2874
1411 3031
1411 3094
1411 3425
1411 3435
1411 3612
1411 4100
1411 4109
1411 4204
1411 4222
1411 4976
1412 1716
1412 1745
1412 1823
1412 1870
1412 1909
1412 2351
1412 2447
1412 2525
1412 2680
1412 2894
1412 3016
1412 3649
1412 3699
1412 3971
1412 3991
1412 4223
1412 4665
1412 4747
1412 4754
1413 1450
1413 1664
1413 1711
1413 2126
1413 2326
1413 2684
1413 2956
1413 2990
1413 3145
1413 3239
1413 3877
1413 4049
1413 4495
1413 4519
1413 4735
1413 4897
1413 4906
1413 4925
1413 4989
1414 1505
1414 1675
1414 1696
1414 1704
1414 1974
1414 1981
1414 2208
1414 2232
1414 2257
1414 2275
1414 2340
1414 2346
1414 2802
1414 2967
1414 3326
1414 3433
1414 3592
1414 3601
1414 3832
1414 4579
1414 4662
1414 4914
1415 1442
1415 1631
1415 1809
1415 1933
1415 2035
1415 2131
1415 2363
1415 2972
1415 3397
1415 3522
1415 3603
1415 3879
1415 3884
1415 4027
1415 4151
1415 4485
1415 4547
1415 4557
1415 4789
1415 4808
1416 1482
1416 1489
1416 1802
1416 2097
1416 2177
1416 2279
1416 2530
1416 2789
1416 2826
1416 2829
1416 2895
1416 3112
1416 3361
1416 3410
1416 3496
1416 3877
1416 4296
1416 4301
1416 4490
1416 4630
1416 4688
1416 4738
1416 4752
1416 4780
1416 4947
1416 4963
1417 1423
1417 1436
1417 1483
1417 1933
1417 2076
1417 2366
1417 2497
1417 2499
1417 2566
1417 2676
1417 2793
1417 2863
1417 3810
1417 3858
1417 4189
1417 4380
1417 4497
1417 4564
1417 4823
1417 4885
1418 1492
1418 1691
1418 2004
1418 2092
1418 2284
1418 2413
1418 2587
1418 2673
1418 2899
1418 3465
1418 3644
1418 4098
1418 4202
1418 4415
1418 4451
1418 4715
1418 4930
1419 1621
1419 1659
1419 1875
1419 1945
1419 2114
1419 2160
1419 2349
1419 2354
1419 2425
1419 2657
1419 2842
1419 2884
1419 3240
1419 3562
1419 4454
1419 4493
1419 4566
1419 4869
1419 4881
1419 4958
1420 1432
1420 1726
1420 1856
1420 2641
1420 2697
1420 2728
1420 2746
1420 2762
1420 2814
1420 2915
1420 2975
1420 3059
1420 3253
1420 3561
1420 3891
1420 4233
1420 4308
1420 4409
1420 4506
1420 4563
1420 4660
1420 4748
1420 4985
1421 1484
1421 1679
1421 1807
1421 1914
1421 2209
1421 2259
1421 2709
1421 2720
1421 2791
1421 3063
1421 3204
1421 3265
1421 3531
1421 3959
1421 4082
1421 4300
1421 4458
1421 4549
1421 4755
1421 4853
1421 4874
1422 1689
1422 1762
1422 1802
1422 1955
1422 1988
1422 1999
1422 2187
1422 2202
1422 2613
1422 2786
1422 2909
1422 2954
1422 3070
1422 3087
1422 3098
1422 3179
1422 3219
1422 3381
1422 3426
1422 3693
1422 3960
1422 4254
1422 4329
1422 4390
1422 4522
1422 4935
1423 1433
1423 1529
1423 1787
1423 1794
1423 1806
1423 1993
1423 2033
1423 2056
1423 2061
1423 2082
1423 2238
1423 2240
1423 2303
1423 2306
1423 2335
1423 2503
1423 2514
1423 2724
1423 2789
1423 2818
1423 3053
1423 3286
1423 3426
1423 3509
1423 3703
1423 3764
1423 4149
1423 4156
1423 4161
1423 4225
1423 4642
1423 4741
1423 4900
1424 1427
1424 1542
1424 1944
1424 2085
1424 2195
1424 2746
1424 2783
1424 2800
1424 2999
1424 3052
1424 3073
1424 3197
1424 3421
1424 3788
1424 4089
1424 4162
1424 4376
1424 4449
1424 4906
1424 4936
1424 4940
1425 1427
1425 1633
1425 1922
1425 2184
1425 2590
1425 2861
1425 2933
1425 2940
1425 3014
1425 3058
1425 3140
1425 3258
1425 3261
1425 3445
1425 3609
1425 3694
1425 3752
1425 3774
1425 3781
1425 3828
1425 3832
1425 3836
1425 3894
1425 4047
1425 4125
1425 4407
1425 4564
1425 4693
1425 4835
1425 4938
1426 1439
1426 1486
1426 1614
1426 1631
1426 2271
1426 2305
1426 2437
1426 2794
1426 2811
1426 3011
1426 3071
1426 3362
1426 3407
1426 3591
1426 3666
1426 3985
1426 4301
1426 4442
1426 4616
1426 4634
1426 4930
1426 4935
1426 4992
1427 1655
1427 1688
1427 1911
1427 1931
1427 2241
1427 2363
1427 2458
1427 2649
1427 3135
1427 3189
1427 3974
1427 4067
1427 4081
1427 4089
1427 4152
1427 4366
1427 4792
1427 4900
1428 1521
1428 1602
1428 2060
1428 2410
1428 2805
1428 2850
1428 2943
1428 3221
1428 3380
1428 3429
1428 3544
1428 3610
1428 3901
1428 4079
1428 4082
1428 4172
1428 4263
1428 4501
1428 4512
1428 4644
1428 4838
1428 4871
1428 4886
1428 4913
1428 4933
1429 1725
1429 1741
1429 2218
1429 2573
1429 2652
1429 3136
1429 3319
1429 3711
1429 3879
1429 4126
1429 4234
1429 4601
1429 4754
1430 1650
1430 1660
1430 2062
1430 2084
1430 2158
1430 2416
1430 2629
1430 2681
1430 2735
1430 2903
1430 2953
1430 2973
1430 3130
1430 3136
1430 3314
1430 3352
1430 3778
1430 3985
1430 3990
1430 4625
1430 4718
1430 4778
1430 4988
1431 1537
1431 1794
1431 2023
1431 2067
1431 2284
1431 2291
1431 2424
1431 3224
1431 3275
1431 3481
1431 3555
1431 3650
1431 3781
1431 3847
1431 3875
1431 4174
1431 4726
1431 4759
1431 4797
1431 4848
1431 4950
1432 1576
1432 1630
1432 1936
1432 2665
1432 2733
1432 2777
1432 2784
1432 2872
1432 2963
1432 3000
1432 3116
1432 3435
1432 3478
1432 3566
1432 3580
1432 4361
1432 4787
1433 1457
1433 1483
1433 1673
1433 1760
1433 1878
1433 2505
1433 2945
1433 3355
1433 3437
1433 3641
1433 3960
1433 4079
1433 4101
1433 4233
1433 4423
1433 4818
1434 1446
1434 1648
1434 1915
1434 2579
1434 3049
1434 3104
1434 3245
1434 3311
1434 3375
1434 3604
1434 4025
1434 4039
1434 4101
1434 4954
1435 1459
1435 1572
1435 1592
1435 1868
1435 2054
1435 2594
1435 2766
1435 2796
1435 3088
1435 3128
1435 3168
1435 3384
1435 3459
1435 3527
1435 3647
1435 3755
1435 4387
1435 4414
1435 4551
1435 4555
1435 4699
1435 4727
1435 4932
1436 1754
1436 1821
1436 2114
1436 2179
1436 2295
1436 2315
1436 2647
1436 2761
1436 2807
1436 3088
1436 3168
1436 3329
1436 3438
1436 3484
1436 3504
1436 3647
1436 4027
1436 4144
1436 4228
1436 4430
1436 4901
1436 4957
1437 1756
1437 1859
1437 1964
1437 2568
1437 2595
1437 2773
1437 3531
1437 3776
1437 3796
1437 3816
1437 3894
1437 4010
1437 4157
1437 4434
1437 4612
1437 4641
1437 4676
1437 4685
1437 4854
1437 4922
1437 4961
1437 4966
1438 1477
1438 1494
1438 1496
1438 1558
1438 1792
1438 2213
1438 2258
1438 2277
1438 2284
1438 2311
1438 2865
1438 2995
1438 3179
1438 3505
1438 3581
1438 3632
1438 3639
1438 3784
1438 3861
1438 3946
1438 4039
1438 4378
1438 4888
1439 1629
1439 1978
1439 2010
1439 2095
1439 2410
1439 2481
1439 2627
1439 2744
1439 2785
1439 2791
1439 2914
1439 3074
1439 3091
1439 3144
1439 3161
1439 3218
1439 3422
1439 3487
1439 3791
1439 4156
1439 4281
1439 4321
1439 4571
1439 4755
1440 1494
1440 1805
1440 2188
1440 2418
1440 2482
1440 2603
1440 2608
1440 2641
1440 2673
1440 2899
1440 3755
1440 3786
1440 4185
1440 4309
1440 4440
1440 4531
1440 4855
1440 4908
1440 4924
1441 1567
1441 2295
1441 2448
1441 2560
1441 2647
1441 2650
1441 2881
1441 2898
1441 2984
1441 3501
1441 3998
1441 4130
1441 4158
1442 1622
1442 1812
1442 1923
1442 2117
1442 2461
1442 2530
1442 2582
1442 2725
1442 3047
1442 3166
1442 3695
1442 3773
1442 3777
1442 3914
1442 4005
1442 4654
1442 4791
1443 1503
1443 1639
1443 1642
1443 1682
1443 1849
1443 2109
1443 2178
1443 2371
1443 2631
1443 2668
1443 2707
1443 2819
1443 3067
1443 3072
1443 3307
1443 3743
1443 3751
1443 3767
1443 3777
1443 3985
1443 4062
1443 4229
1443 4336
1443 4352
1443 4364
1443 4513
1443 4683
1444 1479
1444 1811
1444 1987
1444 2036
1444 2750
1444 2783
1444 3610
1444 3741
1444 4130
1444 4341
1444 4370
1444 4714
1444 4759
1444 4961
1445 1483
1445 1512
1445 2016
1445 2138
1445 2154
1445 2320
1445 2482
1445 2585
1445 2636
1445 2699
1445 2773
1445 2785
1445 2997
1445 3393
1445 3530
1445 3565
1445 3953
1445 4028
1445 4133
1445 4254
1445 4446
1445 4687
1445 4753
1445 4802
1445 4857
1446 2354
1446 2374
1446 2397
1446 2408
1446 2522
1446 2638
1446 3022
1446 3246
1446 3280
1446 3464
1446 3780
1446 3957
1446 4344
1446 4352
1446 4557
1446 4757
1446 4912
1447 1494
1447 1525
1447 1544
1447 1556
1447 1922
1447 1961
1447 1996
1447 2559
1447 3006
1447 3071
1447 3122
1447 3885
1447 3939
1447 3949
1447 3970
1447 3993
1447 4197
1447 4489
1447 4545
1447 4582
1447 4695
1447 4765
1447 4886
1447 4939
1447 4943
1447 4948
1447 4952
1448 1547
1448 1798
1448 1807
1448 2080
1448 2274
1448 2401
1448 2440
1448 2492
1448 2554
1448 2654
1448 2678
1448 2738
1448 3108
1448 3146
1448 3271
1448 3372
1448 3558
1448 3942
1448 4574
1448 4710
1448 4897
1449 2181
1449 2331
1449 2668
1449 2726
1449 2792
1449 3072
1449 3079
1449 3320
1449 3529
1449 3649
1449 3712
1449 3968
1449 3976
1449 4147
1449 4256
1449 4563
1449 4585
1449 4760
1450 2051
1450 2623
1450 2706
1450 2870
1450 3109
1450 3565
1450 3667
1450 3767
1450 4006
1450 4042
1450 4149
1450 4804
1450 4817
1450 4950
1450 4998
1451 1459
1451 1513
1451 1571
1451 1578
1451 1702
1451 1817
1451 1824
1451 1839
1451 2328
1451 2370
1451 2407
1451 2897
1451 2977
1451 3341
1451 3818
1451 3978
1451 4049
1451 4073
1451 4471
1451 4641
1451 4751
1451 4850
1452 1630
1452 1709
1452 1797
1452 1992
1452 2038
1452 2262
1452 2319
1452 2324
1452 2456
1452 2459
1452 3122
1452 3431
1452 3493
1452 3539
1452 3640
1452 3683
1452 3692
1452 3712
1452 3772
1452 4176
1452 4238
1452 4443
1452 4521
1452 4719
1452 4853
1453 1454
1453 1586
1453 1753
1453 1870
1453 1889
1453 1890
1453 1904
1453 2399
1453 2453
1453 2457
1453 2725
1453 2973
1453 2983
1453 3071
1453 3356
1453 3420
1453 3436
1453 3473
1453 3758
1453 3908
1453 4117
1453 4155
1453 4305
1453 4380
1453 4500
1453 4510
1453 4630
1453 4701
1453 4732
1453 4966
1454 1576
1454 1709
1454 1812
1454 1841
1454 1851
1454 2126
1454 2379
1454 2453
1454 2697
1454 2704
1454 2995
1454 3014
1454 3353
1454 3385
1454 3479
1454 3570
1454 4081
1454 4695
1454 4979
1455 1710
1455 1762
1455 1842
1455 1989
1455 2049
1455 2215
1455 2372
1455 2533
1455 2794
1455 2906
1455 2962
1455 3114
1455 3156
1455 3263
1455 3426
1455 3434
1455 3453
1455 3614
1455 3823
1455 3990
1455 4027
1455 4123
1455 4138
1455 4169
1455 4310
1455 4571
1455 4641
1455 4645
1456 1527
1456 1549
1456 1599
1456 1685
1456 1728
1456 1806
1456 2000
1456 2008
1456 2163
1456 2214
1456 2438
1456 2553
1456 2618
1456 2772
1456 2815
1456 2850
1456 3017
1456 3053
1456 3342
1456 3469
1456 3653
1456 3830
1456 4183
1456 4366
1456 4807
1456 4955
1457 1558
1457 2139
1457 2156
1457 2443
1457 2589
1457 3041
1457 3344
1457 3428
1457 3495
1457 3675
1457 4116
1457 4354
1457 4659
1457 4706
1457 4792
1458 1480
1458 1552
1458 1641
1458 1770
1458 2116
1458 2230
1458 2267
1458 2537
1458 2964
1458 3463
1458 3500
1458 3596
1458 4070
1458 4128
1458 4479
1458 4598
1458 4623
1459 1490
1459 1725
1459 1966
1459 2048
1459 2056
1459 2126
1459 2145
1459 2432
1459 2501
1459 2862
1459 3071
1459 3329
1459 3530
1459 3884
1459 3942
1459 3998
1459 4863
1460 1474
1460 1809
1460 1844
1460 2326
1460 2366
1460 2595
1460 2608
1460 2736
1460 2780
1460 2796
1460 3296
1460 3353
1460 3620
1460 3824
1460 3873
1460 4095
1460 4208
1460 4381
1460 4447
1460 4483
1460 4503
1460 4596
1460 4654
1460 4853
1460 4942
1461 2297
1461 2664
1461 2701
1461 2906
1461 3187
1461 3313
1461 3337
1461 3544
1461 3549
1461 3590
1461 4025
1461 4120
1461 4431
1461 4529
1461 4711
1461 4838
1461 4848
1462 1726
1462 1997
1462 2457
1462 2463
1462 2520
1462 2617
1462 3065
1462 3273
1462 3485
1462 3545
1462 3627
1462 4044
1462 4200
1462 4325
1462 4350
1462 4445
1462 4473
1462 4739
1462 4772
1462 4813
1462 4898
1462 4915
1463 1477
1463 1584
1463 2091
1463 2101
1463 2261
1463 2630
1463 2883
1463 3105
1463 3304
1463 3400
1463 3744
1463 4174
1463 4177
1463 4333
1463 4604
1463 4676
1463 4727
1463 4808
1464 2325
1464 3096
1464 3272
1464 3281
1464 3378
1464 3465
1464 4177
1464 4376
1464 4700
1464 4753
1464 4844
1465 1651
1465 1658
1465 1747
1465 1751
1465 2454
1465 2492
1465 2496
1465 2613
1465 2774
1465 3201
1465 3238
1465 3287
1465 3688
1465 3728
1465 3939
1465 4103
1465 4331
1465 4584
1465 4769
1465 4843
1466 1470
1466 1556
1466 1631
1466 1671
1466 1676
1466 1882
1466 1960
1466 2083
1466 2338
1466 2540
1466 2599
1466 2603
1466 2631
1466 2976
1466 3195
1466 3438
1466 3457
1466 4347
1466 4455
1466 4843
1466 4852
1466 4951
1467 1766
1467 2125
1467 2251
1467 2509
1467 2542
1467 2600
1467 2659
1467 2729
1467 2748
1467 2976
1467 3250
1467 3395
1467 3493
1467 3843
1467 4099
1467 4212
1467 4364
1467 4841
1468 1532
1468 1546
1468 1634
1468 1877
1468 1907
1468 2339
1468 2694
1468 2812
1468 2828
1468 2970
1468 3292
1468 3371
1468 3407
1468 3484
1468 3596
1468 3695
1468 3742
1468 4292
1468 4440
1468 4611
1468 4707
1468 4843
1469 1574
1469 1604
1469 1947
1469 2319
1469 2444
1469 2453
1469 2503
1469 2717
1469 2869
1469 2980
1469 3277
1469 3350
1469 3582
1469 3590
1469 3671
1469 3814
1469 3880
1469 4032
1469 4039
1469 4041
1469 4293
1469 4401
1469 4466
1469 4810
1470 1636
1470 1791
1470 1793
1470 1840
1470 1947
1470 2204
1470 2404
1470 2413
1470 2905
1470 2977
1470 3189
1470 3262
1470 3491
1470 3570
1470 4583
1470 4960
1471 1669
1471 1709
1471 1784
1471 2146
1471 2242
1471 2263
1471 2422
1471 2753
1471 2798
1471 2968
1471 3163
1471 3209
1471 3285
1471 3381
1471 3564
1471 3830
1471 4013
1471 4379
1471 4817
1471 4820
1471 4928
1471 4940
1472 1473
1472 1490
1472 1540
1472 1573
1472 1906
1472 2052
1472 2063
1472 2212
1472 2249
1472 2733
1472 2981
1472 3266
1472 3299
1472 3475
1472 3610
1472 3834
1472 3903
1472 3964
1472 3980
1472 4324
1472 4484
1472 4733
1472 4903
1473 2014
1473 2118
1473 2601
1473 2842
1473 2870
1473 3043
1473 3311
1473 3495
1473 3656
1473 3776
1473 3789
1473 4108
1473 4267
1473 4327
1473 4364
1473 4571
1474 1525
1474 1552
1474 1608
1474 1666
1474 1877
1474 1885
1474 2027
1474 2385
1474 2395
1474 2691
1474 2735
1474 2765
1474 2789
1474 2790
1474 2968
1474 3214
1474 3288
1474 3292
1474 3349
1474 3630
1474 3720
1474 3799
1474 3813
1474 3981
1474 4043
1474 4344
1474 4350
1474 4429
1474 4582
1474 4770
1474 4908
1474 4960
1475 1827
1475 2053
1475 2085
1475 2111
1475 2179
1475 2387
1475 2630
1475 2765
1475 2780
1475 3008
1475 3680
1475 3882
1475 3999
1475 4017
1475 4283
1475 4718
1476 1752
1476 1883
1476 2263
1476 2400
1476 2732
1476 2813
1476 3013
1476 3117
1476 3220
1476 3240
1476 3350
1476 3370
1476 3384
1476 3690
1476 3786
1476 3796
1476 3996
1476 4120
1476 4661
1476 4672
1476 4771
1476 4820
1476 4824
1476 4912
1476 4993
1477 1591
1477 1873
1477 2006
1477 2419
1477 2610
1477 2705
1477 2750
1477 2760
1477 3010
1477 3422
1477 3853
1477 3888
1477 4077
1477 4452
1477 4475
1477 4680
1477 4727
1477 4817
1477 4931
1477 4944
1478 1490
1478 1528
1478 2041
1478 2100
1478 2291
1478 2344
1478 2623
1478 2763
1478 2845
1478 3351
1478 3403
1478 3420
1478 3477
1478 3570
1478 3587
1478 3699
1478 4060
1478 4111
1478 4418
1478 4498
1478 4547
1478 4661
1478 4852
1479 2034
1479 2053
1479 2146
1479 2302
1479 2404
1479 2565
1479 2743
1479 2979
1479 3096
1479 3424
1479 3425
1479 3978
1479 4014
1479 4597
1479 4738
1479 4841
1480 1522
1480 1559
1480 1685
1480 2012
1480 2034
1480 2181
1480 2411
1480 2429
1480 2585
1480 2658
1480 3080
1480 3127
1480 3303
1480 3377
1480 3576
1480 3798
1480 3830
1480 3890
1480 4444
1480 4549
1480 4560
1480 4627
1480 4657
1480 4858
1481 1525
1481 1533
1481 1676
1481 1704
1481 2183
1481 2473
1481 2482
1481 2564
1481 2649
1481 2952
1481 3160
1481 3301
1481 3383
1481 3392
1481 3527
1481 3620
1481 3651
1481 4342
1481 4352
1481 4414
1481 4471
1481 4508
1481 4614
1481 4616
1481 4870
1482 1535
1482 1781
1482 1869
1482 1980
1482 2366
1482 2456
1482 2709
1482 3101
1482 3142
1482 3370
1482 3425
1482 3489
1482 3554
1482 3564
1482 3586
1482 3798
1482 4185
1482 4208
1482 4358
1482 4360
1482 4395
1482 4534
1482 4544
1482 4556
1482 4584
1482 4752
1483 1563
1483 1687
1483 1733
1483 1911
1483 2084
1483 2267
1483 2420
1483 2648
1483 2680
1483 2699
1483 3309
1483 3921
1483 3946
1483 4405
1483 4522
1483 4981
1483 4991
1484 1534
1484 1593
1484 1701
1484 1714
1484 2010
1484 2569
1484 2865
1484 3041
1484 3328
1484 3475
1484 3482
1484 4006
1484 4443
1484 4484
1484 4625
1485 1772
1485 1805
1485 1859
1485 1876
1485 1936
1485 2012
1485 2124
1485 2278
1485 2853
1485 2891
1485 2928
1485 3071
1485 3310
1485 3405
1485 3639
1485 3667
1485 3741
1485 4375
1485 4378
1485 4396
1485 4507
1485 4770
1485 4840
1485 4882
1486 1620
1486 1700
1486 1790
1486 2196
1486 2322
1486 2338
1486 2355
1486 2437
1486 2666
1486 2858
1486 3117
1486 3123
1486 3704
1486 3714
1486 3776
1486 3996
1486 4004
1486 4238
1486 4598
1486 4854
1486 4956
1487 1889
1487 1997
1487 2536
1487 2622
1487 2674
1487 2932
1487 3463
1487 3514
1487 3546
1487 3707
1487 3935
1487 4323
1487 4368
1487 4382
1487 4516
1488 2060
1488 2136
1488 2201
1488 2313
1488 2563
1488 2751
1488 2812
1488 3024
1488 3373
1488 3893
1488 4118
1488 4497
1488 4522
1488 4822
1489 1703
1489 1780
1489 1813
1489 1847
1489 1904
1489 1916
1489 2111
1489 2185
1489 2311
1489 2615
1489 2622
1489 2629
1489 2686
1489 2818
1489 3415
1489 3492
1489 3510
1489 3541
1489 3542
1489 3623
1489 4171
1489 4332
1489 4700
1489 4762
1490 1571
1490 1714
1490 1817
1490 2132
1490 2276
1490 2682
1490 2803
1490 2871
1490 2979
1490 3047
1490 3577
1490 3715
1490 3970
1490 3993
1490 4003
1490 4012
1490 4393
1490 4489
1490 4499
1490 4626
1490 4687
1490 4811
1491 1565
1491 1738
1491 1917
1491 1962
1491 2166
1491 2400
1491 2448
1491 2588
1491 2751
1491 2806
1491 3109
1491 3158
1491 3215
1491 3294
1491 3369
1491 3372
1491 3419
1491 3751
1491 3843
1491 3931
1491 3932
1491 3955
1491 3961
1491 4081
1491 4117
1491 4150
1491 4743
1491 4843
1492 1614
1492 1695
1492 2248
1492 2715
1492 3425
1492 3563
1492 3993
1492 4018
1492 4062
1492 4150
1492 4157
1492 4876
1492 4917
1493 1554
1493 1647
1493 2113
1493 2631
1493 2745
1493 2834
1493 3016
1493 3215
1493 3330
1493 3394
1493 3560
1493 3594
1493 4057
1493 4187
1493 4350
1493 4754
1493 4897
1494 1641
1494 1753
1494 1907
1494 1922
1494 1930
1494 1940
1494 2205
1494 2618
1494 2813
1494 2925
1494 3199
1494 3504
1494 3581
1494 3633
1494 3986
1494 4135
1494 4161
1494 4620
1494 4899
1495 1644
1495 1695
1495 1843
1495 1879
1495 2110
1495 2253
1495 2337
1495 3079
1495 3286
1495 3418
1495 3818
1495 3874
1495 4214
1495 4268
1495 4539
1495 4605
1495 4644
1495 4664
1495 4741
1495 4938
1496 1513
1496 2090
1496 2240
1496 2359
1496 2424
1496 2600
1496 2655
1496 2740
1496 2765
1496 2846
1496 2904
1496 3268
1496 3379
1496 3403
1496 3477
1496 3553
1496 3562
1496 3664
1496 4114
1496 4116
1496 4159
1496 4164
1496 4171
1496 4178
1496 4254
1496 4270
1496 4347
1496 4461
1496 4633
1496 4806
1497 1559
1497 1846
1497 2800
1497 3119
1497 3346
1497 3374
1497 3897
1497 4822
1498 1603
1498 1654
1498 1769
1498 1872
1498 2102
1498 2106
1498 2276
1498 2283
1498 2307
1498 2473
1498 2517
1498 2528
1498 2685
1498 2698
1498 2797
1498 2826
1498 3116
1498 3159
1498 3421
1498 4132
1498 4438
1498 4980
1499 1665
1499 1714
1499 1808
1499 1821
1499 1856
1499 1928
1499 2118
1499 2389
1499 2428
1499 2751
1499 2893
1499 2944
1499 3034
1499 3185
1499 3211
1499 3375
1499 3376
1499 3388
1499 3576
1499 3601
1499 3613
1499 3699
1499 3802
1499 3851
1499 3939
1499 4152
1499 4642
1499 4768
1499 4804
1499 4851
1500 1844
1500 2123
1500 2137
1500 2958
1500 2988
1500 3005
1500 3061
1500 3349
1500 3630
1500 3670
1500 4299
1500 4313
1500 4316
1500 4409
1500 4600
1500 4633
1501 1525
1501 1615
1501 1722
1501 2059
1501 2388
1501 2398
1501 2483
1501 2509
1501 2638
1501 2669
1501 3088
1501 3395
1501 3568
1501 3740
1501 4103
1501 4104
1501 4588
1501 4733
1502 1516
1502 1709
1502 1788
1502 1830
1502 2261
1502 2456
1502 2692
1502 2999
1502 3507
1502 3956
1502 4012
1502 4134
1502 4200
1502 4557
1502 4572
1502 4624
1502 4984
1503 1663
1503 1744
1503 1825
1503 2223
1503 2931
1503 3104
1503 3245
1503 3261
1503 3855
1503 4164
1503 4372
1503 4896
1504 1608
1504 1633
1504 1772
1504 1968
1504 2027
1504 2237
1504 2298
1504 2421
1504 2441
1504 2499
1504 2598
1504 2813
1504 2897
1504 3099
1504 3100
1504 3392
1504 3456
1504 3546
1504 3715
1504 3828
1504 3887
1504 4171
1504 4227
1504 4232
1504 4278
1504 4383
1504 4420
1504 4422
1504 4801
1504 4812
1504 4819
1504 4897
1504 4962
1504 4990
1505 1755
1505 1807
1505 1862
1505 1935
1505 1975
1505 2005
1505 2078
1505 2642
1505 2723
1505 2952
1505 3069
1505 3593
1505 3664
1505 3807
1505 3992
1505 4287
1505 4556
1506 1582
1506 1682
1506 1812
1506 1822
1506 1949
1506 2035
1506 2469
1506 2670
1506 2856
1506 2870
1506 2938
1506 3312
1506 3442
1506 3490
1506 4031
1506 4127
1506 4259
1506 4427
1506 4522
1506 4577
1506 4652
1506 4750
1506 4811
1506 4832
1507 1580
1507 1665
1507 2208
1507 3082
1507 3099
1507 3380
1507 3671
1507 4072
1507 4349
1507 4431
1507 4454
1507 4496
1507 4528
1507 4584
1508 1656
1508 1663
1508 1891
1508 1936
1508 2097
1508 2247
1508 2971
1508 3039
1508 3044
1508 3988
1508 4116
1508 4434
1508 4461
1508 4547
1508 4586
1508 4691
1508 4739
1508 4857
1508 4947
1509 1934
1509 2096
1509 2353
1509 2448
1509 2550
1509 2579
1509 2598
1509 2857
1509 3145
1509 3698
1509 3770
1509 3818
1509 3954
1509 4037
1509 4349
1509 4769
1509 4959
1510 1571
1510 1616
1510 1809
1510 2197
1510 2234
1510 2333
1510 2385
1510 2568
1510 2575
1510 2687
1510 2921
1510 3428
1510 3585
1510 3591
1510 3642
1510 3984
1510 4291
1510 4352
1510 4442
1510 4910
1510 4959
1510 4997
1511 1770
1511 2685
1511 2771
1511 3135
1511 3266
1511 3350
1511 3630
1511 3888
1511 4061
1511 4132
1511 4325
1511 4544
1511 4584
1511 4667
1511 4713
1511 4714
1511 4867
1512 1937
1512 2026
1512 2227
1512 2323
1512 2324
1512 2333
1512 2620
1512 2969
1512 3095
1512 3127
1512 3175
1512 3440
1512 3494
1512 3652
1512 3662
1512 3729
1512 3851
1512 3857
1512 4019
1512 4037
1512 4163
1512 4556
1512 4839
1512 4873
1513 1539
1513 1563
1513 1910
1513 1941
1513 2282
1513 2367
1513 2489
1513 2848
1513 3132
1513 3133
1513 3229
1513 3274
1513 3307
1513 3424
1513 3539
1513 3598
1513 4149
1513 4275
1513 4315
1513 4582
1513 4784
1513 4887
1513 4913
1513 4987
1514 1684
1514 1743
1514 1808
1514 1875
1514 2126
1514 2379
1514 2422
1514 2505
1514 2601
1514 2701
1514 2749
1514 2854
1514 3052
1514 3326
1514 3698
1514 3857
1514 3945
1514 4072
1514 4217
1514 4335
1514 4354
1515 1597
1515 1693
1515 2044
1515 2150
1515 2201
1515 2525
1515 2678
1515 2747
1515 2839
1515 2856
1515 3283
1515 3399
1515 3520
1515 3611
1515 3812
1515 4060
1515 4611
1515 4960
1515 4979
1516 1755
1516 1794
1516 1859
1516 1937
1516 1962
1516 2187
1516 2216
1516 2347
1516 2636
1516 2685
1516 2858
1516 2867
1516 2923
1516 3119
1516 3168
1516 3233
1516 3249
1516 3287
1516 3377
1516 3404
1516 3464
1516 3625
1516 3835
1516 3910
1516 3939
1516 4252
1516 4941
1516 4972
1517 1633
1517 1802
1517 1812
1517 1870
1517 2213
1517 2271
1517 2419
1517 2581
1517 2942
1517 2945
1517 3135
1517 3196
1517 3399
1517 3550
1517 4291
1517 4323
1518 2120
1518 2273
1518 2516
1518 2681
1518 2834
1518 3155
1518 3165
1518 3186
1518 3681
1518 3795
1518 3932
1518 3955
1518 3988
1518 4198
1518 4402
1518 4456
1518 4570
1518 4865
1518 4962
1518 4965
1519 1660
1519 1849
1519 1880
1519 1944
1519 2168
1519 2188
1519 2221
1519 2307
1519 2481
1519 2482
1519 2509
1519 2616
1519 2699
1519 2801
1519 2826
1519 2881
1519 3055
1519 3412
1519 3979
1519 4034
1519 4337
1519 4411
1519 4686
1519 4899
1520 1719
1520 2145
1520 2267
1520 2560
1520 2609
1520 2789
1520 2804
1520 3050
1520 3359
1520 3866
1520 4119
1520 4180
1520 4250
1520 4296
1520 4343
1520 4501
1520 4647
1520 4843
1520 4901
1521 1565
1521 1642
1521 1808
1521 1881
1521 1895
1521 1908
1521 2213
1521 2215
1521 2362
1521 2687
1521 2766
1521 2819
1521 3240
1521 3323
1521 3354
1521 3740
1521 3963
1521 4001
1521 4663
1521 4730
1522 1792
1522 2024
1522 2293
1522 2468
1522 2564
1522 3274
1522 3280
1522 3305
1522 3362
1522 4108
1522 4245
1522 4312
1522 4358
1522 4448
1522 4592
1522 4616
1522 4635
1522 4644
1522 4699
1522 4798
1523 1730
1523 1758
1523 1929
1523 2008
1523 2082
1523 2164
1523 2232
1523 2411
1523 2680
1523 2686
1523 2837
1523 2846
1523 2865
1523 3135
1523 3211
1523 3623
1523 3825
1523 3880
1523 3927
1523 4109
1523 4242
1523 4245
1523 4638
1523 4643
1523 4676
1523 4695
1523 4866
1524 1822
1524 1944
1524 1967
1524 2217
1524 2350
1524 2382
1524 2598
1524 2609
1524 2906
1524 2968
1524 3166
1524 3243
1524 3500
1524 3653
1524 3761
1524 3817
1524 4397
1525 1632
1525 2163
1525 2737
1525 3258
1525 3303
1525 3380
1525 3408
1525 3481
1525 3665
1525 3865
1525 4042
1525 4093
1525 4359
1525 4623
1525 4938
1525 4993
1526 1860
1526 2004
1526 2172
1526 2233
1526 2407
1526 2603
1526 2760
1526 3350
1526 3496
1526 3556
1526 3570
1526 3683
1526 3831
1526 3960
1526 4007
1526 4253
1526 4341
1526 4372
1526 4556
1527 1602
1527 1604
1527 1762
1527 1920
1527 2049
1527 2156
1527 2157
1527 2201
1527 2534
1527 2632
1527 2737
1527 2958
1527 2999
1527 3230
1527 3408
1527 4460
1527 4611
1527 4617
1527 4620
1527 4650
1527 4759
1527 4891
1527 4980
1528 1543
1528 1564
1528 1658
1528 1823
1528 2088
1528 2469
1528 2494
1528 2531
1528 3468
1528 3518
1528 3547
1528 3674
1528 3683
1528 3948
1528 3966
1528 4163
1528 4174
1528 4327
1528 4368
1528 4830
1528 4913
1529 1895
1529 2024
1529 2501
1529 2559
1529 2578
1529 2591
1529 3037
1529 3683
1529 3831
1529 3854
1529 4005
1529 4236
1529 4512
1529 4856
1530 1560
1530 1716
1530 1775
1530 2389
1530 2533
1530 2903
1530 3085
1530 3112
1530 3223
1530 3518
1530 3668
1530 3694
1530 3710
1530 4018
1530 4122
1530 4321
1530 4672
1530 4720
1530 4745
1530 4785
1530 4788
1531 1747
1531 2033
1531 2108
1531 2159
1531 2408
1531 2440
1531 2519
1531 2951
1531 3048
1531 3095
1531 3242
1531 3390
1531 3606
1531 3622
1531 3730
1531 3741
1531 3853
1531 3937
1531 4052
1531 4275
1531 4322
1531 4481
1531 4866
1532 1703
1532 1832
1532 1929
1532 2027
1532 2152
1532 2199
1532 2203
1532 2880
1532 3129
1532 3303
1532 3334
1532 3422
1532 3834
1532 3917
1532 3968
1532 4560
1532 4714
1533 1598
1533 1649
1533 1724
1533 1746
1533 2301
1533 2388
1533 2801
1533 2979
1533 3134
1533 3201
1533 3568
1533 4077
1533 4388
1533 4462
1533 4601
1533 4949
1534 1931
1534 2030
1534 2313
1534 2547
1534 2594
1534 2886
1534 2996
1534 3460
1534 3574
1534 3866
1534 3954
1534 4101
1534 4340
1534 4361
1534 4460
1534 4490
1534 4515
1534 4759
1534 4947
1535 1548
1535 1643
1535 2037
1535 2386
1535 2432
1535 2584
1535 2724
1535 3140
1535 3327
1535 3387
1535 3786
1535 3840
1535 3906
1535 3936
1535 4206
1535 4372
1535 4479
1535 4514
1535 4873
1535 4916
1535 4945
1536 1551
1536 1569
1536 1576
1536 1589
1536 1613
1536 1962
1536 2238
1536 2349
1536 2633
1536 2737
1536 3119
1536 3352
1536 3356
1536 3374
1536 3407
1536 3473
1536 3584
1536 3731
1536 4195
1536 4299
1536 4495
1536 4822
1536 4958
1537 1663
1537 1912
1537 2094
1537 2166
1537 2410
1537 2566
1537 2567
1537 2649
1537 2754
1537 2759
1537 2811
1537 3002
1537 3405
1537 3746
1537 3847
1537 4140
1537 4234
1537 4678
1537 4695
1537 4744
1537 4808
1537 4824
1537 4846
1538 1816
1538 1824
1538 2013
1538 2299
1538 2388
1538 2496
1538 2684
1538 2733
1538 2768
1538 2812
1538 3321
1538 3340
1538 3612
1538 3641
1538 3822
1538 3957
1538 4143
1538 4400
1538 4529
1538 4911
1538 4942
1539 1660
1539 1867
1539 1979
1539 2121
1539 2269
1539 2387
1539 3205
1539 3242
1539 4025
1539 4157
1539 4162
1539 4166
1539 4219
1539 4325
1539 4358
1539 4519
1539 4621
1539 4636
1540 1670
1540 1721
1540 1732
1540 1743
1540 1902
1540 2136
1540 3039
1540 3377
1540 3509
1540 3602
1540 3808
1540 4206
1540 4556
1540 4564
1540 4577
1540 4585
1540 4666
1540 4686
1540 4718
1540 4759
1540 4831
1540 4860
1540 4895
1540 4939
1541 1687
1541 1759
1541 1969
1541 2051
1541 2162
1541 2213
1541 2266
1541 2410
1541 2520
1541 2539
1541 2819
1541 2857
1541 2946
1541 3005
1541 3043
1541 3099
1541 3255
1541 3444
1541 3481
1541 3828
1541 4103
1541 4196
1541 4395
1541 4751
1542 1605
1542 1833
1542 1911
1542 2255
1542 2432
1542 2523
1542 3036
1542 3041
1542 3063
1542 3155
1542 3321
1542 3471
1542 3541
1542 3691
1542 3979
1542 4046
1542 4100
1542 4408
1542 4611
1542 4620
1542 4805
1542 4867
1542 4879
1542 4900
1542 4912
1542 4986
1543 1633
1543 1676
1543 1677
1543 2136
1543 2258
1543 2401
1543 2653
1543 2693
1543 2754
1543 3404
1543 3593
1543 3706
1543 3708
1543 3823
1543 4160
1543 4196
1543 4467
1543 4515
1543 4649
1544 1751
1544 1809
1544 1887
1544 1926
1544 2063
1544 2384
1544 2769
1544 2893
1544 2949
1544 3047
1544 3305
1544 3347
1544 4072
1544 4160
1544 4167
1544 4535
1544 4769
1544 4868
1544 4870
1545 2031
1545 2050
1545 2486
1545 2564
1545 2904
1545 3426
1545 4060
1545 4063
1545 4277
1545 4343
1545 4360
1545 4372
1545 4620
1545 4769
1545 4993
1546 1612
1546 1666
1546 1805
1546 1911
1546 2380
1546 2882
1546 3377
1546 3444
1546 3693
1546 3799
1546 3802
1546 3859
1546 3978
1546 4175
1546 4241
1546 4320
1546 4347
1546 4637
1546 4726
1546 4789
1546 4797
1547 1615
1547 1757
1547 1829
1547 1970
1547 2125
1547 2308
1547 2532
1547 2815
1547 3153
1547 3244
1547 3270
1547 3363
1547 3374
1547 3383
1547 3420
1547 3639
1547 4312
1547 4450
1547 4549
1547 4584
1547 4908
1548 1572
1548 1856
1548 2022
1548 2498
1548 2792
1548 2833
1548 2836
1548 3018
1548 3567
1548 4162
1548 4299
1548 4302
1548 4408
1548 4424
1548 4498
1548 4566
1548 4732
1548 4740
1548 4745
1548 4966
1549 1556
1549 1601
1549 1722
1549 1992
1549 2048
1549 2274
1549 2597
1549 2606
1549 2928
1549 3010
1549 3019
1549 3204
1549 3234
1549 3431
1549 3469
1549 3473
1549 3530
1549 3716
1549 3923
1549 3973
1549 4030
1549 4223
1549 4449
1549 4657
1549 4678
1549 4830
1550 2095
1550 2176
1550 2296
1550 2348
1550 2460
1550 3127
1550 3135
1550 3384
1550 3482
1550 3844
1550 4002
1550 4239
1550 4298
1550 4459
1550 4478
1550 4939
1551 1754
1551 1955
1551 2100
1551 2445
1551 2500
1551 2827
1551 2970
1551 2985
1551 3144
1551 3231
1551 3417
1551 3687
1551 3760
1551 3880
1551 3998
1551 4021
1551 4037
1551 4062
1551 4387
1551 4657
1551 4731
1551 4893
1552 1946
1552 1967
1552 2194
1552 2323
1552 2376
1552 2558
1552 3044
1552 3316
1552 3467
1552 3792
1552 3927
1552 4167
1552 4319
1552 4403
1552 4642
1552 4947
1553 2459
1553 2584
1553 2614
1553 2690
1553 2784
1553 3048
1553 3120
1553 3336
1553 3976
1553 4062
1553 4076
1553 4077
1553 4348
1553 4375
1553 4469
1553 4630
1553 4637
1553 4837
1553 4864
1554 2147
1554 2230
1554 2540
1554 2547
1554 2779
1554 3060
1554 3103
1554 3470
1554 3486
1554 3986
1554 4157
1554 4180
1554 4210
1554 4509
1554 4565
1554 4703
1554 4874
1554 4920
1554 4961
1555 1759
1555 1812
1555 1852
1555 2091
1555 2236
1555 2447
1555 2945
1555 2988
1555 3097
1555 3104
1555 3193
1555 3301
1555 3538
1555 3543
1555 3627
1555 3897
1555 3958
1555 4094
1555 4177
1555 4281
1555 4522
1555 4692
1555 4733
1555 4845
1555 4850
1556 1696
1556 1840
1556 1938
1556 2017
1556 2021
1556 2415
1556 2567
1556 2732
1556 3107
1556 3452
1556 3572
1556 3574
1556 3793
1556 4014
1556 4147
1556 4237
1556 4632
1556 4636
1556 4745
1556 4999
1557 1569
1557 1638
1557 1815
1557 1816
1557 2012
1557 2090
1557 2329
1557 2334
1557 2739
1557 2819
1557 3003
1557 3133
1557 3410
1557 3483
1557 3553
1557 3585
1557 3678
1557 3801
1557 4049
1557 4187
1557 4572
1557 4827
1558 1820
1558 2051
1558 2104
1558 2154
1558 2390
1558 2668
1558 3175
1558 3217
1558 3277
1558 3331
1558 3613
1558 3625
1558 3656
1559 1965
1559 2150
1559 2717
1559 2780
1559 2945
1559 3084
1559 3255
1559 3362
1559 3453
1559 3580
1559 3600
1559 3712
1559 3790
1559 3975
1559 4029
1559 4307
1559 4433
1559 4492
1559 4610
1559 4643
1559 4862
1559 4963
1560 1651
1560 1951
1560 2024
1560 2173
1560 2267
1560 2752
1560 2980
1560 2996
1560 3007
1560 3393
1560 3659
1560 3695
1560 3977
1560 4169
1560 4180
1560 4184
1560 4286
1560 4288
1560 4337
1560 4465
1560 4632
1561 1562
1561 1728
1561 1793
1561 1924
1561 2083
1561 2223
1561 2243
1561 2335
1561 2342
1561 2343
1561 2413
1561 2455
1561 2523
1561 2601
1561 2717
1561 2795
1561 2895
1561 2903
1561 3061
1561 3340
1561 3367
1561 3545
1561 3633
1561 3779
1561 4102
1561 4216
1561 4394
1561 4639
1561 4770
1561 4844
1562 1610
1562 1635
1562 1884
1562 1901
1562 2046
1562 2285
1562 2323
1562 2391
1562 2510
1562 2603
1562 2613
1562 2704
1562 2798
1562 3056
1562 3061
1562 3080
1562 3143
1562 3279
1562 3285
1562 3292
1562 3449
1562 3563
1562 3604
1562 3624
1562 3662
1562 3821
1562 3856
1562 4125
1562 4240
1562 4782
1562 4921
1563 1651
1563 1680
1563 2013
1563 2037
1563 2159
1563 2676
1563 2695
1563 2712
1563 3017
1563 3254
1563 3534
1563 3641
1563 3702
1563 3950
1563 3968
1563 4103
1563 4197
1563 4279
1563 4432
1563 4547
1563 4580
1563 4911
1563 4938
1564 1756
1564 1762
1564 1918
1564 1957
1564 2111
1564 2359
1564 2393
1564 2595
1564 2692
1564 2715
1564 2991
1564 3363
1564 3498
1564 3797
1564 3840
1564 3988
1564 4113
1564 4286
1564 4288
1564 4344
1564 4444
1564 4508
1564 4565
1564 4808
1565 2039
1565 2303
1565 2328
1565 2574
1565 2625
1565 2719
1565 2747
1565 2933
1565 2971
1565 3072
1565 3122
1565 3759
1565 3816
1565 4531
1565 4612
1565 4862
1566 1627
1566 1643
1566 1910
1566 2112
1566 2123
1566 2143
1566 2191
1566 2292
1566 2388
1566 2578
1566 2719
1566 2858
1566 3186
1566 3310
1566 3436
1566 3555
1566 3812
1566 4178
1566 4718
1566 4788
1566 4998
1567 1576
1567 1776
1567 1834
1567 1944
1567 2107
1567 2227
1567 2323
1567 2649
1567 2790
1567 2807
1567 2878
1567 2982
1567 3153
1567 3389
1567 3401
1567 3427
1567 3532
1567 3789
1567 4375
1567 4607
1567 4613
1567 4691
1567 4758
1568 1603
1568 1672
1568 1901
1568 2051
1568 2197
1568 2411
1568 2577
1568 2645
1568 3018
1568 3060
1568 3116
1568 3237
1568 3805
1568 3807
1568 3870
1568 3956
1568 4419
1568 4532
1568 4535
1568 4553
1568 4903
1569 1618
1569 1644
1569 1646
1569 1708
1569 1821
1569 2697
1569 2841
1569 3136
1569 3603
1569 3614
1569 3736
1569 3923
1569 4273
1569 4691
1569 4785
1569 4898
1569 4985
1570 1606
1570 1710
1570 1719
1570 1748
1570 1750
1570 2088
1570 2112
1570 2231
1570 2355
1570 2565
1570 2603
1570 3049
1570 3085
1570 3265
1570 3680
1570 3787
1570 3846
1570 4011
1570 4020
1570 4086
1570 4087
1570 4156
1570 4159
1570 4310
1570 4480
1570 4488
1570 4526
1570 4571
1570 4588
1570 4947
1571 1587
1571 1866
1571 2156
1571 2305
1571 2402
1571 2490
1571 2827
1571 2868
1571 3092
1571 3163
1571 3209
1571 3214
1571 3322
1571 3414
1571 3417
1571 3502
1571 3803
1571 3819
1571 4063
1571 4180
1571 4254
1571 4542
1571 4717
1571 4739
1572 2140
1572 2319
1572 2634
1572 2661
1572 2759
1572 2801
1572 3328
1572 3365
1572 3934
1572 3974
1572 4043
1572 4379
1572 4434
1572 4675
1572 4805
1572 4826
1572 4932
1573 1856
1573 1896
1573 1915
1573 1944
1573 2021
1573 2253
1573 2351
1573 2398
1573 2555
1573 2720
1573 3432
1573 3481
1573 3971
1573 3994
1573 4049
1573 4139
1573 4196
1573 4198
1573 4417
1573 4700
1574 1592
1574 1598
1574 1700
1574 1876
1574 2403
1574 2606
1574 2764
1574 3019
1574 3163
1574 3320
1574 3396
1574 3558
1574 4094
1574 4459
1574 4517
1574 4662
1574 4716
1574 4746
1574 4803
1574 4830
1574 4840
1575 1792
1575 1948
1575 2104
1575 2250
1575 2654
1575 2675
1575 2891
1575 3053
1575 3399
1575 3422
1575 3864
1575 3897
1575 4000
1575 4039
1575 4265
1575 4724
1575 4742
1575 4796
1575 4833
1575 4988
1576 1944
1576 2193
1576 2396
1576 2454
1576 2539
1576 2549
1576 2670
1576 3089
1576 4179
1576 4354
1576 4481
1576 4828
1576 4862
1576 4929
1577 1913
1577 2341
1577 2557
1577 3664
1577 3704
1577 3956
1577 3994
1577 4385
1577 4933
1578 1716
1578 1731
1578 1875
1578 1950
1578 2158
1578 2185
1578 2191
1578 2710
1578 2774
1578 2795
1578 2916
1578 3175
1578 3318
1578 3369
1578 3901
1578 4006
1578 4062
1578 4131
1578 4396
1578 4446
1578 4447
1579 1672
1579 1860
1579 2122
1579 2138
1579 2152
1579 2205
1579 2209
1579 2237
1579 2557
1579 2798
1579 2876
1579 2898
1579 2902
1579 3004
1579 3402
1579 3412
1579 3415
1579 3577
1579 3737
1579 4198
1579 4292
1579 4320
1579 4576
1579 4591
1579 4657
1579 4693
1579 4702
1580 1626
1580 1807
1580 1833
1580 1868
1580 1886
1580 1920
1580 2283
1580 2351
1580 2419
1580 2615
1580 2624
1580 2754
1580 3267
1580 3312
1580 3326
1580 3609
1580 3849
1580 4134
1580 4205
1580 4216
1580 4638
1580 4665
1580 4707
1581 1733
1581 1796
1581 1874
1581 1888
1581 2794
1581 2818
1581 2853
1581 2951
1581 3004
1581 3289
1581 3387
1581 3576
1581 3626
1581 3992
1581 4341
1581 4766
1581 4962
1582 1981
1582 2399
1582 2711
1582 3103
1582 3208
1582 3772
1582 4015
1582 4035
1582 4279
1582 4291
1582 4614
1582 4824
1582 4831
1582 4917
1582 4968
1583 1652
1583 1764
1583 1855
1583 2154
1583 2271
1583 2873
1583 2955
1583 2978
1583 3043
1583 3163
1583 3237
1583 3357
1583 3436
1583 3549
1583 3575
1583 3596
1583 3759
1583 3767
1583 3952
1583 4053
1583 4060
1583 4156
1583 4463
1583 4604
1583 4618
1583 4654
1583 4664
1583 4750
1583 4969
1583 4986
1584 1706
1584 1754
1584 1778
1584 1782
1584 1850
1584 1903
1584 2039
1584 2143
1584 2374
1584 2644
1584 3015
1584 3387
1584 3404
1584 3615
1584 3697
1584 3722
1584 3821
1584 3830
1584 4164
1584 4587
1584 4680
1585 1793
1585 1808
1585 2349
1585 2553
1585 3054
1585 3106
1585 3219
1585 3520
1585 3947
1585 4923
1586 1791
1586 1998
1586 2102
1586 2306
1586 2451
1586 2505
1586 2662
1586 2675
1586 2797
1586 3069
1586 3073
1586 3628
1586 3769
1586 3889
1586 3918
1586 4323
1586 4531
1586 4678
1586 4747
1586 4824
1586 4983
1586 4997
1587 1882
1587 2080
1587 2141
1587 2781
1587 2821
1587 2850
1587 2933
1587 3172
1587 3203
1587 3237
1587 3477
1587 3548
1587 3609
1587 4298
1587 4581
1587 4704
1588 1612
1588 2379
1588 2386
1588 2400
1588 2708
1588 2903
1588 3080
1588 3391
1588 3529
1588 3603
1588 3835
1588 3902
1588 3959
1588 4072
1588 4126
1588 4136
1588 4487
1588 4507
1588 4910
1588 4987
1589 1632
1589 1749
1589 1815
1589 1826
1589 1860
1589 1869
1589 2455
1589 2595
1589 2658
1589 2753
1589 2769
1589 2840
1589 2987
1589 3124
1589 3444
1589 3496
1589 3507
1589 3842
1589 3853
1589 4052
1589 4236
1589 4250
1589 4420
1589 4584
1589 4611
1590 1618
1590 1653
1590 1780
1590 2003
1590 2244
1590 2365
1590 2464
1590 2477
1590 2742
1590 2802
1590 3882
1590 3913
1590 3929
1590 4017
1590 4037
1590 4719
1590 4780
1590 4786
1590 4861
1591 2460
1591 3035
1591 3204
1591 3527
1591 3717
1591 3747
1591 4003
1591 4061
1591 4152
1591 4243
1591 4290
1591 4501
1591 4584
1591 4590
1591 4607
1591 4719
1591 4883
1591 4932
1592 2035
1592 2176
1592 2250
1592 2412
1592 2799
1592 3132
1592 3183
1592 3211
1592 3223
1592 3311
1592 3548
1592 3729
1592 3906
1592 4102
1592 4130
1592 4202
1592 4307
1592 4453
1592 4537
1592 4547
1593 1629
1593 1742
1593 1807
1593 1986
1593 2024
1593 2347
1593 2636
1593 2726
1593 2732
1593 2812
1593 2938
1593 2973
1593 3022
1593 3113
1593 3212
1593 3368
1593 3698
1593 4204
1593 4323
1593 4386
1593 4508
1593 4780
1593 4847
1593 4980
1594 1657
1594 1749
1594 1899
1594 1990
1594 1999
1594 2026
1594 2391
1594 2789
1594 2833
1594 3194
1594 3361
1594 3382
1594 3732
1594 3977
1594 4019
1594 4283
1594 4312
1594 4797
1595 1949
1595 2229
1595 2361
1595 2370
1595 2487
1595 2587
1595 2812
1595 2902
1595 2907
1595 3045
1595 3574
1595 3666
1595 3843
1595 3888
1595 4013
1595 4098
1595 4156
1595 4431
1595 4657
1595 4781
1595 4842
1596 1861
1596 1942
1596 1962
1596 1968
1596 2474
1596 2968
1596 3419
1596 3580
1596 3674
1596 3705
1596 4542
1596 4634
1596 4684
1596 4899
1597 2447
1597 2598
1597 2766
1597 2814
1597 2841
1597 2888
1597 2998
1597 3074
1597 3471
1597 3627
1597 3663
1597 3834
1597 4227
1597 4270
1597 4438
1597 4620
1597 4645
1597 4755
1597 4984
1598 1605
1598 1739
1598 2127
1598 2396
1598 2526
1598 2665
1598 2780
1598 3001
1598 3186
1598 3192
1598 3321
1598 3323
1598 3439
1598 3598
1598 3751
1598 3834
1598 3866
1598 3883
1598 4000
1598 4141
1598 4286
1598 4408
1598 4485
1598 4586
1598 4737
1598 4750
1598 4862
1599 2500
1599 2553
1599 2589
1599 2640
1599 3300
1599 3987
1599 4488
1599 4496
1599 4842
1599 4908
1600 1766
1600 2134
1600 2798
1600 2917
1600 2928
1600 3039
1600 3179
1600 3384
1600 3633
1600 3870
1600 4249
1600 4330
1600 4342
1600 4876
1600 4928
1601 1613
1601 1707
1601 1760
1601 2173
1601 2405
1601 2583
1601 2943
1601 2963
1601 2970
1601 3465
1601 3747
1601 3798
1601 3816
1601 3837
1601 4124
1601 4248
1601 4369
1602 1683
1602 1693
1602 1871
1602 1991
1602 2309
1602 2453
1602 2462
1602 2875
1602 3107
1602 3313
1602 3408
1602 3516
1602 3892
1602 3893
1602 3936
1602 4179
1602 4249
1602 4291
1602 4339
1603 1798
1603 1958
1603 2173
1603 2274
1603 2313
1603 2490
1603 2526
1603 3032
1603 3403
1603 3458
1603 3467
1603 3683
1603 3734
1603 3842
1603 3910
1603 4232
1603 4315
1603 4547
1603 4575
1603 4683
1603 4774
1603 4797
1604 1628
1604 1785
1604 1826
1604 1857
1604 1879
1604 1958
1604 1984
1604 2039
1604 2051
1604 2231
1604 2515
1604 2683
1604 2724
1604 2927
1604 3125
1604 3346
1604 3518
1604 3602
1604 3884
1604 3959
1604 4159
1604 4224
1604 4435
1604 4769
1604 4901
1604 4964
1605 1768
1605 1971
1605 2233
1605 2273
1605 2328
1605 2337
1605 3210
1605 3252
1605 3288
1605 3466
1605 3701
1605 3850
1605 3950
1605 3954
1605 3993
1605 4354
1605 4538
1605 4658
1606 1710
1606 1798
1606 1940
1606 1978
1606 2293
1606 2771
1606 2876
1606 2926
1606 3338
1606 3498
1606 3551
1606 3676
1606 4007
1606 4205
1606 4328
1606 4347
1606 4542
1606 4752
1607 2213
1607 2222
1607 2244
1607 2588
1607 2752
1607 3249
1607 3260
1607 3290
1607 3361
1607 3392
1607 3446
1607 3525
1607 3750
1607 3761
1607 3976
1607 4020
1607 4028
1607 4174
1607 4235
1607 4354
1607 4695
1607 4732
1607 4754
1607 4837
1608 1811
1608 2526
1608 2539
1608 2733
1608 2809
1608 3101
1608 3316
1608 3497
1608 3527
1608 3774
1608 3780
1608 4073
1608 4117
1608 4139
1608 4224
1608 4315
1608 4362
1608 4479
1608 4499
1608 4576
1609 1783
1609 1809
1609 1926
1609 2351
1609 2445
1609 2885
1609 2915
1609 2917
1609 3008
1609 3207
1609 3255
1609 3350
1609 3353
1609 3478
1609 3516
1609 3645
1609 3679
1609 3719
1609 3745
1609 3848
1609 4265
1609 4503
1609 4549
1609 4757
1610 1638
1610 1923
1610 2094
1610 2575
1610 2900
1610 3038
1610 3047
1610 3302
1610 3835
1610 3932
1611 1765
1611 1784
1611 2228
1611 2322
1611 2709
1611 2793
1611 2901
1611 3087
1611 3208
1611 3300
1611 3396
1611 3588
1611 3690
1611 3776
1611 3791
1611 4061
1611 4116
1611 4159
1611 4217
1611 4289
1611 4308
1611 4322
1611 4423
1611 4466
1611 4618
1611 4802
1611 4894
1611 4998
1612 1758
1612 1984
1612 2495
1612 2498
1612 2545
1612 2566
1612 2819
1612 2920
1612 2944
1612 2995
1612 3806
1612 3931
1612 3937
1612 4212
1612 4247
1612 4290
1612 4415
1612 4782
1612 4801
1612 4954
1612 4988
1613 1798
1613 1816
1613 1905
1613 1976
1613 2053
1613 2225
1613 2284
1613 2381
1613 2453
1613 2585
1613 2704
1613 3075
1613 3155
1613 3229
1613 3524
1613 3552
1613 3832
1613 3887
1613 3904
1613 3981
1613 3988
1613 4120
1613 4158
1613 4266
1613 4402
1613 4704
1613 4801
1613 4824
1613 4941
1614 2095
1614 2161
1614 2439
1614 2689
1614 2854
1614 2868
1614 2897
1614 2935
1614 3018
1614 3024
1614 3070
1614 3353
1614 3642
1614 3646
1614 4034
1614 4199
1614 4374
1614 4587
1614 4597
1614 4611
1614 4785
1614 4827
1615 1680
1615 1724
1615 1793
1615 1929
1615 2138
1615 2141
1615 2286
1615 2333
1615 2356
1615 2670
1615 2786
1615 2977
1615 3067
1615 3657
1615 3982
1615 4082
1615 4231
1615 4333
1615 4383
1615 4503
1616 1831
1616 1943
1616 1965
1616 1987
1616 2012
1616 2220
1616 2261
1616 2764
1616 2965
1616 3153
1616 3337
1616 3381
1616 3410
1616 3827
1616 3848
1616 4003
1616 4163
1616 4287
1616 4540
1616 4651
1617 2000
1617 2102
1617 3553
1617 3704
1617 3849
1617 3952
1617 4127
1617 4199
1617 4376
1617 4415
1617 4505
1617 4556
1617 4803
1618 1636
1618 1857
1618 1981
1618 2376
1618 2494
1618 2563
1618 2667
1618 2699
1618 2859
1618 2888
1618 3070
1618 3253
1618 3331
1618 3426
1618 3472
1618 3534
1618 3654
1618 3775
1618 3852
1618 3855
1618 3888
1618 4135
1618 4138
1618 4305
1618 4807
1618 4889
1619 1749
1619 1972
1619 2210
1619 2230
1619 2609
1619 2698
1619 2708
1619 2844
1619 2935
1619 3028
1619 3124
1619 3162
1619 3338
1619 3389
1619 3965
1619 3983
1619 3999
1619 4453
1620 1666
1620 1892
1620 2189
1620 2849
1620 3195
1620 3885
1620 3941
1620 4017
1620 4022
1620 4106
1620 4261
1620 4489
1621 1710
1621 1772
1621 1783
1621 2711
1621 2823
1621 2887
1621 2927
1621 3008
1621 3334
1621 3393
1621 3723
1621 3972
1621 4082
1621 4175
1621 4442
1621 4569
1621 4574
1621 4603
1621 4655
1622 1719
1622 1815
1622 2040
1622 2265
1622 2433
1622 2498
1622 2734
1622 2845
1622 3321
1622 3340
1622 3407
1622 3490
1622 3566
1622 3662
1622 4108
1622 4617
1622 4638
1622 4704
1623 2041
1623 2274
1623 2348
1623 2410
1623 2414
1623 2503
1623 3038
1623 3194
1623 3334
1623 3342
1623 3426
1623 3688
1623 3985
1623 4536
1623 4693
1623 4720
1623 4783
1624 1894
1624 1964
1624 2037
1624 2359
1624 2862
1624 3359
1624 3417
1624 3556
1624 3563
1624 4018
1624 4168
1624 4180
1624 4305
1624 4603
1625 1633
1625 2201
1625 2408
1625 2742
1625 2785
1625 3099
1625 3169
1625 3568
1625 3752
1625 3762
1625 4251
1625 4261
1625 4445
1625 4576
1625 4643
1625 4857
1625 4905
1626 1702
1626 2236
1626 2367
1626 2422
1626 2628
1626 2903
1626 3816
1626 3854
1626 3992
1626 4023
1626 4059
1626 4085
1626 4094
1626 4263
1626 4292
1626 4305
1626 4369
1626 4393
1626 4459
1626 4511
1626 4528
1626 4702
1626 4740
1627 1752
1627 2028
1627 2030
1627 2189
1627 2887
1627 3029
1627 3093
1627 3279
1627 3395
1627 3434
1627 3441
1627 4264
1627 4380
1627 4406
1627 4430
1627 4589
1627 4662
1627 4827
1627 4989
1628 1713
1628 1794
1628 1881
1628 2537
1628 2938
1628 3211
1628 3245
1628 3696
1628 3761
1628 3898
1628 3952
1628 3955
1628 4441
1628 4518
1628 4904
1629 1854
1629 1923
1629 1969
1629 2032
1629 2163
1629 2384
1629 2459
1629 2566
1629 2656
1629 2817
1629 2905
1629 2918
1629 3006
1629 3047
1629 3080
1629 3196
1629 3244
1629 3624
1629 3659
1629 3877
1629 3966
1629 4005
1629 4013
1629 4072
1629 4112
1629 4359
1629 4460
1629 4632
1629 4782
1629 4969
1630 2234
1630 2527
1630 2709
1630 2908
1630 2914
1630 3127
1630 3141
1630 3475
1630 3517
1630 3539
1630 3575
1630 4020
1630 4051
1630 4332
1630 4400
1630 4652
1630 4796
1630 4834
1630 4915
1631 1741
1631 1961
1631 2352
1631 2699
1631 2752
1631 3026
1631 3127
1631 3168
1631 3319
1631 3320
1631 3768
1631 3863
1631 4251
1631 4458
1631 4794
1631 4830
1631 4841
1631 4872
1631 4880
1632 1651
1632 1957
1632 2032
1632 2089
1632 2160
1632 2235
1632 2489
1632 2499
1632 2531
1632 2563
1632 2729
1632 3518
1632 3606
1632 3910
1632 4022
1632 4119
1632 4625
1632 4768
1632 4802
1632 4852
1633 1653
1633 1850
1633 1868
1633 1923
1633 2309
1633 2528
1633 2934
1633 2969
1633 3437
1633 3511
1633 3685
1633 3804
1633 3811
1633 3820
1633 3857
1633 4057
1633 4108
1633 4404
1633 4480
1633 4528
1634 1662
1634 1944
1634 2158
1634 2269
1634 2277
1634 2339
1634 2533
1634 2822
1634 2975
1634 3009
1634 3198
1634 3620
1634 3702
1634 4075
1634 4911
1634 4952
1635 1862
1635 2194
1635 2288
1635 2335
1635 2348
1635 2406
1635 2419
1635 2515
1635 2579
1635 2913
1635 3117
1635 3162
1635 3551
1635 3613
1635 3796
1635 3812
1635 3895
1635 4133
1635 4734
1635 4750
1635 4769
1635 4979
1636 1773
1636 2194
1636 2299
1636 2462
1636 2552
1636 2564
1636 2663
1636 2730
1636 3212
1636 3671
1636 4519
1636 4586
1636 4598
1636 4726
1636 4868
1636 4918
1637 1736
1637 1769
1637 1770
1637 1885
1637 2169
1637 2196
1637 2339
1637 2803
1637 2831
1637 3117
1637 3183
1637 3244
1637 3509
1637 3573
1637 3590
1637 3748
1637 3904
1637 4127
1637 4306
1637 4467
1637 4690
1637 4735
1638 1697
1638 1825
1638 1957
1638 2259
1638 2612
1638 2745
1638 2794
1638 2836
1638 2928
1638 3157
1638 3389
1638 3662
1638 3757
1638 4173
1638 4201
1638 4475
1638 4512
1638 4618
1638 4689
1638 4717
1638 4749
1638 4789
1638 4933
1639 1680
1639 1807
1639 1970
1639 1984
1639 1999
1639 2579
1639 2615
1639 2721
1639 2738
1639 2773
1639 2844
1639 2874
1639 3160
1639 3273
1639 3820
1639 4064
1639 4132
1639 4260
1639 4452
1639 4695
1639 4936
1639 4969
1639 4985
1640 2164
1640 2503
1640 2563
1640 3012
1640 3093
1640 3670
1640 3717
1640 3756
1640 4004
1640 4596
1640 4710
1640 4771
1641 1847
1641 1886
1641 2198
1641 2276
1641 2419
1641 2595
1641 3790
1641 3896
1641 4098
1641 4127
1641 4208
1641 4556
1641 4684
1641 4818
1641 4930
1641 4981
1642 1644
1642 1857
1642 1935
1642 1936
1642 2031
1642 2062
1642 2103
1642 2205
1642 2409
1642 2690
1642 2795
1642 2897
1642 2904
1642 3025
1642 3194
1642 3460
1642 3683
1642 3887
1642 3899
1642 4060
1642 4405
1642 4542
1643 1768
1643 1774
1643 1855
1643 1948
1643 2015
1643 2034
1643 2090
1643 2149
1643 2256
1643 2272
1643 2482
1643 3221
1643 3671
1643 4043
1643 4199
1643 4364
1643 4719
1643 4722
1643 4725
1643 4828
1643 4872
1643 4896
1644 2171
1644 2186
1644 2333
1644 2360
1644 2528
1644 2628
1644 2741
1644 2919
1644 3039
1644 3138
1644 3219
1644 3289
1644 3370
1644 3515
1644 3697
1644 4171
1644 4305
1644 4672
1644 4852
1644 4902
1644 4917
1645 1720
1645 1779
1645 1824
1645 2287
1645 2600
1645 2893
1645 2918
1645 2931
1645 2962
1645 3196
1645 3445
1645 3612
1645 3812
1645 3966
1645 3974
1645 4127
1645 4161
1645 4222
1645 4469
1645 4565
1645 4679
1646 1982
1646 2245
1646 2268
1646 2338
1646 2340
1646 2782
1646 3074
1646 3688
1646 3776
1646 3781
1646 4261
1646 4325
1646 4328
1646 4457
1646 4526
1646 4565
1646 4716
1646 4904
1647 1683
1647 1688
1647 1917
1647 2068
1647 2224
1647 2538
1647 3360
1647 3373
1647 3717
1647 3778
1647 3876
1647 3902
1647 3962
1647 4019
1647 4059
1647 4459
1647 4527
1648 1879
1648 1884
1648 1933
1648 2034
1648 2063
1648 2349
1648 2437
1648 2481
1648 2516
1648 2919
1648 2967
1648 2976
1648 3042
1648 3145
1648 3272
1648 3275
1648 3278
1648 3366
1648 3370
1648 3511
1648 3539
1648 3695
1648 3765
1648 3847
1648 3985
1648 4363
1648 4541
1648 4715
1648 4831
1649 1713
1649 1813
1649 1814
1649 2007
1649 2382
1649 2616
1649 2878
1649 3109
1649 3172
1649 3427
1649 3488
1649 3789
1649 3818
1649 4135
1649 4314
1649 4396
1649 4469
1649 4667
1649 4794
1649 4859
1649 4869
1650 1683
1650 1708
1650 2011
1650 2095
1650 2265
1650 2364
1650 2432
1650 2601
1650 3145
1650 3577
1650 3664
1650 3869
1650 4431
1650 4577
1650 4579
1650 4955
1651 1981
1651 2025
1651 2027
1651 2220
1651 2384
1651 2587
1651 2660
1651 2704
1651 2835
1651 2902
1651 3088
1651 3234
1651 3296
1651 3610
1651 3693
1651 3849
1651 3886
1651 3926
1651 4154
1651 4384
1651 4482
1651 4653
1651 4661
1652 1783
1652 1787
1652 2174
1652 2204
1652 2291
1652 2411
1652 2444
1652 2527
1652 2751
1652 2965
1652 2974
1652 3171
1652 3240
1652 3242
1652 3754
1652 3887
1652 4041
1652 4071
1652 4157
1652 4293
1652 4466
1652 4736
1652 4803
1652 4867
1653 1808
1653 1972
1653 2009
1653 2023
1653 2243
1653 2280
1653 2282
1653 2399
1653 2417
1653 2601
1653 2680
1653 2967
1653 2993
1653 3166
1653 3619
1653 3629
1653 3681
1653 4210
1653 4264
1653 4512
1653 4593
1653 4970
1654 1950
1654 1992
1654 2067
1654 2139
1654 2155
1654 2822
1654 2978
1654 3034
1654 3137
1654 3210
1654 3356
1654 3495
1654 3893
1654 4182
1654 4401
1654 4443
1654 4483
1654 4484
1654 4725
1654 4740
1654 4743
1654 4970
1655 2043
1655 2158
1655 2741
1655 3121
1655 3600
1655 3628
1655 3637
1655 3684
1655 3805
1655 4314
1655 4417
1655 4462
1655 4485
1655 4617
1655 4837
1655 4940
1656 1689
1656 3113
1656 3467
1656 3475
1656 3961
1656 4011
1656 4191
1656 4198
1656 4409
1656 4769
1656 4779
1656 4859
1657 1687
1657 1824
1657 1912
1657 2018
1657 2023
1657 2235
1657 2688
1657 2759
1657 3022
1657 3202
1657 3346
1657 3462
1657 3600
1657 3654
1657 3734
1657 3877
1657 4027
1657 4246
1657 4926
1658 1668
1658 1784
1658 1935
1658 1999
1658 2051
1658 2202
1658 2237
1658 2381
1658 2503
1658 2712
1658 2770
1658 3135
1658 3261
1658 3668
1658 3683
1658 3697
1658 3806
1658 3998
1658 4064
1658 4123
1658 4335
1658 4624
1659 1831
1659 1898
1659 2138
1659 2240
1659 2402
1659 2447
1659 2646
1659 2785
1659 3159
1659 3282
1659 3290
1659 3383
1659 3591
1659 3630
1659 3714
1659 3726
1659 3816
1659 3841
1659 3905
1659 4098
1659 4367
1659 4628
1659 4702
1659 4941
1660 1699
1660 1915
1660 2038
1660 2068
1660 2562
1660 2802
1660 2878
1660 3164
1660 3240
1660 3644
1660 3838
1660 3964
1660 4114
1660 4233
1660 4264
1660 4407
1660 4445
1660 4608
1660 4623
1660 4665
1660 4683
1661 1913
1661 2088
1661 2813
1661 2835
1661 3001
1661 3074
1661 3510
1661 3899
1661 3961
1661 4027
1661 4442
1661 4552
1661 4553
1661 4638
1661 4815
1661 4836
1662 1782
1662 1882
1662 2112
1662 2332
1662 2505
1662 2520
1662 3019
1662 3035
1662 3106
1662 3171
1662 3396
1662 3423
1662 3611
1662 3640
1662 3714
1662 3752
1662 3769
1662 4207
1662 4295
1662 4377
1662 4550
1662 4875
1663 1672
1663 1839
1663 1904
1663 2050
1663 2081
1663 2171
1663 2187
1663 2243
1663 2440
1663 2554
1663 3074
1663 3102
1663 3470
1663 3537
1663 3567
1663 4286
1663 4398
1663 4447
1663 4466
1663 4772
1664 1807
1664 2239
1664 2605
1664 2678
1664 2691
1664 2811
1664 3116
1664 3237
1664 3295
1664 3452
1664 3472
1664 3493
1664 3609
1664 3620
1664 3972
1664 4011
1664 4079
1664 4333
1664 4543
1664 4544
1664 4722
1665 2300
1665 2416
1665 2435
1665 2723
1665 3214
1665 3392
1665 3468
1665 3646
1665 3657
1665 3763
1665 3818
1665 4262
1665 4551
1665 4683
1665 4745
1666 1735
1666 1820
1666 1853
1666 2098
1666 2202
1666 2369
1666 3216
1666 3634
1666 3669
1666 3703
1666 3881
1666 3901
1666 4284
1666 4361
1666 4464
1666 4473
1666 4692
1666 4740
1667 1734
1667 2009
1667 2142
1667 2161
1667 2390
1667 2746
1667 2820
1667 2887
1667 3050
1667 3169
1667 3326
1667 3329
1667 3346
1667 3425
1667 3453
1667 3566
1667 3570
1667 3939
1667 4148
1667 4705
1667 4761
1667 4883
1668 1726
1668 1748
1668 2013
1668 2445
1668 2450
1668 2674
1668 2724
1668 2942
1668 2965
1668 3031
1668 3266
1668 3485
1668 3937
1668 4050
1668 4254
1668 4576
1668 4634
1668 4701
1668 4858
1668 4928
1669 1949
1669 2224
1669 2791
1669 2945
1669 3041
1669 3098
1669 3571
1669 4360
1669 4520
1669 4589
1669 4658
1669 4857
1669 4931
1670 1695
1670 1726
1670 2221
1670 2465
1670 2630
1670 2694
1670 2909
1670 3057
1670 3070
1670 3138
1670 3159
1670 3469
1670 3508
1670 4002
1670 4126
1670 4159
1670 4703
1670 4947
1671 1756
1671 1779
1671 2015
1671 2167
1671 2337
1671 2366
1671 2583
1671 2588
1671 2708
1671 2841
1671 2845
1671 3009
1671 3097
1671 3139
1671 3321
1671 3338
1671 3473
1671 3742
1671 4106
1671 4137
1671 4272
1671 4531
1671 4591
1671 4693
1671 4827
1671 4984
1672 1684
1672 1788
1672 1789
1672 2189
1672 2191
1672 2253
1672 2280
1672 2357
1672 2372
1672 2509
1672 2575
1672 2580
1672 2669
1672 2740
1672 2768
1672 2813
1672 2996
1672 3271
1672 3293
1672 3302
1672 3485
1672 3518
1672 3761
1672 3853
1672 3938
1672 4057
1672 4297
1672 4784
1673 1893
1673 1936
1673 2047
1673 2108
1673 2133
1673 2200
1673 2248
1673 2372
1673 2534
1673 2572
1673 2753
1673 3277
1673 3539
1673 3625
1673 3641
1673 3647
1673 3989
1673 4029
1673 4224
1673 4244
1673 4527
1673 4584
1673 4692
1673 4812
1673 4900
1673 4910
1674 1723
1674 1841
1674 1914
1674 2002
1674 2350
1674 2530
1674 2765
1674 2861
1674 2931
1674 3026
1674 3967
1674 4059
1674 4259
1674 4450
1674 4587
1674 4640
1674 4882
1675 1838
1675 1937
1675 2098
1675 2128
1675 2174
1675 2310
1675 2362
1675 2372
1675 2384
1675 2484
1675 2532
1675 2848
1675 3072
1675 3096
1675 3205
1675 3328
1675 3476
1675 3562
1675 3612
1675 3642
1675 3699
1675 4440
1675 4646
1675 4740
1675 4827
1676 1972
1676 2054
1676 2189
1676 2239
1676 2270
1676 2283
1676 2366
1676 2452
1676 2453
1676 2530
1676 2689
1676 2747
1676 2812
1676 2971
1676 3029
1676 3128
1676 3209
1676 3641
1676 3763
1676 4149
1676 4346
1676 4389
1677 1731
1677 1844
1677 1991
1677 2223
1677 2309
1677 2335
1677 2410
1677 2420
1677 2581
1677 2591
1677 2674
1677 2891
1677 2993
1677 3176
1677 3553
1677 3725
1677 3759
1677 4276
1677 4284
1677 4464
1677 4821
1677 4856
1677 4969
1678 1740
1678 2331
1678 2392
1678 2519
1678 2771
1678 2836
1678 2899
1678 3043
1678 3096
1678 3113
1678 3597
1678 3737
1678 3756
1678 3824
1678 4295
1678 4404
1678 4535
1678 4773
1678 4878
1679 1778
1679 1779
1679 2264
1679 2793
1679 2878
1679 3371
1679 3446
1679 3556
1679 3575
1679 4170
1679 4420
1679 4449
1679 4583
1679 4734
1679 4987
1680 1726
1680 1810
1680 1845
1680 2044
1680 2067
1680 2246
1680 2288
1680 2476
1680 2646
1680 3000
1680 3141
1680 3226
1680 3426
1680 3533
1680 3594
1680 3882
1680 3964
1680 4388
1680 4391
1680 4396
1680 4521
1681 1862
1681 2118
1681 2495
1681 2501
1681 2555
1681 2634
1681 2911
1681 3060
1681 3147
1681 3404
1681 3613
1681 3736
1681 3776
1681 3949
1681 4300
1681 4319
1681 4367
1681 4412
1681 4501
1681 4526
1681 4926
1681 4934
1681 4965
1682 1788
1682 1837
1682 1884
1682 1914
1682 2014
1682 2210
1682 2217
1682 2475
1682 2536
1682 2594
1682 2598
1682 2624
1682 2801
1682 2988
1682 3120
1682 3296
1682 3425
1682 3468
1682 3505
1682 3514
1682 3634
1682 4198
1682 4247
1682 4311
1682 4431
1682 4494
1682 4507
1682 4560
1682 4709
1683 1873
1683 2229
1683 2398
1683 2490
1683 2521
1683 2697
1683 2721
1683 2966
1683 2968
1683 2993
1683 2997
1683 3281
1683 3424
1683 3685
1683 4047
1683 4105
1683 4110
1683 4395
1683 4456
1683 4547
1683 4600
1683 4606
1683 4932
1683 4953
1684 1822
1684 1823
1684 2000
1684 2047
1684 2115
1684 2126
1684 2293
1684 2534
1684 2626
1684 2821
1684 3371
1684 3406
1684 3698
1684 3980
1684 4044
1684 4201
1684 4304
1684 4452
1684 4459
1684 4686
1684 4811
1684 4856
1684 4952
1684 4974
1685 1757
1685 1780
1685 2114
1685 2544
1685 2701
1685 2844
1685 2896
1685 2985
1685 3169
1685 3191
1685 3240
1685 3296
1685 3330
1685 3373
1685 3374
1685 3385
1685 3804
1685 4053
1685 4286
1685 4367
1685 4500
1685 4614
1685 4642
1685 4719
1686 1759
1686 1878
1686 2454
1686 2686
1686 2689
1686 2925
1686 2965
1686 3009
1686 3086
1686 3120
1686 3367
1686 3593
1686 3689
1686 3758
1686 3926
1686 4239
1686 4292
1686 4457
1686 4771
1686 4919
1687 1691
1687 1750
1687 1831
1687 1929
1687 2019
1687 2097
1687 2195
1687 2210
1687 2291
1687 2576
1687 2826
1687 2888
1687 3058
1687 3220
1687 3475
1687 3491
1687 3598
1687 3603
1687 3791
1687 4016
1687 4159
1687 4220
1687 4816
1688 1699
1688 1908
1688 2006
1688 2044
1688 2097
1688 2338
1688 2622
1688 2929
1688 3098
1688 3379
1688 3707
1688 3857
1688 3861
1688 3898
1688 3949
1688 4166
1688 4201
1688 4402
1688 4641
1688 4677
1688 4950
1689 1691
1689 1777
1689 1883
1689 2084
1689 2188
1689 2363
1689 2571
1689 3113
1689 3193
1689 3441
1689 3582
1689 3641
1689 3726
1689 3805
1689 3929
1689 4445
1689 4449
1689 4465
1689 4582
1689 4644
1689 4846
1690 1956
1690 2064
1690 2162
1690 2181
1690 2265
1690 2465
1690 2934
1690 3078
1690 3142
1690 3178
1690 3422
1690 3424
1690 3565
1690 3657
1690 3728
1690 3781
1690 3876
1690 3941
1690 4655
1691 1950
1691 1987
1691 2022
1691 2158
1691 2301
1691 2723
1691 2744
1691 2802
1691 3124
1691 3563
1691 3626
1691 3760
1691 3990
1691 4198
1691 4238
1691 4492
1691 4594
1691 4628
1691 4646
1691 4724
1691 4883
1691 4953
1692 1993
1692 2177
1692 2247
1692 2425
1692 2597
1692 2822
1692 3055
1692 3332
1692 3358
1692 3510
1692 3515
1692 3689
1692 3920
1692 4009
1692 4359
1692 4589
1692 4727
1692 4937
1692 4972
1693 1819
1693 1900
1693 2188
1693 2388
1693 2418
1693 2596
1693 3290
1693 3386
1693 3794
1693 4099
1693 4420
1693 4429
1693 4440
1693 4788
1694 1874
1694 1927
1694 1935
1694 2389
1694 2394
1694 2591
1694 2963
1694 3002
1694 3118
1694 3185
1694 3289
1694 3524
1694 3650
1694 4019
1694 4108
1694 4677
1694 4840
1694 4864
1694 4880
1694 4896
1694 4992
1695 1714
1695 1907
1695 1914
1695 1943
1695 1971
1695 2036
1695 2169
1695 2501
1695 2771
1695 3059
1695 3123
1695 3207
1695 3279
1695 3378
1695 3457
1695 3510
1695 4001
1695 4016
1695 4436
1696 2008
1696 2106
1696 2872
1696 2974
1696 3094
1696 3322
1696 3610
1696 3794
1696 3839
1696 3854
1696 4001
1696 4043
1696 4139
1696 4167
1696 4188
1696 4262
1696 4318
1696 4435
1696 4776
1696 4856
1697 1715
1697 1729
1697 2009
1697 2174
1697 2186
1697 2492
1697 2515
1697 2530
1697 2556
1697 2792
1697 3126
1697 3237
1697 3268
1697 3423
1697 3527
1697 3830
1697 3942
1697 4424
1697 4441
1698 1701
1698 1728
1698 1834
1698 2037
1698 2107
1698 2188
1698 2577
1698 2617
1698 2934
1698 2948
1698 3374
1698 3477
1698 3995
1698 4133
1698 4139
1698 4181
1698 4370
1698 4657
1699 1944
1699 2011
1699 2159
1699 2236
1699 2640
1699 2833
1699 3107
1699 3155
1699 3253
1699 3344
1699 3469
1699 3571
1699 3943
1699 3962
1699 4083
1699 4201
1699 4383
1699 4423
1699 4648
1699 4653
1699 4762
1699 4842
1700 1726
1700 2373
1700 2425
1700 2630
1700 2744
1700 3051
1700 3072
1700 3117
1700 3288
1700 3294
1700 3420
1700 3458
1700 3785
1700 3807
1700 3862
1700 3962
1700 3967
1700 4053
1700 4197
1700 4418
1700 4469
1700 4704
1700 4850
1700 4940
1701 2035
1701 2120
1701 2296
1701 2505
1701 2666
1701 2704
1701 2737
1701 2807
1701 2967
1701 3081
1701 3124
1701 3393
1701 3564
1701 3618
1701 3931
1701 3960
1701 4091
1701 4671
1701 4749
1701 4793
1701 4836
1701 4994
1702 1716
1702 1951
1702 2058
1702 2064
1702 2073
1702 2135
1702 2626
1702 3478
1702 3850
1702 3989
1702 4124
1702 4271
1702 4664
1702 4960
1703 2166
1703 2308
1703 2673
1703 2722
1703 2900
1703 2927
1703 2963
1703 3113
1703 3138
1703 3210
1703 3329
1703 3508
1703 3584
1703 3680
1703 3683
1703 3711
1703 3758
1703 3834
1703 4128
1703 4282
1703 4393
1703 4651
1703 4702
1704 1724
1704 1811
1704 2442
1704 2456
1704 2609
1704 2663
1704 2786
1704 3056
1704 3166
1704 3343
1704 3347
1704 3426
1704 3621
1704 3733
1704 3758
1704 4146
1704 4476
1704 4546
1704 4678
1704 4721
1704 4919
1705 2002
1705 2007
1705 2058
1705 2161
1705 2432
1705 2477
1705 3160
1705 3190
1705 3236
1705 3463
1705 3581
1705 4126
1705 4153
1705 4583
1706 1824
1706 2055
1706 2263
1706 2286
1706 2331
1706 2374
1706 2382
1706 2399
1706 2425
1706 2446
1706 2550
1706 2651
1706 2828
1706 3579
1706 4056
1706 4146
1706 4476
1706 4543
1706 4805
1707 2223
1707 2428
1707 2620
1707 2639
1707 3012
1707 3066
1707 3696
1707 3786
1707 3963
1707 4055
1707 4134
1707 4194
1707 4349
1707 4597
1707 4862
1707 4969
1708 1827
1708 1943
1708 1946
1708 2330
1708 2564
1708 2705
1708 2976
1708 3015
1708 3071
1708 3183
1708 3281
1708 3353
1708 3375
1708 3406
1708 3509
1708 3624
1708 3646
1708 3678
1708 3695
1708 4072
1708 4779
1708 4887
1708 4922
1709 2054
1709 2110
1709 2235
1709 2277
1709 2534
1709 2708
1709 2743
1709 3000
1709 3147
1709 3450
1709 3652
1709 3773
1709 3927
1709 4017
1709 4136
1709 4143
1709 4224
1709 4329
1709 4539
1709 4662
1709 4805
1709 4826
1709 4884
1710 1920
1710 1954
1710 2158
1710 2434
1710 3314
1710 3973
1710 4212
1710 4382
1710 4418
1710 4594
1710 4610
1710 4721
1710 4822
1710 4862
1710 4889
1711 1754
1711 2222
1711 2365
1711 2454
1711 2713
1711 2746
1711 2904
1711 3002
1711 3096
1711 3162
1711 3457
1711 3544
1711 4144
1711 4253
1711 4386
1711 4455
1711 4477
1711 4553
1711 4794
1711 4899
1711 4934
1712 2223
1712 2269
1712 2593
1712 2605
1712 2975
1712 3033
1712 3574
1712 3892
1712 3932
1712 4004
1712 4675
1713 2090
1713 2094
1713 2178
1713 2230
1713 2306
1713 2427
1713 2560
1713 2874
1713 2999
1713 3052
1713 3127
1713 3399
1713 3762
1713 3788
1713 3893
1713 3918
1713 4118
1713 4397
1713 4428
1713 4519
1713 4588
1713 4885
1713 4994
1714 1942
1714 2159
1714 2397
1714 2414
1714 2735
1714 2737
1714 2837
1714 3057
1714 3170
1714 3210
1714 3277
1714 3614
1714 3709
1714 3800
1714 4462
1714 4701
1714 4764
1714 4849
1714 4910
1714 4911
1715 1893
1715 1937
1715 1985
1715 2294
1715 2364
1715 2472
1715 2678
1715 2779
1715 2809
1715 2956
1715 3076
1715 3199
1715 3442
1715 3862
1715 4143
1715 4280
1715 4355
1715 4677
1715 4955
1716 1861
1716 1879
1716 1881
1716 1898
1716 2203
1716 2218
1716 2456
1716 2510
1716 2576
1716 2580
1716 2793
1716 3407
1716 3555
1716 3870
1716 3966
1716 3967
1716 4204
1716 4535
1716 4537
1716 4658
1716 4757
1717 1765
1717 1852
1717 1858
1717 2396
1717 2418
1717 2554
1717 2740
1717 2858
1717 3020
1717 3050
1717 3403
1717 3521
1717 3592
1717 3769
1717 3789
1717 4018
1717 4284
1717 4715
1717 4790
1717 4847
1717 4998
1718 1863
1718 1905
1718 2040
1718 2284
1718 2587
1718 2687
1718 2972
1718 3118
1718 3179
1718 3299
1718 3507
1718 3529
1718 4023
1718 4182
1718 4574
1718 4721
1718 4946
1719 1952
1719 2334
1719 2946
1719 2955
1719 3024
1719 3288
1719 3506
1719 3558
1719 3612
1719 3759
1719 3787
1719 3834
1719 4165
1719 4225
1719 4447
1719 4486
1719 4623
1719 4650
1720 1838
1720 2035
1720 2060
1720 2103
1720 2250
1720 2323
1720 2570
1720 2824
1720 3233
1720 3445
1720 3841
1720 4077
1720 4218
1720 4345
1720 4660
1720 4844
1720 4860
1720 4991
1721 1729
1721 1897
1721 1905
1721 1911
1721 1970
1721 2074
1721 2104
1721 2441
1721 2481
1721 2490
1721 2614
1721 2688
1721 2693
1721 2818
1721 2987
1721 3292
1721 3312
1721 3400
1721 3425
1721 3467
1721 3568
1721 3664
1721 4469
1721 4572
1721 4724
1721 4878
1721 4960
1722 1792
1722 1988
1722 2058
1722 2196
1722 2260
1722 2318
1722 2358
1722 2506
1722 2689
1722 2913
1722 2969
1722 3021
1722 3255
1722 3310
1722 3636
1722 4039
1722 4236
1722 4330
1722 4564
1722 4852
1722 4900
1722 4930
1723 1830
1723 1900
1723 2253
1723 2315
1723 2389
1723 2418
1723 2483
1723 2639
1723 2719
1723 2932
1723 3164
1723 3276
1723 3280
1723 3378
1723 3529
1723 4174
1723 4351
1723 4682
1723 4686
1724 1776
1724 1920
1724 2022
1724 2107
1724 2129
1724 2168
1724 2384
1724 2910
1724 2970
1724 3071
1724 3204
1724 3571
1724 3792
1724 3801
1724 4045
1724 4132
1724 4646
1724 4861
1724 4999
1725 2570
1725 2766
1725 2810
1725 2844
1725 3301
1725 3477
1725 3892
1725 4152
1725 4180
1725 4191
1725 4342
1725 4642
1725 4708
1726 1922
1726 1997
1726 2064
1726 2187
1726 2249
1726 2489
1726 2516
1726 2626
1726 2759
1726 2920
1726 3256
1726 3300
1726 3521
1726 3907
1726 3931
1726 4009
1726 4239
1726 4253
1726 4325
1726 4352
1726 4459
1726 4623
1726 4644
1726 4665
1726 4762
1726 4766
1726 4851
1727 1803
1727 1945
1727 2004
1727 2163
1727 2182
1727 2499
1727 2561
1727 2585
1727 2607
1727 2861
1727 3108
1727 3543
1727 3588
1727 3619
1727 4005
1727 4259
1727 4292
1727 4337
1727 4418
1727 4551
1727 4750
1727 4824
1727 4882
1728 1773
1728 2008
1728 2079
1728 2342
1728 2565
1728 3512
1728 3534
1728 3772
1728 3951
1728 4136
1728 4236
1728 4398
1729 1896
1729 2187
1729 2253
1729 2381
1729 2548
1729 2998
1729 3072
1729 3075
1729 3118
1729 3343
1729 3616
1729 3633
1729 3662
1729 3791
1729 4441
1729 4501
1729 4519
1729 4832
1729 4850
1729 4921
1730 1779
1730 1804
1730 2060
1730 2320
1730 2618
1730 2782
1730 3079
1730 3179
1730 3736
1730 3746
1730 4073
1730 4203
1730 4270
1730 4483
1730 4518
1730 4579
1730 4720
1731 1943
1731 2040
1731 2271
1731 2443
1731 2550
1731 2576
1731 2653
1731 2655
1731 2873
1731 3197
1731 3223
1731 3243
1731 3391
1731 3587
1731 3654
1731 3798
1731 4319
1731 4698
1731 4789
1731 4959
1732 2162
1732 2337
1732 2675
1732 2783
1732 2939
1732 3004
1732 3145
1732 3555
1732 3614
1732 3770
1732 3958
1732 3985
1732 4097
1732 4149
1732 4260
1732 4503
1733 1882
1733 1891
1733 1900
1733 2036
1733 2080
1733 2083
1733 2183
1733 2206
1733 2321
1733 2490
1733 2755
1733 2761
1733 3072
1733 3546
1733 3628
1733 3646
1733 3705
1733 3926
1733 4052
1733 4189
1733 4357
1733 4404
1733 4895
1733 4965
1734 1747
1734 1761
1734 2226
1734 2357
1734 2360
1734 2481
1734 2534
1734 2705
1734 2764
1734 2909
1734 3101
1734 3158
1734 3199
1734 3328
1734 3589
1734 3614
1734 4206
1734 4275
1734 4321
1734 4793
1734 4808
1735 1869
1735 2023
1735 2058
1735 2218
1735 2449
1735 2603
1735 2869
1735 2969
1735 3097
1735 3143
1735 3420
1735 3512
1735 3599
1735 3679
1735 4166
1735 4277
1735 4792
1736 1784
1736 1809
1736 1959
1736 2213
1736 2266
1736 2379
1736 2839
1736 3020
1736 3520
1736 3766
1736 4275
1736 4356
1736 4627
1736 4841
1736 4859
1736 4908
1737 1902
1737 2341
1737 2393
1737 2423
1737 2428
1737 2932
1737 2948
1737 3058
1737 3201
1737 3326
1737 4321
1737 4692
1737 4823
1737 4855
1738 2320
1738 2483
1738 2753
1738 3172
1738 3409
1738 3902
1738 4157
1738 4177
1738 4257
1738 4539
1738 4920
1738 4980
1739 1746
1739 2144
1739 2157
1739 2256
1739 2339
1739 2391
1739 2586
1739 2619
1739 2871
1739 2912
1739 2948
1739 2961
1739 3401
1739 3504
1739 3535
1739 3712
1739 3715
1739 3735
1739 3774
1739 3787
1739 4084
1739 4192
1739 4561
1739 4694
1739 4699
1739 4725
1739 4738
1739 4848
1739 4961
1740 1763
1740 1764
1740 1856
1740 1907
1740 2014
1740 2015
1740 2100
1740 2148
1740 2417
1740 3093
1740 3213
1740 3291
1740 3646
1740 3744
1740 3857
1740 3872
1740 4035
1740 4162
1740 4338
1740 4468
1740 4594
1740 4707
1740 4789
1740 4810
1740 4923
1740 4956
1741 1925
1741 2042
1741 2105
1741 2240
1741 2396
1741 2411
1741 2532
1741 2965
1741 3154
1741 3282
1741 3380
1741 3419
1741 3565
1741 3722
1741 3794
1741 3811
1741 3818
1741 4030
1741 4053
1741 4190
1741 4239
1741 4247
1741 4953
1741 4990
1742 1848
1742 2550
1742 2571
1742 2597
1742 2961
1742 3352
1742 3530
1742 3616
1742 3721
1742 3957
1742 3995
1742 4355
1742 4528
1742 4577
1742 4597
1742 4654
1742 4818
1743 2153
1743 2160
1743 2471
1743 2653
1743 2659
1743 3073
1743 3164
1743 3422
1743 3639
1743 3704
1743 3826
1743 3970
1743 4103
1743 4513
1743 4902
1743 4912
1743 4921
1744 1782
1744 1980
1744 2230
1744 2304
1744 2343
1744 2479
1744 2693
1744 2805
1744 2880
1744 3108
1744 3233
1744 3344
1744 3414
1744 3630
1744 3717
1744 3745
1744 4007
1744 4290
1744 4332
1744 4548
1744 4780
1744 4819
1744 4911
1745 1828
1745 1878
1745 2089
1745 2193
1745 2502
1745 2504
1745 2621
1745 2649
1745 2695
1745 2701
1745 2975
1745 3048
1745 3243
1745 3720
1745 3727
1745 3769
1745 3969
1745 4104
1745 4155
1745 4324
1745 4352
1745 4466
1745 4475
1745 4542
1745 4593
1745 4700
1745 4701
1746 1925
1746 1995
1746 2110
1746 2521
1746 3504
1746 3541
1746 4027
1746 4131
1746 4161
1746 4186
1746 4511
1746 4785
1746 4907
1747 1809
1747 1815
1747 1831
1747 1857
1747 2175
1747 2218
1747 2535
1747 3009
1747 3039
1747 3208
1747 3330
1747 3390
1747 3472
1747 3786
1747 3796
1747 3839
1747 3920
1747 3993
1747 4163
1747 4463
1747 4551
1747 4959
1748 1795
1748 2109
1748 2347
1748 2565
1748 2995
1748 3054
1748 3447
1748 3501
1748 3655
1748 4323
1748 4572
1749 1809
1749 1841
1749 1952
1749 2051
1749 2863
1749 2879
1749 2921
1749 3093
1749 3280
1749 3306
1749 3525
1749 3667
1749 3942
1749 4296
1749 4618
1749 4699
1749 4926
1750 1760
1750 1765
1750 1806
1750 2331
1750 2395
1750 2450
1750 2574
1750 2708
1750 2980
1750 3033
1750 3671
1750 3725
1750 3865
1750 4198
1750 4248
1750 4649
1751 1771
1751 1869
1751 1946
1751 2052
1751 2057
1751 2112
1751 2760
1751 2816
1751 2855
1751 2955
1751 3422
1751 3503
1751 3666
1751 3907
1751 3963
1751 4023
1751 4225
1751 4241
1751 4325
1751 4340
1751 4355
1751 4411
1751 4522
1751 4597
1751 4692
1751 4882
1752 1769
1752 1777
1752 1877
1752 2141
1752 2239
1752 2273
1752 2287
1752 2362
1752 2916
1752 2939
1752 3038
1752 3058
1752 3063
1752 3177
1752 3202
1752 3447
1752 3576
1752 3751
1752 4521
1752 4541
1752 4634
1752 4778
1752 4832
1752 4844
1752 4866
1753 1906
1753 2182
1753 2421
1753 2487
1753 2490
1753 2497
1753 2732
1753 3097
1753 3174
1753 3180
1753 3229
1753 3494
1753 3506
1753 3524
1753 3691
1753 3703
1753 3898
1753 3956
1753 4319
1753 4342
1753 4420
1753 4496
1753 4673
1754 1854
1754 2324
1754 2348
1754 2361
1754 2447
1754 2573
1754 2638
1754 2698
1754 2754
1754 2785
1754 3153
1754 3232
1754 4074
1754 4102
1754 4147
1754 4175
1754 4357
1754 4435
1754 4614
1754 4914
1755 1947
1755 2054
1755 2147
1755 2185
1755 2200
1755 2277
1755 2318
1755 2336
1755 2522
1755 2526
1755 2541
1755 2555
1755 2577
1755 2778
1755 2941
1755 3418
1755 3754
1755 3989
1755 4631
1755 4793
1755 4842
1756 2341
1756 2773
1756 2791
1756 3094
1756 3202
1756 3291
1756 3351
1756 3468
1756 3698
1756 3704
1756 3915
1756 4084
1756 4221
1756 4628
1757 1934
1757 2005
1757 2101
1757 2460
1757 2571
1757 2671
1757 3024
1757 3085
1757 3147
1757 3295
1757 3414
1757 3530
1757 3700
1757 3946
1757 4044
1757 4320
1757 4602
1757 4716
1758 1912
1758 2445
1758 2696
1758 2730
1758 2940
1758 2960
1758 3199
1758 3561
1758 3618
1758 3905
1758 4077
1758 4099
1758 4248
1758 4284
1758 4375
1758 4558
1758 4946
1759 1876
1759 2008
1759 2136
1759 2143
1759 2465
1759 2497
1759 2541
1759 2555
1759 2579
1759 2622
1759 2811
1759 2918
1759 3006
1759 3202
1759 3229
1759 3584
1759 3676
1759 3727
1759 3785
1759 3869
1759 3917
1759 3941
1759 3988
1759 4880
1760 1771
1760 1808
1760 1888
1760 1971
1760 2108
1760 2220
1760 2616
1760 2683
1760 3302
1760 3583
1760 3698
1760 3782
1760 4415
1761 1935
1761 2009
1761 2142
1761 2403
1761 2570
1761 2656
1761 3165
1761 3410
1761 3422
1761 3444
1761 3474
1761 3497
1761 3558
1761 3960
1761 3977
1761 4102
1761 4164
1761 4222
1761 4253
1761 4428
1761 4436
1761 4558
1761 4622
1761 4631
1761 4889
1761 4941
1762 1910
1762 2346
1762 2549
1762 2996
1762 3117
1762 3175
1762 3430
1762 3552
1762 3575
1762 3788
1762 3849
1762 3894
1762 4064
1762 4390
1762 4491
1763 1774
1763 2100
1763 2152
1763 2356
1763 2362
1763 2551
1763 2573
1763 2619
1763 2748
1763 3013
1763 3144
1763 3146
1763 3283
1763 3307
1763 3661
1763 3727
1763 4032
1763 4097
1763 4648
1763 4748
1763 4902
1764 1772
1764 2098
1764 2627
1764 2672
1764 2775
1764 3098
1764 3148
1764 3192
1764 3365
1764 3404
1764 3460
1764 3463
1764 3630
1764 3784
1764 4041
1764 4649
1764 4855
1765 1870
1765 1947
1765 1976
1765 2115
1765 2402
1765 2819
1765 2871
1765 3459
1765 3492
1765 3587
1765 3776
1765 3833
1765 3959
1765 3967
1765 4042
1765 4079
1765 4411
1765 4572
1766 1786
1766 1787
1766 1788
1766 1920
1766 1945
1766 2395
1766 2453
1766 2477
1766 2490
1766 2626
1766 2724
1766 2942
1766 2962
1766 3203
1766 3384
1766 3578
1766 3585
1766 3800
1766 3851
1766 3922
1766 3967
1766 4002
1766 4023
1766 4202
1766 4578
1766 4628
1766 4832
1766 4913
1767 1987
1767 2316
1767 2434
1767 2513
1767 2514
1767 2670
1767 2759
1767 2912
1767 3104
1767 3222
1767 3270
1767 3305
1767 3394
1767 3420
1767 3444
1767 3479
1767 3788
1767 3883
1767 4147
1767 4158
1767 4244
1767 4678
1767 4912
1767 4946
1767 4981
1768 1794
1768 1887
1768 1925
1768 2006
1768 2266
1768 2436
1768 2519
1768 2584
1768 2661
1768 2978
1768 3318
1768 3359
1768 3537
1768 4178
1768 4184
1768 4252
1768 4340
1768 4414
1768 4514
1768 4519
1768 4756
1768 4905
1768 4938
1768 4979
1769 1841
1769 1854
1769 1898
1769 2683
1769 2824
1769 3238
1769 3251
1769 3325
1769 3379
1769 3434
1769 3579
1769 3653
1769 3828
1769 3903
1769 4427
1769 4567
1769 4795
1769 4909
1769 4926
1770 1987
1770 2464
1770 2507
1770 2585
1770 2824
1770 2937
1770 3299
1770 3335
1770 3533
1770 3610
1770 3739
1770 4271
1770 4502
1770 4675
1770 4705
1771 1882
1771 1979
1771 2002
1771 2013
1771 2091
1771 2095
1771 2154
1771 2731
1771 2777
1771 2823
1771 2897
1771 3076
1771 3293
1771 3446
1771 3502
1771 4120
1771 4605
1772 1795
1772 1833
1772 2035
1772 2075
1772 2103
1772 2132
1772 2450
1772 2455
1772 2537
1772 2865
1772 2919
1772 2997
1772 3170
1772 3183
1772 3410
1772 3996
1772 4034
1772 4072
1772 4185
1772 4288
1772 4673
1772 4802
1772 4883
1773 2363
1773 2464
1773 2515
1773 2535
1773 2574
1773 2827
1773 3048
1773 3125
1773 3259
1773 3353
1773 3468
1773 3480
1773 3558
1773 3866
1773 3877
1773 4388
1773 4478
1773 4521
1773 4696
1773 4893
1773 4953
1774 1966
1774 2434
1774 2435
1774 2531
1774 3244
1774 3259
1774 3280
1774 3358
1774 4181
1774 4210
1774 4252
1774 4268
1774 4524
1774 4676
1774 4942
1774 4956
1774 4961
1775 1785
1775 1909
1775 2005
1775 2166
1775 2247
1775 2271
1775 2308
1775 2371
1775 2435
1775 2601
1775 2760
1775 3001
1775 3292
1775 3396
1775 3508
1775 3579
1775 3776
1775 3886
1775 4089
1775 4251
1775 4457
1775 4474
1775 4477
1775 4556
1775 4626
1775 4661
1775 4778
1775 4865
1775 4931
1775 4964
1776 2346
1776 2353
1776 2372
1776 2616
1776 2723
1776 3031
1776 3165
1776 3313
1776 3329
1776 3464
1776 3674
1776 3725
1776 3970
1776 4092
1776 4177
1777 1784
1777 1956
1777 1969
1777 2064
1777 2150
1777 2486
1777 2606
1777 2702
1777 3250
1777 3315
1777 3459
1777 3810
1777 3966
1777 4064
1777 4074
1777 4451
1777 4730
1778 1927
1778 2040
1778 2156
1778 2190
1778 2315
1778 2340
1778 2630
1778 2900
1778 3162
1778 3163
1778 3611
1778 3656
1778 3671
1778 3815
1778 4232
1778 4771
1778 4828
1779 1798
1779 1854
1779 1863
1779 2029
1779 2161
1779 2657
1779 2873
1779 3233
1779 3251
1779 3437
1779 3632
1779 3754
1779 3862
1779 3892
1779 4040
1779 4059
1779 4151
1779 4293
1779 4521
1779 4750
1779 4819
1780 1792
1780 2051
1780 2156
1780 2363
1780 2713
1780 2870
1780 3260
1780 3450
1780 3531
1780 3534
1780 3733
1780 4134
1780 4141
1780 4196
1780 4412
1780 4496
1780 4606
1780 4642
1780 4645
1781 1824
1781 1916
1781 2403
1781 2860
1781 2862
1781 2940
1781 3359
1781 3370
1781 3468
1781 3687
1781 3782
1781 4236
1781 4398
1781 4400
1781 4433
1781 4499
1781 4514
1781 4525
1781 4585
1782 1854
1782 2415
1782 2772
1782 2792
1782 2800
1782 2980
1782 3026
1782 3232
1782 3419
1782 3681
1782 3688
1782 3824
1782 4057
1782 4088
1782 4470
1782 4523
1782 4590
1782 4688
1782 4794
1782 4934
1783 2258
1783 2306
1783 2362
1783 2725
1783 2762
1783 2985
1783 3168
1783 3194
1783 3209
1783 3459
1783 3624
1783 3895
1783 3993
1783 4048
1783 4112
1783 4317
1783 4446
1783 4449
1784 2216
1784 2289
1784 2677
1784 2899
1784 2978
1784 3081
1784 3154
1784 3191
1784 3289
1784 3315
1784 3586
1784 3639
1784 3719
1784 4051
1784 4137
1785 1982
1785 2013
1785 2397
1785 2478
1785 2602
1785 2652
1785 2798
1785 3102
1785 3165
1785 3265
1785 3344
1785 3403
1785 3751
1785 3852
1785 3892
1785 3919
1785 4258
1785 4766
1786 1965
1786 1973
1786 2055
1786 2194
1786 2252
1786 2762
1786 2779
1786 3045
1786 3159
1786 3276
1786 3532
1786 3899
1786 4499
1786 4582
1786 4715
1786 4870
1787 1916
1787 1952
1787 2152
1787 2172
1787 2204
1787 2735
1787 2763
1787 2866
1787 2988
1787 3577
1787 3604
1787 4003
1787 4161
1787 4417
1787 4695
1787 4736
1787 4893
1788 1882
1788 2068
1788 2322
1788 2482
1788 2721
1788 2733
1788 3171
1788 3211
1788 3274
1788 3297
1788 3340
1788 3427
1788 3463
1788 3824
1788 3898
1788 4009
1788 4324
1788 4812
1788 4921
1789 1934
1789 2211
1789 2215
1789 2454
1789 2608
1789 2871
1789 3202
1789 3343
1789 3402
1789 3877
1789 3948
1789 3951
1789 4095
1789 4121
1789 4190
1789 4380
1789 4473
1790 1906
1790 2050
1790 2643
1790 2685
1790 2817
1790 3034
1790 3131
1790 3274
1790 3293
1790 3547
1790 3585
1790 3810
1790 4094
1790 4183
1790 4303
1790 4538
1790 4724
1791 1853
1791 2018
1791 2035
1791 2252
1791 2421
1791 2552
1791 2862
1791 2871
1791 2876
1791 3210
1791 3262
1791 3467
1791 3492
1791 3674
1791 4854
1791 4872
1792 1795
1792 1796
1792 1889
1792 1938
1792 2134
1792 2345
1792 2425
1792 2508
1792 2646
1792 2735
1792 2832
1792 2901
1792 3052
1792 3650
1792 3692
1792 3746
1792 3841
1792 4232
1792 4336
1792 4383
1792 4714
1793 2270
1793 2345
1793 2923
1793 2978
1793 3054
1793 3260
1793 3286
1793 3387
1793 3461
1793 3564
1793 3581
1793 3659
1793 3769
1793 3892
1793 4030
1793 4515
1793 4950
1794 1936
1794 1982
1794 2069
1794 2109
1794 2981
1794 3133
1794 3300
1794 3480
1794 3672
1794 3773
1794 3858
1794 3927
1794 3979
1794 4160
1794 4161
1794 4335
1795 1891
1795 2152
1795 2228
1795 2277
1795 2483
1795 2508
1795 2599
1795 2884
1795 3040
1795 3153
1795 3160
1795 3252
1795 3306
1795 3307
1795 3502
1795 4035
1795 4551
1795 4585
1795 4708
1795 4776
1796 1802
1796 1909
1796 1917
1796 1938
1796 1991
1796 2435
1796 2775
1796 2784
1796 2983
1796 3156
1796 3415
1796 3595
1796 3850
1796 3936
1796 4094
1796 4232
1796 4397
1796 4457
1796 4495
1796 4656
1796 4838
1796 4925
1796 4942
1797 2264
1797 2443
1797 2472
1797 2477
1797 2604
1797 2684
1797 2731
1797 2916
1797 3115
1797 3133
1797 3220
1797 3248
1797 3308
1797 3321
1797 3661
1797 3730
1797 4399
1797 4740
1797 4768
1797 4787
1797 4895
1798 1841
1798 1981
1798 2073
1798 2308
1798 2433
1798 2675
1798 2694
1798 2745
1798 2831
1798 2974
1798 2982
1798 3439
1798 3708
1798 3759
1798 3819
1798 4006
1798 4235
1798 4442
1798 4793
1798 4901
1798 4990
1799 2513
1799 2627
1799 2750
1799 2837
1799 2850
1799 2932
1799 2936
1799 3387
1799 3504
1799 3532
1799 3634
1799 3683
1799 3708
1799 3800
1799 3852
1799 4034
1799 4364
1799 4593
1799 4614
1799 4671
1799 4697
1799 4710
1799 4788
1799 4846
1800 2105
1800 2238
1800 2329
1800 2460
1800 2501
1800 2627
1800 2769
1800 3061
1800 3112
1800 3145
1800 3281
1800 3828
1800 3899
1800 3913
1800 3987
1800 4365
1800 4603
1800 4879
1801 1911
1801 1931
1801 2045
1801 2101
1801 2120
1801 2713
1801 2855
1801 2894
1801 2917
1801 2922
1801 2942
1801 3086
1801 3110
1801 3117
1801 3301
1801 3451
1801 3527
1801 3546
1801 3778
1801 3846
1801 3978
1801 4123
1801 4125
1801 4172
1801 4234
1801 4385
1801 4446
1801 4522
1801 4616
1801 4636
1801 4658
1802 1992
1802 2683
1802 2898
1802 3006
1802 3282
1802 3371
1802 3375
1802 3469
1802 3714
1802 4187
1802 4286
1802 4306
1802 4607
1802 4745
1803 1974
1803 2559
1803 2652
1803 2694
1803 3156
1803 3211
1803 3670
1803 3945
1803 4112
1803 4785
1803 4793
1803 4824
1803 4996
1804 1834
1804 2145
1804 2254
1804 2368
1804 3103
1804 3338
1804 3738
1804 3804
1804 3858
1804 4175
1804 4581
1804 4602
1805 2027
1805 2148
1805 2345
1805 2507
1805 2523
1805 2646
1805 2810
1805 2854
1805 2899
1805 3113
1805 3414
1805 3451
1805 3529
1805 3574
1805 3635
1805 3652
1805 3855
1805 3976
1805 4092
1805 4682
1805 4839
1805 4964
1806 1811
1806 1830
1806 1921
1806 1951
1806 1953
1806 2217
1806 2344
1806 2582
1806 2589
1806 3036
1806 3299
1806 3641
1806 3730
1806 3943
1806 4163
1806 4209
1806 4363
1806 4710
1806 4887
1806 4986
1807 2079
1807 2191
1807 2355
1807 2830
1807 2886
1807 3489
1807 4016
1807 4092
1807 4169
1807 4509
1807 4598
1807 4739
1807 4858
1807 4888
1808 1913
1808 1985
1808 2018
1808 2104
1808 2347
1808 2400
1808 2770
1808 3045
1808 3050
1808 3131
1808 3177
1808 3310
1808 3395
1808 3414
1808 3438
1808 3505
1808 3629
1808 3865
1808 3972
1808 3993
1808 4162
1808 4206
1808 4247
1809 2061
1809 2234
1809 2534
1809 2872
1809 2900
1809 2969
1809 3143
1809 3152
1809 3327
1809 3516
1809 3719
1809 3836
1809 3988
1809 4243
1809 4299
1809 4339
1809 4516
1809 4680
1809 4875
1809 4892
1809 4990
1810 2023
1810 2177
1810 2294
1810 2339
1810 2580
1810 2585
1810 2803
1810 3156
1810 3157
1810 3734
1810 3856
1810 4182
1810 4382
1810 4398
1810 4415
1810 4484
1811 1999
1811 2001
1811 2036
1811 2149
1811 2211
1811 2309
1811 2397
1811 2406
1811 2795
1811 3395
1811 4000
1811 4216
1811 4240
1811 4340
1811 4410
1811 4890
1812 1925
1812 2115
1812 2166
1812 2460
1812 2768
1812 2912
1812 2924
1812 3030
1812 3319
1812 3360
1812 3376
1812 3499
1812 3548
1812 3828
1812 3995
1812 4017
1812 4035
1812 4091
1812 4226
1812 4295
1812 4313
1812 4317
1812 4408
1812 4473
1812 4584
1812 4595
1813 1873
1813 2198
1813 2555
1813 2667
1813 2799
1813 3084
1813 3098
1813 3469
1813 3727
1813 3938
1813 4058
1813 4134
1813 4243
1813 4261
1813 4634
1813 4879
1814 1854
1814 2063
1814 2349
1814 2480
1814 2610
1814 2805
1814 2848
1814 2875
1814 2918
1814 3026
1814 3102
1814 3145
1814 3368
1814 3371
1814 3390
1814 3630
1814 3778
1814 3826
1814 4053
1814 4131
1814 4139
1814 4314
1814 4368
1814 4465
1814 4751
1814 4797
1814 4850
1815 2231
1815 2299
1815 2421
1815 2561
1815 2616
1815 2653
1815 2767
1815 2918
1815 3404
1815 3432
1815 3819
1815 3961
1815 4143
1815 4688
1815 4934
1816 1984
1816 2107
1816 2370
1816 2575
1816 2765
1816 2811
1816 3112
1816 3563
1816 3703
1816 3762
1816 3920
1816 3965
1816 4053
1816 4190
1816 4287
1816 4352
1816 4595
1816 4667
1816 4677
1816 4745
1816 4821
1816 4944
1816 4993
1817 1981
1817 2006
1817 2299
1817 2519
1817 2713
1817 2796
1817 3143
1817 3266
1817 3293
1817 3305
1817 3369
1817 3640
1817 3778
1817 4275
1817 4362
1817 4387
1817 4404
1817 4434
1817 4698
1817 4857
1817 4863
1818 1846
1818 1930
1818 2080
1818 2112
1818 2197
1818 2446
1818 2823
1818 2901
1818 2928
1818 3036
1818 3208
1818 3334
1818 3523
1818 3808
1818 3908
1818 4033
1818 4042
1818 4268
1818 4492
1818 4842
1818 4954
1819 2294
1819 2435
1819 2449
1819 3030
1819 3105
1819 3400
1819 3431
1819 3571
1819 3680
1819 3703
1819 3713
1819 3727
1819 4041
1819 4079
1819 4765
1820 2105
1820 2294
1820 2331
1820 2437
1820 2614
1820 2634
1820 2652
1820 3520
1820 4126
1820 4513
1820 4803
1821 1864
1821 1886
1821 2178
1821 2253
1821 2442
1821 2526
1821 2537
1821 2646
1821 2686
1821 2756
1821 3158
1821 3190
1821 3214
1821 3295
1821 3407
1821 3499
1821 3606
1821 3665
1821 3701
1821 3769
1821 3965
1821 4157
1821 4206
1821 4302
1821 4315
1821 4366
1821 4426
1821 4481
1821 4523
1821 4706
1821 4896
1822 1913
1822 2291
1822 2444
1822 2537
1822 2720
1822 3123
1822 3300
1822 3423
1822 3777
1822 4091
1822 4148
1822 4195
1822 4595
1822 4607
1822 4624
1823 2089
1823 2699
1823 2704
1823 2737
1823 2890
1823 2898
1823 2974
1823 2984
1823 3013
1823 3287
1823 3341
1823 3911
1823 4243
1823 4769
1823 4876
1824 2057
1824 2188
1824 2220
1824 2567
1824 2702
1824 2854
1824 3055
1824 3827
1824 3858
1824 4020
1824 4172
1824 4685
1824 4751
1824 4913
1825 1890
1825 1933
1825 2079
1825 2305
1825 2699
1825 3033
1825 3076
1825 3258
1825 3396
1825 3408
1825 3636
1825 3644
1825 3674
1825 3927
1825 3942
1825 3963
1825 4128
1825 4177
1825 4214
1825 4652
1825 4791
1825 4829
1825 4994
1826 2363
1826 2427
1826 2675
1826 2799
1826 3019
1826 3357
1826 3482
1826 3831
1826 3882
1826 4268
1826 4336
1826 4783
1827 1852
1827 1917
1827 2069
1827 2189
1827 2324
1827 2439
1827 2524
1827 2630
1827 2641
1827 2712
1827 2930
1827 3254
1827 3275
1827 3404
1827 3640
1827 4162
1827 4288
1827 4566
1827 4669
1827 4769
1827 4832
1827 4879
1827 4900
1828 1968
1828 2179
1828 2357
1828 2628
1828 2723
1828 2763
1828 3010
1828 3045
1828 3079
1828 3099
1828 3111
1828 3190
1828 3199
1828 3605
1828 3667
1828 3806
1828 3826
1828 3965
1828 4181
1828 4588
1828 4683
1828 4792
1828 4944
1829 1981
1829 2230
1829 2246
1829 2706
1829 2926
1829 3152
1829 3314
1829 3712
1829 4183
1829 4200
1829 4241
1829 4442
1829 4652
1830 1951
1830 1985
1830 2106
1830 2464
1830 2761
1830 3127
1830 3139
1830 3212
1830 3464
1830 3476
1830 3866
1830 3867
1830 3976
1830 4027
1830 4048
1830 4054
1830 4105
1830 4318
1830 4357
1830 4506
1830 4663
1830 4867
1831 1893
1831 2146
1831 2361
1831 2569
1831 2640
1831 2826
1831 2832
1831 2990
1831 2992
1831 3044
1831 3383
1831 3496
1831 3518
1831 3775
1831 3781
1831 3907
1831 4528
1831 4625
1832 2086
1832 2127
1832 2353
1832 2365
1832 2792
1832 3148
1832 3374
1832 3549
1832 3656
1832 3804
1832 3965
1832 4136
1832 4302
1832 4383
1832 4644
1832 4704
1832 4751
1832 4765
1832 4798
1833 1855
1833 1863
1833 1949
1833 2006
1833 2022
1833 2091
1833 2225
1833 2228
1833 2343
1833 2442
1833 2482
1833 2496
1833 2645
1833 2780
1833 3025
1833 3071
1833 3095
1833 3140
1833 3171
1833 3385
1833 3452
1833 3472
1833 3923
1833 3944
1833 4269
1833 4412
1833 4898
1833 4973
1834 2251
1834 2477
1834 2986
1834 3184
1834 3273
1834 3434
1834 3644
1834 4100
1834 4195
1835 1889
1835 1944
1835 2258
1835 2264
1835 2432
1835 2572
1835 2617
1835 2666
1835 2692
1835 2858
1835 3733
1835 3747
1835 4154
1835 4364
1835 4552
1835 4712
1835 4758
1835 4843
1836 2215
1836 2403
1836 2709
1836 2867
1836 2902
1836 3078
1836 3161
1836 3407
1836 3571
1836 3634
1836 3761
1836 4030
1836 4293
1836 4313
1836 4325
1836 4453
1836 4606
1836 4788
1836 4995
1837 1879
1837 2027
1837 2078
1837 2131
1837 2203
1837 2332
1837 2369
1837 2431
1837 2506
1837 2522
1837 2722
1837 2848
1837 2915
1837 3321
1837 3350
1837 3709
1837 3800
1837 4226
1837 4376
1837 4510
1837 4625
1837 4695
1838 1853
1838 1995
1838 2118
1838 2126
1838 2750
1838 2928
1838 3004
1838 3366
1838 3427
1838 3441
1838 3598
1838 4051
1838 4286
1838 4332
1838 4930
1838 4949
1839 2266
1839 2446
1839 2534
1839 2622
1839 2809
1839 3038
1839 3041
1839 3294
1839 3523
1839 3542
1839 3669
1839 3858
1839 3905
1839 3912
1839 3950
1839 3953
1839 4082
1839 4199
1839 4699
1839 4780
1839 4785
1840 1962
1840 1977
1840 2314
1840 2334
1840 2446
1840 2548
1840 2609
1840 2706
1840 3250
1840 3269
1840 3420
1840 3643
1840 3820
1840 4058
1840 4101
1840 4222
1840 4233
1840 4493
1840 4507
1840 4575
1841 1974
1841 2127
1841 2257
1841 2396
1841 2399
1841 2535
1841 2629
1841 2869
1841 2891
1841 3206
1841 3909
1841 4032
1841 4485
1841 4540
1841 4634
1841 4941
1842 1952
1842 2010
1842 2382
1842 2548
1842 2780
1842 3247
1842 3577
1842 3704
1842 3843
1842 4091
1842 4325
1842 4507
1842 4527
1842 4767
1842 4839
1842 4862
1842 4869
1842 4885
1843 1921
1843 2174
1843 2187
1843 2412
1843 2596
1843 2765
1843 2945
1843 2950
1843 3386
1843 3917
1843 4605
1844 1894
1844 2269
1844 2701
1844 2720
1844 2896
1844 2907
1844 3080
1844 3157
1844 3501
1844 3648
1844 3726
1844 3785
1844 3945
1844 4090
1844 4517
1844 4581
1844 4643
1844 4708
1844 4781
1844 4985
1845 1850
1845 2008
1845 2156
1845 2267
1845 2329
1845 2462
1845 2690
1845 2728
1845 3025
1845 3140
1845 3163
1845 3187
1845 3200
1845 3584
1845 3720
1845 3983
1845 4005
1845 4047
1845 4119
1845 4141
1845 4142
1845 4238
1845 4247
1845 4263
1845 4424
1845 4491
1845 4551
1845 4772
1845 4947
1846 2026
1846 2133
1846 2168
1846 2224
1846 2500
1846 2583
1846 2643
1846 2690
1846 3032
1846 3083
1846 3265
1846 3268
1846 3393
1846 3585
1846 3778
1846 3903
1846 4744
1846 4776
1847 2357
1847 2513
1847 2886
1847 3170
1847 3318
1847 3390
1847 3447
1847 3719
1847 3832
1847 4454
1847 4786
1847 4930
1847 4980
1848 2228
1848 2587
1848 2641
1848 2648
1848 3114
1848 3179
1848 3232
1848 3292
1848 3304
1848 3509
1848 3636
1848 3750
1848 3917
1848 4013
1848 4066
1848 4732
1849 2013
1849 2433
1849 2442
1849 2830
1849 2985
1849 3250
1849 3654
1849 3745
1849 3830
1849 4137
1849 4234
1849 4361
1849 4870
1849 4964
1850 2043
1850 2119
1850 2161
1850 2188
1850 2210
1850 2223
1850 2328
1850 2359
1850 2652
1850 2983
1850 3236
1850 3524
1850 3908
1850 4011
1850 4506
1850 4560
1850 4912
1851 1921
1851 2012
1851 2169
1851 2829
1851 2870
1851 3027
1851 3133
1851 3225
1851 3371
1851 3534
1851 3611
1851 3656
1851 3752
1851 3791
1851 4000
1851 4038
1851 4273
1851 4328
1851 4529
1851 4550
1851 4646
1851 4695
1852 2783
1852 2894
1852 3245
1852 3278
1852 3569
1852 3593
1852 4019
1852 4260
1852 4316
1852 4950
1853 2040
1853 2050
1853 2095
1853 2293
1853 2779
1853 2827
1853 2948
1853 3103
1853 3182
1853 3513
1853 3766
1853 3942
1853 4061
1853 4331
1853 4859
1854 1864
1854 3135
1854 3200
1854 3342
1854 3429
1854 3469
1854 3484
1854 3611
1854 3642
1854 3646
1854 3735
1854 3910
1854 4090
1854 4315
1854 4433
1854 4449
1855 2014
1855 2126
1855 2326
1855 2390
1855 2428
1855 2542
1855 2744
1855 3135
1855 3213
1855 3242
1855 3369
1855 3747
1855 3787
1855 3839
1855 3902
1855 3930
1855 4030
1855 4244
1855 4296
1855 4315
1855 4346
1855 4596
1855 4673
1855 4838
1855 4940
1856 1889
1856 2212
1856 2213
1856 2385
1856 2487
1856 2522
1856 2612
1856 2747
1856 2753
1856 2778
1856 3119
1856 3178
1856 3235
1856 3250
1856 3784
1856 4095
1856 4354
1856 4358
1856 4620
1856 4934
1856 4948
1857 1935
1857 2093
1857 2261
1857 2578
1857 2770
1857 2845
1857 3376
1857 3687
1857 3707
1857 3750
1857 3836
1857 4232
1857 4305
1857 4786
1857 4818
1857 4939
1858 1971
1858 2472
1858 2754
1858 2978
1858 3003
1858 3015
1858 3130
1858 3312
1858 3372
1858 3460
1858 3671
1858 4182
1858 4271
1858 4457
1858 4490
1858 4559
1858 4571
1858 4680
1858 4711
1859 2001
1859 2079
1859 2184
1859 2436
1859 2510
1859 2578
1859 3003
1859 3034
1859 3036
1859 3084
1859 3130
1859 3205
1859 3756
1859 3845
1859 4261
1859 4340
1859 4465
1859 4955
1860 1870
1860 1876
1860 2086
1860 2178
1860 2210
1860 2332
1860 2618
1860 2709
1860 2923
1860 3008
1860 3105
1860 3329
1860 3449
1860 3553
1860 3789
1860 3891
1860 3939
1860 4083
1860 4249
1860 4252
1860 4369
1860 4432
1860 4752
1860 4880
1861 1953
1861 1956
1861 2143
1861 2667
1861 3048
1861 3074
1861 3186
1861 3286
1861 3522
1861 3758
1861 3822
1861 3882
1861 3956
1861 4132
1861 4175
1861 4302
1861 4351
1861 4412
1861 4549
1861 4571
1861 4768
1862 1910
1862 1968
1862 1986
1862 2095
1862 2210
1862 2229
1862 2347
1862 2644
1862 2984
1862 3097
1862 3210
1862 3674
1862 3874
1862 3886
1862 3947
1862 4069
1862 4178
1862 4440
1863 1896
1863 2172
1863 2244
1863 2444
1863 2450
1863 2524
1863 3027
1863 3094
1863 3107
1863 3265
1863 3482
1863 3541
1863 3577
1863 3697
1863 3886
1863 4127
1863 4285
1863 4509
1863 4512
1863 4522
1863 4637
1863 4824
1863 4884
1863 4928
1864 2058
1864 2595
1864 2614
1864 2727
1864 2764
1864 2776
1864 2908
1864 2920
1864 3101
1864 3211
1864 3238
1864 3352
1864 3439
1864 3651
1864 3714
1864 4563
1864 4620
1864 4773
1864 4952
1865 2124
1865 2231
1865 2234
1865 2500
1865 2875
1865 2888
1865 3117
1865 3146
1865 3188
1865 3193
1865 3283
1865 3457
1865 3495
1865 3577
1865 3608
1865 4158
1865 4180
1865 4241
1865 4311
1865 4375
1865 4670
1865 4749
1866 1868
1866 2297
1866 2434
1866 2510
1866 2727
1866 2739
1866 2773
1866 3180
1866 3209
1866 3344
1866 3368
1866 3855
1866 4424
1866 4472
1866 4566
1867 2289
1867 2301
1867 2319
1867 2364
1867 2501
1867 2709
1867 2829
1867 3067
1867 3114
1867 3430
1867 3669
1867 3778
1867 3898
1867 4122
1867 4154
1867 4417
1867 4683
1867 4880
1868 2269
1868 2372
1868 2438
1868 2441
1868 2576
1868 3203
1868 3238
1868 3366
1868 3402
1868 3545
1868 3730
1868 4228
1868 4252
1868 4334
1868 4645
1868 4690
1868 4731
1868 4797
1868 4805
1868 4866
1868 4981
1868 4985
1869 1879
1869 1886
1869 2008
1869 2181
1869 2199
1869 2237
1869 2531
1869 2541
1869 2658
1869 2748
1869 3010
1869 3168
1869 3237
1869 3260
1869 3523
1869 3577
1869 3727
1869 3757
1869 3763
1869 3785
1869 3825
1869 3990
1869 4017
1869 4449
1869 4585
1869 4713
1869 4848
1869 4985
1870 1902
1870 2308
1870 2509
1870 2544
1870 3055
1870 3233
1870 3636
1870 3795
1870 4085
1870 4188
1870 4208
1870 4271
1870 4514
1870 4634
1870 4986
1871 1893
1871 2015
1871 2063
1871 2161
1871 2242
1871 2518
1871 2739
1871 3203
1871 3217
1871 3226
1871 3892
1871 3968
1871 4038
1871 4366
1871 4475
1871 4972
1872 1945
1872 2048
1872 2139
1872 2262
1872 2420
1872 2799
1872 2809
1872 2858
1872 3062
1872 3084
1872 3119
1872 3261
1872 3286
1872 3331
1872 3423
1872 3510
1872 3710
1872 3845
1872 3905
1872 4144
1872 4170
1872 4351
1873 2077
1873 2092
1873 2305
1873 2362
1873 2389
1873 2611
1873 2659
1873 3343
1873 3374
1873 3377
1873 3461
1873 3467
1873 3583
1873 3780
1873 3901
1873 4098
1873 4191
1873 4299
1873 4365
1873 4451
1873 4460
1873 4735
1873 4789
1873 4802
1874 2138
1874 2408
1874 2512
1874 2561
1874 2760
1874 2814
1874 2844
1874 3020
1874 3090
1874 3298
1874 3452
1874 3454
1874 3465
1874 4139
1874 4301
1874 4385
1874 4577
1874 4908
1874 4916
1875 2102
1875 2105
1875 2182
1875 2340
1875 3640
1875 3707
1875 3769
1875 3907
1875 3995
1875 4329
1875 4592
1875 4671
1875 4895
1875 4943
1876 1970
1876 2424
1876 2538
1876 2655
1876 2664
1876 2694
1876 2776
1876 3235
1876 3254
1876 3463
1876 3703
1876 3740
1876 4043
1876 4100
1876 4198
1876 4200
1876 4452
1876 4510
1876 4752
1876 4913
1876 4928
1877 1899
1877 1908
1877 1942
1877 2051
1877 2684
1877 2785
1877 2966
1877 3509
1877 3647
1877 3661
1877 4040
1877 4206
1877 4666
1877 4847
1877 4900
1878 2201
1878 2244
1878 2366
1878 2399
1878 2641
1878 2827
1878 2838
1878 3026
1878 3146
1878 3729
1878 3730
1878 3734
1878 3738
1878 4012
1878 4117
1878 4133
1878 4473
1878 4605
1878 4861
1879 1901
1879 2353
1879 2450
1879 2521
1879 2630
1879 2859
1879 3005
1879 3554
1879 3581
1879 3960
1879 4130
1879 4208
1879 4286
1879 4310
1879 4317
1879 4522
1879 4888
1880 1899
1880 2010
1880 2319
1880 2505
1880 2826
1880 2891
1880 2967
1880 3157
1880 3194
1880 3211
1880 3428
1880 3436
1880 3483
1880 3608
1880 3623
1880 3736
1880 3929
1880 3971
1880 4015
1880 4596
1880 4864
1880 4953
1881 1963
1881 2749
1881 2810
1881 3096
1881 3261
1881 3527
1881 3702
1881 3952
1881 3988
1881 4129
1881 4263
1881 4433
1881 4503
1881 4781
1881 4918
1881 4979
1882 1967
1882 2000
1882 2729
1882 2982
1882 3184
1882 3392
1882 3717
1882 3868
1882 3969
1882 4107
1882 4179
1882 4422
1882 4487
1882 4573
1882 4578
1882 4678
1882 4702
1882 4806
1882 4871
1882 4963
1883 1887
1883 1994
1883 2178
1883 2463
1883 2557
1883 2619
1883 2763
1883 2891
1883 2972
1883 3335
1883 3501
1883 3817
1883 3896
1883 3986
1883 4000
1883 4103
1883 4183
1883 4273
1883 4602
1883 4787
1883 4833
1884 1948
1884 2091
1884 2109
1884 2327
1884 2377
1884 2382
1884 2417
1884 2456
1884 2494
1884 2659
1884 2801
1884 2914
1884 3208
1884 3520
1884 3605
1884 3653
1884 3734
1884 3943
1884 4173
1884 4980
1885 2150
1885 2182
1885 2208
1885 2307
1885 2379
1885 2456
1885 2470
1885 3611
1885 3791
1885 4353
1885 4648
1885 4662
1885 4683
1886 1892
1886 1901
1886 1965
1886 1991
1886 2117
1886 2885
1886 3018
1886 3135
1886 3244
1886 3584
1886 3630
1886 3720
1886 3807
1886 3939
1886 3961
1886 4388
1886 4491
1886 4521
1886 4522
1886 4736
1886 4976
1886 4998
1887 1904
1887 1944
1887 1949
1887 2365
1887 2441
1887 2645
1887 2766
1887 2980
1887 3000
1887 3154
1887 3267
1887 3428
1887 3800
1887 4123
1887 4316
1887 4638
1887 4710
1887 4736
1887 4804
1887 4995
1888 1893
1888 1904
1888 1928
1888 2215
1888 2220
1888 2291
1888 2408
1888 2422
1888 2539
1888 2665
1888 2914
1888 3009
1888 3124
1888 3159
1888 3230
1888 3380
1888 3577
1888 3651
1888 3713
1888 4071
1888 4087
1888 4811
1888 4820
1888 4841
1888 4951
1889 2126
1889 2242
1889 2356
1889 2442
1889 2591
1889 2796
1889 2995
1889 3804
1889 3890
1889 3958
1889 4064
1889 4094
1889 4247
1889 4391
1889 4686
1889 4875
1889 4984
1890 1949
1890 2034
1890 2072
1890 2103
1890 2122
1890 2164
1890 2217
1890 2237
1890 2262
1890 2372
1890 2640
1890 2771
1890 2797
1890 2800
1890 2838
1890 2873
1890 3058
1890 3268
1890 3535
1890 3609
1890 3680
1890 3721
1890 3900
1890 3915
1890 4049
1890 4075
1890 4226
1890 4246
1890 4443
1890 4498
1890 4716
1890 4763
1891 2113
1891 2121
1891 2282
1891 2480
1891 2523
1891 2525
1891 2729
1891 2823
1891 2862
1891 2975
1891 3442
1891 3519
1891 3627
1891 3675
1891 3699
1891 3958
1891 4079
1891 4122
1891 4321
1891 4529
1891 4588
1892 1951
1892 1975
1892 2005
1892 2038
1892 2062
1892 3019
1892 3081
1892 3090
1892 3227
1892 3600
1892 3825
1892 3910
1892 4173
1892 4225
1892 4297
1892 4437
1892 4530
1892 4674
1892 4758
1892 4901
1893 2067
1893 2079
1893 2102
1893 2146
1893 2201
1893 2339
1893 2700
1893 2777
1893 2972
1893 3054
1893 3105
1893 3146
1893 3546
1893 3550
1893 3790
1893 3831
1893 3876
1893 4053
1893 4093
1893 4243
1893 4372
1893 4525
1893 4580
1893 4793
1894 1965
1894 2229
1894 2347
1894 2632
1894 2686
1894 2699
1894 2787
1894 2891
1894 2943
1894 3131
1894 3463
1894 3541
1894 3617
1894 3747
1894 4047
1894 4176
1895 1924
1895 2077
1895 2285
1895 2966
1895 3144
1895 3388
1895 3756
1895 3906
1895 3987
1895 4056
1895 4130
1895 4464
1895 4613
1895 4654
1895 4846
1895 4867
1896 2086
1896 2344
1896 2366
1896 2812
1896 2898
1896 3038
1896 3143
1896 3181
1896 3298
1896 3326
1896 3416
1896 3491
1896 3613
1896 3686
1896 3722
1896 3804
1896 4070
1896 4366
1896 4540
1896 4693
1896 4809
1896 4860
1897 1992
1897 2375
1897 2432
1897 2706
1897 2727
1897 2877
1897 2986
1897 3116
1897 3455
1897 3529
1897 3582
1897 3595
1897 4448
1897 4978
1898 1988
1898 2313
1898 2419
1898 2558
1898 2645
1898 2896
1898 2983
1898 3142
1898 3439
1898 3492
1898 3524
1898 3978
1898 4120
1899 1901
1899 2003
1899 2046
1899 2164
1899 2339
1899 2399
1899 2565
1899 2708
1899 2767
1899 3182
1899 3777
1899 3927
1899 4263
1899 4341
1899 4534
1899 4728
1900 2224
1900 2477
1900 2496
1900 2621
1900 2695
1900 2888
1900 3390
1900 3495
1900 3519
1900 3851
1900 3883
1900 3910
1900 4076
1900 4113
1900 4427
1900 4507
1900 4758
1900 4890
1900 4928
1901 1949
1901 1966
1901 2034
1901 2316
1901 2373
1901 2378
1901 2384
1901 2858
1901 2883
1901 3405
1901 3407
1901 3761
1901 3764
1901 3794
1901 3874
1901 4069
1901 4240
1901 4282
1901 4428
1901 4472
1902 1923
1902 1995
1902 2314
1902 2378
1902 2432
1902 3268
1902 3567
1902 3788
1902 3915
1902 4527
1902 4621
1902 4814
1902 4874
1903 1916
1903 2073
1903 2272
1903 2892
1903 2918
1903 3021
1903 3194
1903 3340
1903 3433
1903 3541
1903 3553
1903 3609
1903 3836
1903 3923
1903 3987
1903 4040
1903 4280
1903 4409
1903 4789
1904 1944
1904 1994
1904 2035
1904 2264
1904 2332
1904 2422
1904 2591
1904 2862
1904 2904
1904 3084
1904 3199
1904 3225
1904 3282
1904 3506
1904 3571
1904 3854
1904 3935
1904 4299
1904 4500
1904 4823
1905 2047
1905 2405
1905 2421
1905 2551
1905 3208
1905 3310
1905 3338
1905 3345
1905 3518
1905 3544
1905 3998
1905 4252
1905 4263
1905 4438
1905 4748
1906 2270
1906 2319
1906 2781
1906 2831
1906 3410
1906 3669
1906 3734
1906 4117
1906 4328
1906 4352
1906 4579
1906 4814
1906 4861
1907 1910
1907 1986
1907 2262
1907 2312
1907 2442
1907 2612
1907 2829
1907 2890
1907 3159
1907 3223
1907 3467
1907 3524
1907 3626
1907 3782
1907 3889
1907 4059
1907 4157
1907 4170
1907 4268
1907 4288
1907 4413
1907 4622
1907 4623
1907 4881
1907 4924
1907 4962
1908 1957
1908 2200
1908 2234
1908 2329
1908 2451
1908 2588
1908 2780
1908 2807
1908 2865
1908 2941
1908 3107
1908 3140
1908 3210
1908 3545
1908 3584
1908 3679
1908 4470
1908 4523
1908 4863
1908 4912
1908 4955
1908 4986
1909 1912
1909 1943
1909 2000
1909 2156
1909 2178
1909 2317
1909 2561
1909 2778
1909 2960
1909 3237
1909 3382
1909 3639
1909 4331
1909 4514
1909 4620
1910 2037
1910 2161
1910 2348
1910 2452
1910 2915
1910 2929
1910 2940
1910 3579
1910 3624
1910 3654
1910 3727
1910 3940
1910 3959
1910 4040
1910 4261
1910 4537
1911 1976
1911 2302
1911 2321
1911 2346
1911 2644
1911 3408
1911 3542
1911 3875
1911 3916
1911 4049
1911 4052
1911 4073
1911 4201
1911 4270
1911 4306
1911 4511
1911 4653
1911 4915
1912 1996
1912 2100
1912 2184
1912 2514
1912 2921
1912 3046
1912 3440
1912 3476
1912 3495
1912 3573
1912 3839
1912 3854
1912 3967
1912 4407
1912 4446
1912 4482
1912 4592
1913 2142
1913 2164
1913 2184
1913 2322
1913 2539
1913 2556
1913 2753
1913 2790
1913 3210
1913 3314
1913 3887
1913 4298
1913 4402
1914 2036
1914 2841
1914 2933
1914 3291
1914 3383
1914 3634
1914 3666
1914 4343
1914 4567
1914 4600
1915 2038
1915 2348
1915 2638
1915 3065
1915 3203
1915 3305
1915 3451
1915 3653
1915 3671
1915 3714
1915 4253
1915 4326
1915 4441
1915 4445
1915 4565
1915 4722
1915 4728
1915 4983
1916 2050
1916 2135
1916 2815
1916 2884
1916 2931
1916 3015
1916 3060
1916 3124
1916 3664
1916 3862
1916 3866
1916 4056
1916 4100
1916 4183
1916 4218
1916 4692
1916 4929
1917 1968
1917 2199
1917 2369
1917 3000
1917 3126
1917 3594
1917 3634
1917 3683
1917 3873
1917 3984
1917 4052
1917 4172
1917 4509
1917 4608
1917 4804
1917 4857
1918 1969
1918 2030
1918 2104
1918 2441
1918 2610
1918 3092
1918 3378
1918 3621
1918 3664
1918 3785
1918 3998
1918 4499
1919 2380
1919 2397
1919 2476
1919 2592
1919 2844
1919 2924
1919 3137
1919 3233
1919 3389
1919 3457
1919 3552
1919 3807
1919 3930
1919 4034
1919 4051
1919 4580
1919 4998
1920 2028
1920 2130
1920 2143
1920 2521
1920 2690
1920 2692
1920 3181
1920 3352
1920 3597
1920 3642
1920 3747
1920 3803
1920 3987
1920 4156
1920 4252
1920 4310
1920 4345
1920 4477
1920 4495
1920 4535
1921 1942
1921 2092
1921 2598
1921 2695
1921 2716
1921 2752
1921 2847
1921 2853
1921 2933
1921 2975
1921 3031
1921 3152
1921 3362
1921 3466
1921 3554
1921 3963
1921 4038
1921 4757
1922 2085
1922 2208
1922 2326
1922 2539
1922 2664
1922 2684
1922 2776
1922 2805
1922 3054
1922 3237
1922 3471
1922 3549
1922 3956
1922 4434
1922 4511
1922 4669
1922 4713
1922 4714
1922 4920
1922 4988
1923 2345
1923 2394
1923 2500
1923 2923
1923 2983
1923 3464
1923 3522
1923 3527
1923 3680
1923 3780
1923 4255
1923 4433
1923 4587
1923 4589
1923 4617
1923 4895
1924 2255
1924 2329
1924 2435
1924 2454
1924 3077
1924 3172
1924 3285
1924 3416
1924 3423
1924 3712
1924 3922
1924 4217
1924 4423
1924 4928
1925 2049
1925 2291
1925 2544
1925 2556
1925 2680
1925 2933
1925 3602
1925 3685
1925 3793
1925 4023
1925 4171
1925 4341
1925 4677
1925 4692
1925 4832
1925 4847
1925 4848
1925 4907
1926 1953
1926 2014
1926 2103
1926 2275
1926 2375
1926 2413
1926 2634
1926 2717
1926 2819
1926 2864
1926 2980
1926 3674
1926 3852
1926 3895
1926 4371
1926 4437
1926 4506
1926 4522
1926 4571
1926 4862
1927 2135
1927 2299
1927 2477
1927 2480
1927 2641
1927 2888
1927 3068
1927 3117
1927 3200
1927 3316
1927 3917
1927 3955
1927 3966
1927 4011
1927 4332
1927 4577
1927 4780
1927 4920
1928 1954
1928 2007
1928 2094
1928 2174
1928 2360
1928 2391
1928 2429
1928 2651
1928 2753
1928 3082
1928 3086
1928 3636
1928 3640
1928 3703
1928 3872
1928 4135
1928 4140
1928 4927
1928 4933
1929 1964
1929 2036
1929 2415
1929 2481
1929 2759
1929 3143
1929 3252
1929 3476
1929 3812
1929 3911
1929 4189
1929 4512
1929 4533
1929 4903
1930 1979
1930 2372
1930 3676
1930 3683
1930 3757
1930 3828
1930 3874
1930 3897
1930 4251
1930 4479
1930 4566
1930 4725
1931 1957
1931 2039
1931 2095
1931 2225
1931 2263
1931 2316
1931 2322
1931 2474
1931 2479
1931 2492
1931 2719
1931 2913
1931 2948
1931 3185
1931 3400
1931 3423
1931 3832
1931 4011
1931 4013
1931 4149
1931 4397
1931 4518
1931 4611
1931 4779
1932 2106
1932 2160
1932 2519
1932 2733
1932 2832
1932 2929
1932 3118
1932 3387
1932 3464
1932 3520
1932 3820
1932 3948
1932 3962
1932 4039
1932 4201
1932 4373
1932 4403
1932 4530
1932 4533
1932 4581
1932 4615
1932 4832
1932 4916
1932 4946
1933 2114
1933 2617
1933 2627
1933 2694
1933 2733
1933 2776
1933 2816
1933 2934
1933 3209
1933 3929
1933 4125
1933 4328
1933 4350
1933 4472
1933 4618
1933 4838
1933 4846
1934 2002
1934 2163
1934 2435
1934 2436
1934 2738
1934 2813
1934 2930
1934 3320
1934 3711
1934 3864
1934 4014
1934 4073
1934 4375
1934 4949
1934 4995
1935 1988
1935 1991
1935 2233
1935 2296
1935 2315
1935 2516
1935 2701
1935 2812
1935 2836
1935 3118
1935 3232
1935 3288
1935 3390
1935 3401
1935 3990
1935 4268
1935 4365
1935 4387
1935 4468
1935 4631
1935 4799
1936 1997
1936 2343
1936 2382
1936 2452
1936 2890
1936 3081
1936 3592
1936 3635
1936 3798
1936 3934
1936 4322
1936 4393
1936 4460
1936 4633
1936 4646
1936 4658
1936 4664
1936 4706
1936 4955
1936 4987
1937 1992
1937 2000
1937 2162
1937 2881
1937 3114
1937 3202
1937 3669
1937 3977
1937 4443
1937 4690
1937 4724
1938 1962
1938 2321
1938 2465
1938 3173
1938 3466
1938 3578
1938 3811
1938 3926
1938 4077
1938 4170
1938 4221
1938 4256
1938 4538
1938 4841
1939 2047
1939 2158
1939 2393
1939 2423
1939 3013
1939 3127
1939 3182
1939 3319
1939 3330
1939 3517
1939 3640
1939 3658
1939 3784
1939 3880
1939 4218
1939 4454
1939 4616
1939 4893
1940 2190
1940 2403
1940 2549
1940 2926
1940 3175
1940 3412
1940 3867
1940 3877
1940 4133
1940 4199
1940 4468
1940 4512
1940 4900
1940 4953
1941 1995
1941 2052
1941 2091
1941 2243
1941 2571
1941 2623
1941 2759
1941 2868
1941 3232
1941 3259
1941 3358
1941 3573
1941 3579
1941 3655
1941 3839
1941 4280
1941 4308
1941 4704
1942 1993
1942 2036
1942 2339
1942 2672
1942 2733
1942 2766
1942 2819
1942 2888
1942 3205
1942 3421
1942 3478
1942 3487
1942 3512
1942 3656
1942 3804
1942 3960
1942 4269
1942 4317
1942 4596
1942 4882
1943 2245
1943 2400
1943 2729
1943 2787
1943 3006
1943 3233
1943 4217
1943 4340
1944 1960
1944 1969
1944 2021
1944 2533
1944 2723
1944 2933
1944 2973
1944 3332
1944 3521
1944 3602
1944 3718
1944 3782
1944 4203
1944 4649
1944 4687
1944 4755
1944 4906
1944 4934
1945 2101
1945 2368
1945 2406
1945 2467
1945 2507
1945 2762
1945 2865
1945 2900
1945 2969
1945 2980
1945 3261
1945 3300
1945 3450
1945 3582
1945 3637
1945 3718
1945 3789
1945 3931
1945 4235
1945 4424
1945 4531
1945 4537
1945 4573
1945 4669
1945 4990
1946 2019
1946 2028
1946 2135
1946 2175
1946 2335
1946 2853
1946 2861
1946 2889
1946 3106
1946 3310
1946 3421
1946 3576
1946 3604
1946 3980
1946 4456
1946 4939
1946 4945
1946 4975
1947 2140
1947 2194
1947 2242
1947 2545
1947 2804
1947 2986
1947 3110
1947 3113
1947 3779
1947 3857
1947 3979
1947 4024
1947 4375
1947 4583
1947 4612
1947 4714
1947 4920
1948 1972
1948 2325
1948 2476
1948 2603
1948 2972
1948 3013
1948 3137
1948 3396
1948 3397
1948 3584
1948 3677
1948 3849
1948 4209
1948 4211
1948 4227
1948 4243
1948 4641
1948 4860
1949 2087
1949 2114
1949 2139
1949 2143
1949 2154
1949 2401
1949 2407
1949 2553
1949 2592
1949 2801
1949 2969
1949 2971
1949 3232
1949 3375
1949 3515
1949 3673
1949 3736
1949 4451
1949 4452
1949 4587
1949 4871
1949 4965
1949 4968
1950 2566
1950 2792
1950 2821
1950 2870
1950 2981
1950 3227
1950 3461
1950 3488
1950 3848
1950 3934
1950 4283
1951 2031
1951 2134
1951 2178
1951 3224
1951 3234
1951 3286
1951 3418
1951 3444
1951 3876
1951 3902
1951 3993
1951 4146
1951 4170
1951 4197
1951 4222
1951 4254
1951 4663
1951 4670
1951 4885
1952 2011
1952 2608
1952 2731
1952 2785
1952 3004
1952 3237
1952 3272
1952 3311
1952 3465
1952 3558
1952 3830
1952 4018
1952 4354
1952 4478
1952 4923
1952 4957
1953 1967
1953 1971
1953 2253
1953 2391
1953 2513
1953 2573
1953 2695
1953 3209
1953 3304
1953 3744
1953 3831
1953 3879
1953 3890
1953 4080
1953 4353
1953 4696
1954 1970
1954 1978
1954 2226
1954 2350
1954 2697
1954 2770
1954 3056
1954 3152
1954 3280
1954 3448
1954 3674
1954 4303
1954 4357
1954 4392
1954 4483
1954 4718
1955 2195
1955 2608
1955 2645
1955 2844
1955 2886
1955 2950
1955 3194
1955 3206
1955 3230
1955 3313
1955 3665
1955 3895
1955 3948
1955 4047
1955 4155
1955 4287
1955 4589
1955 4871
1955 4902
1956 2187
1956 2350
1956 2375
1956 2497
1956 3284
1956 3311
1956 3483
1956 3546
1956 3586
1956 3660
1956 3973
1956 4074
1956 4161
1956 4190
1956 4194
1956 4299
1956 4623
1956 4921
1956 4985
1957 1997
1957 2035
1957 2043
1957 2161
1957 2265
1957 2320
1957 2405
1957 2492
1957 2502
1957 2793
1957 3169
1957 3223
1957 3369
1957 3380
1957 3687
1957 3950
1957 4239
1957 4417
1957 4605
1958 1971
1958 2580
1958 3184
1958 3908
1958 4131
1958 4185
1958 4494
1958 4540
1958 4827
1958 4869
1959 2242
1959 2246
1959 2559
1959 2639
1959 2711
1959 2719
1959 2737
1959 2810
1959 2952
1959 3047
1959 3050
1959 3425
1959 4013
1959 4067
1959 4107
1959 4229
1959 4272
1959 4601
1960 2378
1960 2484
1960 2516
1960 2739
1960 2853
1960 2863
1960 2998
1960 3474
1960 3498
1960 3590
1960 3618
1960 3741
1960 4371
1960 4878
1960 4929
1961 1987
1961 2053
1961 2055
1961 2329
1961 2337
1961 2401
1961 2441
1961 2970
1961 3014
1961 3322
1961 3651
1961 3675
1961 3904
1961 4073
1961 4219
1961 4263
1961 4813
1962 2323
1962 2841
1962 3086
1962 3291
1962 3335
1962 3608
1962 3778
1962 4110
1962 4586
1963 2086
1963 2117
1963 2126
1963 2613
1963 2735
1963 2836
1963 2867
1963 2887
1963 2905
1963 2914
1963 2936
1963 4046
1963 4077
1963 4286
1963 4485
1963 4774
1963 4845
1963 4974
1964 1968
1964 2017
1964 2067
1964 2252
1964 2439
1964 2589
1964 2925
1964 2940
1964 3517
1964 3591
1964 3920
1964 4079
1964 4085
1964 4151
1964 4447
1964 4867
1965 2223
1965 2308
1965 2385
1965 2676
1965 2763
1965 2825
1965 2854
1965 3033
1965 3036
1965 3341
1965 3359
1965 3522
1965 3626
1965 3687
1965 4204
1965 4386
1965 4923
1966 2015
1966 2161
1966 2191
1966 2471
1966 2495
1966 2512
1966 2656
1966 2911
1966 3184
1966 3434
1966 3694
1966 4041
1966 4289
1966 4302
1966 4843
1967 2085
1967 2182
1967 2338
1967 2340
1967 2371
1967 2462
1967 2479
1967 2575
1967 2829
1967 3019
1967 3147
1967 3192
1967 3869
1967 4040
1967 4076
1967 4094
1967 4117
1967 4131
1967 4342
1967 4421
1967 4446
1967 4806
1967 4812
1967 4973
1967 4976
1968 2024
1968 2272
1968 2310
1968 2314
1968 2506
1968 2540
1968 3245
1968 3646
1968 3715
1968 3790
1968 3918
1968 4016
1968 4043
1968 4074
1968 4143
1968 4363
1968 4416
1968 4449
1968 4529
1968 4609
1969 2065
1969 2110
1969 2227
1969 2255
1969 2296
1969 2345
1969 2406
1969 2409
1969 2869
1969 3177
1969 3235
1969 3264
1969 3574
1969 3716
1969 4052
1969 4066
1969 4359
1969 4455
1969 4475
1969 4620
1969 4702
1969 4756
1970 2215
1970 2307
1970 2360
1970 2520
1970 2539
1970 2786
1970 2905
1970 3001
1970 3378
1970 3413
1970 3640
1970 3839
1970 3925
1970 4068
1970 4196
1970 4377
1970 4402
1970 4441
1971 2415
1971 2431
1971 3634
1971 3739
1971 4068
1971 4383
1971 4584
1971 4841
1971 4894
1972 2016
1972 2038
1972 2048
1972 2125
1972 2143
1972 2264
1972 2408
1972 2567
1972 3461
1972 3643
1972 4247
1972 4254
1972 4288
1972 4362
1972 4554
1972 4652
1972 4910
1973 2021
1973 2338
1973 2399
1973 2559
1973 2784
1973 2794
1973 2804
1973 2937
1973 2967
1973 3205
1973 3610
1973 3710
1973 3806
1973 3956
1973 4027
1973 4043
1973 4142
1973 4197
1973 4309
1973 4651
1973 4979
1974 2371
1974 2493
1974 2828
1974 2999
1974 3121
1974 3175
1974 3559
1974 3584
1974 3738
1974 3809
1974 4131
1974 4208
1974 4403
1974 4877
1975 2180
1975 2266
1975 2447
1975 2528
1975 2853
1975 2910
1975 3002
1975 3037
1975 3187
1975 3188
1975 3298
1975 3632
1975 4250
1975 4271
1975 4332
1975 4990
1976 1987
1976 2472
1976 2588
1976 2692
1976 2969
1976 2991
1976 3138
1976 3142
1976 3323
1976 3414
1976 3602
1976 3671
1976 3682
1976 4498
1976 4520
1976 4605
1976 4610
1976 4829
1976 4925
1977 2470
1977 2505
1977 2783
1977 2883
1977 2940
1977 2985
1977 3169
1977 3248
1977 3309
1977 3437
1977 3568
1977 3571
1977 3707
1977 4036
1977 4057
1977 4129
1977 4140
1977 4456
1977 4597
1977 4669
1977 4861
1978 2293
1978 2342
1978 2843
1978 2916
1978 3084
1978 3223
1978 3549
1978 3674
1978 3741
1978 3769
1978 3824
1978 3914
1978 3965
1978 4064
1978 4186
1978 4198
1978 4456
1978 4465
1978 4739
1979 2221
1979 2298
1979 2424
1979 2539
1979 2581
1979 2762
1979 2778
1979 2856
1979 2938
1979 2943
1979 3008
1979 3795
1979 4248
1979 4337
1979 4439
1979 4612
1979 4698
1980 2051
1980 2117
1980 2192
1980 2197
1980 2491
1980 2838
1980 2977
1980 2999
1980 3022
1980 3174
1980 3258
1980 3370
1980 3388
1980 3675
1980 3706
1980 3987
1980 4547
1980 4744
1980 4747
1981 2367
1981 2454
1981 2685
1981 2972
1981 3173
1981 3225
1981 3502
1981 3576
1981 3695
1981 3936
1981 4132
1981 4334
1981 4421
1981 4690
1981 4885
1981 4895
1982 2066
1982 2254
1982 2262
1982 2542
1982 2720
1982 2858
1982 3599
1982 4136
1982 4534
1982 4596
1982 4749
1982 4796
1983 1990
1983 2351
1983 2853
1983 2926
1983 3189
1983 3386
1983 3453
1983 3515
1983 3579
1983 3580
1983 3687
1983 3722
1983 3950
1983 3957
1983 3979
1983 4691
1983 4728
1983 4759
1983 4880
1983 4895
1984 1999
1984 2497
1984 2638
1984 3134
1984 3471
1984 3558
1984 3632
1984 3766
1984 3835
1984 3972
1984 4094
1984 4281
1984 4390
1984 4690
1984 4725
1984 4735
1984 4842
1984 4876
1985 1996
1985 2249
1985 2278
1985 2409
1985 2489
1985 2528
1985 2658
1985 2889
1985 2956
1985 3041
1985 3100
1985 3870
1985 3875
1985 4025
1985 4110
1985 4289
1985 4299
1985 4385
1985 4512
1985 4530
1985 4560
1985 4580
1985 4632
1985 4764
1986 2291
1986 2296
1986 2458
1986 2711
1986 2857
1986 3331
1986 3482
1986 3815
1986 4631
1986 4748
1987 2392
1987 2418
1987 2746
1987 2830
1987 3045
1987 3126
1987 3457
1987 3514
1987 4104
1987 4122
1987 4765
1987 4962
1988 2091
1988 2195
1988 2857
1988 2961
1988 2988
1988 3123
1988 3129
1988 3256
1988 3477
1988 3806
1988 3880
1988 4099
1988 4111
1988 4140
1988 4339
1988 4512
1988 4558
1988 4580
1988 4627
1988 4673
1989 2126
1989 2167
1989 2633
1989 2904
1989 3044
1989 3576
1989 3747
1989 4150
1989 4616
1989 4625
1989 4666
1989 4746
1990 2387
1990 2463
1990 2640
1990 2879
1990 2992
1990 3462
1990 4442
1990 4616
1990 4663
1990 4702
1990 4733
1990 4944
1991 2208
1991 2393
1991 2584
1991 2601
1991 2619
1991 2627
1991 2664
1991 2846
1991 2880
1991 2956
1991 2965
1991 3025
1991 3064
1991 3366
1991 3750
1991 3754
1991 3757
1991 3890
1991 3910
1991 3914
1991 3964
1991 4434
1991 4986
1992 2164
1992 2306
1992 2331
1992 2333
1992 2364
1992 2624
1992 2757
1992 2830
1992 2855
1992 3370
1992 3601
1992 3799
1992 3820
1992 4157
1992 4472
1992 4518
1992 4711
1992 4870
1992 4967
1993 1996
1993 2100
1993 2111
1993 2242
1993 2311
1993 2355
1993 2406
1993 2642
1993 2696
1993 2863
1993 3083
1993 3251
1993 3765
1993 3998
1993 4187
1993 4293
1993 4470
1993 4710
1993 4774
1994 2138
1994 2145
1994 2150
1994 2294
1994 2817
1994 3182
1994 3240
1994 3573
1994 3636
1994 3831
1994 3837
1994 4047
1994 4442
1994 4468
1994 4693
1994 4751
1994 4809
1995 2089
1995 2267
1995 2351
1995 2363
1995 2383
1995 2468
1995 2486
1995 2714
1995 2810
1995 2841
1995 3072
1995 3264
1995 3986
1995 4579
1995 4686
1995 4745
1995 4827
1995 4999
1996 2028
1996 2301
1996 2394
1996 2438
1996 2439
1996 2474
1996 2885
1996 2907
1996 3206
1996 3459
1996 3522
1996 3644
1996 3706
1996 4488
1996 4595
1996 4747
1997 2017
1997 2264
1997 2332
1997 2371
1997 2425
1997 2478
1997 2710
1997 2770
1997 2968
1997 3083
1997 3117
1997 3190
1997 3206
1997 3590
1997 3857
1997 4109
1997 4615
1997 4618
1997 4678
1997 4694
1997 4893
1997 4954
1997 4973
1998 2118
1998 2355
1998 2475
1998 2480
1998 2768
1998 3232
1998 3744
1998 4188
1998 4333
1998 4496
1998 4885
1999 2063
1999 2094
1999 2132
1999 2737
1999 2759
1999 2774
1999 2856
1999 3098
1999 3876
1999 3983
1999 4164
1999 4206
1999 4423
1999 4672
1999 4726
1999 4728
1999 4951
2000 2587
2000 2957
2000 3228
2000 3244
2000 3281
2000 3335
2000 3904
2000 4255
2000 4870
2000 4911
2000 4935
2001 2078
2001 2284
2001 2287
2001 2302
2001 2452
2001 2576
2001 3190
2001 3193
2001 3393
2001 3518
2001 3522
2001 3595
2001 3653
2001 3658
2001 3844
2001 3863
2001 4110
2001 4125
2001 4467
2001 4555
2001 4593
2001 4716
2002 2368
2002 2473
2002 2579
2002 2761
2002 3002
2002 3445
2002 3464
2002 3483
2002 3778
2002 3930
2002 4023
2002 4117
2002 4767
2002 4781
2002 4947
2002 4967
2003 2213
2003 2240
2003 2247
2003 2269
2003 2330
2003 2587
2003 2617
2003 2646
2003 2698
2003 2703
2003 2749
2003 2797
2003 3040
2003 3171
2003 3264
2003 3294
2003 3422
2003 3471
2003 3546
2003 3679
2003 3703
2003 3722
2003 3797
2003 3914
2003 4031
2003 4087
2003 4540
2003 4642
2004 2127
2004 2192
2004 2297
2004 2362
2004 2524
2004 3100
2004 3245
2004 3616
2004 4030
2004 4151
2004 4256
2004 4263
2004 4380
2004 4533
2004 4938
2005 2234
2005 2316
2005 2328
2005 2340
2005 2475
2005 2535
2005 2551
2005 2584
2005 2871
2005 2931
2005 3502
2005 3886
2005 4050
2005 4099
2005 4345
2005 4481
2005 4902
2006 2132
2006 2400
2006 2469
2006 2680
2006 2739
2006 2987
2006 3216
2006 3304
2006 3359
2006 3459
2006 3603
2006 3674
2006 3740
2006 3912
2006 3936
2006 3961
2006 4011
2006 4022
2006 4051
2006 4221
2006 4248
2006 4344
2006 4385
2006 4485
2007 2501
2007 2761
2007 2978
2007 3293
2007 3519
2007 3591
2007 3668
2007 3698
2007 3744
2007 3910
2007 3960
2007 4007
2007 4177
2007 4322
2007 4519
2007 4570
2007 4698
2007 4822
2008 2226
2008 2354
2008 2396
2008 3343
2008 3426
2008 3458
2008 3466
2008 3529
2008 3783
2008 4090
2008 4183
2008 4194
2008 4201
2008 4207
2008 4284
2008 4596
2008 4692
2008 4730
2008 4833
2008 4956
2008 4966
2008 4991
2009 2838
2009 2949
2009 3262
2009 3296
2009 3302
2009 3381
2009 3402
2009 3925
2009 4092
2009 4223
2009 4255
2009 4473
2009 4542
2009 4689
2009 4853
2009 4868
2010 2035
2010 2338
2010 2467
2010 2751
2010 2766
2010 3029
2010 3340
2010 3398
2010 3655
2010 3830
2010 3923
2010 4206
2010 4331
2010 4518
2010 4540
2010 4674
2010 4995
2011 2404
2011 2434
2011 2522
2011 2795
2011 2912
2011 2950
2011 3154
2011 3282
2011 3591
2011 4448
2011 4578
2011 4835
2011 4895
2012 2152
2012 2197
2012 2234
2012 2533
2012 2707
2012 3174
2012 3423
2012 3444
2012 3682
2012 3837
2012 4136
2012 4415
2012 4421
2012 4803
2012 4871
2012 4986
2013 2130
2013 2203
2013 2289
2013 2544
2013 2771
2013 2814
2013 3099
2013 3241
2013 3336
2013 3744
2013 3987
2013 4059
2013 4081
2013 4212
2013 4382
2013 4620
2014 2022
2014 2164
2014 2449
2014 2689
2014 2758
2014 2919
2014 3055
2014 3080
2014 3381
2014 3488
2014 3496
2014 3768
2014 4010
2014 4053
2014 4096
2014 4126
2014 4145
2014 4168
2014 4187
2014 4197
2014 4216
2014 4457
2014 4485
2015 2238
2015 2518
2015 2621
2015 2864
2015 2884
2015 3015
2015 3121
2015 3581
2015 3631
2015 3651
2015 3721
2015 3797
2015 3813
2015 3895
2015 4006
2015 4138
2015 4283
2015 4429
2015 4611
2015 4745
2015 4900
2016 2297
2016 2349
2016 2375
2016 2473
2016 2527
2016 2793
2016 3101
2016 3417
2016 3589
2016 3654
2016 3883
2016 4369
2016 4376
2016 4384
2016 4490
2016 4595
2016 4673
2017 2104
2017 2144
2017 2229
2017 2395
2017 2425
2017 2572
2017 2847
2017 3123
2017 3559
2017 3574
2017 3696
2017 4547
2018 2262
2018 2559
2018 2592
2018 2679
2018 2988
2018 3277
2018 3322
2018 3610
2018 3708
2018 3921
2018 3987
2018 4386
2018 4608
2019 2062
2019 2343
2019 2425
2019 2469
2019 2554
2019 2573
2019 2584
2019 2740
2019 2900
2019 2987
2019 3116
2019 3224
2019 3292
2019 3312
2019 3345
2019 3469
2019 3551
2019 3672
2019 3780
2019 4246
2019 4356
2019 4429
2019 4528
2019 4620
2019 4924
2020 2194
2020 2383
2020 2678
2020 2900
2020 3469
2020 3596
2020 3667
2020 3685
2020 3810
2020 3905
2020 3987
2020 4075
2020 4279
2020 4320
2020 4591
2020 4659
2020 4814
2020 4975
2021 2064
2021 2113
2021 2128
2021 2181
2021 2389
2021 2670
2021 2853
2021 2953
2021 3219
2021 3373
2021 3516
2021 3827
2021 3856
2021 4077
2021 4150
2021 4281
2021 4375
2021 4605
2022 2261
2022 2266
2022 2300
2022 2308
2022 2352
2022 2729
2022 2798
2022 2975
2022 3022
2022 3557
2022 3712
2022 3789
2022 3936
2022 4208
2022 4273
2022 4320
2022 4656
2023 2571
2023 2838
2023 2841
2023 3339
2023 3524
2023 3869
2023 4220
2023 4374
2023 4459
2023 4584
2023 4662
2023 4783
2023 4842
2023 4895
2024 2103
2024 2454
2024 2654
2024 2883
2024 2951
2024 3504
2024 3527
2024 3640
2024 3735
2024 3905
2024 3906
2024 4071
2024 4565
2024 4849
2024 4864
2024 4919
2024 4979
2025 2518
2025 2896
2025 3030
2025 3188
2025 3295
2025 3420
2025 3737
2025 3889
2025 3908
2025 3920
2025 4665
2025 4719
2025 4734
2026 2155
2026 2759
2026 2997
2026 3085
2026 3346
2026 3381
2026 3400
2026 3548
2026 3595
2026 3603
2026 3705
2026 3749
2026 3868
2026 4033
2026 4036
2026 4295
2026 4512
2026 4583
2026 4634
2026 4751
2027 2087
2027 2257
2027 2302
2027 2329
2027 2472
2027 2673
2027 2953
2027 3029
2027 3064
2027 3305
2027 3408
2027 3508
2027 3527
2027 3979
2027 4030
2027 4259
2027 4309
2027 4426
2027 4628
2027 4705
2027 4720
2027 4844
2028 2064
2028 2071
2028 2080
2028 2230
2028 2269
2028 2533
2028 2661
2028 2673
2028 2856
2028 2976
2028 3227
2028 3238
2028 4129
2028 4258
2028 4499
2028 4568
2028 4621
2028 4663
2028 4850
2029 2131
2029 2238
2029 2456
2029 2592
2029 3056
2029 3643
2029 3748
2029 3754
2029 4123
2029 4259
2029 4949
2030 2127
2030 2426
2030 2765
2030 2863
2030 3017
2030 3071
2030 3170
2030 3252
2030 3261
2030 3956
2030 4179
2030 4203
2030 4239
2030 4364
2030 4371
2030 4744
2030 4765
2030 4896
2030 4937
2030 4993
2031 2693
2031 2765
2031 2926
2031 3001
2031 3064
2031 3503
2031 3558
2031 3636
2031 3781
2031 4093
2031 4151
2031 4275
2031 4301
2031 4456
2031 4600
2031 4646
2032 2494
2032 2554
2032 2669
2032 2749
2032 2802
2032 2823
2032 2878
2032 3224
2032 3354
2032 3373
2032 3397
2032 3474
2032 3597
2032 3639
2032 3660
2032 3831
2032 3840
2032 4041
2032 4213
2032 4458
2032 4690
2032 4736
2033 2430
2033 2499
2033 2639
2033 2647
2033 2719
2033 3324
2033 3363
2033 3380
2033 3431
2033 3508
2033 3579
2033 3899
2033 4059
2033 4075
2033 4476
2033 4511
2033 4625
2033 4718
2033 4822
2033 4971
2034 2150
2034 2642
2034 2840
2034 2921
2034 3573
2034 3974
2034 3992
2034 4086
2034 4107
2034 4210
2034 4563
2034 4625
2034 4708
2034 4740
2034 4755
2034 4868
2035 2074
2035 2084
2035 2512
2035 2638
2035 2738
2035 2855
2035 2911
2035 3121
2035 3293
2035 3461
2035 3468
2035 3547
2035 3563
2035 3738
2035 3969
2035 4314
2035 4725
2035 4766
2035 4797
2035 4884
2036 2693
2036 2802
2036 3086
2036 3105
2036 3534
2036 3567
2036 3761
2036 3813
2036 3848
2036 3870
2036 4274
2036 4330
2036 4394
2036 4527
2036 4594
2036 4712
2036 4817
2037 2311
2037 2332
2037 2639
2037 2749
2037 2928
2037 3045
2037 3259
2037 3591
2037 3896
2037 4192
2037 4506
2037 4564
2037 4644
2037 4884
2037 4919
2037 4984
2038 2333
2038 2451
2038 2536
2038 2699
2038 3042
2038 3196
2038 3245
2038 3324
2038 3481
2038 3690
2038 3951
2038 3992
2038 4458
2038 4509
2038 4542
2038 4650
2038 4720
2038 4982
2039 2195
2039 2246
2039 2330
2039 2608
2039 2836
2039 2948
2039 3304
2039 3593
2039 3908
2039 3943
2039 4117
2039 4249
2039 4340
2039 4600
2039 4670
2039 4676
2040 2184
2040 2414
2040 2566
2040 2649
2040 2962
2040 3041
2040 3193
2040 3375
2040 3656
2040 3750
2040 3790
2040 3861
2040 3942
2040 3981
2040 4091
2040 4165
2040 4583
2040 4644
2041 2068
2041 2070
2041 2185
2041 2382
2041 3019
2041 3254
2041 3476
2041 3977
2041 4274
2041 4349
2041 4462
2041 4580
2041 4670
2041 4727
2041 4757
2041 4938
2042 2103
2042 2421
2042 2467
2042 2615
2042 2655
2042 2747
2042 3004
2042 3063
2042 3154
2042 3275
2042 3493
2042 3497
2042 3736
2042 3753
2042 3823
2042 4062
2042 4226
2042 4239
2042 4341
2042 4381
2042 4590
2042 4739
2043 2442
2043 2766
2043 2868
2043 3065
2043 3878
2043 4242
2043 4462
2043 4545
2043 4821
2043 4937
2043 4949
2043 4965
2044 2258
2044 2355
2044 2512
2044 2795
2044 2931
2044 3215
2044 3295
2044 3453
2044 3524
2044 3572
2044 3796
2044 3809
2044 3835
2044 3929
2044 3991
2044 4642
2044 4720
2045 2773
2045 2835
2045 2884
2045 2919
2045 3261
2045 3415
2045 3657
2045 3708
2045 4682
2045 4770
2045 4927
2045 4935
2046 2452
2046 2625
2046 3030
2046 3121
2046 3667
2046 3994
2046 4314
2046 4487
2046 4488
2046 4956
2047 2320
2047 2412
2047 2429
2047 2440
2047 2543
2047 2595
2047 2666
2047 2926
2047 3201
2047 3407
2047 3641
2047 3736
2047 3751
2047 3853
2047 4072
2047 4417
2047 4457
2047 4541
2047 4710
2047 4748
2047 4827
2047 4919
2048 2355
2048 2457
2048 2720
2048 2801
2048 2883
2048 3148
2048 3492
2048 3673
2048 3683
2048 3842
2048 4082
2048 4151
2048 4212
2048 4326
2048 4539
2048 4540
2048 4618
2048 4795
2048 4798
2048 4955
2048 4973
2049 2064
2049 2067
2049 2096
2049 2544
2049 2898
2049 2995
2049 3160
2049 3184
2049 3208
2049 3504
2049 3539
2049 3620
2049 3697
2049 3794
2049 4126
2049 4214
2049 4304
2049 4329
2049 4373
2049 4598
2049 4606
2049 4769
2050 2171
2050 2720
2050 2816
2050 3103
2050 3505
2050 3990
2050 4173
2050 4233
2050 4371
2050 4408
2050 4578
2050 4651
2050 4659
2050 4754
2050 4952
2050 4954
2051 2326
2051 2516
2051 2526
2051 2566
2051 2625
2051 2656
2051 2696
2051 2984
2051 3013
2051 3106
2051 3879
2051 4283
2051 4517
2051 4525
2051 4745
2052 2118
2052 2513
2052 2763
2052 3030
2052 3391
2052 3569
2052 3738
2052 4251
2052 4308
2052 4399
2052 4512
2052 4786
2053 2508
2053 2555
2053 2576
2053 2714
2053 2831
2053 3066
2053 3171
2053 3467
2053 3746
2053 3880
2053 3945
2053 4056
2053 4098
2053 4119
2053 4134
2053 4203
2053 4326
2053 4393
2053 4557
2053 4582
2053 4851
2053 4942
2053 4986
2054 2223
2054 2275
2054 2425
2054 2545
2054 2923
2054 3200
2054 3280
2054 3659
2054 3709
2054 3762
2054 3765
2054 3832
2054 3976
2054 4010
2054 4037
2054 4180
2054 4514
2054 4810
2055 2062
2055 2146
2055 2166
2055 2619
2055 3130
2055 3164
2055 3694
2055 3801
2055 3835
2055 4223
2055 4230
2055 4259
2055 4360
2055 4489
2055 4530
2055 4627
2055 4977
2056 2069
2056 2090
2056 2260
2056 2975
2056 3560
2056 4020
2056 4165
2056 4460
2056 4708
2056 4763
2056 4774
2056 4880
2057 2073
2057 2143
2057 2381
2057 2412
2057 2642
2057 3211
2057 3346
2057 3361
2057 3603
2057 3663
2057 3684
2057 3828
2057 3877
2057 3918
2057 3964
2057 3981
2057 4211
2057 4219
2057 4418
2057 4492
2057 4545
2057 4768
2057 4828
2058 2213
2058 2638
2058 3147
2058 3240
2058 3266
2058 3558
2058 3564
2058 3603
2058 3832
2058 4093
2058 4452
2058 4542
2058 4838
2058 4841
2058 4914
2059 2169
2059 2235
2059 2374
2059 2582
2059 3043
2059 3116
2059 3224
2059 3467
2059 3485
2059 3661
2059 3694
2059 3712
2059 3835
2059 3877
2059 4015
2059 4049
2059 4377
2059 4387
2060 2153
2060 2188
2060 2254
2060 2298
2060 2334
2060 2571
2060 2875
2060 2892
2060 2965
2060 3013
2060 3203
2060 3643
2060 3770
2060 4092
2060 4316
2060 4551
2060 4746
2060 4812
2061 2149
2061 2570
2061 2608
2061 2816
2061 2843
2061 2854
2061 3029
2061 3326
2061 3426
2061 3487
2061 3762
2061 3911
2061 4436
2061 4502
2061 4557
2061 4625
2061 4755
2062 2217
2062 2374
2062 2603
2062 2645
2062 2912
2062 3293
2062 3361
2062 3539
2062 3745
2062 3910
2062 3960
2062 4029
2062 4031
2062 4107
2062 4245
2062 4312
2062 4800
2062 4874
2062 4886
2063 2417
2063 2510
2063 2552
2063 2889
2063 2982
2063 2992
2063 3013
2063 3238
2063 3285
2063 3587
2063 3633
2063 4115
2063 4320
2063 4454
2063 4573
2063 4803
2063 4867
2064 2087
2064 2215
2064 2232
2064 2255
2064 2405
2064 2421
2064 2507
2064 2944
2064 2957
2064 3009
2064 3167
2064 3263
2064 3435
2064 3799
2064 4747
2064 4828
2064 4901
2065 2160
2065 2186
2065 2303
2065 2311
2065 2610
2065 2824
2065 3062
2065 3303
2065 3501
2065 3562
2065 3688
2065 3856
2065 4045
2065 4126
2065 4279
2065 4351
2065 4513
2065 4750
2066 2127
2066 2279
2066 2609
2066 2703
2066 3943
2066 4030
2066 4256
2066 4273
2066 4402
2066 4566
2066 4584
2066 4602
2066 4701
2066 4719
2066 4741
2066 4967
2067 2102
2067 2165
2067 2310
2067 2350
2067 2470
2067 2482
2067 2684
2067 2857
2067 2883
2067 2960
2067 3068
2067 3286
2067 3336
2067 3538
2067 3818
2067 4127
2067 4186
2067 4254
2067 4808
2067 4856
2068 2408
2068 2601
2068 2724
2068 2807
2068 2959
2068 3269
2068 3371
2068 3673
2068 3948
2068 4124
2068 4333
2068 4572
2068 4818
2069 2108
2069 2271
2069 2373
2069 2875
2069 3112
2069 3307
2069 3653
2069 3857
2069 3930
2069 3941
2069 4482
2069 4775
2069 4793
2069 4847
2069 4966
2070 2164
2070 2353
2070 2547
2070 2647
2070 2718
2070 2776
2070 3028
2070 3326
2070 3343
2070 3389
2070 3443
2070 3651
2070 3662
2070 4083
2070 4126
2070 4233
2070 4714
2071 2271
2071 2435
2071 2505
2071 2539
2071 2597
2071 2635
2071 2702
2071 2757
2071 2857
2071 2955
2071 3060
2071 3071
2071 3639
2071 3734
2071 3818
2071 3830
2071 3932
2071 4077
2071 4084
2071 4098
2071 4110
2071 4223
2071 4245
2071 4427
2071 4477
2071 4975
2072 2501
2072 2551
2072 2724
2072 3042
2072 3052
2072 3090
2072 3100
2072 3600
2072 3690
2072 3783
2072 3986
2072 4021
2072 4036
2072 4526
2072 4872
2073 2254
2073 2632
2073 2766
2073 2788
2073 2948
2073 2950
2073 3120
2073 3138
2073 3161
2073 3693
2073 3787
2073 4169
2073 4310
2073 4367
2073 4747
2073 4805
2073 4994
2074 2283
2074 2826
2074 3092
2074 3128
2074 3584
2074 3589
2074 3780
2074 3807
2074 3975
2074 4615
2074 4916
2075 2179
2075 2409
2075 2617
2075 2618
2075 2823
2075 2838
2075 2870
2075 2873
2075 3305
2075 3357
2075 3586
2075 3772
2075 3823
2075 3949
2075 3965
2075 3984
2075 4237
2075 4254
2075 4290
2075 4771
2075 4977
2076 2124
2076 2260
2076 2379
2076 2676
2076 3114
2076 3119
2076 3290
2076 3443
2076 3544
2076 3900
2076 4151
2076 4575
2076 4889
2076 4928
2077 2253
2077 2274
2077 2452
2077 2453
2077 2599
2077 2622
2077 2747
2077 2968
2077 2983
2077 3011
2077 3211
2077 3276
2077 3377
2077 3387
2077 3455
2077 3494
2077 3524
2077 3529
2077 3677
2077 4272
2077 4800
2077 4807
2078 2319
2078 2324
2078 2400
2078 2574
2078 2625
2078 2670
2078 2922
2078 2983
2078 3008
2078 3550
2078 3939
2078 4010
2078 4142
2078 4283
2078 4314
2078 4749
2078 4913
2079 2181
2079 2232
2079 2248
2079 2369
2079 2613
2079 2696
2079 3922
2079 4011
2079 4078
2079 4292
2079 4871
2079 4991
2080 2082
2080 2088
2080 2145
2080 2398
2080 3662
2080 3882
2080 4173
2080 4185
2080 4379
2080 4580
2080 4897
2081 2196
2081 2498
2081 2590
2081 2696
2081 2860
2081 3355
2081 3423
2081 3499
2081 4225
2081 4503
2081 4873
2081 4933
2082 2225
2082 2279
2082 2494
2082 2547
2082 2638
2082 2806
2082 2999
2082 3242
2082 3411
2082 3416
2082 3729
2082 3899
2082 3902
2082 4305
2083 2132
2083 2396
2083 2460
2083 2875
2083 3008
2083 3119
2083 3408
2083 3470
2083 3696
2083 3790
2083 4176
2083 4355
2083 4506
2083 4508
2084 2121
2084 2165
2084 2182
2084 2483
2084 2613
2084 2730
2084 2890
2084 2900
2084 3191
2084 3221
2084 3300
2084 3466
2084 4217
2084 4517
2084 4957
2085 2101
2085 2161
2085 2301
2085 2425
2085 2775
2085 2801
2085 2920
2085 3241
2085 3374
2085 3393
2085 3531
2085 3671
2085 3718
2085 3893
2085 3934
2086 2372
2086 2547
2086 2592
2086 2726
2086 2737
2086 2855
2086 2981
2086 3013
2086 3185
2086 3286
2086 3363
2086 3581
2086 3711
2086 3879
2086 3999
2086 4114
2086 4166
2086 4528
2086 4572
2086 4745
2086 4874
2086 4882
2087 2129
2087 2320
2087 2740
2087 2933
2087 2997
2087 3050
2087 3476
2087 3549
2087 3807
2087 3935
2087 4044
2087 4214
2088 2203
2088 2396
2088 2780
2088 2999
2088 3019
2088 3027
2088 3447
2088 3470
2088 3488
2088 3611
2088 3686
2088 3827
2088 3948
2088 4071
2088 4216
2088 4237
2088 4382
2088 4527
2088 4682
2088 4732
2088 4973
2089 2100
2089 2245
2089 2255
2089 2409
2089 2665
2089 2710
2089 2969
2089 3181
2089 3385
2089 3475
2089 3720
2089 3877
2089 3886
2089 3980
2089 4007
2089 4016
2089 4038
2089 4194
2089 4924
2090 2492
2090 2806
2090 2859
2090 2937
2090 3161
2090 3304
2090 3347
2090 3487
2090 3552
2090 3951
2090 3990
2090 4068
2090 4216
2090 4301
2090 4332
2090 4672
2090 4919
2091 2550
2091 2631
2091 2913
2091 3021
2091 3175
2091 3259
2091 3652
2091 4114
2091 4270
2091 4288
2091 4530
2091 4570
2091 4914
2092 2146
2092 2212
2092 2675
2092 2761
2092 3047
2092 3064
2092 3218
2092 3336
2092 3352
2092 3672
2092 3847
2092 4134
2092 4534
2092 4942
2093 2414
2093 2684
2093 2777
2093 3050
2093 3157
2093 3536
2093 3690
2093 3948
2093 3988
2093 4034
2093 4112
2093 4148
2093 4485
2093 4633
2093 4755
2093 4794
2094 2147
2094 2159
2094 2172
2094 2331
2094 2465
2094 2580
2094 3106
2094 3280
2094 3605
2094 4008
2094 4024
2094 4337
2094 4531
2094 4610
2094 4620
2095 2266
2095 2316
2095 2490
2095 2495
2095 2694
2095 2971
2095 3032
2095 3553
2095 3587
2095 3663
2095 3701
2095 4016
2095 4084
2095 4171
2095 4183
2095 4197
2095 4228
2095 4588
2096 2290
2096 2481
2096 2737
2096 2961
2096 2968
2096 3028
2096 3103
2096 3140
2096 3154
2096 3360
2096 3681
2096 3817
2096 4015
2096 4447
2096 4924
2097 2212
2097 2402
2097 2415
2097 2616
2097 2733
2097 3174
2097 3202
2097 3546
2097 3735
2097 3823
2097 3828
2097 3863
2097 3929
2097 3944
2097 4362
2097 4509
2097 4610
2097 4737
2097 4863
2097 4903
2098 2138
2098 2473
2098 2665
2098 2863
2098 3390
2098 3421
2098 3617
2098 3746
2098 3825
2098 4308
2098 4318
2098 4347
2098 4604
2098 4681
2098 4759
2098 4805
2098 4817
2099 2131
2099 2264
2099 2390
2099 2405
2099 2582
2099 2645
2099 2755
2099 2806
2099 3142
2099 3275
2099 3348
2099 3376
2099 3502
2099 3679
2099 4081
2099 4096
2099 4228
2099 4291
2099 4322
2099 4341
2099 4569
2099 4741
2100 2665
2100 2914
2100 2956
2100 3388
2100 3447
2100 3611
2100 3738
2100 3862
2100 3867
2100 3923
2100 3931
2100 3969
2100 4311
2100 4418
2100 4894
2101 2397
2101 2407
2101 2465
2101 2477
2101 2668
2101 3007
2101 3049
2101 3083
2101 3137
2101 3329
2101 3412
2101 3498
2101 3524
2101 3816
2101 4002
2101 4014
2101 4652
2101 4661
2101 4700
2101 4735
2101 4917
2102 2182
2102 2247
2102 2335
2102 2373
2102 2484
2102 2535
2102 2989
2102 3028
2102 3032
2102 3053
2102 3388
2102 3529
2102 3600
2102 3731
2102 3793
2102 3794
2102 3891
2102 3908
2102 3919
2102 3931
2102 4071
2102 4323
2102 4579
2102 4680
2102 4691
2102 4903
2103 2112
2103 2208
2103 2224
2103 2544
2103 2718
2103 2822
2103 2879
2103 3115
2103 3161
2103 3344
2103 3603
2103 3896
2103 4287
2103 4305
2103 4353
2103 4558
2103 4629
2103 4712
2103 4759
2103 4760
2103 4968
2104 2510
2104 2733
2104 2854
2104 2902
2104 3328
2104 3446
2104 3447
2104 3710
2104 4542
2104 4751
2104 4938
2105 2602
2105 2978
2105 3486
2105 3709
2105 3763
2105 3844
2105 3875
2105 3976
2105 3998
2105 4012
2105 4130
2105 4364
2105 4769
2105 4780
2105 4868
2105 4906
2106 2233
2106 2649
2106 2765
2106 2873
2106 2968
2106 2989
2106 3269
2106 3402
2106 3413
2106 3602
2106 3949
2106 4072
2106 4142
2106 4153
2106 4275
2106 4540
2106 4737
2107 2169
2107 2275
2107 2490
2107 2519
2107 2523
2107 2743
2107 3051
2107 3115
2107 3338
2107 3425
2107 3656
2107 3741
2107 3755
2107 4116
2107 4239
2107 4302
2107 4443
2107 4487
2107 4779
2108 2261
2108 2300
2108 2332
2108 2893
2108 3058
2108 3110
2108 3359
2108 3527
2108 3831
2108 3921
2108 3986
2108 4090
2108 4506
2108 4629
2108 4726
2108 4761
2108 4883
2108 4909
2108 4973
2109 2436
2109 2725
2109 2778
2109 3245
2109 3537
2109 3563
2109 3611
2109 3651
2109 3720
2109 3898
2109 3917
2109 4008
2109 4096
2109 4206
2109 4396
2109 4488
2109 4943
2109 4964
2110 2133
2110 2596
2110 2740
2110 2746
2110 3401
2110 3733
2110 4159
2110 4180
2110 4225
2110 4245
2110 4368
2110 4552
2110 4812
2111 2219
2111 2421
2111 2486
2111 2497
2111 2557
2111 3253
2111 3265
2111 3358
2111 3542
2111 3690
2111 4126
2111 4314
2111 4513
2111 4749
2111 4762
2111 4926
2111 4945
2112 2271
2112 2417
2112 2423
2112 2452
2112 2532
2112 2539
2112 2917
2112 3051
2112 3380
2112 3488
2112 3633
2112 3783
2112 3901
2112 3963
2112 4282
2112 4730
2112 4749
2112 4853
2112 4882
2112 4960
2113 2359
2113 2693
2113 2961
2113 3150
2113 3154
2113 3205
2113 3238
2113 3435
2113 3564
2113 3698
2113 4016
2113 4024
2113 4167
2113 4303
2113 4437
2113 4458
2113 4483
2113 4590
2113 4694
2113 4888
2113 4909
2114 2271
2114 2289
2114 2486
2114 2635
2114 2844
2114 2849
2114 2979
2114 3300
2114 3369
2114 3415
2114 3693
2114 4054
2114 4318
2114 4705
2114 4801
2114 4898
2114 4918
2115 2224
2115 2539
2115 2703
2115 2891
2115 3210
2115 3503
2115 3835
2115 4043
2115 4412
2115 4494
2115 4948
2116 2290
2116 2562
2116 2587
2116 2897
2116 2957
2116 3005
2116 3248
2116 3385
2116 3515
2116 3732
2116 3756
2116 3786
2116 3862
2116 3894
2116 4007
2116 4189
2116 4339
2116 4438
2116 4498
2116 4724
2116 4952
2117 2283
2117 2437
2117 2573
2117 2595
2117 2730
2117 2767
2117 2832
2117 3320
2117 3343
2117 3460
2117 3647
2117 3695
2117 3766
2117 4004
2117 4035
2117 4239
2117 4400
2117 4817
2117 4862
2118 2317
2118 2361
2118 2436
2118 2446
2118 2661
2118 2688
2118 2811
2118 2875
2118 3288
2118 3307
2118 3657
2118 4162
2118 4199
2118 4209
2118 4314
2118 4322
2118 4336
2119 2227
2119 2336
2119 2411
2119 2599
2119 2880
2119 3308
2119 3424
2119 3454
2119 3610
2119 3715
2119 4350
2120 2360
2120 2366
2120 2637
2120 3181
2120 3277
2120 3705
2120 3968
2120 4158
2120 4296
2121 2293
2121 2533
2121 2557
2121 2660
2121 2706
2121 2810
2121 3075
2121 3151
2121 3243
2121 3307
2121 3705
2121 3849
2121 3951
2121 4224
2121 4463
2121 4567
2121 4624
2121 4699
2121 4719
2122 2351
2122 2386
2122 2619
2122 2735
2122 3102
2122 3171
2122 3562
2122 3818
2122 3825
2122 4037
2122 4566
2122 4601
2122 4657
2122 4684
2122 4705
2122 4917
2122 4937
2123 2235
2123 2387
2123 2403
2123 2614
2123 2877
2123 3216
2123 3615
2123 3976
2123 4070
2123 4357
2123 4475
2123 4669
2123 4726
2123 4768
2123 4924
2124 2242
2124 2468
2124 2522
2124 3048
2124 3102
2124 3185
2124 3248
2124 3367
2124 3405
2124 3514
2124 3657
2124 3765
2124 4175
2124 4572
2124 4703
2125 2307
2125 2484
2125 2551
2125 2732
2125 2808
2125 2864
2125 2951
2125 3135
2125 3294
2125 3479
2125 3717
2125 3955
2125 4095
2125 4238
2125 4279
2125 4561
2125 4821
2126 2224
2126 2352
2126 2410
2126 2601
2126 2783
2126 2790
2126 2861
2126 2882
2126 3604
2126 3623
2126 3995
2126 4143
2126 4234
2126 4289
2126 4481
2126 4668
2126 4704
2127 2310
2127 2492
2127 2808
2127 3118
2127 3141
2127 3531
2127 3701
2127 4790
2127 4852
2128 2225
2128 2298
2128 2304
2128 2433
2128 2435
2128 2603
2128 2652
2128 2787
2128 2857
2128 3341
2128 3486
2128 3495
2128 3773
2128 4256
2128 4318
2128 4468
2128 4473
2128 4639
2128 4778
2128 4890
2129 2134
2129 2156
2129 2403
2129 2582
2129 2589
2129 2653
2129 2830
2129 3095
2129 3512
2129 3604
2129 3624
2129 4047
2129 4296
2129 4392
2129 4492
2129 4549
2129 4987
2130 2174
2130 2247
2130 2384
2130 2478
2130 2665
2130 2851
2130 2959
2130 3124
2130 3166
2130 3620
2130 3704
2130 3890
2130 3981
2130 4186
2130 4187
2130 4282
2130 4302
2130 4310
2130 4374
2130 4486
2130 4594
2130 4614
2130 4663
2130 4770
2130 4887
2131 2204
2131 2225
2131 2324
2131 3259
2131 3493
2131 3496
2131 3746
2131 3972
2131 4225
2131 4485
2131 4575
2131 4842
2132 2373
2132 2411
2132 2773
2132 2778
2132 2899
2132 3082
2132 3116
2132 3209
2132 3346
2132 3533
2132 3959
2132 4447
2132 4995
2133 2190
2133 2228
2133 2287
2133 2363
2133 2425
2133 2452
2133 2781
2133 2783
2133 2809
2133 2987
2133 3169
2133 3435
2133 3524
2133 3532
2133 4051
2133 4093
2133 4266
2133 4323
2133 4538
2133 4659
2133 4722
2134 2277
2134 2487
2134 2521
2134 2559
2134 2692
2134 2845
2134 2858
2134 2998
2134 3160
2134 3405
2134 3501
2134 3517
2134 3949
2134 3972
2134 4073
2134 4093
2134 4727
2134 4974
2135 2230
2135 2337
2135 2349
2135 2475
2135 2522
2135 2721
2135 2949
2135 2980
2135 3036
2135 3214
2135 3378
2135 3619
2135 4239
2135 4470
2135 4543
2136 2302
2136 2513
2136 2581
2136 2937
2136 3160
2136 3289
2136 3318
2136 3823
2136 4113
2136 4568
2136 4675
2136 4913
2137 2241
2137 2379
2137 2427
2137 2811
2137 2835
2137 3267
2137 3603
2137 3651
2137 4129
2137 4285
2137 4364
2137 4432
2137 4596
2137 4690
2137 4892
2138 2741
2138 2758
2138 2786
2138 3006
2138 3451
2138 3567
2138 3697
2138 3772
2138 3927
2138 4472
2138 4557
2138 4657
2138 4802
2139 2236
2139 2373
2139 2729
2139 2895
2139 2988
2139 3180
2139 3335
2139 3524
2139 4203
2139 4259
2139 4404
2139 4695
2139 4943
2140 2492
2140 2694
2140 3085
2140 3219
2140 3344
2140 3366
2140 3753
2140 3936
2140 4084
2140 4192
2140 4507
2140 4533
2140 4769
2140 4877
2140 4912
2140 4926
2141 2180
2141 2235
2141 2257
2141 2958
2141 3308
2141 3693
2141 3921
2141 4089
2141 4101
2141 4164
2141 4373
2141 4390
2141 4825
2141 4891
2141 4895
2142 2207
2142 2239
2142 2614
2142 2641
2142 2942
2142 2947
2142 3037
2142 3147
2142 3347
2142 3366
2142 3378
2142 3433
2142 3594
2142 3745
2142 4000
2142 4238
2142 4441
2142 4621
2142 4814
2143 2172
2143 2325
2143 2508
2143 2908
2143 3017
2143 3200
2143 3383
2143 3436
2143 3945
2143 4441
2143 4471
2143 4666
2143 4669
2143 4828
2143 4836
2143 4858
2143 4872
2144 2180
2144 2207
2144 2454
2144 2643
2144 2815
2144 2924
2144 3001
2144 3183
2144 3236
2144 3428
2144 3667
2144 3757
2144 3781
2144 3963
2144 4375
2144 4426
2144 4448
2144 4462
2144 4720
2144 4909
2144 4923
2144 4982
2145 2377
2145 2599
2145 2843
2145 2943
2145 3082
2145 3090
2145 3170
2145 3211
2145 3249
2145 3293
2145 3473
2145 3610
2145 3719
2145 4038
2145 4043
2145 4474
2146 2245
2146 2275
2146 3198
2146 3563
2146 3687
2146 3792
2146 3958
2146 4124
2146 4154
2146 4161
2146 4302
2146 4373
2146 4398
2146 4411
2146 4442
2146 4567
2146 4569
2146 4776
2146 4932
2147 2168
2147 2438
2147 2445
2147 2770
2147 2773
2147 3074
2147 3487
2147 3616
2147 3755
2147 3954
2147 4150
2147 4213
2147 4442
2147 4563
2147 4818
2147 4931
2148 2261
2148 2274
2148 2338
2148 2419
2148 2841
2148 2889
2148 3182
2148 3334
2148 3392
2148 3419
2148 3437
2148 3542
2148 3904
2148 3992
2148 4118
2148 4389
2148 4485
2148 4561
2148 4990
2148 4999
2149 2175
2149 2263
2149 2400
2149 2408
2149 2597
2149 2735
2149 2787
2149 2899
2149 2960
2149 3361
2149 3382
2149 3634
2149 3658
2149 3811
2149 3820
2149 4087
2149 4098
2149 4149
2149 4189
2149 4515
2149 4569
2149 4662
2149 4821
2149 4856
2150 2184
2150 2263
2150 2345
2150 2380
2150 2589
2150 2635
2150 2888
2150 3037
2150 3972
2150 4115
2150 4254
2150 4346
2150 4418
2150 4453
2150 4525
2150 4973
2150 4992
2151 2279
2151 2331
2151 2539
2151 2721
2151 3023
2151 3142
2151 3338
2151 3773
2151 3953
2151 4019
2151 4201
2151 4213
2151 4352
2151 4491
2151 4542
2151 4783
2151 4784
2151 4906
2151 4922
2151 4985
2151 4992
2152 2166
2152 2528
2152 2555
2152 2566
2152 2715
2152 2749
2152 2989
2152 3129
2152 3302
2152 3311
2152 3350
2152 3654
2152 3679
2152 4036
2152 4190
2152 4229
2152 4430
2152 4617
2152 4621
2152 4983
2153 2238
2153 2627
2153 2855
2153 3044
2153 3075
2153 3633
2153 3735
2153 3794
2153 3833
2153 4044
2153 4133
2153 4291
2153 4300
2153 4843
2153 4919
2154 2413
2154 2544
2154 2901
2154 2989
2154 3355
2154 3435
2154 3455
2154 3573
2154 3694
2154 3785
2154 4155
2154 4212
2154 4236
2154 4472
2154 4532
2154 4604
2154 4656
2154 4750
2155 2204
2155 2408
2155 3006
2155 3535
2155 3554
2155 3566
2155 3570
2155 3636
2155 3650
2155 3655
2155 3691
2155 3799
2155 4017
2155 4018
2155 4038
2155 4092
2155 4291
2155 4442
2155 4485
2155 4973
2156 2350
2156 2375
2156 2555
2156 2761
2156 2921
2156 2975
2156 3188
2156 3326
2156 3490
2156 3549
2156 4051
2156 4312
2156 4831
2156 4879
2157 2591
2157 2606
2157 2833
2157 2915
2157 3266
2157 3546
2157 3556
2157 3700
2157 3973
2157 4165
2157 4545
2157 4734
2157 4801
2158 2365
2158 2422
2158 2589
2158 2612
2158 2908
2158 2958
2158 3114
2158 3544
2158 3552
2158 3702
2158 3748
2158 4029
2158 4149
2158 4191
2158 4400
2159 2227
2159 2730
2159 2846
2159 2874
2159 3039
2159 3081
2159 3215
2159 3296
2159 3396
2159 3398
2159 3572
2159 3650
2159 3718
2159 3766
2159 4001
2159 4011
2159 4182
2159 4305
2159 4335
2159 4592
2159 4683
2159 4918
2159 4937
2159 4964
2160 2207
2160 2296
2160 2299
2160 2512
2160 2549
2160 2577
2160 2725
2160 3015
2160 3176
2160 3217
2160 3630
2160 3656
2160 3657
2160 3712
2160 3749
2160 3763
2160 3803
2160 3862
2160 3887
2160 3919
2160 3943
2160 4250
2160 4357
2160 4796
2160 4927
2160 4969
2161 2239
2161 2558
2161 2584
2161 2624
2161 2662
2161 2839
2161 2858
2161 2942
2161 3327
2161 3445
2161 3461
2161 3633
2161 3700
2161 3849
2161 3850
2161 3857
2161 3987
2161 4096
2161 4348
2161 4404
2161 4532
2162 2258
2162 2444
2162 2460
2162 2846
2162 2904
2162 3008
2162 3349
2162 3469
2162 3762
2162 3780
2162 4074
2162 4258
2162 4419
2162 4487
2162 4526
2162 4670
2162 4869
2162 4886
2162 4890
2163 2186
2163 2360
2163 2802
2163 2848
2163 2882
2163 3161
2163 3389
2163 3403
2163 3591
2163 3801
2163 4039
2163 4171
2163 4391
2163 4396
2163 4430
2164 2230
2164 2286
2164 2502
2164 2773
2164 2991
2164 3158
2164 3355
2164 3581
2164 3601
2164 3649
2164 3688
2164 3739
2164 3970
2164 4090
2164 4319
2164 4362
2164 4384
2164 4645
2164 4793
2164 4890
2165 2536
2165 2631
2165 2750
2165 2779
2165 2793
2165 2806
2165 2917
2165 3206
2165 3239
2165 3272
2165 3289
2165 3407
2165 3638
2165 3744
2165 4203
2165 4221
2165 4226
2165 4454
2165 4470
2165 4773
2165 4816
2165 4937
2166 2175
2166 2293
2166 2372
2166 2441
2166 2445
2166 2553
2166 2712
2166 2767
2166 2784
2166 2822
2166 3082
2166 3106
2166 3232
2166 3292
2166 3316
2166 3323
2166 3483
2166 3636
2166 3674
2166 3765
2166 3869
2166 3878
2166 4087
2166 4200
2166 4925
2167 2513
2167 2564
2167 2801
2167 3014
2167 3033
2167 3078
2167 3116
2167 3243
2167 3330
2167 3451
2167 3561
2167 3721
2167 4160
2167 4360
2167 4449
2167 4534
2167 4652
2167 4677
2167 4751
2167 4756
2167 4766
2168 2371
2168 2379
2168 3738
2168 3743
2168 4220
2168 4227
2168 4264
2168 4276
2168 4453
2168 4520
2168 4589
2168 4653
2168 4880
2169 2217
2169 2314
2169 3217
2169 3341
2169 3565
2169 3631
2169 3789
2169 3837
2169 4179
2169 4233
2169 4272
2169 4416
2169 4776
2169 4847
2169 4941
2170 2405
2170 2739
2170 2788
2170 3031
2170 3124
2170 3285
2170 3470
2170 3873
2170 3931
2170 4410
2170 4649
2170 4726
2170 4847
2170 4883
2170 4899
2171 2305
2171 2460
2171 2738
2171 2937
2171 3038
2171 3153
2171 3486
2171 3712
2171 3852
2171 4130
2171 4153
2171 4350
2171 4438
2171 4577
2172 2344
2172 2420
2172 2545
2172 2603
2172 3088
2172 3217
2172 3218
2172 3226
2172 3382
2172 3707
2172 3715
2172 3874
2172 3878
2172 3886
2172 4031
2172 4184
2172 4385
2172 4502
2172 4597
2172 4670
2173 2228
2173 2268
2173 2275
2173 2358
2173 2669
2173 2797
2173 2848
2173 2971
2173 3140
2173 3572
2173 3768
2173 3828
2173 3900
2173 4266
2173 4686
2173 4930
2173 4983
2174 2386
2174 2751
2174 2933
2174 2934
2174 2954
2174 2993
2174 3266
2174 3342
2174 3479
2174 3569
2174 3820
2174 4074
2174 4084
2174 4086
2174 4189
2174 4294
2174 4315
2174 4344
2174 4357
2174 4478
2174 4635
2174 4768
2175 2219
2175 2441
2175 2719
2175 2765
2175 2846
2175 3453
2175 3629
2175 3773
2175 3806
2175 3915
2175 4063
2175 4163
2175 4330
2175 4423
2175 4536
2175 4601
2175 4663
2175 4721
2175 4846
2176 2197
2176 2331
2176 2524
2176 2571
2176 2619
2176 2867
2176 3393
2176 3605
2176 3673
2176 3686
2176 3810
2176 3847
2176 4019
2176 4330
2176 4339
2176 4422
2176 4515
2176 4601
2176 4674
2176 4781
2176 4809
2177 2233
2177 2247
2177 2356
2177 2617
2177 2664
2177 2952
2177 3027
2177 3096
2177 4198
2177 4293
2177 4775
2177 4991
2178 2281
2178 2365
2178 2832
2178 3056
2178 3059
2178 3361
2178 3511
2178 3533
2178 3604
2178 3781
2178 4085
2178 4259
2178 4397
2178 4539
2178 4595
2178 4645
2179 2200
2179 2587
2179 2910
2179 2911
2179 2964
2179 3259
2179 3718
2179 3733
2179 3772
2179 3916
2179 3989
2179 4211
2179 4525
2180 2266
2180 2376
2180 2481
2180 3387
2180 3699
2180 3793
2180 3840
2180 3955
2180 4073
2180 4318
2180 4354
2180 4535
2180 4556
2180 4906
2180 4994
2181 2216
2181 2714
2181 2812
2181 2886
2181 3051
2181 3313
2181 3337
2181 3679
2181 3908
2181 4038
2181 4266
2181 4362
2181 4363
2181 4384
2181 4435
2181 4446
2181 4521
2181 4620
2182 2254
2182 2354
2182 2603
2182 2848
2182 3256
2182 3595
2182 3783
2182 3898
2182 3938
2182 4144
2182 4164
2182 4201
2182 4371
2182 4517
2182 4542
2182 4587
2182 4690
2182 4859
2182 4889
2182 4991
2183 2311
2183 2513
2183 2636
2183 2736
2183 2838
2183 3370
2183 3401
2183 3590
2183 3685
2183 3903
2183 4108
2183 4132
2183 4648
2183 4690
2183 4911
2184 2262
2184 2263
2184 2398
2184 2901
2184 2912
2184 3152
2184 3402
2184 3460
2184 3834
2184 3877
2184 4030
2184 4036
2184 4558
2184 4716
2184 4832
2184 4841
2184 4857
2184 4858
2184 4885
2185 2436
2185 2991
2185 3015
2185 3216
2185 3628
2185 3682
2185 3840
2185 3933
2185 4251
2185 4267
2185 4452
2185 4572
2185 4842
2185 4915
2185 4998
2186 2256
2186 2424
2186 3159
2186 3161
2186 3313
2186 3549
2186 3581
2186 3664
2186 4191
2186 4219
2186 4371
2186 4576
2186 4599
2186 4716
2186 4718
2186 4867
2186 4965
2186 4981
2187 2281
2187 2547
2187 2647
2187 3046
2187 3398
2187 3466
2187 3713
2187 3844
2187 3928
2187 4145
2187 4217
2187 4252
2187 4448
2187 4523
2187 4662
2187 4735
2188 2263
2188 2270
2188 2387
2188 2459
2188 2915
2188 3013
2188 3035
2188 3235
2188 3314
2188 3515
2188 3567
2188 3654
2188 3930
2188 4261
2188 4403
2188 4699
2188 4754
2188 4889
2188 4931
2189 2365
2189 2423
2189 2579
2189 2659
2189 2680
2189 2798
2189 2874
2189 3130
2189 3134
2189 3174
2189 3192
2189 3296
2189 3459
2189 3555
2189 3804
2189 4089
2189 4345
2189 4658
2190 2225
2190 2276
2190 2416
2190 2424
2190 2667
2190 3118
2190 3159
2190 3319
2190 3480
2190 3513
2190 3678
2190 3797
2190 3844
2190 3952
2190 4396
2190 4501
2190 4545
2190 4547
2190 4768
2191 2317
2191 2440
2191 2551
2191 2881
2191 3099
2191 3144
2191 3209
2191 3481
2191 3572
2191 3580
2191 3639
2191 3655
2191 3664
2191 3791
2191 3792
2191 4197
2191 4397
2191 4731
2192 2262
2192 2281
2192 2567
2192 2579
2192 2886
2192 2912
2192 3015
2192 3209
2192 3215
2192 3390
2192 3459
2192 3527
2192 3749
2192 3900
2192 3906
2192 3956
2192 4283
2192 4673
2193 2268
2193 2945
2193 3054
2193 3162
2193 3227
2193 3356
2193 3492
2193 3556
2193 3606
2193 3607
2193 3658
2193 3781
2193 4287
2193 4290
2193 4347
2193 4406
2194 2758
2194 2874
2194 3067
2194 3206
2194 3326
2194 3332
2194 3342
2194 3438
2194 3830
2194 3851
2194 3860
2194 3945
2194 4319
2194 4502
2194 4785
2194 4806
2195 2249
2195 2356
2195 2692
2195 2919
2195 3008
2195 3334
2195 4240
2195 4292
2195 4297
2195 4842
2196 2262
2196 2370
2196 2588
2196 2698
2196 2768
2196 2892
2196 2898
2196 2990
2196 3039
2196 3255
2196 3381
2196 3505
2196 3778
2196 3964
2196 3996
2196 4249
2196 4285
2196 4309
2196 4369
2196 4715
2196 4786
2196 4866
2197 2378
2197 2538
2197 2681
2197 2712
2197 2913
2197 2940
2197 3543
2197 3694
2197 3906
2197 4192
2197 4440
2197 4465
2197 4580
2197 4594
2197 4627
2197 4796
2198 2280
2198 2294
2198 2510
2198 2691
2198 3233
2198 3533
2198 3782
2198 4401
2198 4442
2198 4478
2198 4587
2198 4608
2198 4658
2198 4855
2198 4926
2199 2245
2199 2520
2199 2886
2199 2946
2199 3129
2199 3387
2199 3471
2199 3607
2199 3669
2199 3886
2199 3907
2199 4234
2199 4483
2199 4499
2199 4770
2199 4808
2199 4812
2199 4857
2200 2276
2200 2370
2200 2435
2200 2584
2200 2612
2200 2851
2200 2860
2200 2891
2200 3016
2200 3227
2200 3357
2200 3474
2200 3640
2200 3747
2200 3857
2200 4028
2200 4118
2200 4150
2200 4399
2200 4530
2201 2299
2201 2728
2201 2769
2201 2951
2201 3070
2201 3178
2201 3643
2201 3783
2201 3966
2201 4335
2201 4408
2201 4739
2201 4842
2202 2517
2202 2828
2202 2862
2202 2937
2202 3064
2202 3254
2202 3353
2202 3494
2202 3594
2202 3762
2202 4154
2202 4387
2202 4576
2202 4765
2202 4920
2203 2369
2203 3318
2203 3408
2203 3472
2203 3552
2203 3590
2203 3628
2203 4255
2203 4315
2203 4521
2203 4622
2203 4807
2204 2234
2204 2341
2204 2437
2204 2556
2204 2626
2204 2672
2204 2941
2204 2983
2204 3088
2204 3243
2204 3327
2204 3660
2204 4030
2204 4126
2204 4135
2204 4182
2204 4242
2204 4513
2204 4580
2204 4640
2204 4795
2204 4816
2205 2298
2205 2299
2205 2848
2205 2897
2205 2970
2205 3209
2205 3377
2205 3563
2205 3749
2205 3874
2205 3916
2205 3987
2205 4269
2206 2214
2206 2640
2206 2660
2206 2881
2206 3603
2206 3813
2206 4117
2206 4358
2206 4452
2206 4615
2206 4816
2206 4865
2206 4877
2207 2614
2207 2681
2207 2926
2207 2987
2207 3086
2207 3087
2207 3210
2207 3542
2207 3975
2207 4150
2207 4173
2207 4373
2207 4836
2207 4898
2207 4958
2208 2283
2208 2368
2208 2401
2208 2426
2208 2603
2208 2681
2208 3225
2208 3242
2208 3709
2208 3716
2208 4101
2208 4924
2209 2273
2209 2717
2209 2971
2209 3138
2209 3229
2209 3302
2209 3493
2209 3513
2209 3707
2209 3774
2209 3797
2209 3942
2209 4016
2209 4317
2209 4498
2209 4525
2209 4609
2209 4812
2210 2339
2210 3022
2210 3077
2210 3099
2210 3655
2210 4057
2210 4350
2210 4439
2210 4728
2211 2551
2211 2601
2211 2712
2211 2844
2211 3184
2211 3959
2211 4165
2211 4877
2211 4994
2212 2231
2212 2452
2212 2863
2212 2946
2212 3129
2212 3362
2212 3593
2212 3625
2212 3719
2212 3785
2212 4162
2212 4317
2212 4653
2212 4840
2213 2259
2213 2513
2213 2779
2213 2943
2213 3503
2213 3641
2213 3678
2213 3768
2213 3901
2213 4909
2213 4929
2214 2277
2214 2396
2214 2513
2214 2579
2214 2668
2214 2812
2214 2826
2214 2913
2214 3054
2214 3266
2214 3306
2214 4145
2214 4470
2214 4563
2214 4677
2215 2355
2215 2473
2215 2602
2215 2623
2215 2726
2215 2832
2215 3052
2215 3269
2215 3718
2215 3880
2215 3883
2215 4086
2215 4136
2215 4407
2215 4623
2215 4645
2215 4678
2215 4836
2216 2544
2216 2571
2216 2656
2216 2716
2216 2747
2216 3046
2216 3116
2216 3209
2216 3406
2216 3493
2216 3560
2216 3871
2216 3969
2216 4289
2216 4398
2216 4418
2216 4486
2216 4502
2216 4549
2216 4584
2216 4635
2216 4755
2216 4833
2217 2231
2217 2394
2217 2476
2217 2479
2217 2551
2217 2556
2217 2577
2217 2692
2217 2975
2217 3003
2217 3128
2217 3288
2217 3681
2217 3760
2217 4158
2217 4196
2217 4317
2217 4508
2218 2650
2218 2819
2218 2863
2218 3025
2218 3124
2218 3212
2218 3214
2218 3471
2218 3757
2218 3765
2218 3837
2218 3915
2218 3960
2218 4150
2218 4443
2218 4486
2218 4585
2218 4799
2218 4813
2218 4855
2218 4945
2219 2288
2219 2480
2219 2598
2219 2653
2219 2689
2219 2765
2219 2780
2219 2831
2219 2941
2219 2963
2219 3040
2219 3065
2219 3322
2219 3459
2219 3753
2219 3848
2219 3954
2219 4909
2219 4923
2220 2469
2220 2578
2220 2875
2220 2942
2220 3068
2220 3151
2220 3269
2220 3784
2220 4265
2220 4269
2220 4614
2220 4624
2220 4651
2220 4705
2220 4888
2220 4992
2221 2270
2221 2327
2221 2574
2221 2597
2221 3250
2221 3314
2221 3457
2221 3947
2221 3969
2221 4153
2221 4324
2221 4664
2221 4785
2221 4999
2222 2734
2222 2932
2222 3105
2222 3301
2222 3537
2222 3595
2222 3708
2222 3768
2222 3864
2222 3953
2222 4095
2222 4288
2222 4922
2222 4969
2223 2309
2223 2567
2223 2581
2223 2614
2223 2672
2223 2682
2223 2769
2223 2805
2223 3437
2223 3575
2223 4231
2223 4268
2223 4505
2223 4564
2223 4657
2223 4693
2223 4861
2223 4923
2223 4927
2224 2507
2224 2675
2224 2703
2224 2979
2224 3059
2224 3139
2224 3566
2224 3839
2224 4128
2224 4178
2224 4246
2224 4260
2224 4454
2224 4577
2224 4582
2224 4900
2224 4955
2225 2301
2225 2317
2225 2551
2225 2646
2225 2752
2225 2849
2225 2860
2225 2873
2225 2954
2225 3374
2225 4986
2226 2260
2226 2312
2226 2315
2226 2350
2226 2386
2226 2475
2226 2873
2226 2923
2226 3105
2226 3141
2226 3218
2226 3222
2226 3648
2226 3990
2226 4448
2226 4560
2226 4865
2227 2281
2227 2540
2227 3031
2227 3424
2227 3890
2227 4134
2227 4260
2227 4420
2227 4597
2227 4663
2228 2460
2228 2553
2228 2847
2228 3287
2228 3331
2228 3560
2228 3582
2228 3935
2228 3983
2228 4018
2228 4508
2229 2598
2229 2823
2229 2896
2229 2907
2229 2931
2229 2938
2229 2948
2229 3029
2229 3318
2229 3952
2229 3986
2229 3994
2229 4023
2229 4033
2229 4200
2229 4269
2229 4298
2229 4523
2229 4530
2229 4880
2229 4885
2230 2443
2230 2459
2230 3042
2230 3124
2230 3190
2230 3207
2230 3214
2230 3234
2230 3419
2230 3466
2230 3887
2230 3969
2230 4366
2230 4463
2230 4477
2230 4717
2230 4736
2230 4740
2230 4883
2231 2322
2231 2962
2231 3052
2231 3163
2231 3202
2231 3404
2231 3464
2231 3473
2231 3489
2231 3528
2231 3635
2231 3669
2231 4173
2231 4178
2231 4285
2231 4563
2231 4629
2231 4920
2231 4977
2232 2263
2232 2445
2232 2496
2232 2654
2232 2665
2232 2683
2232 2891
2232 2897
2232 3123
2232 3217
2232 3496
2232 3553
2232 3578
2232 3599
2232 3626
2232 3781
2232 3805
2232 4186
2232 4374
2232 4504
2232 4569
2232 4622
2232 4665
2232 4747
2232 4799
2233 2741
2233 2970
2233 3014
2233 3054
2233 3191
2233 3430
2233 3583
2233 3608
2233 3676
2233 3915
2233 4211
2233 4236
2233 4257
2233 4357
2233 4472
2234 2333
2234 2484
2234 2488
2234 2552
2234 2620
2234 2713
2234 2729
2234 2790
2234 2952
2234 2988
2234 3154
2234 3210
2234 3585
2234 3595
2234 3702
2234 3860
2234 4001
2234 4228
2234 4258
2234 4354
2234 4427
2234 4509
2234 4564
2234 4986
2235 2526
2235 2630
2235 3002
2235 3419
2235 3436
2235 3524
2235 3586
2235 3749
2235 3814
2235 3996
2235 4054
2235 4199
2236 2605
2236 2619
2236 2740
2236 3065
2236 3117
2236 3425
2236 3795
2236 3955
2236 4107
2236 4160
2236 4445
2236 4581
2236 4733
2237 2388
2237 2477
2237 2899
2237 3161
2237 3286
2237 3507
2237 3521
2237 3577
2237 3713
2237 3967
2237 4096
2237 4371
2237 4616
2238 2475
2238 2515
2238 2696
2238 2873
2238 3005
2238 3054
2238 3302
2238 3364
2238 3767
2238 3945
2238 4089
2238 4249
2238 4519
2238 4542
2238 4872
2238 4976
2239 2247
2239 2413
2239 2560
2239 2624
2239 2882
2239 2934
2239 3021
2239 3420
2239 3422
2239 3489
2239 3517
2239 3560
2239 3884
2239 4185
2239 4295
2239 4408
2239 4485
2239 4563
2239 4653
2240 2349
2240 2398
2240 2535
2240 2813
2240 2917
2240 3269
2240 3336
2240 3340
2240 3365
2240 3703
2240 3705
2240 3838
2240 3891
2240 4009
2240 4108
2240 4200
2240 4519
2240 4669
2240 4672
2240 4678
2240 4769
2240 4813
2240 4823
2241 2699
2241 2853
2241 3001
2241 3403
2241 3436
2241 3444
2241 3453
2241 3718
2241 3788
2241 3812
2241 3972
2241 4067
2241 4210
2241 4256
2241 4352
2241 4517
2241 4525
2241 4541
2241 4557
2241 4597
2241 4607
2241 4771
2242 2297
2242 2298
2242 2565
2242 2712
2242 2993
2242 3743
2242 4097
2242 4190
2242 4235
2242 4349
2242 4526
2242 4656
2242 4660
2242 4768
2243 2305
2243 2366
2243 3113
2243 3269
2243 3387
2243 3459
2243 3461
2243 3500
2243 3819
2243 4256
2243 4283
2243 4329
2243 4483
2243 4673
2243 4756
2243 4896
2243 4915
2243 4918
2244 2429
2244 2450
2244 2616
2244 2739
2244 2922
2244 2958
2244 3859
2244 3917
2244 3945
2244 4070
2244 4116
2244 4298
2244 4798
2244 4800
2244 4938
2245 2326
2245 2559
2245 2626
2245 2640
2245 2698
2245 2790
2245 2925
2245 2975
2245 3141
2245 3284
2245 3531
2245 4094
2245 4210
2245 4211
2245 4229
2245 4287
2245 4328
2245 4458
2245 4514
2245 4842
2245 4851
2245 4859
2246 2288
2246 2387
2246 2470
2246 2498
2246 2531
2246 3071
2246 3283
2246 3342
2246 3385
2246 3428
2246 3469
2246 3490
2246 3694
2246 3738
2246 3905
2246 4083
2246 4130
2246 4193
2246 4281
2246 4285
2246 4625
2247 2366
2247 2396
2247 2617
2247 2987
2247 3015
2247 3178
2247 3229
2247 3336
2247 3374
2247 4099
2247 4514
2247 4667
2247 4732
2247 4874
2248 2321
2248 2377
2248 2547
2248 2729
2248 2740
2248 2794
2248 2845
2248 2920
2248 3112
2248 3302
2248 3351
2248 3605
2248 3732
2248 4004
2248 4082
2248 4316
2248 4642
2248 4705
2248 4916
2249 3008
2249 3092
2249 3368
2249 3702
2249 3872
2249 3916
2249 3983
2249 4045
2249 4062
2249 4187
2249 4685
2249 4713
2249 4892
2250 2695
2250 2810
2250 2869
2250 2992
2250 3060
2250 3070
2250 3104
2250 3283
2250 3357
2250 3403
2250 3484
2250 3492
2250 3738
2250 3958
2250 4029
2250 4085
2250 4101
2250 4585
2250 4595
2250 4649
2250 4847
2251 2396
2251 2641
2251 2650
2251 2743
2251 2900
2251 3131
2251 3319
2251 3530
2251 3576
2251 3649
2251 3783
2251 3914
2251 3924
2251 4055
2251 4408
2251 4533
2251 4549
2251 4552
2251 4718
2251 4720
2251 4725
2251 4959
2252 2697
2252 2866
2252 3009
2252 3134
2252 3304
2252 3386
2252 3667
2252 3698
2252 4135
2252 4244
2252 4261
2252 4352
2252 4372
2252 4462
2252 4545
2252 4826
2252 4930
2253 2486
2253 2721
2253 2779
2253 2882
2253 3025
2253 3136
2253 3196
2253 3302
2253 3338
2253 3339
2253 3495
2253 3572
2253 3634
2253 3702
2253 3845
2253 3955
2253 4370
2253 4684
2253 4852
2254 2259
2254 2983
2254 3106
2254 3385
2254 3490
2254 3578
2254 3733
2254 4466
2254 4497
2254 4551
2254 4637
2254 4687
2254 4699
2254 4728
2254 4856
2255 2429
2255 2484
2255 2500
2255 2698
2255 2904
2255 2950
2255 3180
2255 3236
2255 3328
2255 3647
2255 3727
2255 3962
2255 4569
2255 4607
2255 4917
2255 4943
2256 2266
2256 2392
2256 2473
2256 2474
2256 2566
2256 3697
2256 3841
2256 3984
2256 4010
2256 4359
2256 4426
2256 4460
2256 4847
2256 4954
2257 2274
2257 2433
2257 2546
2257 2672
2257 2682
2257 2715
2257 2746
2257 2845
2257 3494
2257 4158
2257 4261
2257 4356
2257 4784
2258 2296
2258 2375
2258 2561
2258 3114
2258 3383
2258 3573
2258 3842
2258 3875
2258 4291
2258 4295
2258 4387
2258 4530
2258 4666
2259 2319
2259 2638
2259 2644
2259 3025
2259 3121
2259 3157
2259 3308
2259 3312
2259 3494
2259 3622
2259 3921
2259 4004
2259 4257
2259 4534
2260 2280
2260 2378
2260 2760
2260 2804
2260 2851
2260 2873
2260 3137
2260 3432
2260 3488
2260 3546
2260 3549
2260 3624
2260 3627
2260 3855
2260 4703
2260 4861
2260 4915
2260 4951
2261 2348
2261 2445
2261 2582
2261 2749
2261 2845
2261 3072
2261 3478
2261 3789
2261 3836
2261 3925
2261 4076
2261 4650
2261 4948
2261 4959
2262 2458
2262 2550
2262 2591
2262 2701
2262 2720
2262 2926
2262 3165
2262 3194
2262 3323
2262 3609
2262 3773
2262 3845
2262 4169
2262 4292
2262 4654
2262 4742
2263 2276
2263 2602
2263 2686
2263 2860
2263 3154
2263 3345
2263 3465
2263 3503
2263 3519
2263 3634
2263 3655
2263 3769
2263 3779
2263 4033
2263 4115
2263 4170
2263 4244
2263 4408
2263 4495
2263 4503
2263 4693
2263 4784
2263 4913
2264 2411
2264 2997
2264 3039
2264 3090
2264 3318
2264 3653
2264 3681
2264 3862
2264 3940
2264 3990
2264 4053
2264 4152
2264 4227
2264 4391
2264 4513
2264 4584
2264 4601
2264 4607
2264 4645
2264 4757
2264 4808
2264 4864
2265 2883
2265 3083
2265 3116
2265 3156
2265 3393
2265 3522
2265 3643
2265 3651
2265 3882
2265 3892
2265 3942
2265 4050
2265 4142
2265 4195
2265 4528
2265 4529
2265 4684
2265 4694
2265 4758
2266 2299
2266 2318
2266 2898
2266 2935
2266 3143
2266 3269
2266 3444
2266 3791
2266 4025
2266 4050
2266 4118
2266 4204
2266 4236
2266 4823
2266 4895
2266 4928
2267 2341
2267 2482
2267 2778
2267 2809
2267 2855
2267 2901
2267 3106
2267 3126
2267 3371
2267 3558
2267 3648
2267 3713
2267 3757
2267 4004
2267 4076
2267 4215
2267 4642
2267 4759
2267 4864
2268 2297
2268 2377
2268 2560
2268 2571
2268 2599
2268 2686
2268 2942
2268 3097
2268 3204
2268 3293
2268 3417
2268 3526
2268 3697
2268 3706
2268 3761
2268 3765
2268 4021
2268 4092
2268 4860
2268 4995
2269 2479
2269 3273
2269 3529
2269 3672
2269 3683
2269 4036
2269 4182
2269 4585
2269 4627
2269 4936
2269 4972
2270 2750
2270 2958
2270 3036
2270 3054
2270 3232
2270 3435
2270 3665
2270 3691
2270 3972
2270 4192
2270 4286
2270 4447
2270 4576
2270 4689
2271 2536
2271 2867
2271 3149
2271 3269
2271 3803
2271 3818
2271 4343
2271 4390
2271 4402
2271 4586
2271 4592
2271 4799
2271 4828
2271 4896
2272 2304
2272 2589
2272 2711
2272 2985
2272 3065
2272 3430
2272 3482
2272 3529
2272 3885
2272 4005
2272 4010
2272 4426
2272 4511
2272 4544
2272 4586
2272 4805
2272 4816
2272 4940
2273 2412
2273 2427
2273 2988
2273 3353
2273 3423
2273 3424
2273 3454
2273 3565
2273 3692
2273 3736
2273 4093
2273 4132
2273 4506
2273 4558
2273 4561
2273 4799
2274 2284
2274 2309
2274 2310
2274 2332
2274 2600
2274 2755
2274 2911
2274 2969
2274 3280
2274 3487
2274 3494
2274 3917
2274 4039
2274 4073
2274 4373
2274 4380
2274 4631
2275 2281
2275 2321
2275 2492
2275 2544
2275 2564
2275 3015
2275 3243
2275 3335
2275 3504
2275 4190
2275 4200
2275 4610
2275 4760
2275 4899
2275 4916
2276 2869
2276 3087
2276 3203
2276 3243
2276 3382
2276 3402
2276 3571
2276 3604
2276 3631
2276 3777
2276 3805
2276 3862
2276 4245
2276 4597
2277 2297
2277 2311
2277 2500
2277 3227
2277 3474
2277 3589
2277 3724
2277 4003
2277 4021
2278 2309
2278 2455
2278 2669
2278 2822
2278 2892
2278 2925
2278 3030
2278 3047
2278 3178
2278 3232
2278 3241
2278 3841
2278 3855
2278 4176
2278 4231
2278 4272
2278 4354
2278 4485
2278 4506
2278 4720
2278 4769
2279 2513
2279 2721
2279 2854
2279 2989
2279 3164
2279 3186
2279 3381
2279 3653
2279 3882
2279 4293
2279 4470
2279 4758
2279 4826
2279 4957
2280 2622
2280 2740
2280 2914
2280 2929
2280 3013
2280 3314
2280 3667
2280 3779
2280 3795
2280 3885
2280 3924
2280 3964
2280 4124
2280 4467
2280 4501
2280 4519
2280 4566
2280 4932
2281 2367
2281 2511
2281 2908
2281 2944
2281 3116
2281 3251
2281 3776
2281 4152
2281 4292
2281 4359
2281 4417
2281 4425
2281 4521
2281 4792
2282 2323
2282 2517
2282 3016
2282 3313
2282 3370
2282 3611
2282 4200
2282 4375
2282 4563
2282 4706
2283 2568
2283 2611
2283 2724
2283 2768
2283 2846
2283 2966
2283 3075
2283 3339
2283 3591
2283 3614
2283 3857
2283 4004
2283 4018
2283 4119
2283 4164
2283 4289
2283 4404
2283 4474
2283 4476
2283 4600
2283 4634
2283 4905
2283 4914
2284 2302
2284 2550
2284 2599
2284 2616
2284 2990
2284 3146
2284 3313
2284 3594
2284 3769
2284 3819
2284 4026
2284 4155
2284 4254
2284 4551
2284 4598
2284 4741
2284 4779
2285 2371
2285 2399
2285 2453
2285 2511
2285 3244
2285 3684
2285 3813
2285 4013
2285 4078
2285 4306
2285 4848
2285 4873
2285 4964
2286 2360
2286 2458
2286 2539
2286 2678
2286 2991
2286 2992
2286 3083
2286 3100
2286 3126
2286 3406
2286 3491
2286 3674
2286 3868
2286 3932
2286 4026
2286 4072
2286 4155
2286 4235
2286 4292
2286 4506
2286 4823
2286 4845
2286 4861
2287 2291
2287 2410
2287 2425
2287 2764
2287 2817
2287 2909
2287 3134
2287 3442
2287 3466
2287 3705
2287 3993
2287 4066
2287 4289
2287 4376
2287 4438
2287 4620
2287 4653
2287 4926
2288 2721
2288 2824
2288 3015
2288 3054
2288 3153
2288 3244
2288 3318
2288 3739
2288 3900
2288 3921
2288 3985
2288 4004
2288 4185
2288 4195
2288 4534
2288 4590
2288 4598
2288 4657
2288 4679
2288 4835
2289 2323
2289 2562
2289 2743
2289 2757
2289 2928
2289 3053
2289 3183
2289 3289
2289 3622
2289 3832
2289 4281
2289 4314
2289 4419
2289 4661
2289 4746
2289 4792
2290 2696
2290 3479
2290 3611
2290 3692
2290 3992
2290 4442
2290 4697
2290 4911
2291 2357
2291 2514
2291 2539
2291 2922
2291 2992
2291 3012
2291 3174
2291 3415
2291 3499
2291 3825
2291 3875
2291 4052
2291 4151
2291 4220
2291 4342
2291 4567
2291 4643
2292 2372
2292 2392
2292 2396
2292 2412
2292 2858
2292 2937
2292 3094
2292 3124
2292 3394
2292 3538
2292 3659
2292 3767
2292 3880
2292 4072
2292 4083
2292 4253
2292 4402
2292 4651
2292 4679
2292 4849
2293 2342
2293 2653
2293 2689
2293 2733
2293 2825
2293 2891
2293 2909
2293 3195
2293 3360
2293 3419
2293 3495
2293 3577
2293 3585
2293 3605
2293 3740
2293 3962
2293 4122
2293 4178
2293 4573
2293 4696
2293 4820
2293 4824
2293 4832
2294 2402
2294 2825
2294 2943
2294 3029
2294 3351
2294 3467
2294 3509
2294 3534
2294 3950
2294 3951
2294 4128
2294 4577
2294 4789
2294 4952
2295 2433
2295 2474
2295 2545
2295 2644
2295 2841
2295 3012
2295 3135
2295 3187
2295 3307
2295 3317
2295 3752
2295 4034
2295 4077
2295 4410
2295 4571
2295 4735
2295 4761
2296 2452
2296 2468
2296 2518
2296 2604
2296 2684
2296 2690
2296 2722
2296 2930
2296 3180
2296 3269
2296 3325
2296 3629
2296 4398
2296 4514
2296 4827
2296 4833
2297 2399
2297 2419
2297 2647
2297 2688
2297 2805
2297 2815
2297 3217
2297 3339
2297 3353
2297 3475
2297 3825
2297 3829
2297 3881
2297 3952
2297 4078
2297 4215
2297 4279
2297 4480
2297 4511
2297 4621
2297 4847
2298 2314
2298 2346
2298 2717
2298 2796
2298 2942
2298 3064
2298 3162
2298 3251
2298 3735
2298 3818
2298 4091
2298 4102
2298 4122
2299 2627
2299 2700
2299 3354
2299 3482
2299 3492
2299 3657
2299 3697
2299 3845
2299 3855
2299 3862
2299 3970
2299 4092
2299 4290
2299 4821
2299 4929
2300 2401
2300 2504
2300 2793
2300 2795
2300 2941
2300 2989
2300 3356
2300 3455
2300 3632
2300 3833
2300 3901
2300 3946
2300 4018
2300 4101
2300 4287
2300 4581
2300 4706
2301 2324
2301 2351
2301 2838
2301 3128
2301 3230
2301 3550
2301 3730
2301 3878
2301 3892
2301 3900
2301 3945
2301 4088
2301 4340
2301 4949
2301 4951
2302 2523
2302 2712
2302 2727
2302 2756
2302 2886
2302 3290
2302 3325
2302 3365
2302 3838
2302 3861
2302 3918
2302 3955
2302 3965
2302 4159
2302 4307
2302 4320
2302 4381
2302 4583
2302 4594
2302 4603
2302 4628
2302 4647
2302 4741
2302 4804
2303 2425
2303 2449
2303 2480
2303 2483
2303 2492
2303 2648
2303 2896
2303 3055
2303 3086
2303 3218
2303 3318
2303 3350
2303 3379
2303 3556
2303 3760
2303 4244
2303 4338
2303 4380
2303 4456
2303 4551
2303 4764
2303 4960
2304 2495
2304 2583
2304 2860
2304 2971
2304 3115
2304 3118
2304 3396
2304 3499
2304 3770
2304 3918
2304 3962
2304 4102
2304 4244
2304 4430
2304 4650
2304 4683
2304 4731
2304 4855
2304 4962
2304 4981
2305 2359
2305 2509
2305 2527
2305 2698
2305 2738
2305 2869
2305 3137
2305 3448
2305 3518
2305 3531
2305 3551
2305 3646
2305 4007
2305 4167
2305 4343
2305 4511
2305 4564
2305 4660
2305 4798
2305 4906
2306 2521
2306 2631
2306 2789
2306 3058
2306 3212
2306 3385
2306 3847
2306 4237
2306 4349
2306 4372
2306 4428
2306 4606
2306 4622
2306 4743
2306 4827
2306 4881
2306 4920
2307 2399
2307 2477
2307 3075
2307 3138
2307 3178
2307 3330
2307 3418
2307 3595
2307 3810
2307 3941
2307 4187
2307 4230
2307 4282
2307 4618
2307 4738
2307 4771
2308 2467
2308 2471
2308 2667
2308 2791
2308 2879
2308 2936
2308 3012
2308 3198
2308 3498
2308 3618
2308 3710
2308 3979
2308 4062
2308 4147
2308 4751
2308 4857
2309 2329
2309 2541
2309 2887
2309 2964
2309 2995
2309 3154
2309 3431
2309 3607
2309 3669
2309 4163
2309 4216
2309 4618
2309 4627
2309 4733
2309 4800
2309 4832
2310 2379
2310 2453
2310 2641
2310 2833
2310 2887
2310 3261
2310 3274
2310 3535
2310 3626
2310 3693
2310 3819
2310 4073
2310 4214
2311 2438
2311 2644
2311 2758
2311 3038
2311 3178
2311 3186
2311 3280
2311 3400
2311 3457
2311 3666
2311 3699
2311 3747
2311 3782
2311 4277
2311 4569
2311 4580
2311 4642
2311 4732
2311 4771
2311 4773
2311 4915
2312 2393
2312 2665
2312 2899
2312 3258
2312 3303
2312 3343
2312 3349
2312 3577
2312 3619
2312 3702
2312 3811
2312 4025
2312 4117
2312 4171
2312 4223
2312 4405
2312 4461
2312 4805
2312 4949
2312 4955
2313 2361
2313 2460
2313 2594
2313 2882
2313 2951
2313 3405
2313 3413
2313 3688
2313 4009
2313 4014
2313 4031
2313 4136
2313 4252
2313 4504
2313 4682
2313 4729
2313 4734
2313 4745
2313 4894
2313 4968
2314 2759
2314 2980
2314 3002
2314 3501
2314 3616
2314 3825
2314 4010
2314 4097
2314 4154
2314 4255
2314 4661
2314 4775
2314 4784
2314 4828
2314 4956
2315 2351
2315 3129
2315 3384
2315 3390
2315 3536
2315 3546
2315 3627
2315 3655
2315 3809
2315 3994
2315 4030
2315 4162
2315 4262
2315 4629
2315 4823
2316 2843
2316 3039
2316 3133
2316 3155
2316 3353
2316 3595
2316 3694
2316 3983
2316 4056
2316 4288
2316 4379
2316 4555
2316 4604
2316 4613
2316 4634
2317 2368
2317 2409
2317 2496
2317 2585
2317 2790
2317 3010
2317 3057
2317 3202
2317 3223
2317 3239
2317 3419
2317 3425
2317 3615
2317 3801
2317 3953
2317 4083
2317 4128
2317 4134
2317 4243
2317 4299
2317 4351
2317 4542
2317 4733
2317 4958
2318 2355
2318 2463
2318 2969
2318 3526
2318 3680
2318 4140
2318 4216
2318 4554
2318 4679
2318 4775
2318 4885
2319 2413
2319 2627
2319 2816
2319 3268
2319 3312
2319 3579
2319 3840
2319 4249
2319 4769
2319 4894
2320 2422
2320 2757
2320 2767
2320 2778
2320 2797
2320 2847
2320 2866
2320 3042
2320 3385
2320 3451
2320 3558
2320 3842
2320 3858
2320 4344
2320 4402
2320 4594
2320 4909
2320 4912
2321 2781
2321 3163
2321 3641
2321 3648
2321 3874
2321 3938
2321 4040
2321 4069
2321 4534
2321 4572
2321 4695
2321 4733
2321 4748
2321 4932
2322 2393
2322 2648
2322 2867
2322 2918
2322 3393
2322 3418
2322 3439
2322 3477
2322 3890
2322 3927
2322 4008
2322 4159
2322 4295
2322 4636
2322 4953
2322 4965
2323 2381
2323 2387
2323 2488
2323 2754
2323 2979
2323 3066
2323 3171
2323 3314
2323 3319
2323 3342
2323 3446
2323 3586
2323 3877
2323 3906
2323 3909
2323 3927
2323 4116
2323 4295
2323 4512
2323 4870
2323 4931
2323 4967
2324 2489
2324 2554
2324 2664
2324 2677
2324 2965
2324 2966
2324 2975
2324 2992
2324 3295
2324 3417
2324 3650
2324 3728
2324 3831
2324 4159
2324 4198
2324 4657
2324 4783
2324 4905
2324 4930
2324 4937
2324 4963
2325 2368
2325 2506
2325 2572
2325 2804
2325 2959
2325 3072
2325 3390
2325 3575
2325 3587
2325 3600
2325 3633
2325 4298
2325 4610
2325 4619
2326 2438
2326 2577
2326 2675
2326 2900
2326 2915
2326 2947
2326 3291
2326 3458
2326 3495
2326 3796
2326 3943
2326 3983
2326 4153
2326 4392
2326 4759
2327 2452
2327 2591
2327 2643
2327 2982
2327 2995
2327 3044
2327 3051
2327 3056
2327 3173
2327 3233
2327 3238
2327 3350
2327 3498
2327 3990
2327 4388
2327 4445
2327 4891
2328 2346
2328 2424
2328 2447
2328 2579
2328 2614
2328 2953
2328 3109
2328 3154
2328 3190
2328 3298
2328 3334
2328 3408
2328 3618
2328 3676
2328 3858
2328 4181
2328 4312
2328 4623
2329 2371
2329 2436
2329 2488
2329 2536
2329 2707
2329 3060
2329 3073
2329 3537
2329 3546
2329 3696
2329 3806
2329 3971
2329 4041
2329 4154
2329 4188
2330 2367
2330 2504
2330 2770
2330 2947
2330 3245
2330 3343
2330 3709
2330 3787
2330 4249
2330 4374
2330 4703
2330 4790
2330 4883
2331 2521
2331 2861
2331 3459
2331 3696
2331 4331
2331 4418
2331 4545
2331 4741
2331 4897
2332 2542
2332 2571
2332 2634
2332 2669
2332 2690
2332 2712
2332 2731
2332 2744
2332 2756
2332 2829
2332 2910
2332 3184
2332 3377
2332 4038
2332 4333
2332 4583
2332 4739
2332 4800
2333 2425
2333 2455
2333 2622
2333 2858
2333 2891
2333 2926
2333 3014
2333 3015
2333 3027
2333 3111
2333 3195
2333 3321
2333 3466
2333 3574
2333 3581
2333 3833
2333 4092
2333 4229
2333 4330
2333 4331
2333 4361
2333 4697
2333 4833
2334 2730
2334 2772
2334 3279
2334 3405
2334 3440
2334 3741
2334 3927
2334 3996
2334 4054
2334 4069
2334 4107
2334 4399
2334 4516
2334 4620
2335 2617
2335 2958
2335 3040
2335 3400
2335 3556
2335 3614
2335 3863
2335 3971
2335 4110
2335 4190
2335 4655
2336 2369
2336 2420
2336 2481
2336 2536
2336 2705
2336 3021
2336 3208
2336 3328
2336 3442
2336 3604
2336 3614
2336 3992
2336 4102
2336 4105
2336 4190
2336 4210
2336 4453
2336 4479
2336 4986
2337 2412
2337 2610
2337 3004
2337 3151
2337 3190
2337 3366
2337 3383
2337 3636
2337 3643
2337 4593
2337 4635
2337 4790
2338 2519
2338 2766
2338 2860
2338 3136
2338 3416
2338 3463
2338 3581
2338 3582
2338 3617
2338 3631
2338 3882
2338 3954
2338 4208
2338 4363
2338 4452
2338 4456
2338 4514
2338 4520
2338 4598
2338 4644
2338 4694
2339 2418
2339 2434
2339 2495
2339 2678
2339 2797
2339 2903
2339 3024
2339 3259
2339 3305
2339 3789
2339 3873
2339 4396
2339 4601
2340 2409
2340 2676
2340 2692
2340 3159
2340 3472
2340 3505
2340 3866
2340 4672
2340 4716
2340 4754
2340 4912
2341 2441
2341 2843
2341 2894
2341 3724
2341 3859
2341 4042
2341 4096
2341 4165
2341 4173
2341 4429
2341 4615
2341 4793
2342 2486
2342 2733
2342 2810
2342 3254
2342 3273
2342 3326
2342 3541
2342 3711
2342 3731
2342 3855
2342 4010
2342 4265
2342 4382
2342 4468
2342 4658
2342 4855
2342 4985
2342 4992
2343 2424
2343 2427
2343 2534
2343 2631
2343 2819
2343 2926
2343 3102
2343 3141
2343 3180
2343 3190
2343 3235
2343 3449
2343 4024
2343 4075
2343 4291
2343 4316
2343 4571
2343 4738
2343 4946
2344 2374
2344 2381
2344 2433
2344 2709
2344 2825
2344 2837
2344 2926
2344 3138
2344 3313
2344 3461
2344 3511
2344 3527
2344 3881
2344 3888
2344 4053
2344 4205
2344 4566
2344 4622
2344 4692
2344 4792
2345 2438
2345 2496
2345 2602
2345 2723
2345 2963
2345 3149
2345 3235
2345 3306
2345 3319
2345 3450
2345 3500
2345 3518
2345 3660
2345 3773
2345 4261
2345 4645
2345 4653
2345 4677
2346 3093
2346 3552
2346 3721
2346 4192
2346 4550
2346 4726
2346 4791
2346 4852
2347 2477
2347 3030
2347 3067
2347 3395
2347 3489
2347 3491
2347 3524
2347 3650
2347 3959
2347 4078
2347 4147
2347 4399
2347 4579
2347 4609
2347 4743
2347 4868
2348 2354
2348 2418
2348 2546
2348 2838
2348 2975
2348 3094
2348 3129
2348 3172
2348 3201
2348 3324
2348 3634
2348 3786
2348 4003
2348 4082
2348 4568
2348 4698
2348 4701
2348 4774
2348 4900
2349 2357
2349 2363
2349 2535
2349 2599
2349 2614
2349 2753
2349 2960
2349 3038
2349 3044
2349 3049
2349 3076
2349 3219
2349 3330
2349 3479
2349 3501
2349 3528
2349 3625
2349 3703
2349 3806
2349 4080
2349 4598
2349 4690
2349 4729
2349 4926
2349 4953
2350 2512
2350 2582
2350 3147
2350 3250
2350 3413
2350 3522
2350 3543
2350 3597
2350 3616
2350 3638
2350 3640
2350 3966
2350 4220
2350 4259
2350 4636
2350 4937
2350 4955
2351 2592
2351 2655
2351 2814
2351 3057
2351 3070
2351 3083
2351 3235
2351 3708
2351 3821
2351 3915
2351 4067
2351 4215
2351 4369
2351 4392
2351 4422
2351 4624
2351 4704
2351 4836
2352 2479
2352 2498
2352 2851
2352 2911
2352 3104
2352 3214
2352 3438
2352 3548
2352 3616
2352 3808
2352 3914
2352 4076
2352 4287
2352 4746
2352 4854
2353 2656
2353 2726
2353 2834
2353 2903
2353 3492
2353 3743
2353 3750
2353 3778
2353 3996
2353 4055
2353 4203
2353 4207
2353 4540
2353 4544
2353 4753
2353 4754
2353 4945
2354 2364
2354 2426
2354 2506
2354 2879
2354 3143
2354 3512
2354 3761
2354 3974
2354 4113
2354 4382
2354 4701
2355 2380
2355 2503
2355 2508
2355 2640
2355 2875
2355 3264
2355 3671
2355 3740
2355 3886
2355 3966
2355 3977
2355 3986
2355 4660
2355 4788
2355 4877
2356 2372
2356 2549
2356 2624
2356 3299
2356 3331
2356 3402
2356 3829
2356 4105
2356 4396
2356 4714
2356 4748
2356 4752
2357 2382
2357 2533
2357 2646
2357 2804
2357 3024
2357 3286
2357 3411
2357 3936
2357 3980
2357 4020
2357 4112
2357 4264
2357 4537
2357 4565
2358 2399
2358 2494
2358 2580
2358 2638
2358 2717
2358 2889
2358 2928
2358 2949
2358 3224
2358 3560
2358 3678
2358 3680
2358 3726
2358 3859
2358 3864
2358 3909
2358 4159
2358 4293
2358 4408
2358 4831
2358 4854
2358 4955
2359 2473
2359 2498
2359 2544
2359 2682
2359 2854
2359 2865
2359 3082
2359 3284
2359 3404
2359 3538
2359 3552
2359 3634
2359 3701
2359 3711
2359 3906
2359 3996
2359 4001
2359 4096
2359 4198
2359 4251
2359 4337
2359 4593
2359 4623
2360 2955
2360 3015
2360 3353
2360 3387
2360 3801
2360 4007
2360 4109
2360 4537
2360 4770
2360 4784
2360 4807
2360 4871
2360 4937
2361 2670
2361 2951
2361 3045
2361 3202
2361 3668
2361 3786
2361 3790
2361 3794
2361 3932
2361 4066
2361 4270
2361 4470
2361 4661
2361 4674
2361 4791
2361 4870
2362 2430
2362 2465
2362 2483
2362 2515
2362 2535
2362 2743
2362 2771
2362 3073
2362 3121
2362 3460
2362 3500
2362 3627
2362 3727
2362 3946
2362 4482
2362 4513
2362 4580
2362 4728
2362 4729
2362 4761
2362 4896
2362 4991
2363 2673
2363 2722
2363 3385
2363 3624
2363 3649
2363 3888
2363 4087
2363 4235
2363 4242
2363 4266
2363 4379
2363 4398
2363 4524
2363 4599
2363 4828
2363 4926
2363 4975
2364 2586
2364 2620
2364 2703
2364 2736
2364 2890
2364 2961
2364 3042
2364 3106
2364 3257
2364 3852
2364 3982
2364 4059
2364 4135
2364 4429
2364 4446
2364 4495
2364 4666
2364 4802
2364 4921
2365 2454
2365 2596
2365 2824
2365 2982
2365 3161
2365 3283
2365 4117
2365 4161
2365 4386
2365 4809
2365 4854
2366 2844
2366 3028
2366 3211
2366 3327
2366 3330
2366 3347
2366 3373
2366 3374
2366 3686
2366 3894
2366 3942
2366 3962
2366 4008
2366 4015
2366 4139
2366 4213
2366 4257
2366 4324
2366 4374
2366 4517
2366 4598
2366 4808
2366 4820
2366 4932
2366 4959
2367 2400
2367 2861
2367 3138
2367 3198
2367 3565
2367 4006
2367 4093
2367 4198
2367 4218
2367 4493
2367 4573
2367 4694
2367 4907
2368 2482
2368 2642
2368 2693
2368 2929
2368 2965
2368 2997
2368 3159
2368 3229
2368 3346
2368 3530
2368 3766
2368 3892
2368 4072
2368 4300
2368 4508
2368 4666
2368 4815
2369 2462
2369 2524
2369 2725
2369 2763
2369 2804
2369 3368
2369 3370
2369 3556
2369 3588
2369 3644
2369 4104
2369 4153
2369 4437
2369 4530
2369 4533
2370 2409
2370 2414
2370 2640
2370 2685
2370 2868
2370 2978
2370 3094
2370 3103
2370 3289
2370 3555
2370 3654
2370 3703
2370 3803
2370 4048
2370 4123
2370 4173
2370 4361
2370 4672
2370 4826
2371 2373
2371 2462
2371 2651
2371 2836
2371 3111
2371 3174
2371 3255
2371 3329
2371 3485
2371 3887
2371 4801
2372 2514
2372 2700
2372 2804
2372 3292
2372 3453
2372 3457
2372 3546
2372 3762
2372 4170
2372 4259
2372 4388
2372 4454
2372 4514
2372 4618
2372 4782
2372 4863
2373 2562
2373 2671
2373 2706
2373 2904
2373 2958
2373 3166
2373 3187
2373 3243
2373 3368
2373 3457
2373 3604
2373 3755
2373 3859
2373 4308
2373 4466
2373 4483
2373 4827
2374 2484
2374 2630
2374 3070
2374 3107
2374 3229
2374 3409
2374 3475
2374 3772
2374 4085
2374 4148
2374 4216
2374 4461
2374 4497
2374 4708
2374 4715
2374 4871
2374 4882
2374 4915
2374 4975
2375 2624
2375 2736
2375 2776
2375 2860
2375 2914
2375 3954
2375 4174
2375 4223
2375 4264
2375 4574
2376 2473
2376 2484
2376 2603
2376 2632
2376 2951
2376 3116
2376 3212
2376 3365
2376 3460
2376 3634
2376 3980
2376 4188
2376 4302
2376 4872
2377 2438
2377 2571
2377 2642
2377 2670
2377 2708
2377 2722
2377 3533
2377 3653
2377 3911
2377 4042
2377 4406
2377 4415
2377 4573
2377 4575
2377 4598
2377 4664
2377 4833
2377 4947
2378 2547
2378 2552
2378 2959
2378 3595
2378 3919
2378 4091
2378 4094
2378 4250
2378 4254
2378 4390
2378 4487
2378 4525
2378 4605
2378 4677
2378 4695
2378 4769
2378 4951
2379 2416
2379 2716
2379 3242
2379 3366
2379 3372
2379 3557
2379 3861
2379 4037
2379 4085
2379 4219
2379 4277
2379 4401
2379 4441
2379 4592
2379 4797
2380 2409
2380 2598
2380 2633
2380 2895
2380 3341
2380 3531
2380 3593
2380 3792
2380 4099
2380 4264
2380 4271
2380 4272
2380 4880
2381 2495
2381 2888
2381 2948
2381 3116
2381 3194
2381 3320
2381 3355
2381 3463
2381 3475
2381 3609
2381 3818
2381 4028
2381 4453
2381 4480
2381 4555
2382 2608
2382 3512
2382 3525
2382 3670
2382 3798
2382 3869
2382 4378
2382 4621
2383 2520
2383 2817
2383 2899
2383 2901
2383 3049
2383 3072
2383 3377
2383 3393
2383 3640
2383 3771
2383 3869
2383 3912
2383 4013
2383 4245
2383 4297
2383 4456
2383 4488
2383 4546
2383 4997
2384 2387
2384 2616
2384 2653
2384 2681
2384 2716
2384 2755
2384 3123
2384 3178
2384 3290
2384 3318
2384 3410
2384 3482
2384 3728
2384 3908
2384 3992
2384 4170
2384 4205
2384 4242
2384 4294
2384 4681
2384 4713
2384 4762
2384 4780
2384 4991
2385 2858
2385 3145
2385 3164
2385 3366
2385 3610
2385 4007
2385 4312
2385 4335
2385 4468
2386 2563
2386 2830
2386 2903
2386 2911
2386 2980
2386 2994
2386 3040
2386 3105
2386 3118
2386 3177
2386 3192
2386 3216
2386 3222
2386 3392
2386 3451
2386 3602
2386 3711
2386 4184
2386 4376
2386 4586
2386 4728
2387 2584
2387 2679
2387 3010
2387 3063
2387 3232
2387 3335
2387 3584
2387 3813
2387 4000
2387 4087
2387 4331
2387 4539
2387 4815
2387 4986
2388 2420
2388 2670
2388 2870
2388 2948
2388 3477
2388 3557
2388 3620
2388 3730
2388 3810
2388 4091
2388 4117
2388 4283
2388 4485
2388 4602
2389 2480
2389 2549
2389 2609
2389 2917
2389 3212
2389 3543
2389 3626
2389 3747
2389 4581
2389 4670
2389 4925
2390 2701
2390 2880
2390 3050
2390 3163
2390 3325
2390 3383
2390 3686
2390 3716
2390 4110
2390 4191
2390 4352
2390 4748
2390 4941
2391 2414
2391 2500
2391 2757
2391 2970
2391 2980
2391 3146
2391 3250
2391 3303
2391 3338
2391 3388
2391 3508
2391 3525
2391 3727
2391 4022
2391 4192
2391 4409
2391 4485
2391 4542
2391 4577
2391 4768
2391 4867
2392 2453
2392 2682
2392 3415
2392 3490
2392 3492
2392 3567
2392 3979
2392 4113
2392 4129
2392 4532
2392 4578
2392 4609
2392 4787
2393 2984
2393 3202
2393 3500
2393 3813
2393 3827
2393 3832
2393 3936
2393 3953
2393 4499
2393 4610
2394 2526
2394 2546
2394 2716
2394 3253
2394 3449
2394 3618
2394 3677
2394 4504
2394 4592
2394 4664
2394 4768
2394 4806
2394 4840
2394 4959
2395 2900
2395 2941
2395 3182
2395 3212
2395 3875
2395 3992
2395 4380
2395 4454
2395 4473
2395 4683
2396 2399
2396 2633
2396 3424
2396 3481
2396 3678
2396 3776
2396 4083
2396 4131
2396 4169
2396 4224
2396 4248
2396 4382
2396 4413
2396 4456
2396 4489
2396 4545
2397 2854
2397 2912
2397 2925
2397 3066
2397 3234
2397 3256
2397 3351
2397 3519
2397 4030
2397 4085
2397 4160
2397 4196
2397 4473
2397 4484
2397 4574
2397 4584
2397 4756
2397 4981
2398 2404
2398 2432
2398 2612
2398 2788
2398 2852
2398 2913
2398 2921
2398 2969
2398 3089
2398 3110
2398 3356
2398 3433
2398 3500
2398 3811
2398 3870
2398 4242
2398 4256
2398 4626
2398 4714
2399 2444
2399 2458
2399 2570
2399 2629
2399 2893
2399 2993
2399 3142
2399 3158
2399 3288
2399 3318
2399 3495
2399 3530
2399 3538
2399 3928
2399 3938
2399 4280
2399 4282
2399 4291
2399 4315
2399 4377
2399 4621
2400 2508
2400 2819
2400 2856
2400 2959
2400 2974
2400 3777
2400 3937
2400 3946
2400 4127
2400 4139
2400 4164
2400 4232
2400 4316
2400 4553
2400 4752
2400 4793
2401 2439
2401 2482
2401 2518
2401 2658
2401 2659
2401 2902
2401 2954
2401 3021
2401 3050
2401 3159
2401 3319
2401 3448
2401 3761
2401 4186
2401 4259
2401 4287
2401 4559
2401 4683
2402 2431
2402 2511
2402 2797
2402 3138
2402 3206
2402 3231
2402 3274
2402 3356
2402 3758
2402 3822
2402 3955
2402 4039
2402 4221
2402 4259
2402 4324
2402 4347
2402 4551
2402 4576
2402 4649
2402 4674
2402 4856
2402 4867
2403 2529
2403 2605
2403 2907
2403 3341
2403 3729
2403 3954
2403 4287
2403 4460
2403 4549
2403 4720
2403 4783
2404 2469
2404 2488
2404 2674
2404 2962
2404 3619
2404 3788
2404 4123
2404 4286
2404 4322
2404 4492
2404 4716
2404 4821
2405 2439
2405 2481
2405 2537
2405 2686
2405 3077
2405 3140
2405 3307
2405 3388
2405 3469
2405 4312
2405 4469
2405 4524
2405 4597
2405 4697
2405 4845
2405 4908
2406 2416
2406 2543
2406 2614
2406 2691
2406 2939
2406 3068
2406 3200
2406 3340
2406 3385
2406 3822
2406 4173
2406 4274
2406 4415
2406 4448
2407 2628
2407 2716
2407 2895
2407 3101
2407 3153
2407 3368
2407 3466
2407 3585
2407 3740
2407 3855
2407 3917
2407 4130
2407 4429
2407 4562
2407 4652
2407 4726
2408 2464
2408 2619
2408 2705
2408 2763
2408 2789
2408 3042
2408 3189
2408 3679
2408 3814
2408 4174
2408 4410
2408 4448
2408 4496
2408 4578
2408 4591
2408 4886
2408 4977
2409 2444
2409 2696
2409 3031
2409 3533
2409 3541
2409 3603
2409 3749
2409 4046
2409 4427
2409 4511
2409 4539
2409 4651
2409 4766
2409 4916
2409 4923
2410 2664
2410 2708
2410 2937
2410 3053
2410 3158
2410 3292
2410 3416
2410 3424
2410 3478
2410 3507
2410 3551
2410 3595
2410 3614
2410 3648
2410 3851
2410 3896
2410 3994
2410 4033
2410 4088
2410 4181
2410 4237
2410 4242
2410 4327
2410 4396
2410 4665
2410 4748
2410 4935
2411 2458
2411 2563
2411 2628
2411 3303
2411 3535
2411 3628
2411 3652
2411 3780
2411 3976
2411 4021
2411 4083
2411 4303
2411 4497
2411 4634
2411 4641
2411 4685
2411 4780
2412 2530
2412 2614
2412 2808
2412 2846
2412 3150
2412 3224
2412 3350
2412 3480
2412 3624
2412 3753
2412 3806
2412 3886
2412 4044
2412 4125
2412 4142
2412 4258
2412 4271
2412 4406
2412 4433
2412 4485
2412 4737
2412 4806
2413 2483
2413 2506
2413 2762
2413 2918
2413 2987
2413 3115
2413 3179
2413 3198
2413 3210
2413 3257
2413 3835
2413 4286
2413 4396
2413 4485
2413 4798
2414 2601
2414 2836
2414 2955
2414 3391
2414 3623
2414 3757
2414 3808
2414 4054
2414 4154
2414 4657
2415 2769
2415 2789
2415 3129
2415 3438
2415 3560
2415 3846
2415 4013
2415 4017
2415 4031
2415 4135
2415 4494
2415 4687
2415 4959
2416 2425
2416 2437
2416 2522
2416 2555
2416 2667
2416 2781
2416 2960
2416 3008
2416 3104
2416 3401
2416 3705
2416 3841
2416 3897
2416 3938
2416 3987
2416 4002
2416 4049
2416 4227
2416 4361
2416 4829
2416 4845
2416 4865
2416 4928
2417 2538
2417 2659
2417 2673
2417 2699
2417 3263
2417 3606
2417 3656
2417 3798
2417 3919
2417 3944
2417 4024
2417 4931
2418 2669
2418 2681
2418 2889
2418 3257
2418 3459
2418 3600
2418 4096
2418 4112
2418 4347
2418 4560
2418 4575
2418 4589
2418 4790
2418 4918
2419 2516
2419 2604
2419 2750
2419 2782
2419 2985
2419 3490
2419 3638
2419 3642
2419 3776
2419 3928
2419 3931
2419 3977
2419 4305
2419 4325
2419 4347
2419 4464
2419 4608
2419 4668
2419 4920
2419 4954
2420 3002
2420 3070
2420 3323
2420 3774
2420 4142
2420 4178
2420 4275
2420 4295
2420 4370
2420 4410
2420 4449
2420 4769
2420 4791
2421 2449
2421 2593
2421 3009
2421 3032
2421 3119
2421 3136
2421 3608
2421 3964
2421 4394
2421 4472
2421 4683
2421 4701
2421 4721
2421 4748
2421 4847
2422 2585
2422 2657
2422 2718
2422 2790
2422 2878
2422 3505
2422 3660
2422 3713
2422 3859
2422 4022
2422 4039
2422 4448
2422 4502
2422 4676
2422 4913
2422 4974
2423 2508
2423 2597
2423 2703
2423 2738
2423 2868
2423 3054
2423 3122
2423 3128
2423 3264
2423 3275
2423 3691
2423 3757
2423 4118
2423 4166
2423 4219
2423 4249
2423 4281
2423 4857
2423 4861
2424 2638
2424 2833
2424 2896
2424 3306
2424 3361
2424 3426
2424 3484
2424 3650
2424 3813
2424 4056
2424 4150
2424 4186
2424 4734
2425 2541
2425 2803
2425 2952
2425 3131
2425 3277
2425 3305
2425 3359
2425 3368
2425 3389
2425 3420
2425 4361
2425 4607
2425 4647
2425 4737
2425 4904
2426 2817
2426 3025
2426 3468
2426 3527
2426 3676
2426 3758
2426 3860
2426 3928
2426 3982
2426 4008
2426 4013
2426 4279
2426 4299
2426 4465
2426 4663
2426 4749
2426 4941
2426 4984
2427 2776
2427 2967
2427 3374
2427 3482
2427 3714
2427 3879
2427 4305
2427 4539
2427 4614
2427 4692
2427 4968
2428 2749
2428 2896
2428 3132
2428 3647
2428 3915
2428 3929
2428 3931
2428 4377
2428 4458
2428 4729
2428 4764
2428 4769
2428 4847
2428 4854
2428 4886
2428 4967
2429 2589
2429 2637
2429 2885
2429 3099
2429 3166
2429 3363
2429 3474
2429 3520
2429 3813
2429 3908
2429 3950
2429 4407
2429 4431
2429 4619
2429 4703
2429 4740
2429 4810
2429 4811
2430 2474
2430 3133
2430 3193
2430 3200
2430 3331
2430 3347
2430 3372
2430 3596
2430 3723
2430 4152
2430 4155
2430 4357
2430 4466
2431 2459
2431 2478
2431 2582
2431 2702
2431 2760
2431 3321
2431 3342
2431 3562
2431 4144
2431 4288
2431 4478
2431 4589
2431 4959
2432 2596
2432 2819
2432 3037
2432 3250
2432 3265
2432 3281
2432 3432
2432 3573
2432 3592
2432 3970
2432 4018
2432 4061
2432 4077
2432 4369
2432 4384
2432 4467
2432 4708
2432 4735
2432 4809
2432 4841
2432 4924
2432 4940
2433 2568
2433 2634
2433 2841
2433 2947
2433 2949
2433 2963
2433 3091
2433 3322
2433 3338
2433 3559
2433 3673
2433 3871
2433 4521
2433 4752
2433 4872
2434 2471
2434 2556
2434 2993
2434 3248
2434 3583
2434 3766
2434 3812
2434 3999
2434 4054
2434 4094
2434 4399
2434 4558
2434 4577
2434 4672
2434 4693
2435 2722
2435 2789
2435 3059
2435 3099
2435 3108
2435 3109
2435 3145
2435 3280
2435 3467
2435 3527
2435 3598
2435 3605
2435 3866
2435 3941
2435 4314
2435 4932
2436 2520
2436 2643
2436 2696
2436 2752
2436 2906
2436 2965
2436 3172
2436 3174
2436 3495
2436 3753
2436 3843
2436 3890
2436 3932
2436 4034
2436 4103
2436 4134
2436 4289
2436 4413
2436 4549
2436 4691
2436 4734
2436 4791
2437 2707
2437 2810
2437 2928
2437 2961
2437 3051
2437 3083
2437 3474
2437 3686
2437 3716
2437 3724
2437 3874
2437 3891
2437 3995
2437 4005
2437 4070
2437 4076
2437 4084
2437 4104
2437 4215
2437 4299
2437 4351
2437 4383
2437 4442
2437 4688
2438 2902
2438 3257
2438 3575
2438 3675
2438 3717
2438 4115
2438 4138
2438 4556
2438 4723
2438 4881
2438 4997
2439 2624
2439 2715
2439 3232
2439 3280
2439 3421
2439 3697
2439 3921
2439 4029
2439 4839
2440 2464
2440 2501
2440 2536
2440 2789
2440 2793
2440 2814
2440 2862
2440 2936
2440 2959
2440 2999
2440 3208
2440 3212
2440 3345
2440 3438
2440 3439
2440 3540
2440 3696
2440 3871
2440 3904
2440 3933
2440 4250
2440 4549
2440 4655
2440 4684
2440 4701
2440 4894
2441 2477
2441 2729
2441 2826
2441 2850
2441 2957
2441 2979
2441 3055
2441 3115
2441 3127
2441 3132
2441 3177
2441 3179
2441 3260
2441 3315
2441 3450
2441 3850
2441 4252
2441 4321
2441 4736
2441 4795
2441 4823
2441 4963
2442 2748
2442 2829
2442 2938
2442 3020
2442 3120
2442 3173
2442 3188
2442 3269
2442 3521
2442 3529
2442 4002
2442 4014
2442 4022
2442 4340
2442 4465
2442 4717
2443 2570
2443 3122
2443 3123
2443 3192
2443 3259
2443 3263
2443 3604
2443 4001
2443 4108
2443 4197
2444 2472
2444 2511
2444 2515
2444 2699
2444 3031
2444 3077
2444 3148
2444 3269
2444 3275
2444 3654
2444 4077
2444 4369
2444 4504
2444 4633
2444 4741
2445 2803
2445 2932
2445 2936
2445 2966
2445 2980
2445 3012
2445 3516
2445 3608
2445 3765
2445 4109
2445 4177
2445 4305
2445 4458
2445 4493
2445 4622
2445 4623
2445 4956
2446 2457
2446 2476
2446 2891
2446 3076
2446 3206
2446 3290
2446 3360
2446 3579
2446 3636
2446 3671
2446 4252
2446 4379
2446 4692
2446 4747
2446 4835
2446 4962
2447 2466
2447 2862
2447 2912
2447 2914
2447 3116
2447 3248
2447 3262
2447 3314
2447 3321
2447 3390
2447 3690
2447 3859
2447 4071
2447 4472
2448 2682
2448 2748
2448 3132
2448 3358
2448 3494
2448 3635
2448 3681
2448 4453
2448 4587
2448 4638
2448 4691
2448 4781
2448 4798
2448 4933
2448 4993
2449 2567
2449 2630
2449 2650
2449 2812
2449 2822
2449 2895
2449 3393
2449 3669
2449 3679
2449 3810
2449 3866
2449 4683
2450 2503
2450 2989
2450 3065
2450 3427
2450 3749
2450 3757
2450 4442
2450 4690
2450 4729
2450 4777
2450 4828
2450 4949
2451 2510
2451 2656
2451 2727
2451 2765
2451 2916
2451 2948
2451 3024
2451 3070
2451 3369
2451 3608
2452 2713
2452 2752
2452 2755
2452 2799
2452 2974
2452 3009
2452 3223
2452 3345
2452 3349
2452 3535
2452 3775
2452 3832
2452 3988
2452 4047
2452 4186
2452 4369
2452 4547
2452 4848
2453 2538
2453 2722
2453 2906
2453 3179
2453 3665
2453 3696
2453 3802
2453 3881
2453 3924
2453 4385
2453 4795
2453 4935
2454 2502
2454 2604
2454 2625
2454 3088
2454 3228
2454 3580
2454 3718
2454 4374
2454 4464
2454 4658
2454 4890
2454 4920
2455 2495
2455 2560
2455 2561
2455 2591
2455 2896
2455 2944
2455 3370
2455 3474
2455 3558
2455 3624
2455 3655
2455 3741
2455 3835
2455 3858
2455 3989
2455 4042
2455 4050
2455 4289
2455 4391
2455 4460
2455 4480
2455 4545
2455 4737
2456 2734
2456 2839
2456 3175
2456 3203
2456 3232
2456 3257
2456 3306
2456 3348
2456 3395
2456 3550
2456 3639
2456 3744
2456 3765
2456 3799
2456 4022
2456 4311
2456 4327
2456 4346
2456 4372
2456 4401
2456 4540
2456 4761
2456 4839
2456 4883
2456 4952
2457 2493
2457 2875
2457 3597
2457 3598
2457 3800
2457 4046
2457 4058
2457 4140
2457 4156
2457 4270
2457 4737
2458 2532
2458 3293
2458 3639
2458 3643
2458 3850
2458 4804
2459 2466
2459 3010
2459 3086
2459 3286
2459 3550
2459 3698
2459 3721
2459 3857
2459 3997
2459 4046
2459 4186
2459 4282
2459 4319
2459 4572
2459 4921
2459 4948
2460 2697
2460 2784
2460 3411
2460 3412
2460 3511
2460 3734
2460 3857
2460 3874
2460 4003
2460 4017
2460 4079
2460 4093
2460 4314
2460 4447
2460 4739
2460 4999
2461 2467
2461 2660
2461 2682
2461 2789
2461 2866
2461 2903
2461 3125
2461 3273
2461 3360
2461 3503
2461 3641
2461 3657
2461 3754
2461 3936
2461 3989
2461 3994
2461 4063
2461 4225
2461 4579
2461 4615
2461 4868
2461 4975
2462 2531
2462 2562
2462 3106
2462 3295
2462 3330
2462 3425
2462 3513
2462 3753
2462 4015
2462 4070
2462 4158
2462 4189
2462 4198
2462 4240
2462 4431
2462 4563
2462 4649
2462 4824
2463 2611
2463 2782
2463 2811
2463 3156
2463 3166
2463 3175
2463 3185
2463 3295
2463 3408
2463 3490
2463 3515
2463 3845
2463 4273
2463 4375
2463 4534
2463 4742
2463 4800
2463 4801
2463 4914
2463 4931
2463 4981
2464 2612
2464 2884
2464 3415
2464 3419
2464 3485
2464 3781
2464 3974
2464 4467
2464 4519
2464 4582
2464 4772
2464 4829
2464 4977
2465 2644
2465 2728
2465 2851
2465 3094
2465 3165
2465 3316
2465 3344
2465 3657
2465 3666
2465 3695
2465 3964
2465 4101
2465 4145
2465 4434
2465 4572
2465 4656
2466 2513
2466 2783
2466 2881
2466 3599
2466 3686
2466 3688
2466 3993
2466 4290
2466 4573
2467 2498
2467 2666
2467 2835
2467 2853
2467 3278
2467 3356
2467 3447
2467 3486
2467 3550
2467 3604
2467 3693
2467 3695
2467 3757
2467 3776
2467 3820
2467 3948
2467 4273
2467 4302
2467 4570
2467 4920
2468 2500
2468 2694
2468 2709
2468 2857
2468 2926
2468 3010
2468 3017
2468 3205
2468 3308
2468 3415
2468 3742
2468 3749
2468 4007
2468 4098
2468 4198
2468 4221
2468 4381
2468 4643
2468 4860
2468 4950
2468 4966
2469 2743
2469 2778
2469 2804
2469 2838
2469 2843
2469 2880
2469 3274
2469 3303
2469 3374
2469 3826
2469 3933
2469 4042
2469 4148
2469 4166
2469 4187
2469 4247
2469 4341
2469 4359
2469 4428
2469 4588
2469 4663
2469 4717
2469 4808
2469 4940
2469 4981
2470 2541
2470 2597
2470 2662
2470 2794
2470 3122
2470 3161
2470 3163
2470 3848
2470 3988
2470 4808
2471 2605
2471 3039
2471 3082
2471 3091
2471 3833
2471 4325
2471 4350
2471 4543
2471 4848
2472 2482
2472 2500
2472 2556
2472 2627
2472 2643
2472 3081
2472 3534
2472 3943
2472 4018
2472 4086
2472 4265
2472 4428
2473 2500
2473 2601
2473 2659
2473 3217
2473 3312
2473 3345
2473 3432
2473 3917
2473 3973
2473 4167
2473 4187
2473 4203
2473 4317
2474 2673
2474 2678
2474 2877
2474 2951
2474 2977
2474 3355
2474 3554
2474 3592
2474 3614
2474 3904
2474 3919
2474 3989
2474 4259
2474 4316
2474 4451
2474 4550
2474 4829
2475 2540
2475 2709
2475 2718
2475 2746
2475 2959
2475 3106
2475 3774
2475 4213
2475 4481
2475 4706
2476 2687
2476 3145
2476 3557
2476 3559
2476 4083
2476 4102
2476 4438
2476 4931
2477 2646
2477 3047
2477 3318
2477 3390
2477 3413
2477 3915
2477 4003
2477 4066
2477 4177
2477 4237
2477 4270
2477 4319
2477 4413
2477 4532
2477 4988
2478 2550
2478 2598
2478 2616
2478 2724
2478 3026
2478 3284
2478 3331
2478 3378
2478 3558
2478 3559
2478 3618
2478 3735
2478 3821
2478 4241
2478 4278
2478 4580
2478 4634
2478 4648
2478 4944
2479 2544
2479 3290
2479 3306
2479 3334
2479 3592
2479 3678
2479 3866
2479 3900
2479 3938
2479 4128
2479 4310
2479 4577
2480 2724
2480 2755
2480 2904
2480 3216
2480 3314
2480 3365
2480 3528
2480 3598
2480 3786
2480 4130
2480 4430
2480 4674
2480 4704
2481 2511
2481 2570
2481 2727
2481 3211
2481 3496
2481 3994
2481 4124
2481 4324
2481 4437
2481 4789
2482 2513
2482 2722
2482 2734
2482 2842
2482 3009
2482 3474
2482 3795
2482 3861
2482 3882
2482 4048
2482 4275
2482 4428
2482 4565
2482 4658
2482 4676
2482 4701
2483 2776
2483 2822
2483 2918
2483 3110
2483 3496
2483 3552
2483 3656
2483 3733
2483 4057
2483 4106
2483 4494
2483 4531
2483 4642
2483 4764
2483 4837
2483 4893
2483 4954
2484 2663
2484 2881
2484 2891
2484 2941
2484 3240
2484 3249
2484 3664
2484 3765
2484 3873
2484 4074
2484 4161
2484 4317
2484 4344
2484 4582
2484 4781
2484 4790
2484 4820
2484 4858
2485 2605
2485 2755
2485 2767
2485 2874
2485 2948
2485 3082
2485 3133
2485 3241
2485 3465
2485 3707
2485 3763
2485 3957
2485 4309
2485 4350
2485 4567
2485 4835
2485 4857
2485 4975
2486 2875
2486 2965
2486 3103
2486 3575
2486 3823
2486 4022
2486 4177
2486 4261
2486 4306
2486 4373
2486 4389
2486 4470
2486 4572
2486 4575
2486 4640
2487 2565
2487 2642
2487 2957
2487 2959
2487 2983
2487 3005
2487 3085
2487 3100
2487 3117
2487 3263
2487 3326
2487 3602
2487 3630
2487 4161
2487 4371
2487 4535
2487 4537
2487 4691
2487 4764
2487 4944
2488 2514
2488 2528
2488 2562
2488 2616
2488 2848
2488 3005
2488 3337
2488 3396
2488 3500
2488 3530
2488 3865
2488 4040
2488 4166
2488 4190
2488 4499
2488 4645
2488 4933
2488 4969
2489 2500
2489 2577
2489 2977
2489 3115
2489 3517
2489 3737
2489 3870
2489 3950
2489 4141
2489 4190
2489 4195
2489 4226
2489 4421
2489 4579
2489 4795
2489 4824
2489 4957
2490 2514
2490 2966
2490 3492
2490 3493
2490 3692
2490 4061
2490 4274
2490 4394
2490 4561
2490 4807
2490 4871
2490 4889
2491 3238
2491 3441
2491 3528
2491 3568
2491 3691
2491 3740
2491 3758
2491 3791
2491 3822
2491 4260
2491 4471
2491 4725
2491 4819
2491 4858
2491 4931
2492 2695
2492 2738
2492 2846
2492 3027
2492 3350
2492 3367
2492 3385
2492 3976
2492 4252
2492 4367
2492 4772
2492 4950
2493 2505
2493 2782
2493 3059
2493 3490
2493 3591
2493 3599
2493 4094
2493 4099
2493 4212
2493 4523
2493 4622
2493 4661
2493 4836
2493 4956
2494 2556
2494 2616
2494 2785
2494 2950
2494 3028
2494 3657
2494 3780
2494 3860
2494 3903
2494 4138
2494 4289
2494 4322
2494 4627
2494 4907
2495 2543
2495 2554
2495 2833
2495 2867
2495 2902
2495 3042
2495 3076
2495 3374
2495 3632
2495 3753
2495 4229
2495 4469
2496 3038
2496 3155
2496 3321
2496 3443
2496 3459
2496 3599
2496 3718
2496 4496
2496 4640
2496 4737
2496 4953
2497 2610
2497 2651
2497 2715
2497 3076
2497 3084
2497 3227
2497 3694
2497 4114
2497 4244
2497 4434
2497 4629
2497 4815
2497 4918
2497 4995
2498 2579
2498 2947
2498 3034
2498 3414
2498 3449
2498 3540
2498 3969
2498 4155
2498 4180
2498 4203
2498 4237
2498 4245
2498 4497
2498 4525
2498 4597
2498 4691
2498 4823
2498 4885
2498 4933
2499 2590
2499 2701
2499 3067
2499 3074
2499 3152
2499 3306
2499 3342
2499 3489
2499 3567
2499 3634
2499 3728
2499 4065
2499 4210
2499 4267
2499 4887
2500 2611
2500 2650
2500 3036
2500 3390
2500 3702
2500 3753
2500 3842
2500 4162
2500 4209
2500 4225
2500 4235
2500 4243
2500 4343
2500 4558
2500 4643
2500 4653
2501 2675
2501 3044
2501 3294
2501 3512
2501 3533
2501 3666
2501 3781
2501 4531
2501 4613
2501 4692
2501 4976
2502 2669
2502 2742
2502 2806
2502 3053
2502 3056
2502 3122
2502 3220
2502 3263
2502 3338
2502 3348
2502 3391
2502 3589
2502 3671
2502 3713
2502 4059
2502 4289
2502 4377
2502 4512
2502 4708
2502 4752
2503 3271
2503 3274
2503 3341
2503 3432
2503 3535
2503 3564
2503 3675
2503 3808
2503 4019
2503 4071
2503 4214
2503 4703
2503 4762
2504 3103
2504 3137
2504 3221
2504 3448
2504 3931
2504 4029
2504 4072
2504 4351
2504 4632
2504 4813
2504 4992
2505 2679
2505 2686
2505 2703
2505 2741
2505 2784
2505 2793
2505 3109
2505 3113
2505 3373
2505 3457
2505 3681
2505 3813
2505 4097
2505 4255
2505 4522
2505 4620
2505 4697
2505 4985
2506 2758
2506 2798
2506 2870
2506 2913
2506 2958
2506 3015
2506 3024
2506 3154
2506 3452
2506 3501
2506 3617
2506 3624
2506 3828
2506 4334
2506 4584
2506 4744
2506 4885
2506 4899
2506 4968
2507 2543
2507 2626
2507 2628
2507 3052
2507 3269
2507 3555
2507 4165
2507 4170
2507 4319
2507 4381
2507 4389
2507 4433
2507 4949
2507 4974
2508 2511
2508 2784
2508 2838
2508 2935
2508 3095
2508 3199
2508 3209
2508 3366
2508 3368
2508 3426
2508 3528
2508 3589
2508 4277
2508 4696
2508 4968
2509 2870
2509 2987
2509 3198
2509 3453
2509 3572
2509 3603
2509 3753
2509 3771
2509 3805
2509 3829
2509 4062
2509 4432
2509 4443
2509 4811
2510 2743
2510 2745
2510 2759
2510 2883
2510 2888
2510 3047
2510 3094
2510 3135
2510 3295
2510 3417
2510 3447
2510 3532
2510 3544
2510 3719
2510 3902
2510 4119
2510 4233
2510 4239
2510 4516
2510 4614
2510 4820
2510 4995
2511 2523
2511 2868
2511 2903
2511 2989
2511 2999
2511 3180
2511 3224
2511 3332
2511 3588
2511 3646
2511 3738
2511 3837
2511 3851
2511 4002
2511 4082
2511 4186
2511 4205
2511 4250
2511 4804
2511 4848
2511 4993
2512 2528
2512 2609
2512 2674
2512 2894
2512 2929
2512 3056
2512 3230
2512 3357
2512 3376
2512 3754
2512 4159
2512 4185
2512 4210
2512 4220
2512 4319
2512 4359
2512 4394
2512 4668
2512 4981
2513 2673
2513 2810
2513 3042
2513 3141
2513 3158
2513 3248
2513 3291
2513 3383
2513 3445
2513 3505
2513 3509
2513 3518
2513 3596
2513 3734
2513 3774
2513 4189
2513 4306
2513 4381
2513 4785
2514 2558
2514 2714
2514 3259
2514 3291
2514 3374
2514 3574
2514 3630
2514 3654
2514 3747
2514 3761
2514 3772
2514 3985
2514 4012
2514 4076
2514 4164
2514 4406
2514 4424
2514 4821
2515 2573
2515 2580
2515 2717
2515 2779
2515 2988
2515 3079
2515 3207
2515 3442
2515 3451
2515 4129
2515 4296
2515 4819
2515 4827
2515 4843
2516 2526
2516 2528
2516 2593
2516 2704
2516 2743
2516 2848
2516 3165
2516 3175
2516 3272
2516 3289
2516 3423
2516 3586
2516 3731
2516 3779
2516 3868
2516 4248
2516 4644
2516 4703
2516 4844
2517 2563
2517 2764
2517 2838
2517 3195
2517 3424
2517 3460
2517 3592
2517 3675
2517 3718
2517 4021
2517 4123
2517 4198
2517 4203
2517 4580
2517 4721
2517 4921
2518 2591
2518 3020
2518 3081
2518 3217
2518 3254
2518 3321
2518 3397
2518 3417
2518 3433
2518 3556
2518 3599
2518 4020
2518 4289
2518 4536
2518 4625
2518 4802
2518 4875
2519 2705
2519 2995
2519 3006
2519 3243
2519 3600
2519 3649
2519 4181
2519 4204
2519 4241
2519 4278
2519 4456
2519 4531
2519 4702
2519 4847
2519 4961
2520 2634
2520 2909
2520 3093
2520 3143
2520 3360
2520 4469
2520 4605
2520 4719
2520 4768
2521 2535
2521 2544
2521 2824
2521 3287
2521 3346
2521 3529
2521 3546
2521 3570
2521 3766
2521 3794
2521 3860
2521 3876
2521 4519
2521 4560
2521 4561
2521 4758
2521 4995
2522 2583
2522 2586
2522 2774
2522 2967
2522 3041
2522 3105
2522 3318
2522 3323
2522 3451
2522 3571
2522 3628
2522 3998
2522 4077
2522 4273
2522 4440
2522 4656
2523 2869
2523 3007
2523 3582
2523 3783
2523 3879
2523 3967
2523 4073
2523 4509
2523 4596
2523 4642
2524 3033
2524 3321
2524 3339
2524 3482
2524 3500
2524 3673
2524 3768
2524 3819
2524 4416
2525 2859
2525 3203
2525 3220
2525 3432
2525 3865
2525 4151
2525 4205
2525 4261
2525 4356
2525 4679
2525 4706
2525 4838
2525 4923
2526 2694
2526 2992
2526 3006
2526 3160
2526 3301
2526 3442
2526 3568
2526 3754
2526 3943
2526 3949
2526 4076
2526 4280
2526 4546
2526 4673
2526 4830
2526 4995
2527 2613
2527 2632
2527 2698
2527 2893
2527 2894
2527 3379
2527 3383
2527 3610
2527 3632
2527 4178
2527 4412
2527 4453
2527 4608
2527 4678
2527 4885
2527 4976
2528 2737
2528 2798
2528 2930
2528 3008
2528 3103
2528 3500
2528 3505
2528 3547
2528 3655
2528 3749
2528 3784
2528 4059
2528 4063
2528 4289
2528 4845
2528 4911
2529 2682
2529 2763
2529 2811
2529 2980
2529 3241
2529 3375
2529 3514
2529 3584
2529 3679
2529 3761
2529 4054
2529 4264
2529 4293
2529 4448
2529 4521
2529 4537
2529 4736
2529 4818
2530 2913
2530 3181
2530 3384
2530 3510
2530 3517
2530 3609
2530 3697
2530 3829
2530 3982
2530 4077
2530 4146
2530 4223
2530 4224
2530 4371
2530 4683
2531 2780
2531 2785
2531 2983
2531 3117
2531 3534
2531 3577
2531 4226
2531 4635
2531 4966
2531 4976
2532 2679
2532 3079
2532 3323
2532 3356
2532 3579
2532 3959
2532 4026
2532 4122
2532 4266
2532 4272
2532 4583
2532 4743
2532 4757
2532 4835
2532 4875
2533 2676
2533 2692
2533 2849
2533 2932
2533 3144
2533 3233
2533 3458
2533 3851
2533 3951
2533 4056
2533 4203
2533 4402
2533 4879
2534 2552
2534 3206
2534 3213
2534 3429
2534 3457
2534 3530
2534 3538
2534 3556
2534 3936
2534 4266
2534 4588
2534 4713
2535 2548
2535 2679
2535 2742
2535 2837
2535 2976
2535 3135
2535 3147
2535 3369
2535 3485
2535 3607
2535 3621
2535 3654
2535 3904
2535 4014
2535 4662
2535 4988
2536 2564
2536 2615
2536 2759
2536 2942
2536 3039
2536 3062
2536 3996
2536 4104
2536 4323
2536 4503
2536 4535
2537 2655
2537 2829
2537 2936
2537 3550
2537 3556
2537 3729
2537 3876
2537 3932
2537 4010
2537 4024
2537 4044
2537 4141
2537 4171
2537 4359
2537 4940
2537 4997
2538 2593
2538 2730
2538 2755
2538 2955
2538 3033
2538 3094
2538 3199
2538 3554
2538 3559
2538 3592
2538 4130
2538 4205
2538 4575
2538 4693
2538 4734
2539 2844
2539 3214
2539 3847
2539 3999
2539 4401
2539 4520
2539 4798
2539 4821
2539 4897
2540 2663
2540 2982
2540 3115
2540 3180
2540 3427
2540 3480
2540 4353
2540 4375
2540 4387
2540 4388
2540 4615
2541 2572
2541 2616
2541 2690
2541 2724
2541 2873
2541 3735
2541 3854
2541 3972
2541 4386
2541 4425
2541 4661
2541 4763
2541 4793
2541 4831
2542 2671
2542 2754
2542 2875
2542 3120
2542 3160
2542 3290
2542 3477
2542 3702
2542 3946
2542 3960
2542 4007
2542 4237
2542 4398
2542 4465
2542 4539
2542 4882
2543 2576
2543 2774
2543 2803
2543 3133
2543 3281
2543 3912
2543 4227
2543 4383
2543 4492
2543 4687
2543 4912
2544 2552
2544 2676
2544 2971
2544 3123
2544 3616
2544 3966
2544 3977
2544 4094
2544 4114
2544 4136
2544 4211
2544 4379
2544 4408
2544 4699
2544 4937
2545 2724
2545 2818
2545 3442
2545 3502
2545 3843
2545 3985
2545 4054
2545 4141
2545 4184
2545 4202
2545 4544
2545 4627
2546 2644
2546 2979
2546 3184
2546 3347
2546 3546
2546 3670
2546 3715
2546 3930
2546 4391
2546 4395
2546 4424
2546 4703
2546 4790
2546 4813
2546 4834
2547 3272
2547 3364
2547 3404
2547 4092
2547 4201
2547 4517
2547 4549
2548 2774
2548 2869
2548 2953
2548 3019
2548 3121
2548 3510
2548 3726
2548 4018
2548 4035
2548 4223
2548 4604
2548 4616
2548 4720
2548 4775
2548 4902
2549 2628
2549 2698
2549 3343
2549 3613
2549 3648
2549 3675
2549 3709
2549 3723
2549 3872
2549 3992
2549 4228
2549 4348
2549 4800
2550 2705
2550 3054
2550 3488
2550 3869
2550 4092
2550 4176
2550 4369
2550 4374
2550 4641
2550 4669
2550 4671
2550 4700
2550 4840
2550 4860
2550 4934
2551 2759
2551 2885
2551 3121
2551 3272
2551 3402
2551 4044
2551 4111
2551 4658
2551 4750
2551 4819
2551 4825
2551 4867
2551 4900
2551 4915
2551 4941
2552 2750
2552 2977
2552 2989
2552 3068
2552 3398
2552 4116
2552 4396
2552 4483
2552 4635
2552 4976
2552 4979
2553 2609
2553 2990
2553 3577
2553 3885
2553 3979
2553 4040
2553 4100
2553 4292
2553 4449
2553 4474
2553 4502
2553 4750
2553 4783
2553 4789
2553 4906
2554 2910
2554 3252
2554 3276
2554 3598
2554 3603
2554 3663
2554 3984
2554 4929
2554 4945
2554 4997
2555 2811
2555 2850
2555 3171
2555 3289
2555 3627
2555 4131
2555 4207
2555 4676
2555 4832
2555 4837
2555 4890
2555 4900
2556 2679
2556 2733
2556 2866
2556 2966
2556 3570
2556 3652
2556 3756
2556 4141
2556 4150
2556 4378
2556 4392
2556 4582
2556 4780
2556 4997
2557 2675
2557 2828
2557 3114
2557 3415
2557 3460
2557 3576
2557 3753
2557 3838
2557 4086
2557 4111
2557 4215
2557 4350
2557 4438
2557 4568
2557 4626
2557 4641
2557 4960
2558 2691
2558 3187
2558 3249
2558 3386
2558 3447
2558 3648
2558 3852
2558 4167
2558 4183
2558 4614
2558 4946
2558 4974
2559 3053
2559 3432
2559 3433
2559 3546
2559 3855
2559 4126
2559 4279
2559 4343
2559 4562
2559 4815
2559 4881
2560 2632
2560 2714
2560 2777
2560 3098
2560 3168
2560 3402
2560 3423
2560 3664
2560 3737
2560 3782
2560 3798
2560 3819
2560 3829
2560 4026
2560 4136
2560 4289
2560 4526
2560 4693
2560 4736
2560 4815
2561 2843
2561 3119
2561 3328
2561 3343
2561 3617
2561 3821
2561 3993
2561 4057
2561 4095
2561 4186
2561 4420
2561 4519
2561 4685
2561 4860
2562 2741
2562 2790
2562 2926
2562 2964
2562 2969
2562 3007
2562 3014
2562 3036
2562 3122
2562 3357
2562 3508
2562 3691
2562 3775
2562 4016
2562 4323
2562 4524
2562 4612
2562 4842
2563 2662
2563 2805
2563 2901
2563 3028
2563 3167
2563 3279
2563 3332
2563 3568
2563 3702
2563 3992
2563 4104
2563 4177
2563 4230
2563 4234
2563 4580
2563 4688
2563 4833
2564 3074
2564 3076
2564 3363
2564 3623
2564 4023
2564 4417
2564 4477
2564 4728
2564 4740
2564 4797
2564 4862
2565 2779
2565 2792
2565 3033
2565 3129
2565 3161
2565 3272
2565 3305
2565 3503
2565 3836
2565 4010
2565 4492
2566 2586
2566 2823
2566 2931
2566 3105
2566 3240
2566 3600
2566 3688
2566 3747
2566 4091
2566 4268
2566 4516
2566 4602
2566 4603
2566 4674
2566 4942
2567 2596
2567 2656
2567 2754
2567 2828
2567 2913
2567 2928
2567 3044
2567 3319
2567 3344
2567 3631
2567 3711
2567 3741
2567 3879
2567 4104
2567 4672
2567 4857
2568 2725
2568 2768
2568 3140
2568 3153
2568 3177
2568 3994
2568 3995
2568 4140
2568 4318
2568 4414
2568 4761
2568 4819
2568 4973
2569 2940
2569 3050
2569 3246
2569 3297
2569 3663
2569 3741
2569 3792
2569 3893
2569 4045
2569 4206
2569 4344
2569 4776
2569 4788
2569 4829
2569 4847
2570 3055
2570 3115
2570 3241
2570 3670
2570 3727
2570 3903
2570 4163
2570 4173
2570 4291
2570 4575
2570 4681
2570 4703
2570 4727
2570 4927
2571 2690
2571 2712
2571 2724
2571 3205
2571 3307
2571 3316
2571 3388
2571 3431
2571 3459
2571 3645
2571 3816
2571 3925
2571 4197
2571 4206
2571 4313
2571 4405
2571 4457
2571 4511
2571 4590
2571 4964
2572 2749
2572 2859
2572 2909
2572 3023
2572 3122
2572 3162
2572 3699
2572 3791
2572 3916
2572 4059
2572 4084
2572 4317
2572 4386
2572 4852
2573 2585
2573 3184
2573 3216
2573 3526
2573 3570
2573 3940
2573 3955
2573 4086
2573 4316
2573 4587
2573 4631
2573 4747
2574 2854
2574 2882
2574 2969
2574 3208
2574 3499
2574 3682
2574 3786
2574 4144
2574 4253
2574 4279
2574 4473
2574 4558
2574 4959
2575 2772
2575 2819
2575 3190
2575 3295
2575 3577
2575 3813
2575 3833
2575 3849
2575 4143
2575 4206
2575 4682
2575 4697
2575 4784
2575 4815
2576 2625
2576 2675
2576 2740
2576 2920
2576 3005
2576 3176
2576 3194
2576 3551
2576 3556
2576 3721
2576 4061
2576 4096
2576 4503
2576 4573
2576 4592
2576 4596
2576 4689
2576 4738
2576 4921
2577 2837
2577 3090
2577 3092
2577 3180
2577 3229
2577 3457
2577 3726
2577 3879
2577 4385
2577 4512
2577 4590
2577 4665
2578 2639
2578 2646
2578 2708
2578 2782
2578 2885
2578 2913
2578 3079
2578 3490
2578 3542
2578 3770
2578 3957
2578 3981
2578 4155
2578 4468
2578 4643
2578 4682
2578 4687
2578 4777
2578 4855
2578 4915
2578 4949
2578 4959
2579 2612
2579 2647
2579 3341
2579 3552
2579 3729
2579 4245
2579 4487
2579 4644
2579 4676
2579 4853
2579 4882
2580 2716
2580 2989
2580 3072
2580 3856
2580 4024
2580 4043
2580 4110
2580 4565
2580 4584
2580 4599
2580 4663
2581 2633
2581 2710
2581 2728
2581 2781
2581 2829
2581 3054
2581 3126
2581 3359
2581 3599
2581 3826
2581 4127
2581 4245
2581 4306
2581 4398
2581 4642
2581 4743
2581 4895
2582 2646
2582 2851
2582 2868
2582 3267
2582 3605
2582 3980
2582 4587
2582 4739
2582 4756
2582 4803
2582 4815
2582 4974
2582 4981
2583 2632
2583 2916
2583 2999
2583 3253
2583 3287
2583 3486
2583 3501
2583 3654
2583 4719
2583 4957
2584 2815
2584 2965
2584 3347
2584 3394
2584 3533
2584 3719
2584 3914
2584 4148
2584 4403
2584 4539
2584 4555
2584 4678
2584 4705
2584 4769
2584 4981
2584 4982
2584 4992
2585 2918
2585 2974
2585 3126
2585 3127
2585 3134
2585 3287
2585 3501
2585 3541
2585 3564
2585 3673
2585 3696
2585 3727
2585 4003
2585 4137
2585 4138
2585 4356
2585 4426
2585 4438
2585 4847
2585 4977
2586 2622
2586 2689
2586 2885
2586 2978
2586 3270
2586 3491
2586 3520
2586 3761
2586 3960
2586 4585
2586 4839
2586 4878
2586 4906
2587 2747
2587 2835
2587 2892
2587 2928
2587 3365
2587 3422
2587 3500
2587 3782
2587 3891
2587 4000
2587 4080
2587 4165
2587 4330
2587 4382
2587 4507
2587 4534
2587 4590
2588 2951
2588 3111
2588 3378
2588 3403
2588 3450
2588 3843
2588 4013
2588 4016
2588 4288
2588 4298
2588 4310
2588 4750
2588 4992
2589 3522
2589 3592
2589 3646
2589 3709
2589 3818
2589 3885
2589 3906
2589 4026
2589 4038
2589 4139
2589 4215
2589 4282
2589 4961
2590 3065
2590 3253
2590 3275
2590 3691
2590 3718
2590 3953
2590 4148
2590 4151
2590 4218
2590 4467
2590 4691
2590 4922
2591 2592
2591 2762
2591 2821
2591 2889
2591 3007
2591 3364
2591 3386
2591 3704
2591 3706
2591 3788
2591 3916
2591 4159
2591 4282
2591 4326
2591 4510
2591 4661
2592 2638
2592 2780
2592 2890
2592 3004
2592 3339
2592 3437
2592 3562
2592 3742
2592 3756
2592 3863
2592 4117
2592 4266
2592 4310
2592 4505
2593 2707
2593 2742
2593 3107
2593 3327
2593 3513
2593 3599
2593 3957
2593 4199
2593 4723
2593 4856
2594 2609
2594 2656
2594 2658
2594 2839
2594 3071
2594 3527
2594 4346
2594 4376
2594 4382
2594 4530
2594 4571
2594 4603
2594 4754
2594 4820
2594 4888
2594 4923
2595 2734
2595 2835
2595 2837
2595 2961
2595 3055
2595 3131
2595 3455
2595 3466
2595 3697
2595 3940
2595 4239
2595 4367
2595 4431
2595 4438
2595 4621
2595 4936
2596 2651
2596 2773
2596 2865
2596 3140
2596 3201
2596 3218
2596 3307
2596 3596
2596 3643
2596 3795
2596 3798
2596 3805
2596 3817
2596 3930
2596 3963
2596 4015
2596 4017
2596 4165
2596 4397
2597 2754
2597 2922
2597 3019
2597 3144
2597 3734
2597 4212
2597 4482
2597 4493
2597 4670
2597 4744
2597 4973
2598 2801
2598 3500
2598 3609
2598 3622
2598 3630
2598 3906
2598 4129
2598 4195
2598 4256
2598 4448
2598 4529
2598 4682
2598 4753
2598 4838
2599 2686
2599 2746
2599 3045
2599 3054
2599 3164
2599 3407
2599 3486
2599 3721
2599 4422
2599 4619
2599 4878
2600 2808
2600 2935
2600 3050
2600 3240
2600 3389
2600 3488
2600 3775
2600 4588
2600 4601
2600 4841
2601 2706
2601 2750
2601 2841
2601 3027
2601 3062
2601 3201
2601 3256
2601 3363
2601 3794
2601 3853
2601 3981
2601 4059
2601 4170
2601 4303
2601 4670
2602 2712
2602 2765
2602 3081
2602 3223
2602 3461
2602 3467
2602 3509
2602 3772
2602 3829
2602 3832
2602 4112
2602 4161
2602 4350
2602 4457
2602 4558
2602 4566
2602 4936
2602 4939
2603 2617
2603 2639
2603 2658
2603 2685
2603 2848
2603 3145
2603 3401
2603 3584
2603 3619
2603 3629
2603 3664
2603 3765
2603 3971
2603 4764
2603 4880
2603 4999
2604 3175
2604 3206
2604 3280
2604 3323
2604 3783
2604 4313
2604 4412
2604 4465
2604 4480
2604 4802
2604 4880
2604 4916
2605 2654
2605 3063
2605 3142
2605 3400
2605 3430
2605 3572
2605 3931
2605 4284
2605 4358
2605 4461
2605 4535
2605 4603
2606 2626
2606 2662
2606 2686
2606 2775
2606 3288
2606 3443
2606 4320
2606 4338
2606 4487
2606 4706
2606 4707
2606 4976
2607 2693
2607 3110
2607 3221
2607 3558
2607 3575
2607 3616
2607 3728
2607 3939
2607 4035
2607 4099
2607 4114
2607 4149
2607 4275
2607 4419
2607 4479
2607 4641
2607 4762
2608 2693
2608 2732
2608 3065
2608 3436
2608 3668
2608 3898
2608 4757
2608 4786
2608 4877
2609 2646
2609 2664
2609 2791
2609 2807
2609 3046
2609 3200
2609 3315
2609 3435
2609 3492
2609 3894
2609 4146
2609 4264
2609 4385
2609 4471
2609 4552
2609 4735
2609 4932
2610 2829
2610 2978
2610 3344
2610 3425
2610 3707
2610 3810
2610 3883
2610 3969
2610 4029
2610 4099
2610 4124
2610 4437
2610 4440
2610 4515
2610 4609
2610 4693
2610 4712
2610 4734
2610 4816
2610 4959
2610 4962
2611 2984
2611 2992
2611 3216
2611 3376
2611 3581
2611 3816
2611 3899
2611 3998
2611 4489
2611 4498
2611 4837
2611 4859
2611 4875
2611 4887
2612 2615
2612 3298
2612 3464
2612 3578
2612 3638
2612 3791
2612 4263
2612 4434
2612 4488
2612 4643
2612 4664
2612 4806
2613 2861
2613 3056
2613 3172
2613 3729
2613 4003
2613 4096
2613 4263
2613 4671
2613 4698
2614 2977
2614 3080
2614 3137
2614 3283
2614 3552
2614 4053
2614 4332
2614 4805
2614 4979
2614 4988
2615 2679
2615 2817
2615 2826
2615 2870
2615 3013
2615 3088
2615 3214
2615 3309
2615 3585
2615 3757
2615 3970
2615 4057
2615 4313
2615 4333
2615 4544
2615 4593
2615 4609
2615 4658
2615 4677
2615 4815
2616 2763
2616 2881
2616 3290
2616 3414
2616 3687
2616 3744
2616 3791
2616 3884
2616 3917
2616 3941
2616 3943
2616 4096
2616 4336
2616 4548
2616 4562
2616 4791
2616 4824
2616 4981
2617 2809
2617 3054
2617 3271
2617 3351
2617 3421
2617 3549
2617 3645
2617 3813
2617 3817
2617 4153
2617 4254
2617 4283
2617 4945
2618 2732
2618 2826
2618 2933
2618 3030
2618 3395
2618 3532
2618 3535
2618 4013
2618 4098
2618 4144
2618 4324
2618 4623
2618 4742
2618 4902
2618 4932
2619 2980
2619 3180
2619 3226
2619 3393
2619 3828
2619 4049
2619 4379
2619 4576
2619 4705
2619 4804
2620 2667
2620 2799
2620 2821
2620 2839
2620 3151
2620 3235
2620 3409
2620 3422
2620 3868
2620 3885
2620 4165
2620 4243
2620 4263
2620 4323
2620 4467
2620 4709
2620 4855
2621 2842
2621 3009
2621 3059
2621 3102
2621 3135
2621 3172
2621 3272
2621 3840
2621 3878
2621 3976
2621 4450
2621 4697
2621 4734
2621 4743
2622 2658
2622 2785
2622 3058
2622 3369
2622 3452
2622 3504
2622 3533
2622 3576
2622 3721
2622 3740
2622 3888
2622 3992
2622 4214
2622 4271
2622 4502
2622 4686
2622 4729
2623 2761
2623 2838
2623 3507
2623 3657
2623 4247
2623 4372
2623 4685
2623 4820
2623 4934
2624 2862
2624 2945
2624 3242
2624 3450
2624 3534
2624 3799
2624 3869
2624 3983
2624 4032
2624 4133
2624 4625
2625 2706
2625 3030
2625 3331
2625 3417
2625 3635
2625 3934
2625 3942
2625 4009
2625 4092
2625 4469
2625 4721
2626 2919
2626 2956
2626 2966
2626 3062
2626 3071
2626 3136
2626 3564
2626 3672
2626 3674
2626 3738
2626 3739
2626 3745
2626 3977
2626 4052
2626 4063
2626 4169
2626 4429
2626 4467
2626 4480
2626 4624
2626 4836
2627 2712
2627 2732
2627 2742
2627 2747
2627 2959
2627 2962
2627 3084
2627 3173
2627 3372
2627 3801
2627 3825
2627 3920
2627 3997
2627 4137
2627 4142
2627 4189
2627 4250
2627 4462
2627 4500
2627 4941
2627 4993
2628 2674
2628 2775
2628 2797
2628 3504
2628 3531
2628 3605
2628 3791
2628 3962
2628 4146
2628 4211
2628 4354
2628 4398
2628 4876
2628 4970
2629 2782
2629 2806
2629 3043
2629 3156
2629 3249
2629 3900
2629 4082
2629 4089
2629 4143
2629 4204
2629 4219
2629 4292
2629 4394
2629 4473
2629 4684
2629 4866
2629 4968
2630 2739
2630 2763
2630 3008
2630 3088
2630 3193
2630 3416
2630 3698
2630 3710
2630 3750
2630 3849
2630 3928
2630 4031
2630 4182
2630 4231
2630 4256
2630 4347
2630 4514
2630 4692
2630 4970
2631 2956
2631 3255
2631 3739
2631 3745
2631 4350
2631 4435
2631 4577
2631 4660
2631 4967
2632 2779
2632 2797
2632 2846
2632 2880
2632 3246
2632 3343
2632 3497
2632 3561
2632 3849
2632 3976
2632 4113
2632 4584
2632 4944
2632 4956
2633 2694
2633 2855
2633 3064
2633 3351
2633 3461
2633 3985
2633 4251
2633 4285
2633 4363
2633 4691
2633 4734
2633 4781
2633 4792
2633 4866
2634 2654
2634 2673
2634 2778
2634 3026
2634 3288
2634 3451
2634 3547
2634 3801
2634 4021
2634 4095
2634 4236
2634 4466
2634 4635
2634 4901
2635 3020
2635 3183
2635 3211
2635 3261
2635 3319
2635 3497
2635 3620
2635 3880
2635 4016
2635 4504
2635 4710
2635 4784
2636 2751
2636 2800
2636 3074
2636 3075
2636 3223
2636 3466
2636 3629
2636 4144
2636 4221
2636 4397
2636 4720
2637 2787
2637 2809
2637 2821
2637 2839
2637 2894
2637 2906
2637 3012
2637 3361
2637 3508
2637 3583
2637 3809
2637 3840
2637 4431
2637 4745
2637 4782
2638 2671
2638 3114
2638 3144
2638 3148
2638 3421
2638 3699
2638 3717
2638 4200
2638 4309
2639 2854
2639 2907
2639 3296
2639 3447
2639 3528
2639 3724
2639 4615
2639 4749
2639 4813
2640 2797
2640 2832
2640 2858
2640 3066
2640 3149
2640 3216
2640 3359
2640 3407
2640 3735
2640 3873
2640 3906
2640 4087
2640 4499
2640 4829
2640 4965
2641 2850
2641 3013
2641 3310
2641 3857
2641 3899
2641 4496
2641 4603
2641 4687
2641 4726
2641 4873
2641 4883
2642 2650
2642 2652
2642 2791
2642 2804
2642 2944
2642 3042
2642 3088
2642 3261
2642 3531
2642 3559
2642 3564
2642 3581
2642 3780
2642 4490
2642 4617
2642 4799
2643 2855
2643 3151
2643 3468
2643 3571
2643 3604
2643 3701
2643 4113
2643 4116
2643 4307
2643 4405
2643 4458
2643 4478
2643 4663
2643 4692
2643 4844
2643 4994
2644 2944
2644 3013
2644 3077
2644 3427
2644 3439
2644 3485
2644 3899
2644 4311
2644 4406
2644 4675
2644 4795
2645 2653
2645 3208
2645 3474
2645 3615
2645 3803
2645 3888
2645 3895
2645 3958
2645 4064
2645 4157
2645 4396
2646 2699
2646 3510
2646 3581
2646 3795
2646 3931
2646 4043
2646 4091
2646 4263
2646 4809
2646 4905
2646 4941
2646 4996
2647 3312
2647 3449
2647 3586
2647 3832
2647 3850
2647 3977
2647 4090
2647 4407
2647 4789
2648 2735
2648 2882
2648 3102
2648 3267
2648 3471
2648 3504
2648 3641
2648 4037
2648 4211
2648 4291
2648 4557
2648 4647
2648 4792
2648 4801
2648 4886
2649 2710
2649 2925
2649 3118
2649 3247
2649 3384
2649 3449
2649 3600
2649 4168
2649 4401
2649 4620
2649 4684
2649 4702
2649 4825
2649 4874
2649 4930
2650 2852
2650 3178
2650 3199
2650 3217
2650 3376
2650 3439
2650 3499
2650 3607
2650 4270
2650 4301
2650 4309
2650 4620
2650 4877
2650 4894
2650 4913
2650 4931
2651 2899
2651 3058
2651 3086
2651 3389
2651 3827
2651 3902
2651 3923
2651 4001
2651 4063
2651 4271
2651 4314
2651 4321
2651 4416
2651 4435
2651 4540
2651 4547
2651 4763
2651 4777
2651 4814
2651 4858
2651 4887
2652 3108
2652 3160
2652 3232
2652 3267
2652 3377
2652 3415
2652 3618
2652 3661
2652 3943
2652 3976
2652 4247
2652 4278
2652 4519
2652 4559
2652 4657
2653 2959
2653 3025
2653 3079
2653 3249
2653 3309
2653 3325
2653 3479
2653 3961
2653 4053
2653 4333
2653 4432
2653 4869
2654 2671
2654 2708
2654 2868
2654 3278
2654 3453
2654 3844
2654 3903
2654 4154
2654 4337
2654 4673
2654 4731
2655 2760
2655 2761
2655 2845
2655 2852
2655 3152
2655 3366
2655 3543
2655 3621
2655 3705
2655 3938
2655 4198
2655 4202
2655 4692
2655 4921
2655 4992
2656 2897
2656 2934
2656 3887
2656 3910
2656 4031
2656 4035
2656 4101
2656 4385
2656 4400
2656 4808
2657 2976
2657 3021
2657 3565
2657 3751
2657 3770
2657 3865
2657 3895
2657 3994
2657 4082
2657 4136
2657 4505
2657 4521
2657 4763
2657 4771
2657 4816
2657 4833
2657 4884
2657 4920
2658 2687
2658 2883
2658 2997
2658 3367
2658 3526
2658 3883
2658 3970
2658 3986
2658 4115
2658 4278
2658 4295
2658 4669
2658 4909
2659 2924
2659 2964
2659 2971
2659 3011
2659 3097
2659 3210
2659 3613
2659 3851
2659 3875
2659 3963
2659 3969
2659 4011
2659 4096
2659 4275
2659 4294
2659 4350
2659 4458
2659 4538
2659 4611
2659 4656
2660 2800
2660 2963
2660 2986
2660 3013
2660 3164
2660 3241
2660 3564
2660 3580
2660 3797
2660 3901
2660 4097
2660 4153
2660 4430
2660 4609
2660 4784
2661 2705
2661 2763
2661 3069
2661 3088
2661 3726
2661 3919
2661 4147
2661 4202
2661 4485
2661 4560
2661 4602
2661 4745
2662 3094
2662 3300
2662 3373
2662 3563
2662 3684
2662 3776
2662 4032
2662 4121
2662 4269
2662 4471
2662 4477
2662 4481
2662 4661
2662 4768
2662 4863
2662 4958
2663 2781
2663 2874
2663 3017
2663 3229
2663 3274
2663 3880
2663 3982
2663 4172
2663 4243
2663 4551
2663 4615
2663 4710
2663 4775
2663 4848
2664 2908
2664 3072
2664 3119
2664 3174
2664 3244
2664 3460
2664 3684
2664 3779
2664 3935
2664 4022
2664 4145
2664 4222
2664 4231
2664 4280
2664 4481
2664 4682
2664 4904
2665 2835
2665 2988
2665 3144
2665 3308
2665 3347
2665 3380
2665 3914
2665 4154
2665 4210
2665 4321
2665 4450
2665 4627
2665 4762
2666 2906
2666 2946
2666 3110
2666 3447
2666 3681
2666 3893
2666 3930
2666 3957
2666 4121
2666 4363
2666 4507
2666 4576
2666 4702
2666 4834
2666 4960
2667 3034
2667 3118
2667 3464
2667 3590
2667 3635
2667 3784
2667 3897
2667 4072
2667 4109
2667 4375
2667 4735
2668 2718
2668 2867
2668 2898
2668 2907
2668 2916
2668 2988
2668 3072
2668 3086
2668 3271
2668 3361
2668 3855
2668 3956
2668 4149
2668 4209
2668 4545
2668 4677
2668 4843
2668 4871
2669 2683
2669 2741
2669 2775
2669 3181
2669 3362
2669 3418
2669 3688
2669 3898
2669 4134
2669 4141
2669 4214
2669 4523
2669 4576
2669 4967
2670 3423
2670 3479
2670 3617
2670 3632
2670 3941
2670 4819
2670 4958
2671 2829
2671 3471
2671 3505
2671 3666
2671 3771
2671 4066
2671 4285
2671 4565
2671 4754
2671 4817
2672 2689
2672 2858
2672 2951
2672 3014
2672 3211
2672 3242
2672 3576
2672 3890
2672 4473
2672 4500
2672 4540
2672 4672
2672 4942
2673 2822
2673 2888
2673 2993
2673 3173
2673 3513
2673 3591
2673 3628
2673 3704
2673 3811
2673 3976
2673 4103
2673 4179
2673 4256
2673 4269
2673 4500
2673 4576
2674 2728
2674 2805
2674 2912
2674 3088
2674 3162
2674 3448
2674 3477
2674 3570
2674 3618
2674 3659
2674 4062
2674 4251
2674 4728
2674 4809
2674 4927
2674 4953
2675 3080
2675 3099
2675 3387
2675 3494
2675 3669
2675 3756
2675 3835
2675 4011
2675 4120
2675 4193
2675 4402
2675 4900
2675 4982
2676 3164
2676 3350
2676 3538
2676 3539
2676 4180
2676 4345
2676 4371
2676 4482
2676 4576
2676 4594
2676 4646
2676 4744
2676 4854
2677 2736
2677 3037
2677 3122
2677 3168
2677 3266
2677 3297
2677 3315
2677 3589
2677 3692
2677 4616
2677 4929
2678 2682
2678 2811
2678 2936
2678 2947
2678 3207
2678 3274
2678 3278
2678 3414
2678 3446
2678 3540
2678 4106
2678 4161
2678 4342
2678 4391
2678 4670
2678 4772
2678 4775
2678 4934
2679 2807
2679 2923
2679 3235
2679 3301
2679 3393
2679 3524
2679 3560
2679 3585
2679 3693
2679 3748
2679 4405
2680 2747
2680 2902
2680 3027
2680 3250
2680 3630
2680 3986
2680 4089
2680 4111
2680 4163
2680 4330
2680 4503
2680 4703
2680 4739
2681 2712
2681 3014
2681 3119
2681 3463
2681 3493
2681 3505
2681 3605
2681 3633
2681 3646
2681 3663
2681 3687
2681 3775
2681 4007
2681 4444
2681 4485
2681 4509
2681 4530
2681 4705
2682 2699
2682 2974
2682 3222
2682 3314
2682 3507
2682 3830
2682 4069
2682 4406
2682 4445
2682 4622
2683 2795
2683 2803
2683 3005
2683 3049
2683 3412
2683 3501
2683 3559
2683 3681
2683 3727
2683 4223
2683 4357
2683 4416
2683 4438
2683 4502
2683 4596
2683 4733
2683 4825
2684 2721
2684 3350
2684 3736
2684 3974
2684 4247
2684 4462
2684 4535
2684 4627
2684 4769
2684 4889
2685 2740
2685 2752
2685 2855
2685 2908
2685 3079
2685 3104
2685 3347
2685 3369
2685 3480
2685 4000
2685 4005
2685 4020
2685 4457
2686 2814
2686 2884
2686 2947
2686 2985
2686 3030
2686 3284
2686 3430
2686 3605
2686 3621
2686 3672
2686 4287
2686 4706
2686 4851
2686 4854
2687 2832
2687 2904
2687 3090
2687 3114
2687 3338
2687 3479
2687 3805
2687 3989
2687 4371
2687 4500
2687 4815
2688 2708
2688 2762
2688 2803
2688 2904
2688 2946
2688 3179
2688 3269
2688 3522
2688 3525
2688 3824
2688 3856
2688 3983
2688 4224
2688 4317
2688 4347
2688 4389
2688 4445
2688 4473
2688 4679
2688 4797
2688 4987
2689 2719
2689 2849
2689 2938
2689 2989
2689 3000
2689 3093
2689 3394
2689 3582
2689 3856
2689 4036
2689 4283
2689 4328
2689 4551
2689 4879
2689 4976
2690 2703
2690 2924
2690 2994
2690 3083
2690 3381
2690 3480
2690 3645
2690 3814
2690 3895
2690 3995
2690 4140
2690 4148
2690 4374
2690 4971
2691 2859
2691 2913
2691 3715
2691 3750
2691 3858
2691 4182
2691 4291
2691 4369
2691 4530
2691 4574
2691 4626
2691 4854
2691 4963
2691 4995
2692 2836
2692 2922
2692 3035
2692 3118
2692 3215
2692 3462
2692 3905
2692 4269
2692 4383
2692 4503
2692 4658
2693 2774
2693 2881
2693 3404
2693 3423
2693 3474
2693 3625
2693 3644
2693 3702
2693 3752
2693 3814
2693 3949
2693 4040
2693 4197
2693 4345
2693 4482
2693 4607
2693 4696
2694 2703
2694 2840
2694 2915
2694 3120
2694 4088
2694 4227
2694 4269
2694 4311
2694 4369
2694 4391
2694 4410
2694 4411
2694 4646
2694 4759
2694 4791
2694 4858
2694 4906
2695 2883
2695 2902
2695 2904
2695 3023
2695 3075
2695 3290
2695 3368
2695 3620
2695 3745
2695 3810
2695 3821
2695 4025
2695 4096
2695 4277
2695 4604
2695 4678
2696 2926
2696 2927
2696 2934
2696 3254
2696 3392
2696 3398
2696 3510
2696 3602
2696 3868
2696 4094
2696 4222
2696 4290
2696 4364
2696 4523
2696 4832
2696 4902
2696 4915
2696 4979
2697 2950
2697 3055
2697 3504
2697 3545
2697 3625
2697 3649
2697 3806
2697 4062
2697 4133
2697 4190
2697 4611
2698 2712
2698 2870
2698 2920
2698 2993
2698 3030
2698 3128
2698 3155
2698 3506
2698 3609
2698 3700
2698 3756
2698 3986
2698 4002
2698 4179
2698 4184
2698 4473
2698 4633
2698 4719
2698 4814
2699 2776
2699 2827
2699 2834
2699 2863
2699 3594
2699 3611
2699 3679
2699 3695
2699 3785
2699 4001
2699 4023
2699 4037
2699 4538
2699 4600
2699 4885
2700 2735
2700 2738
2700 2773
2700 2945
2700 2963
2700 3039
2700 3127
2700 3235
2700 3472
2700 3570
2700 3646
2700 3763
2700 4067
2700 4111
2700 4190
2700 4324
2700 4500
2700 4521
2700 4741
2700 4765
2701 2836
2701 3013
2701 3152
2701 3286
2701 3447
2701 3561
2701 4064
2701 4094
2701 4179
2701 4730
2701 4774
2702 2955
2702 3019
2702 3135
2702 3171
2702 3402
2702 3495
2702 3527
2702 3910
2702 4074
2702 4440
2702 4593
2702 4689
2703 2777
2703 2907
2703 2922
2703 3102
2703 3175
2703 3182
2703 3596
2703 3707
2703 3713
2703 3899
2703 4118
2703 4249
2703 4488
2703 4803
2704 3256
2704 3538
2704 3662
2704 3665
2704 3775
2704 3905
2704 4103
2704 4148
2704 4309
2704 4695
2704 4868
2705 2914
2705 3011
2705 3249
2705 3289
2705 3339
2705 3414
2705 3757
2705 3769
2705 3801
2705 3807
2705 4277
2705 4297
2705 4532
2705 4595
2705 4736
2705 4818
2706 2810
2706 2988
2706 3117
2706 3198
2706 3406
2706 3432
2706 3827
2706 4363
2706 4686
2706 4716
2706 4719
2706 4987
2707 3150
2707 4094
2707 4765
2707 4797
2707 4867
2707 4958
2707 4985
2708 2728
2708 2932
2708 3071
2708 3351
2708 3425
2708 3442
2708 3545
2708 3643
2708 3667
2708 3675
2708 3714
2708 3758
2708 3813
2708 3820
2708 3870
2708 4080
2708 4190
2708 4355
2708 4450
2708 4466
2708 4772
2708 4924
2709 2743
2709 3169
2709 3617
2709 3729
2709 3892
2709 4053
2709 4107
2709 4361
2709 4525
2709 4529
2709 4904
2709 4907
2709 4988
2709 4998
2710 3025
2710 3165
2710 3316
2710 3540
2710 3687
2710 3717
2710 3783
2710 3837
2710 4027
2710 4293
2710 4518
2710 4745
2710 4782
2710 4846
2711 2745
2711 2861
2711 3099
2711 3153
2711 3199
2711 3655
2711 3804
2711 3833
2711 4185
2711 4282
2711 4458
2711 4653
2711 4869
2711 4886
2711 4967
2712 2813
2712 3098
2712 3180
2712 3236
2712 3244
2712 3403
2712 3440
2712 3452
2712 3527
2712 3538
2712 3602
2712 3746
2712 3787
2712 4086
2712 4347
2712 4374
2712 4399
2712 4598
2712 4675
2712 4866
2713 3017
2713 3039
2713 3256
2713 3764
2713 4604
2713 4707
2713 4815
2714 2873
2714 3057
2714 3122
2714 3859
2714 3946
2714 3957
2714 4303
2714 4341
2714 4348
2714 4478
2714 4585
2714 4603
2714 4701
2714 4903
2714 4975
2715 3175
2715 3402
2715 3493
2715 3893
2715 4189
2715 4227
2715 4260
2715 4268
2715 4355
2715 4461
2715 4900
2715 4979
2716 2776
2716 2922
2716 2962
2716 2979
2716 3135
2716 3287
2716 3516
2716 3901
2716 3986
2716 4270
2716 4438
2716 4726
2717 2929
2717 2932
2717 2939
2717 3137
2717 3202
2717 3207
2717 3248
2717 3320
2717 3707
2717 4007
2717 4019
2717 4401
2717 4489
2717 4628
2717 4783
2717 4903
2718 2809
2718 2856
2718 2980
2718 3259
2718 3306
2718 3385
2718 3460
2718 3611
2718 3645
2718 3695
2718 3754
2718 3823
2718 3937
2718 4086
2718 4159
2718 4248
2718 4905
2718 4953
2718 4963
2719 3071
2719 3208
2719 3563
2719 3582
2719 3699
2719 4125
2719 4191
2719 4877
2719 4919
2719 4968
2719 4974
2720 2750
2720 2772
2720 3163
2720 3187
2720 3214
2720 3379
2720 3657
2720 3715
2720 4165
2720 4525
2720 4537
2720 4634
2720 4863
2721 2872
2721 2910
2721 3101
2721 3695
2721 3887
2721 4081
2721 4181
2721 4509
2721 4602
2721 4892
2721 4932
2721 4956
2722 3243
2722 3291
2722 3417
2722 3504
2722 3883
2722 4112
2722 4146
2722 4170
2722 4441
2722 4444
2722 4495
2723 2814
2723 3465
2723 3725
2723 3737
2723 3758
2723 4017
2723 4174
2723 4186
2723 4325
2723 4326
2723 4420
2723 4518
2723 4820
2723 4845
2723 4895
2724 2737
2724 2902
2724 3073
2724 3110
2724 3529
2724 3738
2724 3761
2724 4014
2724 4257
2724 4337
2724 4512
2724 4548
2724 4563
2724 4875
2724 4914
2725 2811
2725 2897
2725 3001
2725 3901
2725 4812
2726 2751
2726 2983
2726 3037
2726 3175
2726 3491
2726 3873
2726 4095
2726 4114
2726 4209
2726 4241
2726 4412
2726 4528
2726 4711
2727 2761
2727 2965
2727 3004
2727 3162
2727 3378
2727 3475
2727 3687
2727 3747
2727 3757
2727 3881
2727 3891
2727 3992
2727 4671
2728 2772
2728 3034
2728 3209
2728 3298
2728 3670
2728 3707
2728 3743
2728 4651
2728 4827
2728 4989
2729 2743
2729 2775
2729 2994
2729 3067
2729 3112
2729 3215
2729 3527
2729 3553
2729 3581
2729 4111
2729 4378
2729 4402
2729 4538
2729 4854
2730 2773
2730 3071
2730 3247
2730 3463
2730 3654
2730 3934
2730 4011
2730 4173
2730 4243
2730 4251
2730 4451
2730 4553
2730 4584
2730 4698
2730 4740
2730 4829
2730 4930
2731 3196
2731 3460
2731 3709
2731 3978
2731 4055
2731 4525
2731 4550
2731 4685
2731 4686
2732 2737
2732 3050
2732 3628
2732 3839
2732 3847
2732 4126
2732 4154
2732 4322
2732 4435
2732 4710
2733 3387
2733 3452
2733 3672
2733 3743
2733 3857
2733 3932
2733 4105
2733 4318
2733 4436
2733 4674
2734 2976
2734 3534
2734 3561
2734 3719
2734 3951
2734 4145
2734 4353
2734 4891
2735 2834
2735 2841
2735 3000
2735 3511
2735 3515
2735 3697
2735 3965
2735 4131
2735 4252
2735 4601
2735 4618
2735 4806
2735 4906
2736 3034
2736 3188
2736 3227
2736 4158
2736 4272
2736 4284
2736 4426
2736 4568
2736 4840
2736 4892
2736 4915
2737 2741
2737 2843
2737 2995
2737 3316
2737 3470
2737 3526
2737 3545
2737 3880
2737 3956
2737 4367
2737 4558
2737 4927
2737 4947
2738 2739
2738 2997
2738 3206
2738 3309
2738 3512
2738 3687
2738 3717
2738 3806
2738 4083
2738 4163
2738 4513
2738 4876
2739 2848
2739 2977
2739 3341
2739 3353
2739 3367
2739 3444
2739 3499
2739 3609
2739 3690
2739 3808
2739 4181
2739 4554
2739 4676
2740 3011
2740 3592
2740 4160
2740 4189
2740 4490
2740 4501
2740 4619
2740 4650
2740 4907
2741 3130
2741 3379
2741 3382
2741 3514
2741 3556
2741 3560
2741 3779
2741 4241
2741 4802
2742 2811
2742 2962
2742 2969
2742 3086
2742 3178
2742 3258
2742 3351
2742 3459
2742 3557
2742 3769
2742 4089
2742 4191
2742 4476
2742 4484
2742 4574
2742 4579
2742 4583
2742 4855
2743 2825
2743 2934
2743 3209
2743 3415
2743 3474
2743 3523
2743 3566
2743 3871
2743 4078
2743 4342
2743 4362
2743 4418
2743 4582
2743 4612
2743 4798
2744 2773
2744 2830
2744 2899
2744 3371
2744 3644
2744 4015
2744 4020
2744 4119
2744 4187
2744 4274
2744 4495
2744 4592
2744 4662
2744 4735
2744 4951
2745 2850
2745 3523
2745 3826
2745 3883
2745 3916
2745 4239
2745 4351
2745 4426
2745 4682
2746 3020
2746 3107
2746 3118
2746 3534
2746 3770
2746 3836
2746 3902
2746 4086
2746 4279
2746 4383
2746 4385
2746 4532
2746 4621
2746 4696
2746 4751
2746 4827
2747 2918
2747 3055
2747 3149
2747 3172
2747 3223
2747 3248
2747 3266
2747 3280
2747 3429
2747 3457
2747 3599
2747 3809
2747 3874
2747 3986
2747 4084
2747 4442
2747 4654
2747 4988
2748 2823
2748 2857
2748 2942
2748 3022
2748 3368
2748 3437
2748 3661
2748 3672
2748 3704
2748 3869
2748 3953
2748 4004
2748 4124
2748 4267
2748 4577
2748 4693
2748 4877
2749 3119
2749 3234
2749 3315
2749 3532
2749 3828
2749 4008
2749 4116
2749 4237
2749 4338
2749 4360
2749 4526
2749 4864
2749 4893
2749 4923
2750 2797
2750 2937
2750 3100
2750 3434
2750 3664
2750 3761
2750 3995
2750 4186
2750 4251
2750 4551
2750 4637
2751 2877
2751 2989
2751 3294
2751 3406
2751 3535
2751 3577
2751 4165
2751 4257
2751 4332
2751 4488
2752 2765
2752 3113
2752 3248
2752 3299
2752 3417
2752 3813
2752 3879
2752 3924
2752 3974
2752 4012
2752 4488
2752 4598
2752 4717
2752 4830
2752 4872
2752 4944
2753 3033
2753 3366
2753 3531
2753 3557
2753 3563
2753 3603
2753 4130
2753 4357
2753 4463
2753 4509
2753 4629
2754 2781
2754 2841
2754 3074
2754 3077
2754 3468
2754 3480
2754 3489
2754 3568
2754 3735
2754 3758
2754 4086
2754 4369
2754 4617
2754 4680
2754 4986
2755 3050
2755 3464
2755 3480
2755 3501
2755 3741
2755 3778
2755 3798
2755 3933
2755 4031
2755 4075
2755 4405
2755 4528
2755 4564
2755 4703
2755 4838
2755 4865
2755 4967
2756 2957
2756 3229
2756 3330
2756 3467
2756 3564
2756 3878
2756 3911
2756 3972
2756 4370
2756 4767
2756 4787
2756 4803
2757 2857
2757 2927
2757 3132
2757 3170
2757 3482
2757 4194
2757 4419
2757 4458
2757 4685
2757 4886
2757 4891
2757 4967
2758 2770
2758 2849
2758 2854
2758 3125
2758 3457
2758 3889
2758 3999
2758 4095
2758 4148
2758 4184
2758 4280
2758 4997
2759 2983
2759 3193
2759 3210
2759 3223
2759 3309
2759 3575
2759 3661
2759 3844
2759 4248
2759 4375
2759 4405
2759 4504
2759 4524
2759 4543
2759 4588
2759 4659
2759 4662
2759 4727
2759 4767
2760 2929
2760 2988
2760 3094
2760 3146
2760 3239
2760 3351
2760 3399
2760 3439
2760 3588
2760 3660
2760 4201
2760 4228
2760 4272
2760 4585
2761 2845
2761 3315
2761 3442
2761 3556
2761 3579
2761 3724
2761 3747
2761 3946
2761 3993
2761 4104
2761 4110
2761 4122
2761 4598
2761 4691
2761 4697
2761 4852
2762 2846
2762 2930
2762 3295
2762 3431
2762 3628
2762 3778
2762 3859
2762 3879
2762 3956
2762 4065
2762 4206
2762 4222
2762 4390
2762 4427
2762 4753
2763 2876
2763 3368
2763 3587
2763 3740
2763 4283
2763 4464
2763 4478
2763 4558
2763 4781
2763 4821
2764 2804
2764 2811
2764 2902
2764 3048
2764 3166
2764 3225
2764 3546
2764 3551
2764 4115
2764 4258
2764 4338
2764 4442
2764 4473
2764 4611
2764 4954
2765 2781
2765 2871
2765 3084
2765 3089
2765 3620
2765 3714
2765 4154
2765 4260
2765 4283
2765 4307
2765 4542
2766 3086
2766 3193
2766 3332
2766 3621
2766 3884
2766 4000
2766 4003
2766 4391
2766 4623
2766 4739
2766 4743
2766 4863
2766 4929
2767 3402
2767 3839
2767 3972
2767 3992
2767 4140
2767 4651
2768 3109
2768 3276
2768 3747
2768 4137
2768 4277
2768 4422
2768 4508
2768 4632
2768 4691
2768 4709
2768 4759
2768 4793
2769 2802
2769 3119
2769 3238
2769 3404
2769 3410
2769 3448
2769 3650
2769 3683
2769 3690
2769 3814
2769 3888
2769 3930
2769 3994
2769 4185
2769 4486
2769 4516
2769 4753
2769 4920
2770 2914
2770 2943
2770 2986
2770 3078
2770 3322
2770 3469
2770 3520
2770 3563
2770 3635
2770 3976
2770 4162
2770 4347
2770 4483
2770 4531
2770 4554
2770 4639
2770 4655
2770 4889
2771 2788
2771 3150
2771 3323
2771 3777
2771 3784
2771 4089
2771 4102
2771 4147
2771 4244
2771 4533
2771 4544
2771 4793
2771 4841
2771 4921
2772 2923
2772 2968
2772 2988
2772 3117
2772 3153
2772 3358
2772 3378
2772 3438
2772 3543
2772 3568
2772 3610
2772 4308
2772 4420
2772 4453
2772 4836
2772 4992
2773 2892
2773 2894
2773 3413
2773 3485
2773 3911
2773 4262
2773 4639
2773 4923
2774 2934
2774 3203
2774 3283
2774 3336
2774 3366
2774 3384
2774 3396
2774 3493
2774 3602
2774 3963
2774 4173
2774 4210
2774 4295
2774 4411
2774 4431
2774 4562
2774 4604
2774 4697
2774 4890
2775 2779
2775 2937
2775 2980
2775 3273
2775 3468
2775 4097
2775 4224
2775 4626
2775 4757
2775 4864
2776 2824
2776 2881
2776 3001
2776 3154
2776 3267
2776 3417
2776 3492
2776 3673
2776 3868
2776 3945
2776 3986
2776 3990
2776 4171
2776 4195
2776 4502
2776 4581
2777 2803
2777 2987
2777 3901
2777 4038
2777 4048
2777 4203
2777 4576
2777 4585
2777 4586
2777 4824
2777 4875
2777 4879
2777 4904
2777 4908
2777 4944
2778 3075
2778 3106
2778 3333
2778 3338
2778 3423
2778 3580
2778 4085
2778 4425
2778 4670
2778 4757
2778 4864
2778 4973
2779 2949
2779 3489
2779 3580
2779 3917
2779 3942
2779 4004
2779 4426
2779 4498
2780 2799
2780 3996
2780 4174
2780 4293
2780 4311
2780 4426
2780 4454
2780 4460
2780 4550
2780 4979
2780 4983
2781 2873
2781 2967
2781 3059
2781 3077
2781 3290
2781 3567
2781 3570
2781 3764
2781 4015
2781 4075
2781 4102
2781 4152
2781 4282
2781 4295
2781 4383
2781 4509
2781 4656
2781 4805
2781 4811
2782 2901
2782 3079
2782 3103
2782 3243
2782 3261
2782 3484
2782 3495
2782 3641
2782 3749
2782 3765
2782 3898
2782 3963
2782 4263
2782 4402
2782 4427
2782 4549
2782 4600
2782 4684
2782 4685
2782 4819
2782 4837
2783 2981
2783 3319
2783 3606
2783 3990
2783 4008
2783 4051
2783 4146
2783 4420
2783 4513
2783 4557
2783 4588
2783 4985
2784 4307
2784 4377
2785 2974
2785 2990
2785 3104
2785 3179
2785 3190
2785 3393
2785 3530
2785 3622
2785 3712
2785 3732
2785 3770
2785 3860
2785 3933
2785 4165
2785 4167
2785 4184
2785 4939
2785 4981
2786 3044
2786 3154
2786 3281
2786 3405
2786 3448
2786 3485
2786 3488
2786 3839
2786 4253
2786 4322
2786 4908
2786 4910
2787 2841
2787 2938
2787 3161
2787 3389
2787 3686
2787 4143
2787 4153
2787 4290
2787 4451
2787 4513
2787 4559
2787 4983
2788 2831
2788 2926
2788 2993
2788 3138
2788 3226
2788 3234
2788 3346
2788 3502
2788 4288
2788 4605
2788 4782
2788 4864
2788 4869
2788 4893
2788 4898
2789 2985
2789 3003
2789 3071
2789 3078
2789 3091
2789 3098
2789 3224
2789 3542
2789 3560
2789 3587
2789 3687
2789 3711
2789 3770
2789 3786
2789 4092
2789 4093
2789 4230
2789 4296
2789 4347
2789 4821
2789 4939
2789 4981
2790 2866
2790 3003
2790 3049
2790 3074
2790 3106
2790 3147
2790 3227
2790 3355
2790 4179
2790 4225
2790 4272
2790 4779
2790 4874
2790 4881
2790 4987
2791 2815
2791 2830
2791 3007
2791 3084
2791 3133
2791 3198
2791 3232
2791 3668
2791 3769
2791 3792
2791 3855
2791 4094
2791 4259
2791 4384
2792 2892
2792 3864
2792 4724
2792 4758
2792 4999
2793 2884
2793 2925
2793 2980
2793 3103
2793 3496
2793 3646
2793 3678
2793 3716
2793 3836
2793 4010
2793 4178
2793 4390
2793 4736
2793 4763
2793 4776
2794 2874
2794 2917
2794 3231
2794 3317
2794 3420
2794 3459
2794 3906
2794 4131
2794 4200
2794 4241
2794 4730
2795 3241
2795 3348
2795 3720
2795 3765
2795 4714
2796 3090
2796 3176
2796 3431
2796 3543
2796 3593
2796 4005
2796 4042
2796 4273
2796 4361
2796 4435
2796 4569
2796 4619
2796 4638
2796 4873
2796 4887
2796 4928
2797 2842
2797 2851
2797 3384
2797 3510
2797 3593
2797 3923
2797 4058
2797 4077
2797 4083
2797 4085
2797 4133
2797 4977
2798 2851
2798 2960
2798 3009
2798 3042
2798 3173
2798 3568
2798 3744
2798 3789
2798 3871
2798 4120
2798 4213
2798 4430
2798 4434
2798 4469
2798 4494
2798 4697
2798 4801
2798 4821
2798 4877
2798 4902
2799 3240
2799 3442
2799 3595
2799 3916
2799 3940
2799 4062
2799 4703
2799 4830
2799 4864
2800 2989
2800 3076
2800 3111
2800 3144
2800 3272
2800 3294
2800 3378
2800 3423
2800 3684
2800 4186
2800 4194
2800 4227
2800 4238
2800 4286
2800 4814
2800 4881
2800 4957
2801 2881
2801 3155
2801 3536
2801 3665
2801 3666
2801 3802
2801 3833
2801 3930
2801 4078
2801 4137
2801 4656
2801 4692
2801 4741
2801 4959
2802 2857
2802 2976
2802 3092
2802 3235
2802 3506
2802 3735
2802 3756
2802 3795
2802 4041
2802 4477
2802 4562
2802 4674
2802 4718
2802 4949
2803 2928
2803 3156
2803 3743
2803 3828
2803 3955
2803 3996
2803 4135
2803 4217
2803 4281
2803 4447
2803 4502
2803 4521
2803 4522
2803 4571
2803 4746
2803 4907
2803 4980
2804 3069
2804 3166
2804 3272
2804 3458
2804 3542
2804 3601
2804 3770
2804 3826
2804 3836
2804 4153
2804 4251
2804 4259
2804 4493
2804 4613
2804 4847
2804 4879
2805 2838
2805 3100
2805 3270
2805 3285
2805 3466
2805 3579
2805 3635
2805 3761
2805 3834
2805 3855
2805 4316
2805 4437
2805 4503
2805 4598
2805 4892
2806 2875
2806 3032
2806 3308
2806 3495
2806 3605
2806 3686
2806 3836
2806 3972
2806 4074
2806 4272
2806 4448
2806 4839
2806 4860
2806 4870
2806 4960
2807 3062
2807 3122
2807 3755
2807 3800
2807 3838
2807 3850
2807 3987
2807 4264
2807 4302
2807 4375
2807 4437
2807 4492
2807 4948
2808 3113
2808 3167
2808 3177
2808 3294
2808 3445
2808 3505
2808 3742
2808 3947
2808 4605
2809 3116
2809 3195
2809 3382
2809 3525
2809 3682
2809 4083
2809 4168
2809 4454
2809 4686
2809 4794
2809 4841
2810 2862
2810 2922
2810 3532
2810 3544
2810 3548
2810 3752
2810 4063
2810 4121
2810 4339
2810 4469
2810 4481
2810 4555
2810 4581
2810 4684
2810 4857
2810 4965
2811 3125
2811 3199
2811 3206
2811 3285
2811 3513
2811 3662
2811 3713
2811 3761
2811 3918
2811 4122
2811 4235
2811 4333
2811 4398
2811 4442
2811 4546
2811 4645
2811 4861
2811 4873
2812 2856
2812 3022
2812 3293
2812 3794
2812 3840
2812 3861
2812 3995
2812 4233
2812 4408
2812 4432
2812 4439
2812 4762
2813 2886
2813 3053
2813 3288
2813 3332
2813 3357
2813 3601
2813 3669
2813 3676
2813 3893
2813 3997
2813 4130
2813 4229
2813 4516
2813 4658
2813 4737
2813 4826
2813 4903
2814 2877
2814 3019
2814 3346
2814 3374
2814 3635
2814 3640
2814 3710
2814 3723
2814 3980
2814 4062
2814 4072
2814 4159
2814 4162
2814 4283
2814 4366
2814 4773
2814 4927
2815 3009
2815 3096
2815 3126
2815 3239
2815 3440
2815 3763
2815 3922
2815 4110
2815 4353
2815 4395
2815 4652
2815 4678
2815 4894
2816 3141
2816 3240
2816 3497
2816 3780
2816 3868
2816 4055
2816 4509
2816 4519
2816 4621
2816 4716
2816 4788
2816 4828
2816 4987
2817 2899
2817 3347
2817 3663
2817 3811
2817 3960
2817 4125
2817 4366
2817 4483
2817 4651
2817 4900
2818 2888
2818 2957
2818 3035
2818 3421
2818 3576
2818 3600
2818 3636
2818 3703
2818 3767
2818 3866
2818 3874
2818 3922
2818 4007
2818 4022
2818 4215
2818 4497
2818 4511
2818 4537
2818 4901
2818 4956
2819 3139
2819 3196
2819 3489
2819 3682
2819 3792
2819 3853
2819 3923
2819 4098
2819 4213
2819 4564
2819 4587
2819 4708
2819 4819
2820 3155
2820 3206
2820 3301
2820 3505
2820 3875
2820 4044
2820 4257
2820 4453
2820 4577
2820 4734
2820 4860
2820 4981
2821 2999
2821 3034
2821 3402
2821 3565
2821 3627
2821 3951
2821 3980
2821 3983
2821 3997
2821 4172
2821 4741
2821 4748
2821 4920
2821 4945
2822 2881
2822 2931
2822 2958
2822 3129
2822 3282
2822 3584
2822 3669
2822 3918
2822 3997
2822 4081
2822 4240
2822 4266
2822 4462
2822 4546
2823 3204
2823 3424
2823 3805
2823 3845
2823 3931
2823 3999
2823 4001
2823 4042
2823 4185
2823 4277
2823 4861
2824 2826
2824 2929
2824 2988
2824 3076
2824 3090
2824 3117
2824 3488
2824 3580
2824 3754
2824 3797
2824 3881
2824 3974
2824 4004
2824 4263
2824 4914
2825 2948
2825 2964
2825 3017
2825 3223
2825 3583
2825 3810
2825 3835
2825 3839
2825 3975
2825 4245
2825 4592
2825 4803
2825 4987
2826 2973
2826 3037
2826 3112
2826 3216
2826 3312
2826 3647
2826 3669
2826 3757
2826 3844
2826 4672
2826 4934
2827 3117
2827 3200
2827 3210
2827 3352
2827 3483
2827 3503
2827 3526
2827 3687
2827 3979
2827 4138
2827 4216
2827 4218
2827 4250
2827 4401
2827 4450
2827 4468
2827 4479
2827 4484
2827 4631
2827 4812
2828 2882
2828 3045
2828 3200
2828 3248
2828 3291
2828 3417
2828 3745
2828 3797
2828 3856
2828 4026
2828 4379
2828 4406
2828 4485
2828 4503
2828 4699
2828 4888
2829 3034
2829 3246
2829 3298
2829 3510
2829 3560
2829 3626
2829 3986
2829 4217
2829 4397
2829 4454
2829 4997
2830 2857
2830 2937
2830 3026
2830 3101
2830 3107
2830 3148
2830 3410
2830 3556
2830 3662
2830 3832
2830 4068
2830 4136
2830 4291
2830 4293
2830 4656
2830 4767
2830 4776
2830 4917
2830 4949
2831 2837
2831 2876
2831 3102
2831 3293
2831 3359
2831 3417
2831 3432
2831 3647
2831 3648
2831 3748
2831 4108
2831 4336
2831 4635
2831 4770
2831 4826
2831 4946
2832 2959
2832 2997
2832 3221
2832 3462
2832 3810
2832 3920
2832 4007
2832 4096
2832 4162
2832 4265
2832 4865
2833 3070
2833 3118
2833 3198
2833 3475
2833 3540
2833 3928
2833 4263
2833 4437
2833 4440
2833 4552
2833 4865
2833 4879
2833 4919
2834 3076
2834 3268
2834 4099
2834 4228
2834 4303
2834 4724
2834 4825
2835 3046
2835 3455
2835 3982
2835 4117
2835 4194
2835 4288
2835 4586
2835 4727
2836 3049
2836 3110
2836 3150
2836 3214
2836 3375
2836 3404
2836 3459
2836 3744
2836 3805
2836 3951
2836 4385
2836 4567
2836 4572
2836 4655
2836 4668
2836 4737
2837 2950
2837 3227
2837 3251
2837 3442
2837 3500
2837 3807
2837 3856
2837 3957
2837 4421
2837 4594
2837 4711
2837 4872
2838 2960
2838 3065
2838 3207
2838 3344
2838 3382
2838 3458
2838 3908
2838 3940
2838 3985
2838 4180
2838 4422
2838 4764
2839 2870
2839 2924
2839 3180
2839 3219
2839 3229
2839 3579
2839 3724
2839 4036
2839 4152
2839 4221
2839 4689
2839 4719
2839 4936
2840 2872
2840 3027
2840 3650
2840 3930
2840 4036
2840 4194
2840 4666
2840 4843
2840 4922
2841 2968
2841 2986
2841 3192
2841 3381
2841 3571
2841 3773
2841 3842
2841 4444
2841 4553
2841 4925
2842 2869
2842 3062
2842 3159
2842 3416
2842 3422
2842 4332
2842 4466
2842 4498
2842 4669
2842 4739
2842 4777
2842 4851
2842 4949
2842 4988
2842 4990
2843 3120
2843 3137
2843 3385
2843 3419
2843 3604
2843 3657
2843 3756
2843 3813
2843 4187
2843 4962
2843 4983
2844 3019
2844 3129
2844 3499
2844 3942
2844 3991
2844 4186
2844 4308
2844 4332
2844 4399
2844 4437
2844 4617
2844 4641
2844 4933
2845 2906
2845 3211
2845 3330
2845 3636
2845 3643
2845 3684
2845 3823
2845 4171
2845 4577
2845 4678
2846 2974
2846 3171
2846 3194
2846 3436
2846 3873
2846 4084
2846 4342
2846 4409
2846 4410
2846 4424
2846 4550
2846 4858
2846 4859
2846 4917
2847 3904
2847 4279
2847 4634
2847 4676
2847 4746
2847 4755
2848 2925
2848 3049
2848 3070
2848 3178
2848 3366
2848 3515
2848 4116
2848 4360
2848 4861
2848 4934
2849 3025
2849 3052
2849 3139
2849 3351
2849 3462
2849 3882
2849 4295
2849 4324
2849 4358
2849 4485
2849 4967
2850 3039
2850 3043
2850 3067
2850 3551
2850 3747
2850 3810
2850 3905
2850 4000
2850 4105
2850 4396
2850 4711
2850 4753
2850 4763
2850 4965
2851 3010
2851 3156
2851 3165
2851 3188
2851 3326
2851 3431
2851 4011
2851 4122
2851 4154
2851 4323
2851 4468
2851 4712
2851 4938
2851 4960
2852 3366
2852 3387
2852 3514
2852 3597
2852 3966
2852 4018
2852 4057
2852 4635
2852 4656
2852 4681
2852 4699
2852 4744
2853 2910
2853 2983
2853 3047
2853 3365
2853 3575
2853 3872
2853 3979
2853 4304
2853 4429
2853 4455
2853 4466
2853 4615
2853 4715
2853 4812
2854 2897
2854 2903
2854 3399
2854 3435
2854 3954
2854 4018
2854 4072
2854 4448
2854 4636
2854 4728
2854 4842
2854 4845
2854 4873
2854 4958
2855 3109
2855 3278
2855 3382
2855 3467
2855 3505
2855 3774
2855 3902
2855 4072
2855 4301
2855 4466
2855 4559
2855 4575
2855 4578
2855 4862
2855 4953
2855 4981
2856 3406
2856 3596
2856 3845
2856 3891
2856 3900
2856 3951
2856 4009
2856 4224
2856 4254
2856 4295
2856 4313
2856 4415
2857 3310
2857 3334
2857 3516
2857 3644
2857 3730
2857 4032
2857 4077
2857 4224
2857 4310
2857 4385
2857 4541
2857 4893
2857 4937
2858 2965
2858 3195
2858 3208
2858 3303
2858 3366
2858 3392
2858 3487
2858 3758
2858 3881
2858 4322
2858 4636
2858 4672
2859 2995
2859 3147
2859 3396
2859 3533
2859 3783
2859 3800
2859 3907
2859 4212
2859 4559
2859 4575
2859 4681
2859 4755
2859 4855
2860 2968
2860 3249
2860 3251
2860 3258
2860 3661
2860 3885
2860 4064
2860 4106
2860 4170
2860 4551
2860 4837
2861 2938
2861 2963
2861 3145
2861 3327
2861 3460
2861 3594
2861 3627
2861 3632
2861 3852
2861 3872
2861 3902
2861 4082
2861 4350
2861 4674
2861 4738
2861 4743
2861 4765
2861 4782
2862 3290
2862 3325
2862 3566
2862 3590
2862 3592
2862 3839
2862 3884
2862 3933
2862 3995
2862 4022
2862 4079
2862 4102
2862 4204
2862 4238
2862 4369
2862 4506
2862 4509
2862 4575
2862 4635
2862 4731
2862 4736
2862 4970
2862 4986
2862 4990
2863 3157
2863 3183
2863 3202
2863 3329
2863 3412
2863 3824
2863 4065
2863 4279
2863 4371
2863 4725
2863 4952
2863 4976
2864 3137
2864 3203
2864 3311
2864 3601
2864 3980
2864 3997
2864 4120
2864 4366
2864 4392
2864 4422
2864 4424
2864 4517
2864 4597
2864 4682
2864 4699
2864 4719
2864 4780
2864 4961
2865 2928
2865 3112
2865 3139
2865 3169
2865 3244
2865 3281
2865 3354
2865 4127
2865 4596
2865 4756
2865 4811
2866 3099
2866 3129
2866 3440
2866 3961
2866 4055
2866 4136
2866 4311
2866 4464
2866 4475
2867 3039
2867 3043
2867 3201
2867 3226
2867 3546
2867 3845
2867 3852
2867 3896
2867 3966
2867 4366
2867 4370
2867 4452
2867 4541
2867 4670
2867 4932
2868 2875
2868 2979
2868 3168
2868 3349
2868 3383
2868 3395
2868 3464
2868 3900
2868 4324
2868 4337
2868 4377
2868 4470
2869 2934
2869 3450
2869 3659
2869 3731
2869 4094
2869 4393
2869 4434
2869 4477
2869 4630
2869 4786
2869 4842
2870 3012
2870 3086
2870 3117
2870 3183
2870 3500
2870 3552
2870 3629
2870 3635
2870 4046
2870 4559
2870 4578
2870 4948
2871 2923
2871 2925
2871 2984
2871 3023
2871 3187
2871 3199
2871 3535
2871 3726
2871 4056
2871 4101
2871 4274
2871 4436
2871 4837
2872 2942
2872 3045
2872 3277
2872 3520
2872 3549
2872 3582
2872 4025
2872 4137
2872 4186
2872 4328
2872 4584
2873 2937
2873 2994
2873 3306
2873 3564
2873 3569
2873 3921
2873 3925
2873 4163
2873 4378
2873 4454
2873 4456
2873 4597
2873 4857
2873 4949
2874 3651
2874 3749
2874 3799
2874 3946
2874 4044
2874 4258
2874 4351
2874 4400
2874 4443
2874 4518
2874 4553
2874 4696
2874 4766
2875 2889
2875 3199
2875 3884
2875 4692
2875 4821
2876 3133
2876 3216
2876 3350
2876 3458
2876 3672
2876 3831
2876 3842
2876 3877
2876 3920
2876 4002
2876 4682
2876 4796
2877 2881
2877 2927
2877 3509
2877 3565
2877 3763
2877 3921
2877 4221
2877 4327
2877 4843
2877 4994
2878 3562
2878 3814
2878 3957
2878 3965
2878 4116
2878 4278
2878 4417
2878 4506
2878 4549
2878 4557
2879 2979
2879 3207
2879 3498
2879 3622
2879 3801
2879 3859
2879 3988
2879 4561
2879 4849
2879 4865
2879 4992
2880 2967
2880 3056
2880 3107
2880 3159
2880 3229
2880 3298
2880 3586
2880 4476
2880 4584
2880 4992
2881 3870
2881 4143
2881 4263
2881 4279
2881 4308
2881 4485
2881 4513
2881 4904
2881 4925
2882 3148
2882 3288
2882 3419
2882 3645
2882 3656
2882 3933
2882 4342
2882 4351
2882 4545
2882 4790
2883 3044
2883 3085
2883 3209
2883 4114
2883 4250
2883 4330
2883 4333
2883 4655
2883 4778
2884 2897
2884 3155
2884 3196
2884 3441
2884 4234
2884 4592
2884 4629
2885 3427
2885 3638
2885 3717
2885 3897
2885 4019
2885 4038
2885 4046
2885 4188
2885 4320
2885 4353
2885 4482
2885 4630
2885 4897
2886 2898
2886 3581
2886 3654
2886 3706
2886 4120
2886 4332
2886 4349
2886 4775
2887 2915
2887 3130
2887 3154
2887 3336
2887 3600
2887 3885
2887 3902
2887 4215
2887 4227
2887 4347
2887 4434
2887 4459
2887 4646
2887 4898
2888 2913
2888 3503
2888 3512
2888 3634
2888 3647
2888 3954
2888 4036
2888 4171
2888 4290
2889 3338
2889 3675
2889 3897
2889 4153
2889 4250
2889 4284
2889 4311
2889 4579
2889 4824
2889 4995
2890 2953
2890 3045
2890 3049
2890 3335
2890 3520
2890 3860
2890 3962
2890 3968
2890 4029
2890 4162
2890 4204
2890 4466
2890 4574
2890 4714
2890 4925
2890 4931
2890 4950
2890 4980
2891 3667
2891 3788
2891 3821
2891 3832
2891 4496
2891 4509
2891 4536
2891 4855
2891 4856
2891 4888
2892 3255
2892 3771
2892 4082
2892 4127
2892 4216
2892 4553
2892 4582
2892 4592
2892 4625
2892 4643
2892 4850
2893 2901
2893 2923
2893 2986
2893 3008
2893 3024
2893 3057
2893 3281
2893 3496
2893 3648
2893 3970
2893 4196
2893 4343
2893 4362
2893 4438
2893 4481
2893 4642
2893 4689
2893 4994
2894 3042
2894 3242
2894 3696
2894 4098
2894 4113
2894 4201
2894 4411
2894 4459
2894 4726
2894 4748
2894 4774
2895 2951
2895 3241
2895 3271
2895 3635
2895 3864
2895 3936
2895 3979
2895 4092
2895 4683
2895 4852
2896 2940
2896 2985
2896 3005
2896 3094
2896 3192
2896 3213
2896 3250
2896 3306
2896 3333
2896 3380
2896 3436
2896 3462
2896 3563
2896 3912
2896 4087
2896 4091
2896 4105
2896 4523
2897 2953
2897 3170
2897 3172
2897 3509
2897 3601
2897 3644
2897 4069
2897 4153
2897 4234
2897 4494
2897 4543
2897 4650
2897 4738
2897 4771
2897 4853
2898 3013
2898 3491
2898 4010
2898 4073
2898 4111
2898 4167
2898 4234
2898 4271
2898 4329
2898 4378
2898 4390
2898 4815
2898 4838
2898 4970
2899 3024
2899 3053
2899 3081
2899 3698
2899 3700
2899 3704
2899 3805
2899 3937
2899 3971
2899 4172
2899 4232
2899 4560
2899 4643
2899 4765
2899 4999
2900 3196
2900 3583
2900 3647
2900 3707
2900 3754
2900 4011
2900 4021
2900 4186
2900 4322
2900 4328
2900 4633
2900 4649
2901 3319
2901 3405
2901 3449
2901 3546
2901 3717
2901 4124
2901 4151
2901 4516
2901 4590
2901 4618
2901 4818
2901 4835
2902 3130
2902 3155
2902 3242
2902 3337
2902 3699
2902 3720
2902 3962
2902 4220
2902 4224
2902 4345
2902 4679
2902 4801
2903 2919
2903 2977
2903 3074
2903 3188
2903 3397
2903 3974
2903 4112
2903 4150
2903 4579
2903 4735
2903 4897
2904 3225
2904 3399
2904 3464
2904 3531
2904 3677
2904 3861
2904 3925
2904 4289
2904 4782
2904 4906
2904 4924
2904 4936
2905 3142
2905 3211
2905 3385
2905 3630
2905 3721
2905 3952
2905 3986
2905 3993
2905 4172
2905 4378
2905 4918
2906 3011
2906 3109
2906 3183
2906 3242
2906 3344
2906 3392
2906 3421
2906 3522
2906 3605
2906 3636
2906 3727
2906 3859
2906 3874
2906 4086
2906 4370
2906 4645
2906 4673
2906 4745
2906 4775
2906 4799
2906 4825
2906 4934
2906 4958
2907 3015
2907 3031
2907 3084
2907 3155
2907 3308
2907 3325
2907 3602
2907 3711
2907 3760
2907 3937
2907 4051
2907 4123
2907 4253
2907 4505
2907 4604
2907 4680
2908 2980
2908 3342
2908 3492
2908 3692
2908 3999
2908 4049
2908 4130
2908 4277
2908 4313
2908 4462
2908 4858
2909 3089
2909 3331
2909 3459
2909 3572
2909 3616
2909 3806
2909 3851
2909 3861
2909 3904
2909 4179
2909 4303
2909 4479
2909 4706
2909 4750
2909 4772
2909 4790
2909 4960
2910 3100
2910 3127
2910 3166
2910 3238
2910 3736
2910 3800
2910 3915
2910 3942
2910 4097
2910 4114
2910 4233
2910 4344
2910 4877
2910 4910
2911 3009
2911 3192
2911 3219
2911 3223
2911 3385
2911 3473
2911 3598
2911 3656
2911 3820
2911 3971
2911 4031
2911 4147
2911 4186
2911 4313
2911 4357
2911 4370
2911 4393
2911 4497
2911 4784
2911 4894
2911 4983
2912 2914
2912 3092
2912 3111
2912 3617
2912 3692
2912 3719
2912 3799
2912 4308
2912 4405
2912 4584
2912 4604
2912 4720
2913 2925
2913 3008
2913 3502
2913 3524
2913 3556
2913 3806
2913 3954
2913 4071
2913 4343
2913 4622
2913 4823
2913 4863
2913 4953
2914 3308
2914 3846
2914 3914
2914 4231
2914 4402
2914 4498
2914 4717
2914 4768
2914 4863
2915 3294
2915 3549
2915 3687
2915 3774
2915 3802
2915 3839
2915 3854
2915 3870
2915 3901
2915 3992
2915 4083
2915 4153
2915 4395
2915 4739
2915 4857
2916 3011
2916 3571
2916 3723
2916 3818
2916 3829
2916 3935
2916 3985
2916 4025
2916 4033
2916 4173
2916 4891
2917 2950
2917 3378
2917 3401
2917 3478
2917 3692
2917 3770
2917 3974
2917 3977
2917 4021
2917 4027
2917 4151
2917 4677
2917 4760
2917 4828
2918 3074
2918 3378
2918 3458
2918 3654
2918 3779
2918 3815
2918 3971
2918 4135
2918 4210
2918 4301
2919 2950
2919 3592
2919 3606
2919 3693
2919 4068
2919 4074
2919 4230
2919 4235
2919 4279
2919 4430
2919 4472
2919 4653
2919 4990
2920 3318
2920 3412
2920 3523
2920 3762
2920 3830
2920 3892
2920 4320
2920 4652
2920 4686
2920 4711
2920 4973
2921 3204
2921 3380
2921 3628
2921 3853
2921 3939
2921 4081
2921 4134
2921 4445
2921 4654
2921 4684
2922 3491
2922 3538
2922 3620
2922 4479
2922 4737
2923 3035
2923 3507
2923 3907
2923 3968
2923 4220
2923 4277
2923 4466
2923 4654
2923 4758
2923 4924
2923 4998
2924 3013
2924 3695
2924 3773
2924 3813
2924 4148
2924 4278
2924 4481
2924 4648
2924 4712
2924 4842
2924 4932
2925 2950
2925 3013
2925 3068
2925 3125
2925 3310
2925 3444
2925 3718
2925 3742
2925 3901
2925 4130
2925 4282
2925 4302
2925 4316
2925 4371
2925 4852
2925 4923
2926 3337
2926 3411
2926 3544
2926 3639
2926 3691
2926 3843
2926 3870
2926 3964
2926 4374
2926 4426
2926 4641
2926 4651
2926 4891
2926 4909
2927 2963
2927 2973
2927 3315
2927 3333
2927 3381
2927 3620
2927 4033
2927 4147
2927 4305
2927 4518
2927 4897
2928 3402
2928 3823
2928 3835
2928 3947
2928 3974
2928 3983
2928 4321
2928 4358
2928 4452
2928 4892
2929 2975
2929 3210
2929 3377
2929 3461
2929 3513
2929 3585
2929 3741
2929 4233
2929 4301
2929 4318
2929 4353
2929 4525
2929 4673
2929 4728
2929 4846
2930 3166
2930 3183
2930 3210
2930 4008
2930 4053
2930 4081
2930 4443
2930 4452
2930 4569
2930 4672
2930 4749
2930 4893
2931 3160
2931 3450
2931 3451
2931 3530
2931 3901
2931 4119
2931 4195
2931 4437
2931 4533
2931 4563
2931 4764
2931 4914
2932 3118
2932 3809
2932 4170
2932 4325
2932 4419
2932 4446
2932 4532
2932 4725
2932 4819
2933 3412
2933 3416
2933 3618
2933 3764
2933 3810
2933 3862
2933 4016
2933 4051
2933 4307
2933 4733
2933 4877
2933 4917
2933 4977
2934 3100
2934 3198
2934 3711
2934 3775
2934 3907
2934 4290
2934 4338
2934 4384
2934 4483
2934 4593
2934 4758
2934 4823
2934 4869
2934 4976
2935 3003
2935 3038
2935 3360
2935 3504
2935 3725
2935 3954
2935 4134
2935 4300
2935 4335
2935 4400
2935 4478
2935 4526
2935 4553
2935 4683
2935 4692
2935 4777
2935 4794
2935 4832
2935 4868
2936 3322
2936 3393
2936 3496
2936 4148
2936 4647
2936 4811
2937 3079
2937 3139
2937 3455
2937 3569
2937 4052
2937 4101
2937 4208
2937 4544
2937 4639
2937 4800
2938 3020
2938 3032
2938 3061
2938 3136
2938 3328
2938 3407
2938 3414
2938 4237
2938 4610
2938 4732
2939 3022
2939 3110
2939 3116
2939 3119
2939 3353
2939 3391
2939 3497
2939 3717
2939 3859
2939 3989
2939 4087
2939 4096
2939 4169
2939 4313
2939 4325
2939 4379
2939 4399
2939 4503
2939 4530
2939 4553
2939 4634
2939 4784
2939 4891
2940 3400
2940 3634
2940 3749
2940 3867
2940 3991
2940 4112
2940 4148
2940 4442
2940 4846
2941 3102
2941 3265
2941 3275
2941 3344
2941 3995
2941 4262
2941 4625
2941 4792
2941 4933
2942 3218
2942 3530
2942 4204
2942 4245
2942 4306
2942 4334
2942 4440
2942 4598
2942 4808
2943 3076
2943 3411
2943 3695
2943 3947
2943 3964
2943 3971
2943 4351
2943 4502
2943 4597
2943 4838
2944 2968
2944 3296
2944 3971
2944 4000
2944 4071
2944 4203
2944 4234
2944 4388
2944 4940
2944 4964
2945 3205
2945 3829
2945 3865
2945 4533
2945 4546
2946 3009
2946 3116
2946 3329
2946 3403
2946 3406
2946 3676
2946 3800
2946 4034
2946 4320
2946 4640
2946 4738
2946 4750
2946 4869
2946 4904
2947 2960
2947 2996
2947 3112
2947 3153
2947 3291
2947 3381
2947 3509
2947 4238
2947 4357
2947 4407
2947 4588
2947 4605
2947 4624
2947 4738
2947 4871
2947 4913
2947 4934
2947 4947
2948 3056
2948 3101
2948 3252
2948 3349
2948 3742
2948 3813
2948 3818
2948 3904
2948 4030
2948 4032
2948 4161
2948 4532
2948 4661
2948 4663
2948 4863
2948 4970
2948 4971
2948 4980
2949 3049
2949 3345
2949 3349
2949 3585
2949 3966
2949 4118
2949 4507
2949 4972
2950 3200
2950 3259
2950 3511
2950 3565
2950 3749
2950 3785
2950 3836
2950 3886
2950 4136
2950 4363
2950 4441
2950 4547
2950 4638
2950 4677
2950 4710
2950 4818
2950 4843
2950 4892
2950 4917
2950 4958
2951 3115
2951 3221
2951 3324
2951 3431
2951 3444
2951 3506
2951 3548
2951 4059
2951 4215
2951 4310
2951 4320
2951 4782
2952 3437
2952 3564
2952 3596
2952 3754
2952 3839
2952 4090
2952 4349
2952 4699
2952 4963
2953 3478
2953 4017
2953 4150
2953 4172
2953 4208
2953 4279
2953 4289
2953 4790
2953 4835
2953 4906
2954 3238
2954 3254
2954 3354
2954 3502
2954 3623
2954 3685
2954 4221
2954 4449
2954 4614
2954 4677
2954 4923
2955 3070
2955 3235
2955 3438
2955 3496
2955 3697
2955 3723
2955 3927
2955 4380
2955 4466
2955 4772
2955 4921
2956 2981
2956 3307
2956 3311
2956 3461
2956 3544
2956 3627
2956 3771
2956 4007
2956 4137
2956 4791
2956 4949
2956 4975
2957 3191
2957 3743
2957 3936
2957 3937
2957 3987
2957 4011
2957 4100
2957 4134
2957 4178
2957 4328
2957 4345
2958 3046
2958 3051
2958 3183
2958 3384
2958 3408
2958 3570
2958 3629
2958 3725
2958 3727
2958 3787
2958 3805
2958 4180
2958 4331
2958 4641
2958 4888
2958 4890
2958 4904
2959 3070
2959 3414
2959 3614
2959 3926
2959 3999
2959 4108
2959 4159
2959 4183
2959 4187
2959 4289
2959 4313
2959 4495
2959 4670
2959 4805
2960 3135
2960 3301
2960 3491
2960 3618
2960 3692
2960 3701
2960 4038
2960 4060
2960 4130
2960 4354
2960 4959
2961 2976
2961 3197
2961 3205
2961 3949
2961 4050
2961 4084
2961 4123
2961 4164
2961 4166
2961 4184
2961 4446
2961 4469
2961 4497
2962 2991
2962 3110
2962 3152
2962 3252
2962 3391
2962 3588
2962 3619
2962 3814
2962 3841
2962 3978
2962 3980
2962 4010
2962 4266
2962 4435
2962 4449
2962 4597
2962 4659
2962 4660
2962 4881
2962 4976
2963 3022
2963 3181
2963 3252
2963 3257
2963 3364
2963 3412
2963 3969
2963 4200
2963 4271
2963 4684
2963 4960
2964 3115
2964 3127
2964 3375
2964 3410
2964 3727
2964 3960
2964 4166
2964 4327
2964 4339
2964 4380
2964 4414
2965 2996
2965 3449
2965 3742
2965 3759
2965 3893
2965 4204
2965 4211
2965 4769
2965 4857
2965 4892
2966 3298
2966 3372
2966 3686
2966 3703
2966 3996
2966 4179
2966 4243
2966 4362
2966 4442
2966 4509
2967 3318
2967 3342
2967 4123
2967 4418
2967 4624
2967 4797
2968 3409
2968 3476
2968 3638
2968 3711
2968 3977
2968 4051
2968 4074
2968 4146
2968 4153
2968 4297
2968 4364
2968 4470
2968 4488
2968 4539
2968 4681
2968 4740
2968 4814
2968 4872
2969 3870
2969 3923
2969 4196
2969 4249
2969 4356
2969 4649
2969 4677
2969 4709
2969 4803
2969 4838
2969 4900
2970 3044
2970 3675
2970 3759
2970 3814
2970 3882
2970 4056
2970 4141
2970 4466
2970 4764
2970 4817
2970 4888
2971 3111
2971 3134
2971 3180
2971 3201
2971 3202
2971 3232
2971 3744
2971 4008
2971 4555
2971 4722
2971 4827
2972 3142
2972 3228
2972 3586
2972 3749
2972 3775
2972 3902
2972 4011
2972 4114
2972 4336
2972 4345
2972 4597
2972 4793
2972 4960
2972 4963
2972 4985
2972 4986
2973 2976
2973 3059
2973 3066
2973 3620
2973 3646
2973 3658
2973 3660
2973 3972
2973 4069
2973 4099
2973 4118
2973 4486
2973 4597
2973 4713
2974 3099
2974 3115
2974 3130
2974 3351
2974 3460
2974 3594
2974 3675
2974 3951
2974 4184
2974 4335
2974 4452
2974 4572
2974 4625
2974 4960
2975 3749
2975 3842
2975 3957
2975 4178
2975 4183
2975 4334
2975 4474
2976 3083
2976 3426
2976 3550
2976 3983
2976 4076
2976 4340
2976 4500
2976 4956
2977 3033
2977 3072
2977 3130
2977 3186
2977 3322
2977 3488
2977 3615
2977 3729
2977 3867
2977 4054
2977 4355
2977 4465
2977 4535
2977 4698
2978 3098
2978 3124
2978 3434
2978 3603
2978 3625
2978 3655
2978 4206
2978 4579
2978 4594
2978 4728
2978 4745
2978 4793
2978 4835
2979 3316
2979 3406
2979 3426
2979 3544
2979 3880
2979 3970
2979 4055
2979 4165
2979 4628
2979 4726
2979 4869
2979 4996
2980 3081
2980 3108
2980 3220
2980 3492
2980 3776
2980 3935
2980 3982
2980 4214
2980 4716
2980 4928
2980 4960
2981 3117
2981 3167
2981 3288
2981 3597
2981 4017
2981 4082
2981 4233
2981 4248
2981 4403
2981 4717
2981 4718
2981 4823
2981 4926
2982 2989
2982 3149
2982 3167
2982 3608
2982 3698
2982 3730
2982 3846
2982 3855
2982 4109
2982 4116
2982 4205
2982 4417
2982 4424
2982 4717
2982 4813
2982 4975
2983 3054
2983 3095
2983 3200
2983 3280
2983 3312
2983 3519
2983 3555
2983 4101
2983 4142
2983 4313
2983 4325
2983 4533
2983 4855
2983 4896
2984 3128
2984 3450
2984 3487
2984 3829
2984 4030
2984 4062
2984 4188
2984 4568
2984 4684
2984 4782
2984 4850
2984 4855
2985 3217
2985 3328
2985 3444
2985 3571
2985 3597
2985 3618
2985 3980
2985 4242
2985 4379
2985 4568
2985 4863
2985 4907
2986 3618
2986 3644
2986 3915
2986 4076
2986 4116
2986 4164
2986 4202
2986 4220
2986 4401
2986 4546
2986 4618
2986 4822
2986 4845
2986 4926
2987 3008
2987 3432
2987 3569
2987 3628
2987 4235
2987 4371
2987 4485
2987 4720
2987 4830
2987 4989
2988 3011
2988 3247
2988 3457
2988 3526
2988 4097
2988 4240
2988 4568
2988 4676
2988 4679
2988 4745
2988 4878
2989 3036
2989 3518
2989 3541
2989 3944
2989 4122
2989 4179
2989 4223
2989 4287
2989 4330
2989 4628
2989 4900
2990 3077
2990 3286
2990 3416
2990 3496
2990 3782
2990 3787
2990 3930
2990 4420
2990 4661
2990 4957
2990 4974
2991 3131
2991 3243
2991 3462
2991 4056
2991 4087
2991 4317
2991 4388
2991 4417
2991 4567
2992 3200
2992 3301
2992 3468
2992 3570
2992 3588
2992 3790
2992 3796
2992 3899
2992 3944
2992 4120
2992 4302
2992 4550
2992 4563
2992 4599
2992 4636
2993 3018
2993 3194
2993 3647
2993 3852
2993 3863
2993 3974
2993 4106
2993 4187
2993 4932
2993 4949
2994 3035
2994 3158
2994 3450
2994 3734
2994 4946
2995 3044
2995 3223
2995 3775
2995 3911
2995 3990
2995 4181
2995 4503
2995 4764
2995 4899
2995 4913
2996 3087
2996 3498
2996 3793
2996 3816
2996 4247
2996 4516
2996 4614
2996 4652
2997 3074
2997 3231
2997 3548
2997 3762
2997 3923
2997 4434
2997 4589
2998 3399
2998 3513
2998 3563
2998 3700
2998 3833
2998 4113
2998 4178
2998 4359
2998 4479
2998 4924
2998 4998
2999 3000
2999 3368
2999 3556
2999 3735
2999 4192
2999 4207
2999 4301
2999 4422
2999 4524
2999 4548
2999 4703
2999 4720
2999 4970
3000 3307
3000 3326
3000 3554
3000 3938
3000 4225
3000 4358
3000 4409
3000 4579
3000 4942
3000 4993
3001 3046
3001 3471
3001 3696
3001 4092
3001 4110
3001 4299
3001 4527
3001 4791
3001 4804
3001 4808
3001 4887
3002 3344
3002 3397
3002 3690
3002 4178
3002 4893
3003 3275
3003 3283
3003 3334
3003 3365
3003 3671
3003 3927
3003 4212
3003 4307
3003 4459
3003 4551
3003 4776
3004 3006
3004 3346
3004 3358
3004 3543
3004 3563
3004 3806
3004 4025
3004 4120
3004 4171
3004 4364
3004 4404
3004 4450
3004 4471
3005 3032
3005 3241
3005 3268
3005 3553
3005 3602
3005 3712
3005 3790
3005 3829
3005 3963
3005 4011
3005 4148
3005 4327
3005 4485
3005 4503
3005 4560
3005 4803
3006 3030
3006 3402
3006 3480
3006 3535
3006 3679
3006 3893
3006 3994
3006 3995
3006 4213
3006 4438
3007 3279
3007 3514
3007 3563
3007 3707
3007 3846
3007 3928
3007 3951
3007 4074
3007 4139
3007 4151
3007 4695
3008 3352
3008 3435
3008 3521
3008 3551
3008 3728
3008 3799
3008 3889
3008 4107
3008 4172
3008 4255
3008 4321
3008 4345
3008 4382
3008 4459
3008 4553
3008 4838
3008 4853
3009 3097
3009 3103
3009 3214
3009 3416
3009 3515
3009 3586
3009 3686
3009 3804
3009 4062
3009 4132
3009 4144
3009 4236
3009 4306
3009 4661
3010 3042
3010 3135
3010 3290
3010 3579
3010 3684
3010 3819
3010 4110
3010 4126
3010 4158
3010 4432
3010 4493
3010 4499
3010 4531
3010 4602
3010 4624
3010 4666
3010 4703
3010 4835
3010 4966
3011 3177
3011 3740
3011 3769
3011 3828
3011 4030
3011 4073
3011 4079
3011 4087
3011 4206
3011 4299
3011 4465
3011 4783
3011 4804
3011 4814
3011 4834
3011 4852
3011 4891
3012 3096
3012 3514
3012 3651
3012 3662
3012 3876
3012 3915
3012 3999
3012 4562
3013 3123
3013 3160
3013 3199
3013 3273
3013 3576
3013 3856
3013 3996
3013 4442
3013 4508
3013 4626
3014 3201
3014 3410
3014 3484
3014 3499
3014 3505
3014 3508
3014 3552
3014 3704
3014 4060
3014 4064
3014 4124
3014 4144
3014 4166
3014 4305
3014 4462
3014 4627
3015 3074
3015 3080
3015 3096
3015 3149
3015 3269
3015 3586
3015 3675
3015 4087
3015 4261
3015 4407
3015 4591
3015 4594
3015 4739
3015 4778
3016 3691
3016 3852
3016 4404
3016 4608
3016 4616
3016 4647
3017 3334
3017 3338
3017 3362
3017 3484
3017 3575
3017 3588
3017 3741
3017 3898
3017 3955
3017 4017
3017 4281
3017 4504
3017 4662
3018 3090
3018 3132
3018 3634
3018 3898
3018 4020
3018 4056
3018 4068
3018 4110
3018 4118
3018 4422
3018 4788
3018 4830
3019 3165
3019 3405
3019 3494
3019 3544
3019 3570
3019 3643
3019 3739
3019 3785
3019 3789
3019 3907
3019 4158
3019 4269
3019 4353
3019 4663
3019 4714
3019 4849
3020 3359
3020 3374
3020 3560
3020 3580
3020 3676
3020 3748
3020 4002
3020 4070
3020 4168
3020 4189
3020 4300
3020 4760
3020 4797
3020 4836
3020 4873
3020 4895
3020 4986
3021 3141
3021 3183
3021 3204
3021 3292
3021 3434
3021 3658
3021 4084
3021 4099
3021 4291
3021 4322
3021 4521
3021 4536
3022 3051
3022 3093
3022 3211
3022 3319
3022 3653
3022 4139
3022 4265
3022 4436
3022 4851
3023 3047
3023 3170
3023 3176
3023 3203
3023 3453
3023 4272
3023 4721
3023 4870
3024 3125
3024 3377
3024 3430
3024 3836
3024 3967
3024 4454
3024 4595
3024 4790
3024 4906
3025 3100
3025 3336
3025 3697
3025 3829
3025 3883
3025 3966
3025 4204
3025 4450
3025 4651
3025 4653
3025 4669
3025 4781
3025 4784
3026 3277
3026 3356
3026 3480
3026 3643
3026 3762
3026 3790
3026 4214
3026 4220
3026 4386
3026 4510
3026 4693
3026 4914
3027 3209
3027 3274
3027 3310
3027 3609
3027 3747
3027 4028
3027 4233
3027 4372
3027 4560
3027 4584
3027 4629
3027 4648
3027 4669
3027 4684
3027 4707
3028 3029
3028 3040
3028 3060
3028 3062
3028 3095
3028 3184
3028 3426
3028 3514
3028 3594
3028 3656
3028 3710
3028 3934
3028 4002
3028 4206
3028 4261
3028 4586
3028 4880
3029 3115
3029 3223
3029 3413
3029 3515
3029 3682
3029 3739
3029 3841
3029 3915
3029 3935
3029 3959
3029 4111
3029 4475
3029 4891
3030 3082
3030 3110
3030 3599
3030 4099
3030 4325
3030 4477
3030 4671
3030 4705
3030 4894
3031 3096
3031 3231
3031 3268
3031 3944
3031 4389
3031 4456
3032 3061
3032 3133
3032 3445
3032 3557
3032 3674
3032 3922
3032 4025
3032 4036
3032 4097
3032 4565
3033 3089
3033 3357
3033 3508
3033 3608
3033 3662
3033 4000
3033 4071
3033 4087
3033 4293
3033 4328
3033 4507
3033 4692
3033 4749
3033 4844
3033 4941
3034 3203
3034 3298
3034 3513
3034 3514
3034 3576
3034 3686
3034 3793
3034 4078
3034 4457
3034 4626
3034 4649
3034 4668
3035 3463
3035 3489
3035 3629
3035 3852
3035 3871
3035 3888
3035 4246
3035 4282
3035 4522
3035 4767
3036 3155
3036 3209
3036 3531
3036 3699
3036 3898
3036 3905
3036 4797
3037 3366
3037 3497
3037 3918
3037 3937
3037 4371
3037 4488
3037 4983
3038 3241
3038 3292
3038 3431
3038 3735
3038 4067
3038 4143
3038 4769
3038 4906
3039 3480
3039 3542
3039 3617
3039 3643
3039 3669
3039 3847
3039 3927
3039 3982
3039 3995
3039 4299
3039 4373
3039 4470
3039 4727
3039 4735
3039 4823
3040 3226
3040 3273
3040 3563
3040 3767
3040 3837
3040 3954
3040 3978
3040 4158
3040 4190
3040 4200
3040 4458
3040 4763
3040 4964
3040 4984
3041 3135
3041 3285
3041 3334
3041 3777
3041 4021
3041 4030
3041 4220
3041 4353
3041 4448
3041 4944
3041 4947
3042 3297
3042 3419
3042 3714
3042 3784
3042 4197
3042 4345
3042 4363
3042 4489
3042 4690
3042 4879
3042 4925
3043 3061
3043 3177
3043 3458
3043 3474
3043 3576
3043 3687
3043 4438
3043 4984
3043 4993
3044 3310
3044 3392
3044 3420
3044 3458
3044 3747
3044 3874
3044 4031
3044 4526
3044 4764
3044 4960
3044 4988
3045 3254
3045 3281
3045 3512
3045 3881
3045 3959
3045 4338
3045 4534
3045 4599
3046 3217
3046 3627
3046 3643
3046 3722
3046 3741
3046 3884
3046 3977
3046 4245
3046 4305
3046 4517
3046 4843
3046 4872
3046 4930
3047 3286
3047 3593
3047 3869
3047 3983
3047 4132
3047 4281
3047 4562
3047 4769
3048 3329
3048 3701
3048 4546
3048 4950
3049 3106
3049 3126
3049 3163
3049 3273
3049 3301
3049 3320
3049 3476
3049 3497
3049 3613
3049 3647
3049 3713
3049 4013
3049 4082
3049 4107
3049 4368
3049 4411
3049 4755
3050 3128
3050 3152
3050 3492
3050 3652
3050 3743
3050 3779
3050 3977
3050 4236
3050 4473
3050 4551
3050 4815
3050 4887
3051 3066
3051 3124
3051 3127
3051 3338
3051 3618
3051 3759
3051 4072
3051 4189
3051 4559
3051 4749
3051 4922
3051 4994
3052 3055
3052 3067
3052 3078
3052 3361
3052 3408
3052 3550
3052 3670
3052 3714
3052 4104
3052 4135
3052 4597
3052 4777
3052 4790
3052 4961
3053 3239
3053 3476
3053 3537
3053 3595
3053 3720
3053 3740
3053 3872
3053 3983
3053 4193
3053 4212
3053 4263
3053 4496
3053 4628
3053 4763
3053 4792
3053 4837
3053 4844
3053 4858
3053 4881
3054 3055
3054 3137
3054 3165
3054 3257
3054 3279
3054 3422
3054 3629
3054 3686
3054 3853
3054 3969
3054 4004
3054 4376
3054 4420
3054 4711
3054 4874
3054 4893
3054 4932
3055 3236
3055 3471
3055 3532
3055 3671
3055 3793
3055 3870
3055 4094
3055 4394
3055 4750
3055 4905
3056 3426
3056 3675
3056 3780
3056 3798
3056 3924
3056 4172
3056 4258
3057 3186
3057 3293
3057 3616
3057 4061
3057 4131
3057 4405
3058 3072
3058 3109
3058 3151
3058 3157
3058 3264
3058 3267
3058 3495
3058 3675
3058 3684
3058 3778
3058 4421
3058 4612
3058 4624
3058 4768
3058 4823
3059 3397
3059 3593
3059 4435
3059 4631
3060 3070
3060 3198
3060 3270
3060 3324
3060 3361
3060 3564
3060 3745
3060 3929
3060 4073
3060 4095
3060 4153
3060 4261
3060 4398
3060 4650
3060 4724
3060 4748
3060 4870
3060 4902
3061 3268
3061 3388
3061 3989
3061 4130
3061 4178
3061 4188
3061 4394
3061 4419
3061 4828
3061 4874
3061 4938
3062 3069
3062 3240
3062 3319
3062 3386
3062 3568
3062 3597
3062 3682
3062 3998
3062 4295
3062 4308
3062 4353
3062 4681
3062 4706
3062 4956
3063 3335
3063 3514
3063 3680
3063 3773
3063 3790
3063 4192
3063 4228
3063 4256
3063 4375
3063 4436
3063 4497
3064 3411
3064 3657
3064 3677
3064 3692
3064 4395
3064 4557
3064 4693
3064 4776
3064 4916
3064 4995
3065 3092
3065 3640
3065 3659
3065 3712
3065 4185
3065 4253
3065 4406
3065 4520
3065 4618
3065 4722
3066 3496
3066 3784
3066 3837
3066 4080
3066 4313
3066 4382
3066 4775
3066 4781
3066 4810
3066 4826
3067 3078
3067 3198
3067 3284
3067 3524
3067 3809
3067 3995
3067 4025
3067 4219
3067 4397
3068 3152
3068 3153
3068 3253
3068 3480
3068 3782
3068 3981
3068 4114
3068 4307
3068 4377
3068 4537
3068 4539
3068 4628
3068 4694
3069 3377
3069 3588
3069 3726
3069 3927
3069 4212
3069 4612
3069 4979
3070 3293
3070 3816
3070 3897
3070 3982
3070 4056
3070 4061
3070 4143
3070 4151
3070 4578
3070 4934
3070 4948
3070 4973
3071 3125
3071 3372
3071 3401
3071 3491
3071 3859
3071 3895
3071 4055
3071 4118
3071 4519
3071 4825
3071 4872
3072 3168
3072 3243
3072 3252
3072 3254
3072 3290
3072 3616
3072 4020
3072 4055
3072 4431
3072 4486
3072 4505
3072 4569
3072 4687
3072 4718
3072 4880
3072 4985
3073 3151
3073 3415
3073 3842
3073 4004
3073 4087
3073 4136
3073 4218
3073 4457
3073 4684
3074 3137
3074 3227
3074 3345
3074 3405
3074 3473
3074 3531
3074 3568
3074 3839
3074 3864
3074 4261
3074 4355
3074 4644
3074 4725
3074 4750
3074 4768
3075 3202
3075 3434
3075 3811
3075 3816
3075 3976
3075 4245
3075 4331
3075 4504
3075 4798
3075 4948
3076 3191
3076 3219
3076 3306
3076 3883
3076 3897
3076 4070
3076 4153
3076 4217
3076 4331
3076 4339
3076 4484
3076 4736
3076 4864
3077 3227
3077 3285
3077 3425
3077 3454
3077 3549
3077 3656
3077 3749
3077 3955
3077 4109
3077 4304
3077 4364
3077 4471
3077 4571
3077 4669
3077 4675
3077 4819
3077 4831
3078 3160
3078 3274
3078 3339
3078 3411
3078 3419
3078 3486
3078 3614
3078 3623
3078 3636
3078 3681
3078 3742
3078 3758
3078 3764
3078 3865
3078 3876
3078 4350
3078 4356
3078 4401
3078 4526
3078 4674
3078 4715
3078 4949
3079 3432
3079 3464
3079 3822
3079 3898
3079 4161
3079 4166
3079 4204
3079 4310
3079 4442
3079 4490
3079 4541
3079 4990
3080 3208
3080 3251
3080 3322
3080 3531
3080 3885
3080 4033
3080 4089
3080 4321
3080 4406
3080 4589
3080 4606
3080 4703
3080 4722
3080 4837
3081 3428
3081 3466
3081 3662
3081 3707
3081 3911
3081 3989
3081 4447
3081 4698
3081 4813
3082 3100
3082 3199
3082 3250
3082 3413
3082 3483
3082 3781
3082 4004
3082 4110
3082 4585
3082 4901
3083 3092
3083 3117
3083 3407
3083 3430
3083 3569
3083 3625
3083 3812
3083 3887
3083 4460
3083 4485
3083 4492
3083 4581
3083 4636
3083 4653
3083 4926
3084 3094
3084 3170
3084 3188
3084 3255
3084 3261
3084 3536
3084 3756
3084 3781
3084 4085
3084 4422
3084 4716
3085 3299
3085 3406
3085 3418
3085 3471
3085 3584
3085 3608
3085 3686
3085 3821
3085 3824
3085 4035
3085 4103
3085 4593
3085 4599
3085 4624
3085 4629
3085 4781
3086 3130
3086 3242
3086 3298
3086 3455
3086 3699
3086 3768
3086 3859
3086 3876
3086 3892
3086 3940
3086 4009
3086 4053
3086 4408
3086 4547
3086 4574
3086 4620
3086 4687
3086 4965
3087 3314
3087 3429
3087 3447
3087 3542
3087 3648
3087 3685
3087 3728
3087 4298
3087 4302
3087 4509
3087 4967
3088 3100
3088 3466
3088 3508
3088 3593
3088 3607
3088 3641
3088 4074
3088 4304
3088 4385
3088 4535
3088 4753
3089 3212
3089 3319
3089 3394
3089 3904
3089 3980
3089 4371
3089 4549
3089 4812
3090 3258
3090 3435
3090 3473
3090 3739
3090 3740
3090 3801
3090 4043
3090 4068
3090 4175
3090 4176
3090 4232
3090 4384
3090 4571
3090 4658
3090 4839
3091 3127
3091 3468
3091 3469
3091 3611
3091 3774
3091 3792
3091 3869
3091 3890
3091 3919
3091 4069
3091 4133
3091 4193
3091 4224
3091 4257
3091 4355
3091 4405
3091 4473
3091 4544
3091 4570
3091 4603
3091 4760
3091 4839
3091 4972
3092 3229
3092 3264
3092 3760
3092 3987
3092 4038
3092 4778
3093 3384
3093 3568
3093 3597
3093 3663
3093 3775
3093 3869
3093 4229
3093 4510
3093 4675
3093 4835
3093 4865
3093 4991
3094 3214
3094 3300
3094 3359
3094 3392
3094 3398
3094 4019
3094 4070
3094 4151
3094 4229
3094 4518
3095 3701
3095 3703
3095 3841
3095 4164
3095 4644
3096 3188
3096 3214
3096 3759
3096 3892
3096 4172
3096 4241
3096 4269
3096 4307
3096 4406
3096 4619
3096 4648
3096 4686
3096 4814
3097 3441
3097 4013
3097 4130
3097 4254
3097 4320
3097 4532
3097 4653
3097 4800
3097 4926
3098 3493
3098 3583
3098 3603
3098 3916
3098 3920
3098 3959
3098 4118
3098 4156
3098 4308
3098 4431
3099 3198
3099 3594
3099 3696
3099 3878
3099 4059
3099 4171
3099 4172
3099 4441
3099 4658
3099 4768
3100 3188
3100 3237
3100 3376
3100 3609
3100 3625
3100 3641
3100 3779
3100 3925
3100 4001
3100 4018
3100 4166
3100 4490
3100 4516
3100 4527
3100 4592
3100 4822
3100 4904
3100 4928
3100 4970
3101 3152
3101 3183
3101 3223
3101 3458
3101 3482
3101 3497
3101 3586
3101 3671
3101 3710
3101 3854
3101 3880
3101 3970
3101 4238
3101 4269
3101 4662
3102 3103
3102 3153
3102 3415
3102 3472
3102 3565
3102 3589
3102 3673
3102 3942
3102 4097
3102 4384
3102 4913
3102 4944
3103 3160
3103 3431
3103 3495
3103 4040
3103 4128
3103 4370
3103 4371
3103 4459
3103 4650
3103 4813
3103 4955
3104 3136
3104 3174
3104 3398
3104 3506
3104 3608
3104 4044
3104 4157
3104 4240
3104 4340
3104 4350
3104 4435
3104 4464
3104 4767
3104 4929
3105 3416
3105 3458
3105 3502
3105 3521
3105 3612
3105 3788
3105 3789
3105 3919
3105 4037
3105 4050
3105 4093
3105 4306
3105 4636
3105 4751
3105 4887
3106 3161
3106 3191
3106 3203
3106 3251
3106 3911
3106 4324
3106 4508
3106 4558
3106 4585
3106 4653
3106 4827
3107 3365
3107 3439
3107 3483
3107 3729
3107 3785
3107 3819
3107 4383
3107 4569
3107 4618
3107 4770
3108 3379
3108 3441
3108 3726
3108 3797
3108 3863
3108 4168
3108 4174
3108 4177
3108 4344
3108 4443
3108 4806
3108 4983
3109 3126
3109 3227
3109 3314
3109 3554
3109 3569
3109 3919
3109 4017
3109 4112
3109 4143
3109 4203
3109 4602
3109 4995
3110 3149
3110 3265
3110 3338
3110 3548
3110 3740
3110 3798
3110 3971
3110 3992
3110 4062
3110 4228
3110 4303
3110 4320
3110 4627
3110 4648
3110 4659
3111 3145
3111 3436
3111 3454
3111 3624
3111 3814
3111 4083
3111 4260
3111 4391
3111 4488
3111 4580
3111 4637
3111 4700
3111 4916
3112 3400
3112 3581
3112 3669
3112 3946
3112 4233
3112 4335
3112 4643
3112 4962
3113 3137
3113 3427
3113 3436
3113 3464
3113 3688
3113 3840
3113 4270
3113 4289
3113 4427
3113 4569
3113 4575
3113 4617
3113 4619
3113 4640
3113 4683
3114 3219
3114 3240
3114 3351
3114 3439
3114 3540
3114 3626
3114 4216
3114 4310
3114 4548
3114 4659
3115 3125
3115 3142
3115 3149
3115 3173
3115 3437
3115 3544
3115 3944
3115 4011
3115 4892
3115 4981
3116 3199
3116 3225
3116 3273
3116 4317
3116 4515
3116 4621
3116 4693
3117 3243
3117 3328
3117 3518
3117 3526
3117 3697
3117 3893
3117 4100
3117 4756
3117 4783
3118 3226
3118 3714
3118 4082
3118 4088
3118 4185
3118 4319
3118 4348
3118 4408
3118 4969
3119 3242
3119 3480
3119 3556
3119 3568
3119 3694
3119 3715
3119 4259
3119 4372
3119 4424
3120 3181
3120 3539
3120 3603
3120 3666
3120 3771
3120 4208
3120 4329
3120 4343
3120 4672
3120 4690
3120 4788
3120 4819
3121 3482
3121 3546
3121 3625
3121 3871
3121 4760
3121 4825
3121 4986
3122 3720
3122 3809
3122 3823
3122 4190
3122 4365
3122 4449
3122 4848
3122 4957
3122 4975
3123 3211
3123 3262
3123 3271
3123 3536
3123 3761
3123 3780
3123 3870
3123 4028
3123 4099
3123 4114
3123 4156
3123 4188
3123 4392
3123 4398
3124 3132
3124 3264
3124 3507
3124 3523
3124 3600
3124 3755
3124 3893
3124 4004
3124 4795
3124 4813
3124 4875
3124 4885
3124 4965
3125 3128
3125 3661
3125 3712
3125 3882
3125 3932
3125 3993
3125 4079
3125 4900
3126 3225
3126 3276
3126 3548
3126 3900
3126 4226
3126 4376
3126 4583
3126 4642
3126 4680
3126 4697
3126 4754
3126 4921
3126 4930
3127 3442
3127 3579
3127 3850
3127 3956
3127 4036
3127 4095
3127 4434
3127 4863
3128 3255
3128 3355
3128 3761
3128 3915
3128 4489
3128 4540
3128 4621
3128 4845
3129 3341
3129 3455
3129 3703
3129 3894
3129 3996
3129 4183
3129 4355
3129 4463
3129 4973
3130 3161
3130 3234
3130 3588
3130 3877
3130 3888
3130 3939
3130 4286
3130 4743
3130 4844
3130 4926
3130 4927
3131 3665
3131 3850
3131 3861
3131 4375
3131 4604
3131 4683
3132 3293
3132 3410
3132 3470
3132 3502
3132 3565
3132 3582
3132 3644
3132 3791
3132 4119
3132 4413
3132 4853
3132 4878
3132 4935
3133 3165
3133 3500
3133 3501
3133 3584
3133 3750
3133 4370
3133 4514
3133 4996
3134 3144
3134 3670
3134 3771
3134 3819
3134 3830
3134 4253
3134 4405
3134 4436
3134 4622
3134 4666
3134 4903
3135 3144
3135 3155
3135 3232
3135 3250
3135 3465
3135 3829
3135 3831
3135 3886
3135 3931
3135 3966
3135 4144
3135 4191
3135 4344
3135 4537
3135 4707
3135 4837
3135 4898
3136 3312
3136 3320
3136 3498
3136 3500
3136 3512
3136 3634
3136 4145
3136 4415
3136 4561
3137 3188
3137 3422
3137 3634
3137 3788
3137 3810
3137 3835
3137 3977
3137 4108
3137 4438
3137 4725
3137 4732
3137 4972
3137 4994
3138 3153
3138 3312
3138 3315
3138 3515
3138 3692
3138 3802
3138 3940
3138 3966
3138 4321
3138 4468
3138 4522
3138 4661
3138 4967
3139 3157
3139 3390
3139 3397
3139 3540
3139 3649
3139 4051
3139 4114
3139 4359
3139 4427
3139 4443
3139 4654
3140 3463
3140 3668
3140 3747
3140 3898
3140 4017
3140 4589
3140 4657
3140 4785
3140 4814
3141 3154
3141 3181
3141 3656
3141 3711
3141 4084
3141 4100
3141 4225
3141 4309
3141 4384
3141 4429
3141 4451
3141 4715
3142 3261
3142 3417
3142 3528
3142 3547
3142 3788
3142 3833
3142 3855
3142 4036
3142 4049
3142 4216
3142 4279
3142 4403
3142 4405
3142 4413
3142 4615
3143 3195
3143 3533
3143 3853
3143 3918
3143 4218
3143 4276
3143 4410
3143 4492
3143 4984
3143 4997
3144 3307
3144 3344
3144 3393
3144 3441
3144 3494
3144 3680
3144 3794
3144 3832
3144 3875
3144 3911
3144 4002
3144 4042
3144 4171
3144 4176
3144 4344
3144 4441
3144 4749
3145 3320
3145 3325
3145 3440
3145 3692
3145 3793
3145 3822
3145 3908
3145 3966
3145 4111
3145 4137
3145 4256
3145 4289
3145 4671
3145 4682
3146 3207
3146 3433
3146 3442
3146 3657
3146 3958
3146 3974
3146 4326
3146 4463
3146 4708
3146 4764
3146 4923
3146 4998
3147 3323
3147 3446
3147 3646
3147 3962
3147 4158
3147 4302
3147 4552
3147 4574
3147 4939
3148 3229
3148 3382
3148 3443
3148 3724
3148 3857
3148 4008
3148 4034
3148 4058
3148 4111
3148 4152
3148 4175
3148 4182
3148 4242
3148 4398
3148 4715
3148 4906
3149 3200
3149 3291
3149 3569
3149 3731
3149 3839
3149 4048
3149 4156
3149 4164
3149 4337
3149 4457
3149 4660
3149 4828
3149 4972
3150 3354
3150 3487
3150 3531
3150 3538
3150 3750
3150 3978
3150 4110
3150 4111
3150 4676
3150 4924
3151 3271
3151 3690
3151 3752
3151 4348
3151 4399
3151 4713
3151 4834
3151 4921
3151 4992
3152 3204
3152 3956
3152 4068
3152 4339
3152 4454
3152 4461
3152 4804
3152 4917
3152 4921
3152 4960
3153 3207
3153 3267
3153 3453
3153 3536
3153 3960
3153 4270
3153 4502
3153 4510
3153 4514
3153 4762
3154 3560
3154 3721
3154 3727
3154 3909
3154 4078
3154 4274
3154 4422
3154 4896
3155 3807
3155 3947
3155 4011
3155 4024
3155 4249
3155 4624
3155 4740
3155 4861
3156 3417
3156 3441
3156 3472
3156 4090
3156 4190
3156 4210
3156 4460
3156 4610
3156 4749
3156 4850
3156 4934
3156 4984
3157 3176
3157 3179
3157 3569
3157 3694
3157 3842
3157 3884
3157 4099
3157 4208
3157 4444
3157 4545
3158 3279
3158 3332
3158 3396
3158 3598
3158 3618
3158 3860
3158 3880
3158 4020
3158 4155
3158 4357
3158 4526
3158 4936
3158 4978
3159 3285
3159 3432
3159 3583
3159 4017
3159 4045
3159 4529
3159 4679
3159 4833
3159 4836
3159 4885
3160 3286
3160 3319
3160 3397
3160 3507
3160 3632
3160 3634
3160 3737
3160 3790
3160 3913
3160 4070
3160 4111
3160 4610
3160 4703
3161 3274
3161 3478
3161 3798
3161 4078
3161 4123
3161 4135
3161 4182
3161 4228
3161 4421
3161 4440
3161 4498
3161 4510
3161 4932
3162 3210
3162 3256
3162 3483
3162 3508
3162 3749
3162 3800
3162 3839
3162 3843
3162 4054
3162 4129
3162 4313
3162 4857
3162 4997
3163 3461
3163 4084
3163 4093
3163 4207
3163 4478
3163 4685
3163 4757
3163 4800
3164 3609
3164 3952
3164 4139
3164 4194
3164 4239
3164 4312
3164 4399
3164 4773
3165 3618
3165 3710
3165 3787
3165 3825
3165 4102
3165 4366
3165 4397
3165 4467
3165 4511
3165 4535
3165 4586
3165 4620
3165 4744
3165 4823
3166 3170
3166 3189
3166 3572
3166 3696
3166 3798
3166 4137
3166 4222
3166 4397
3166 4463
3166 4516
3166 4748
3166 4909
3166 4926
3167 3182
3167 3208
3167 3611
3167 3675
3167 3720
3167 3870
3167 3894
3167 4011
3167 4125
3167 4348
3167 4456
3167 4871
3168 3357
3168 3409
3168 3913
3168 4209
3168 4316
3168 4596
3168 4693
3168 4827
3168 4915
3168 4943
3168 4970
3169 3536
3169 3571
3169 3693
3169 3737
3169 3833
3169 3999
3169 4070
3169 4180
3169 4265
3169 4594
3169 4629
3169 4657
3169 4834
3169 4867
3169 4974
3169 4997
3170 3350
3170 3576
3170 3713
3170 3929
3170 4009
3170 4278
3170 4432
3170 4852
3171 3238
3171 3449
3171 3671
3171 3862
3171 3998
3171 4431
3171 4648
3171 4665
3171 4788
3171 4872
3172 3215
3172 3452
3172 4440
3172 4584
3172 4615
3172 4637
3172 4917
3172 4943
3173 3190
3173 4081
3173 4208
3173 4231
3173 4703
3173 4915
3173 4942
3173 4998
3174 3566
3174 3605
3174 3666
3174 3839
3174 4084
3174 4129
3174 4512
3174 4744
3174 4859
3174 4917
3175 3516
3175 3657
3175 3783
3175 4131
3175 4200
3175 4239
3175 4242
3175 4285
3175 4315
3175 4483
3175 4502
3175 4886
3175 4919
3175 4924
3176 3379
3176 3400
3176 3402
3176 3419
3176 3580
3176 3611
3176 3630
3176 3733
3176 4043
3176 4292
3176 4389
3176 4463
3177 3217
3177 3327
3177 3414
3177 3839
3177 3941
3177 4066
3177 4314
3177 4411
3177 4426
3177 4582
3177 4962
3177 4997
3178 3357
3178 3587
3178 3701
3178 3879
3178 3883
3178 3896
3178 4130
3178 4254
3178 4415
3178 4554
3178 4644
3178 4901
3178 4979
3179 3391
3179 3530
3179 3623
3179 3907
3179 3979
3179 4087
3179 4483
3179 4543
3179 4779
3179 4826
3179 4952
3180 3231
3180 3580
3180 3607
3180 3744
3180 3906
3180 4213
3180 4250
3180 4286
3180 4559
3180 4730
3180 4733
3180 4880
3181 3399
3181 3621
3181 3759
3181 3848
3181 3916
3181 3955
3181 4052
3181 4411
3181 4463
3181 4649
3181 4762
3181 4915
3181 4985
3181 4989
3182 3386
3182 3465
3182 3516
3182 3802
3182 4123
3182 4780
3182 4828
3182 4940
3182 4996
3183 3339
3183 3360
3183 4022
3183 4119
3183 4125
3183 4702
3183 4856
3183 4989
3184 3321
3184 3461
3184 3948
3184 3965
3184 4063
3184 4149
3184 4277
3184 4335
3184 4460
3184 4546
3184 4814
3184 4980
3185 3224
3185 3303
3185 3309
3185 3406
3185 3533
3185 3543
3185 3619
3185 3743
3185 3750
3185 3758
3185 3956
3185 4063
3185 4249
3185 4322
3185 4384
3185 4478
3185 4484
3185 4740
3185 4888
3185 4911
3186 3218
3186 3284
3186 3644
3186 3834
3186 4021
3186 4135
3186 4141
3186 4155
3186 4276
3186 4650
3186 4659
3186 4973
3187 3247
3187 3552
3187 3696
3187 3862
3187 3874
3187 3884
3187 4147
3187 4499
3187 4678
3187 4873
3188 3489
3188 3666
3188 3833
3188 3913
3188 4224
3188 4308
3188 4333
3188 4476
3188 4698
3188 4771
3189 3339
3189 3387
3189 3423
3189 3487
3189 3677
3189 3908
3189 4028
3189 4074
3189 4133
3189 4433
3189 4850
3189 4884
3189 4905
3190 3396
3190 3607
3190 3877
3190 3994
3190 4175
3190 4994
3191 3206
3191 3283
3191 3695
3191 3704
3191 3719
3191 3804
3191 4231
3191 4528
3191 4712
3192 3280
3192 3284
3192 3349
3192 3466
3192 3657
3192 3981
3192 4005
3192 4221
3192 4457
3192 4459
3192 4504
3192 4720
3193 3416
3193 3418
3193 3518
3193 3838
3193 3847
3193 4123
3193 4255
3193 4286
3193 4497
3193 4658
3193 4848
3194 3278
3194 3403
3194 3502
3194 3632
3194 4078
3194 4324
3194 4348
3195 3488
3195 3508
3195 3687
3195 4072
3195 4346
3195 4394
3195 4765
3195 4820
3196 3337
3196 3652
3196 3773
3196 4012
3196 4103
3196 4117
3196 4199
3196 4318
3196 4329
3196 4331
3196 4520
3196 4840
3196 4857
3197 3236
3197 3843
3197 4330
3197 4409
3197 4461
3197 4641
3197 4666
3197 4794
3197 4899
3197 4950
3198 3480
3198 3527
3198 3728
3198 4046
3198 4206
3198 4558
3198 4860
3198 4942
3199 3397
3199 3625
3199 3662
3199 3781
3199 3887
3199 4192
3199 4451
3199 4501
3199 4725
3200 3234
3200 3321
3200 3416
3200 3553
3200 3666
3200 4098
3200 4179
3200 4412
3200 4617
3200 4646
3200 4667
3201 3814
3201 3831
3201 4415
3201 4561
3201 4689
3201 4945
3201 4952
3202 3327
3202 3418
3202 3504
3202 3639
3202 3750
3202 4115
3202 4220
3202 4336
3202 4589
3202 4745
3202 4779
3202 4968
3203 3326
3203 3359
3203 3381
3203 3618
3203 3804
3203 3840
3203 3910
3203 3954
3203 3964
3203 4522
3203 4704
3203 4800
3203 4838
3203 4990
3204 3221
3204 3391
3204 3468
3204 3997
3204 4065
3204 4112
3204 4272
3204 4406
3205 3313
3205 3624
3205 3685
3205 3724
3205 3770
3205 3782
3205 4005
3205 4197
3205 4271
3205 4465
3205 4490
3205 4571
3205 4672
3205 4696
3205 4989
3206 3248
3206 3481
3206 3534
3206 3602
3206 3734
3206 3941
3206 4045
3206 4492
3206 4611
3207 3256
3207 3281
3207 3355
3207 3578
3207 3890
3207 3897
3207 4152
3207 4698
3207 4900
3208 3520
3208 3636
3208 3798
3208 4086
3208 4114
3208 4318
3208 4335
3208 4427
3208 4636
3208 4713
3209 3397
3209 3516
3209 3734
3209 3797
3209 4033
3209 4378
3209 4502
3209 4580
3209 4733
3209 4766
3209 4784
3209 4871
3210 3262
3210 3264
3210 3283
3210 3431
3210 3651
3210 3678
3210 3828
3210 3990
3210 4373
3210 4487
3210 4527
3211 3219
3211 3390
3211 3471
3211 3486
3211 3670
3211 3986
3211 4630
3211 4633
3211 4976
3211 4981
3212 4554
3212 4604
3212 4658
3212 4767
3212 4821
3213 3757
3213 4457
3213 4563
3213 4946
3214 3312
3214 3522
3214 3904
3214 4235
3214 4540
3214 4700
3214 4704
3214 4734
3214 4829
3215 3508
3215 3654
3215 3661
3215 3690
3215 3725
3215 4065
3215 4116
3215 4597
3215 4668
3215 4728
3215 4782
3216 3229
3216 3412
3216 4142
3216 4244
3216 4405
3216 4696
3216 4877
3216 4902
3217 3269
3217 3363
3217 3378
3217 3616
3217 3771
3217 3812
3217 4003
3217 4030
3217 4600
3217 4782
3217 4783
3217 4789
3218 3384
3218 3609
3218 3778
3218 3843
3218 4105
3218 4218
3218 4304
3218 4402
3218 4889
3219 3275
3219 3300
3219 3422
3219 3783
3219 3899
3220 3513
3220 3540
3220 4447
3220 4510
3220 4571
3220 4685
3220 4775
3220 4881
3221 3332
3221 3405
3221 3460
3221 3812
3221 4123
3221 4340
3221 4500
3221 4646
3221 4989
3222 3235
3222 3563
3222 3564
3222 3677
3222 4000
3222 4211
3222 4394
3222 4414
3222 4661
3222 4829
3222 4900
3222 4990
3223 3323
3223 3420
3223 3533
3223 3624
3223 3646
3223 3857
3223 3932
3223 4105
3223 4140
3223 4347
3223 4511
3224 3312
3224 3360
3224 3891
3224 3953
3224 4307
3224 4355
3224 4454
3224 4848
3224 4969
3225 3282
3225 3429
3225 3467
3225 3499
3225 3635
3225 3746
3225 4101
3225 4503
3225 4518
3225 4839
3225 4914
3226 3805
3226 3991
3226 4003
3226 4157
3226 4257
3226 4301
3226 4492
3226 4519
3226 4563
3226 4711
3226 4766
3226 4930
3227 3283
3227 3348
3227 3468
3227 3687
3227 4330
3227 4527
3227 4556
3227 4577
3227 4751
3227 4809
3227 4897
3227 4902
3228 3250
3228 3984
3228 4086
3228 4160
3228 4180
3228 4248
3228 4367
3228 4531
3228 4561
3228 4829
3229 3575
3229 3710
3229 3934
3229 4291
3229 4579
3229 4690
3229 4717
3230 3296
3230 3788
3230 4190
3230 4479
3230 4667
3230 4706
3230 4923
3230 4981
3231 3403
3231 3557
3231 3633
3231 3655
3231 3766
3231 3952
3231 3978
3231 4010
3231 4390
3231 4450
3232 3245
3232 3246
3232 3473
3232 3552
3232 3572
3232 3663
3232 3664
3232 3987
3232 4000
3232 4011
3232 4178
3232 4224
3232 4311
3232 4405
3232 4494
3232 4651
3232 4837
3233 3282
3233 3566
3233 3589
3233 4041
3233 4433
3233 4610
3233 4674
3233 4676
3233 4791
3233 4938
3234 3320
3234 3589
3234 3753
3234 3884
3234 4461
3234 4623
3234 4913
3234 4943
3235 3442
3235 3514
3235 3535
3235 3706
3235 4187
3235 4195
3235 4242
3235 4702
3235 4783
3235 4792
3235 4913
3235 4928
3236 3447
3236 3725
3236 3771
3236 3951
3236 4262
3236 4467
3236 4669
3237 3308
3237 3528
3237 3540
3237 3904
3237 4161
3237 4174
3237 4270
3237 4603
3237 4631
3237 4671
3237 4917
3238 3405
3238 3407
3238 3737
3238 4186
3238 4274
3238 4344
3238 4534
3238 4657
3238 4720
3238 4816
3238 4950
3239 3647
3239 3791
3239 3903
3239 4081
3239 4277
3239 4305
3239 4640
3239 4683
3239 4719
3239 4725
3239 4750
3240 3574
3240 3991
3240 4275
3240 4284
3240 4601
3240 4667
3240 4944
3240 4981
3241 3498
3241 3579
3241 3624
3241 3841
3241 4182
3241 4239
3241 4589
3241 4714
3241 4782
3241 4838
3241 4882
3241 4984
3242 3257
3242 3467
3242 3588
3242 3617
3242 3886
3242 4095
3242 4402
3242 4500
3242 4555
3242 4564
3242 4715
3242 4744
3243 3414
3243 3617
3243 3642
3243 3796
3243 3806
3243 3819
3243 3908
3243 3979
3243 4323
3243 4371
3243 4429
3243 4583
3243 4975
3244 3253
3244 3482
3244 3622
3244 3860
3244 3879
3244 4022
3244 4103
3244 4117
3244 4450
3244 4589
3244 4625
3244 4627
3244 4696
3244 4783
3244 4985
3245 3462
3245 3560
3245 3571
3245 3856
3245 3899
3245 3912
3245 4335
3245 4409
3245 4582
3245 4707
3245 4712
3245 4903
3246 3686
3246 3735
3246 4201
3246 4210
3246 4317
3246 4495
3246 4691
3246 4906
3246 4995
3247 3404
3247 3585
3247 3596
3247 4242
3247 4259
3247 4275
3247 4300
3247 4574
3247 4776
3248 3317
3248 3362
3248 3508
3248 3610
3248 3980
3248 4186
3248 4188
3248 4258
3248 4378
3248 4487
3248 4886
3249 3310
3249 3761
3249 3895
3249 3964
3249 4023
3249 4165
3249 4257
3249 4355
3249 4381
3249 4400
3249 4554
3249 4619
3249 4816
3250 3405
3250 4086
3250 4094
3250 4111
3250 4196
3250 4359
3250 4378
3250 4397
3250 4407
3250 4553
3250 4729
3250 4941
3251 3407
3251 3530
3251 3603
3251 3795
3251 3847
3251 4044
3251 4114
3251 4490
3251 4572
3251 4618
3251 4625
3251 4642
3251 4747
3252 3296
3252 3543
3252 3824
3252 3976
3252 4200
3252 4828
3253 3346
3253 3651
3253 4190
3253 4214
3253 4296
3253 4405
3253 4699
3254 3261
3254 3267
3254 3571
3254 3650
3254 3700
3254 3775
3254 3871
3254 4038
3254 4078
3254 4132
3254 4328
3254 4568
3254 4663
3254 4881
3255 3258
3255 3304
3255 3397
3255 3731
3255 4366
3255 4401
3255 4519
3255 4892
3255 4941
3256 3381
3256 3842
3256 3870
3256 4212
3256 4237
3256 4282
3256 4361
3256 4600
3256 4602
3256 4691
3256 4711
3256 4716
3257 3299
3257 3326
3257 3358
3257 3361
3257 3374
3257 3422
3257 3611
3257 3674
3257 3767
3257 3887
3257 4559
3257 4792
3258 3349
3258 3732
3258 4037
3258 4229
3258 4231
3258 4272
3258 4405
3258 4560
3258 4717
3259 3351
3259 3424
3259 3560
3259 4049
3259 4175
3259 4200
3259 4413
3259 4530
3259 4578
3259 4705
3260 3300
3260 3369
3260 3561
3260 3762
3260 3849
3260 4072
3260 4197
3260 4232
3260 4306
3260 4419
3260 4744
3260 4786
3261 3301
3261 3553
3261 4117
3261 4439
3261 4620
3261 4717
3261 4768
3261 4775
3261 4869
3262 3425
3262 3598
3262 3691
3262 3744
3262 4412
3262 4487
3262 4728
3262 4801
3262 4806
3262 4996
3263 3538
3263 3625
3263 3708
3263 4334
3263 4367
3263 4654
3263 4692
3264 3276
3264 3389
3264 3494
3264 3514
3264 3654
3264 3748
3264 3814
3264 3875
3264 4007
3264 4010
3264 4014
3264 4123
3264 4214
3264 4476
3264 4574
3264 4630
3264 4777
3264 4811
3264 4907
3265 3274
3265 3444
3265 3464
3265 3485
3265 3825
3265 3941
3265 4004
3265 4254
3265 4439
3265 4871
3266 3314
3266 3673
3266 3947
3266 4105
3266 4155
3266 4338
3266 4550
3266 4706
3267 3487
3267 3504
3267 3521
3267 3813
3267 4363
3267 4776
3267 4851
3267 4982
3268 3918
3268 4028
3268 4049
3268 4148
3268 4589
3268 4984
3269 3299
3269 3770
3269 3930
3269 4160
3269 4334
3269 4394
3269 4567
3269 4826
3270 3451
3270 3989
3270 4004
3270 4401
3270 4578
3270 4631
3271 3394
3271 3909
3271 3969
3271 4070
3271 4225
3271 4467
3271 4557
3271 4846
3271 4953
3271 4999
3272 3830
3272 3868
3272 3971
3272 4314
3273 3428
3273 3638
3273 3921
3273 4034
3273 4123
3273 4450
3273 4660
3273 4833
3273 4846
3273 4989
3274 3311
3274 3458
3274 3651
3274 3827
3274 3988
3274 4195
3274 4205
3274 4493
3274 4564
3274 4795
3274 4811
3274 4833
3275 3443
3275 3453
3275 3524
3275 3833
3275 3864
3275 4230
3275 4258
3275 4756
3275 4852
3276 3402
3276 3521
3276 4024
3276 4128
3276 4220
3276 4419
3276 4680
3276 4825
3276 4846
3277 3288
3277 3363
3277 3367
3277 3659
3277 3720
3277 4387
3277 4574
3277 4804
3277 4861
3278 3609
3278 3823
3278 3852
3278 3856
3278 3949
3278 4414
3278 4476
3278 4503
3278 4535
3278 4552
3278 4650
3278 4733
3278 4996
3279 3301
3279 3528
3279 3742
3279 4057
3279 4109
3279 4184
3279 4481
3279 4501
3279 4586
3279 4719
3279 4957
3280 3285
3280 3315
3280 3366
3280 3534
3280 3989
3280 4499
3280 4722
3280 4833
3281 3323
3281 3350
3281 3933
3281 4046
3281 4083
3281 4107
3281 4186
3281 4210
3281 4283
3281 4334
3281 4351
3281 4371
3281 4655
3281 4894
3282 3497
3282 3607
3282 3637
3282 3703
3282 3869
3282 3956
3282 4515
3282 4617
3283 3292
3283 3542
3283 3554
3283 3618
3283 3967
3283 4068
3283 4151
3283 4337
3283 4363
3283 4396
3283 4455
3283 4570
3283 4937
3283 4986
3284 3337
3284 3366
3284 3830
3284 3871
3284 3944
3284 4054
3284 4243
3284 4550
3284 4557
3284 4981
3285 3343
3285 3474
3285 3510
3285 3756
3285 3831
3285 4314
3285 4326
3285 4501
3285 4783
3286 3427
3286 3610
3286 3703
3286 3854
3286 3864
3286 3903
3286 4057
3286 4063
3286 4220
3286 4251
3286 4631
3286 4662
3287 3672
3287 3770
3287 3898
3287 3950
3287 4076
3287 4147
3287 4201
3287 4313
3287 4348
3287 4449
3287 4747
3287 4888
3288 3491
3288 3588
3288 3685
3288 3781
3288 3837
3288 4026
3288 4110
3288 4494
3288 4582
3288 4745
3288 4874
3288 4894
3289 3386
3289 3569
3289 3688
3289 3736
3289 3790
3289 4243
3289 4473
3289 4478
3289 4576
3289 4791
3289 4869
3289 4903
3289 4985
3290 3468
3290 3584
3290 3593
3290 3665
3290 3685
3290 3937
3290 4016
3290 4124
3290 4166
3290 4292
3290 4406
3290 4528
3290 4672
3290 4693
3290 4719
3290 4796
3291 3419
3291 3999
3291 4077
3291 4523
3291 4616
3291 4652
3291 4795
3292 3419
3292 3496
3292 3600
3292 3620
3292 4004
3292 4016
3292 4017
3292 4193
3292 4206
3292 4255
3292 4259
3292 4357
3292 4572
3292 4698
3292 4962
3292 4987
3292 4988
3292 4994
3293 3330
3293 3544
3293 3631
3293 3633
3293 3674
3293 3706
3293 3904
3293 4944
3294 3310
3294 3487
3294 3597
3294 3698
3294 3763
3294 3829
3294 3846
3294 4602
3294 4762
3294 4845
3294 4901
3295 3320
3295 3357
3295 3619
3295 3743
3295 4136
3295 4378
3295 4665
3295 4701
3295 4752
3295 4776
3296 3313
3296 3375
3296 3473
3296 3809
3296 3922
3296 3927
3296 4010
3296 4144
3296 4208
3296 4509
3296 4776
3296 4863
3297 3311
3297 3678
3297 3680
3297 3738
3297 3891
3297 3939
3297 3961
3297 4025
3297 4110
3297 4130
3297 4168
3297 4199
3297 4336
3297 4616
3297 4740
3297 4756
3297 4780
3297 4796
3297 4981
3298 3497
3298 3670
3298 3748
3298 4086
3298 4627
3298 4640
3298 4711
3298 4835
3299 3442
3299 3707
3299 3788
3299 3851
3299 3889
3299 3988
3299 4250
3299 4296
3299 4341
3299 4545
3299 4698
3299 4708
3299 4795
3299 4921
3299 4953
3299 4982
3300 3306
3300 3591
3300 3593
3300 3668
3300 3717
3300 3853
3300 3881
3300 3994
3300 4108
3300 4209
3300 4300
3300 4586
3300 4700
3300 4948
3301 3640
3301 3923
3301 4415
3301 4461
3301 4473
3301 4609
3301 4616
3301 4641
3301 4644
3301 4679
3301 4696
3301 4886
3302 3437
3302 3614
3302 3748
3302 3814
3302 3827
3302 3924
3302 3970
3302 4073
3302 4315
3302 4353
3302 4421
3302 4914
3302 4916
3303 3679
3303 3992
3303 4215
3303 4227
3303 4286
3303 4300
3303 4593
3303 4841
3304 3619
3304 3785
3304 4179
3304 4299
3304 4311
3304 4317
3304 4437
3304 4512
3305 3408
3305 3631
3305 3699
3305 3714
3305 3740
3305 3754
3305 3894
3305 4014
3305 4049
3305 4072
3305 4182
3305 4232
3305 4727
3306 3309
3306 3972
3306 4082
3306 4273
3306 4648
3306 4674
3306 4705
3306 4740
3306 4764
3306 4981
3307 3315
3307 3430
3307 3562
3307 4097
3307 4154
3307 4334
3307 4414
3307 4416
3307 4483
3307 4618
3307 4788
3307 4889
3308 3995
3308 4094
3308 4113
3308 4383
3308 4751
3308 4814
3308 4984
3309 3577
3309 3789
3309 3873
3309 4100
3309 4181
3309 4338
3309 4358
3309 4405
3309 4516
3309 4532
3309 4542
3309 4605
3309 4702
3309 4824
3309 4845
3309 4864
3309 4895
3310 3326
3310 3424
3310 3483
3310 3606
3310 3619
3310 3627
3310 4133
3310 4147
3310 4163
3310 4670
3310 4867
3310 4907
3311 3339
3311 3896
3311 4318
3311 4489
3311 4754
3311 4911
3312 3519
3312 3601
3312 3761
3312 3898
3312 4129
3312 4154
3312 4280
3313 3322
3313 3807
3313 3894
3313 3955
3313 4126
3313 4138
3313 4327
3313 4585
3313 4869
3313 4872
3314 3348
3314 3467
3314 3848
3314 3935
3314 4040
3314 4152
3314 4453
3314 4629
3314 4940
3315 3411
3315 3629
3315 3657
3315 3754
3315 3822
3315 3824
3315 4432
3315 4481
3315 4513
3315 4567
3315 4901
3316 3541
3316 3818
3316 3847
3316 4102
3316 4201
3316 4332
3316 4504
3316 4626
3316 4685
3316 4755
3316 4960
3317 3337
3317 3455
3317 3678
3317 3843
3317 4110
3317 4148
3317 4249
3317 4440
3317 4547
3317 4690
3317 4738
3317 4810
3318 3428
3318 3487
3318 3577
3318 3724
3318 3742
3318 3847
3318 3911
3318 4064
3318 4323
3318 4524
3318 4609
3318 4718
3318 4780
3318 4945
3318 4989
3319 3345
3319 3627
3319 3694
3319 4202
3319 4356
3320 3391
3320 3492
3320 3610
3320 3953
3320 4359
3320 4516
3321 3594
3321 3660
3321 3670
3321 3684
3321 3747
3321 3801
3321 3995
3321 4242
3321 4253
3321 4655
3321 4821
3322 3486
3322 3542
3322 4541
3322 4986
3323 3461
3323 3507
3323 3531
3323 3554
3323 3762
3323 3976
3323 4702
3324 3598
3324 3925
3324 4029
3324 4145
3324 4236
3324 4280
3324 4353
3324 4854
3325 3451
3325 3547
3325 3552
3325 4050
3325 4123
3325 4130
3325 4132
3325 4319
3325 4449
3325 4549
3325 4693
3326 3500
3326 3510
3326 3595
3326 3697
3326 4188
3326 4226
3326 4339
3326 4385
3326 4976
3327 3813
3327 3882
3327 3992
3327 4044
3327 4317
3327 4466
3327 4554
3327 4642
3327 4807
3327 4835
3327 4847
3328 3407
3328 3606
3328 4281
3328 4494
3328 4586
3328 4899
3328 4976
3329 3479
3329 3500
3329 3531
3329 3618
3329 3624
3329 3666
3329 3699
3329 3801
3329 3895
3329 3899
3329 4271
3329 4399
3329 4505
3329 4548
3329 4606
3329 4848
3329 4917
3330 3485
3330 3643
3330 3808
3330 3843
3330 4061
3330 4063
3330 4478
3330 4516
3330 4627
3330 4644
3330 4694
3330 4827
3330 4923
3331 3350
3331 3423
3331 3793
3331 3892
3331 3965
3331 4233
3331 4510
3331 4749
3331 4839
3332 3384
3332 3447
3332 3502
3332 3543
3332 3684
3332 3734
3332 3836
3332 3866
3332 3899
3332 4037
3332 4038
3332 4086
3332 4154
3332 4359
3332 4474
3332 4607
3332 4799
3332 4809
3332 4844
3332 4869
3333 3340
3333 3395
3333 3563
3333 3628
3333 3863
3333 4102
3333 4296
3333 4418
3333 4553
3333 4737
3333 4898
3333 4998
3334 3833
3334 4279
3334 4372
3334 4381
3334 4631
3334 4825
3334 4833
3335 3525
3335 3663
3335 3679
3335 3731
3335 3746
3335 3790
3335 3846
3335 3963
3335 4020
3335 4315
3335 4350
3335 4361
3335 4529
3335 4564
3336 3507
3336 4052
3336 4097
3336 4103
3336 4274
3336 4289
3336 4323
3336 4449
3336 4665
3336 4675
3336 4716
3336 4729
3336 4811
3336 4855
3337 3415
3337 3522
3337 3636
3337 3664
3337 3894
3337 3908
3337 4070
3337 4255
3337 4268
3337 4342
3337 4421
3337 4486
3337 4640
3337 4735
3337 4745
3337 4974
3338 3379
3338 3596
3338 4126
3338 4245
3338 4718
3338 4767
3339 3360
3339 3455
3339 3545
3339 3873
3339 4368
3339 4382
3339 4526
3339 4533
3339 4654
3339 4765
3339 4833
3339 4872
3339 4894
3340 3499
3340 3542
3340 3563
3340 3653
3340 3755
3340 3918
3340 4182
3340 4280
3340 4323
3340 4389
3340 4895
3341 3360
3341 3419
3341 3593
3341 3833
3341 3883
3341 4376
3341 4664
3341 4676
3341 4726
3341 4859
3342 3971
3342 4272
3342 4401
3342 4523
3343 3345
3343 3423
3343 3554
3343 3767
3343 4024
3343 4707
3343 4857
3343 4877
3344 3873
3344 3886
3344 4360
3344 4433
3344 4449
3344 4792
3345 3383
3345 3534
3345 4048
3345 4487
3345 4758
3345 4804
3346 3736
3346 3863
3346 3879
3346 4096
3346 4116
3346 4140
3346 4186
3346 4237
3346 4637
3346 4792
3346 4824
3347 3398
3347 3474
3347 3609
3347 3799
3347 3808
3347 4074
3347 4201
3347 4357
3347 4434
3347 4509
3347 4769
3348 3430
3348 3816
3348 4071
3348 4505
3348 4665
3348 4962
3348 4966
3349 3420
3349 3543
3349 3765
3349 3847
3349 4053
3349 4116
3349 4214
3349 4374
3349 4533
3349 4652
3349 4730
3349 4991
3349 4996
3350 3457
3350 3568
3350 4175
3350 4622
3350 4633
3350 4733
3350 4748
3351 3382
3351 3413
3351 3619
3351 3651
3351 3679
3351 3993
3351 4024
3351 4222
3351 4620
3351 4634
3351 4919
3352 3379
3352 3415
3352 3639
3352 3695
3352 3740
3352 3984
3352 4033
3352 4113
3352 4323
3352 4441
3352 4518
3352 4671
3352 4680
3352 4708
3352 4807
3352 4955
3353 3533
3353 3825
3353 3890
3353 3894
3353 3993
3353 4334
3353 4401
3353 4589
3354 3434
3354 3472
3354 3482
3354 3499
3354 3629
3354 3671
3354 4083
3354 4184
3354 4302
3354 4376
3354 4422
3354 4675
3354 4867
3355 3420
3355 3563
3355 3602
3355 3637
3355 3687
3355 3711
3355 4176
3355 4271
3355 4324
3355 4375
3355 4428
3355 4455
3355 4461
3355 4463
3355 4581
3355 4622
3355 4672
3356 3383
3356 3430
3356 3502
3356 3519
3356 3769
3356 4024
3356 4181
3356 4193
3356 4841
3356 4896
3357 3527
3357 3556
3357 3589
3357 3938
3357 3983
3357 3997
3357 4139
3357 4270
3357 4502
3358 3395
3358 3428
3358 3494
3358 3526
3358 3584
3358 3601
3358 3613
3358 3632
3358 3708
3358 4004
3358 4392
3358 4436
3358 4574
3358 4666
3358 4888
3359 3379
3359 3681
3359 3772
3359 4286
3359 4624
3359 4718
3359 4810
3359 4988
3360 3487
3360 3523
3360 3600
3360 3630
3360 3733
3360 3762
3360 3826
3360 3902
3360 3955
3360 4013
3360 4071
3360 4248
3360 4910
3361 3462
3361 3586
3361 3854
3361 3915
3361 3989
3361 4330
3361 4685
3362 3540
3362 3651
3362 4078
3362 4116
3362 4361
3362 4497
3362 4855
3362 4915
3363 3400
3363 3672
3363 3793
3363 4046
3363 4143
3363 4181
3363 4469
3363 4533
3363 4949
3364 3457
3364 3520
3364 3756
3364 4018
3364 4035
3364 4053
3364 4184
3364 4303
3364 4326
3364 4691
3365 3413
3365 3469
3365 3686
3365 3883
3365 4080
3365 4341
3365 4370
3365 4433
3365 4517
3365 4520
3365 4874
3365 4934
3365 4937
3366 3822
3366 4045
3366 4142
3366 4311
3366 4573
3366 4897
3366 4979
3367 3429
3367 3614
3367 3767
3367 3817
3367 4133
3367 4169
3367 4408
3367 4478
3367 4506
3367 4825
3367 4998
3368 3378
3368 3486
3368 4004
3368 4186
3368 4412
3368 4640
3368 4941
3369 3478
3369 3524
3369 3555
3369 3746
3369 4634
3370 3489
3370 3566
3370 3616
3370 3757
3370 4176
3370 4205
3370 4435
3370 4865
3371 3420
3371 3744
3371 3871
3371 3908
3371 3931
3371 4193
3371 4235
3371 4336
3371 4349
3371 4395
3371 4496
3371 4627
3371 4641
3371 4992
3372 3393
3372 3546
3372 3709
3372 3800
3372 3826
3372 3829
3372 3881
3372 3892
3372 4008
3372 4190
3372 4484
3372 4537
3372 4689
3372 4942
3373 3779
3373 4027
3373 4571
3373 4679
3373 4856
3374 3621
3374 3632
3374 3691
3374 3698
3374 4039
3374 4210
3374 4326
3374 4354
3374 4373
3374 4382
3374 4632
3374 4639
3375 3549
3375 3636
3375 3734
3375 3765
3375 3829
3375 4303
3375 4326
3376 3511
3376 3549
3376 4099
3376 4102
3376 4160
3376 4538
3376 4550
3376 4813
3376 4991
3377 3413
3377 3512
3377 3595
3377 3678
3377 4327
3377 4470
3377 4591
3377 4596
3377 4974
3378 3411
3378 3468
3378 3498
3378 3775
3378 3897
3378 3918
3378 4176
3378 4203
3378 4619
3378 4907
3379 3439
3379 3521
3379 3831
3379 4180
3379 4288
3379 4408
3379 4621
3379 4846
3379 4916
3380 3409
3380 3578
3380 3614
3380 3817
3380 3938
3380 4316
3380 4363
3380 4605
3380 4660
3380 4759
3380 4868
3381 3461
3381 3496
3381 3595
3381 3722
3381 3764
3381 3815
3381 3830
3381 3876
3381 3924
3381 4033
3381 4268
3381 4538
3381 4871
3381 4898
3381 4935
3382 3543
3382 3705
3382 3861
3382 4096
3382 4223
3382 4268
3382 4874
3382 4888
3382 4909
3382 4971
3383 3395
3383 3540
3383 3552
3383 3587
3383 4062
3383 4283
3383 4291
3383 4642
3384 3574
3384 3656
3384 3785
3384 3816
3384 3948
3384 3998
3384 4123
3384 4154
3384 4265
3384 4405
3384 4489
3384 4497
3384 4820
3385 3780
3385 3789
3385 3828
3385 3944
3385 4215
3385 4750
3385 4825
3385 4836
3385 4844
3385 4916
3386 3518
3386 3574
3386 4087
3386 4113
3386 4123
3386 4274
3386 4370
3386 4383
3386 4799
3387 3406
3387 3611
3387 3648
3387 3672
3387 4057
3387 4203
3387 4455
3387 4509
3387 4513
3387 4878
3387 4879
3388 3521
3388 3678
3388 3801
3388 4026
3388 4278
3388 4301
3388 4451
3388 4687
3388 4714
3388 4785
3389 3422
3389 3603
3389 3988
3389 4148
3389 4296
3389 4626
3389 4765
3390 3431
3390 3509
3390 3689
3390 4101
3390 4169
3390 4362
3390 4461
3390 4793
3390 4826
3390 4888
3391 3436
3391 3454
3391 3621
3391 3671
3391 4229
3391 4434
3391 4457
3391 4516
3391 4579
3391 4631
3391 4789
3391 4843
3391 4876
3392 3447
3392 4168
3392 4234
3392 4274
3392 4348
3392 4585
3392 4697
3392 4699
3392 4740
3392 4914
3393 3738
3393 3760
3393 3836
3393 4007
3393 4413
3393 4521
3393 4570
3393 4686
3393 4794
3393 4812
3393 4908
3393 4917
3393 4992
3394 3483
3394 3795
3394 3849
3394 3938
3394 4151
3394 4193
3394 4587
3394 4610
3394 4795
3394 4949
3395 3738
3395 3969
3395 4115
3395 4746
3395 4851
3395 4950
3396 3726
3396 3832
3396 4084
3396 4262
3396 4353
3396 4442
3396 4526
3396 4865
3396 4976
3397 3576
3397 3762
3397 3816
3397 3956
3397 4435
3397 4667
3397 4696
3397 4855
3397 4879
3397 4911
3398 3399
3398 3488
3398 3742
3398 3803
3398 3807
3398 4040
3398 4241
3398 4268
3398 4326
3398 4339
3398 4494
3398 4783
3398 4917
3399 3462
3399 3682
3399 4075
3399 4888
3399 4995
3400 3438
3400 3455
3400 3508
3400 3702
3400 3749
3400 3824
3400 3996
3400 4491
3400 4500
3400 4572
3400 4625
3400 4646
3400 4806
3400 4940
3401 3984
3401 4153
3401 4238
3401 4666
3401 4796
3401 4875
3401 4891
3401 4977
3402 3618
3402 3721
3402 3824
3402 3939
3402 4015
3402 4242
3402 4327
3402 4560
3402 4855
3402 4916
3403 3432
3403 3695
3403 3780
3403 3888
3403 4183
3403 4626
3403 4938
3404 3584
3404 3674
3404 3716
3404 3765
3404 3820
3404 3991
3404 4056
3404 4316
3404 4339
3404 4886
3405 3915
3405 4098
3405 4443
3405 4914
3406 3461
3406 3731
3406 3744
3406 3986
3406 4004
3406 4112
3406 4548
3406 4670
3406 4980
3407 3628
3407 3841
3407 4027
3407 4228
3407 4537
3407 4569
3407 4718
3408 4027
3408 4114
3408 4582
3408 4911
3409 3509
3409 3798
3409 3882
3409 4055
3409 4072
3409 4277
3409 4405
3409 4580
3409 4660
3410 3512
3410 3614
3410 3626
3410 4067
3410 4171
3410 4301
3410 4729
3410 4866
3411 3476
3411 3488
3411 3570
3411 3725
3411 4182
3411 4217
3411 4229
3411 4398
3411 4433
3411 4659
3411 4661
3412 3703
3412 4132
3412 4144
3412 4169
3412 4228
3412 4309
3412 4349
3412 4450
3412 4632
3412 4664
3412 4742
3412 4854
3412 4979
3413 3418
3413 3423
3413 3979
3413 4114
3413 4275
3413 4350
3413 4433
3413 4549
3413 4791
3414 3459
3414 3974
3414 4020
3414 4100
3414 4118
3414 4567
3414 4592
3414 4830
3414 4845
3414 4937
3415 3511
3415 3532
3415 3576
3415 3636
3415 3777
3415 3784
3415 3852
3415 3939
3415 3961
3415 4701
3415 4810
3416 4081
3416 4152
3416 4231
3416 4360
3416 4473
3416 4548
3416 4670
3416 4787
3417 3618
3417 3702
3417 3939
3417 3970
3417 4013
3417 4240
3417 4783
3418 3525
3418 3582
3418 3615
3418 3727
3418 3761
3418 3835
3418 3848
3418 4054
3418 4141
3418 4203
3418 4208
3418 4399
3418 4450
3418 4523
3418 4809
3419 3561
3419 3584
3419 3598
3419 3605
3419 3693
3419 3717
3419 3761
3419 3905
3419 3919
3419 4054
3419 4288
3419 4841
3419 4866
3419 4977
3420 3529
3420 3779
3420 3838
3420 3846
3420 3920
3420 3969
3420 4553
3420 4720
3420 4860
3421 3564
3421 3804
3421 3937
3421 4020
3421 4048
3421 4188
3421 4247
3421 4684
3421 4753
3422 3665
3422 3713
3422 3862
3422 4255
3422 4568
3422 4966
3423 3551
3423 3840
3423 3847
3423 3892
3423 4209
3423 4230
3423 4481
3424 3514
3424 3556
3424 3820
3424 4029
3424 4177
3424 4215
3424 4217
3424 4716
3424 4800
3424 4954
3424 4981
3425 3711
3425 3769
3425 3792
3425 3989
3425 4103
3425 4208
3425 4301
3425 4338
3425 4433
3425 4434
3425 4563
3425 4666
3426 3687
3426 3710
3426 3758
3426 3872
3426 4133
3426 4383
3426 4705
3426 4725
3427 3450
3427 4195
3427 4268
3427 4869
3428 3737
3428 3832
3428 4071
3428 4235
3428 4274
3428 4487
3428 4552
3428 4627
3428 4639
3429 3597
3429 3627
3429 3840
3429 4029
3429 4201
3429 4212
3429 4302
3429 4469
3429 4541
3429 4804
3429 4962
3429 4979
3430 3440
3430 3883
3430 4114
3430 4146
3430 4194
3430 4220
3430 4279
3430 4328
3430 4356
3430 4730
3430 4740
3431 3786
3431 3850
3431 3952
3431 3986
3431 4246
3431 4316
3432 3649
3432 3873
3432 4265
3432 4300
3432 4398
3432 4940
3433 3471
3433 3534
3433 3595
3433 3603
3433 3777
3433 3983
3433 4232
3433 4670
3434 3512
3434 3739
3434 3991
3434 4237
3434 4477
3434 4640
3434 4889
3434 4922
3435 3503
3435 3556
3435 3558
3435 3658
3435 3694
3435 4099
3435 4173
3435 4386
3435 4416
3435 4474
3435 4485
3435 4545
3435 4612
3435 4749
3436 3506
3436 3652
3436 3829
3436 4166
3436 4373
3436 4412
3436 4973
3437 3451
3437 3504
3437 3978
3437 4046
3437 4265
3437 4456
3437 4712
3437 4842
3438 3471
3438 3776
3438 3947
3438 4172
3438 4234
3438 4670
3438 4738
3438 4982
3439 3478
3439 3488
3439 3506
3439 3685
3439 3995
3439 4503
3439 4532
3439 4588
3439 4591
3439 4937
3439 4994
3440 3482
3440 3593
3440 4020
3440 4162
3440 4563
3440 4824
3441 3802
3441 3806
3441 3812
3441 3957
3441 3984
3441 4250
3441 4267
3441 4606
3441 4719
3441 4969
3442 3443
3442 3590
3442 3734
3442 3884
3442 3892
3442 4253
3442 4284
3442 4377
3442 4418
3442 4451
3442 4573
3442 4638
3442 4688
3442 4754
3442 4759
3442 4827
3442 4868
3443 3446
3443 3677
3443 4021
3443 4175
3443 4216
3443 4360
3443 4405
3443 4589
3443 4830
3443 4978
3443 4979
3444 3473
3444 3566
3444 3813
3444 3898
3444 4018
3444 4119
3444 4254
3444 4474
3444 4535
3444 4598
3444 4712
3444 4932
3445 3480
3445 3746
3445 3781
3445 4133
3445 4659
3445 4665
3445 4835
3445 4915
3446 3679
3446 3795
3446 3971
3446 4142
3446 4348
3446 4467
3446 4529
3446 4671
3446 4701
3446 4758
3446 4806
3447 3799
3447 3947
3447 3949
3447 4303
3447 4372
3447 4400
3447 4417
3447 4481
3447 4734
3447 4739
3448 3459
3448 3489
3448 3639
3448 3887
3448 4041
3448 4092
3448 4225
3448 4366
3448 4584
3448 4660
3448 4795
3449 3939
3449 4278
3449 4325
3449 4402
3449 4540
3449 4669
3450 3462
3450 3675
3450 3716
3450 3839
3450 4046
3450 4361
3450 4461
3451 3535
3451 3702
3451 3742
3451 3807
3451 3999
3451 4082
3451 4162
3451 4167
3451 4354
3451 4551
3452 3830
3452 4019
3452 4132
3452 4161
3452 4437
3452 4976
3453 3778
3453 3809
3453 3818
3453 4053
3453 4075
3453 4273
3453 4310
3453 4331
3453 4374
3453 4477
3453 4542
3453 4603
3453 4876
3454 3645
3454 3958
3454 3992
3454 4109
3454 4135
3454 4352
3454 4609
3454 4666
3454 4773
3454 4895
3454 4908
3455 3621
3455 3835
3455 3958
3455 4004
3455 4064
3455 4122
3455 4424
3455 4639
3455 4652
3455 4664
3456 4019
3456 4200
3456 4402
3456 4886
3457 3607
3457 3730
3457 3781
3457 4011
3457 4058
3457 4069
3457 4178
3457 4223
3457 4413
3457 4491
3457 4813
3458 4105
3458 4114
3458 4882
3459 3466
3459 3665
3459 3766
3459 3767
3459 4034
3459 4162
3459 4555
3459 4638
3459 4726
3459 4747
3459 4904
3460 3668
3460 3670
3460 3845
3460 3874
3460 3932
3460 4102
3460 4253
3460 4342
3460 4634
3461 3606
3461 3716
3461 3820
3461 3949
3461 4042
3461 4202
3461 4242
3461 4259
3461 4324
3461 4327
3461 4502
3461 4747
3461 4937
3462 3568
3462 3798
3462 3802
3462 3892
3462 4318
3462 4329
3462 4334
3462 4916
3463 3670
3463 3760
3463 3769
3463 3860
3463 4338
3463 4556
3464 3532
3464 3576
3464 3759
3464 3777
3464 3857
3464 3941
3464 3979
3464 4215
3464 4360
3464 4400
3464 4489
3464 4624
3464 4656
3464 4730
3464 4949
3465 3472
3465 3677
3465 3731
3465 4010
3465 4250
3466 3576
3466 3599
3466 3688
3466 3798
3466 4170
3466 4211
3466 4254
3466 4278
3466 4564
3466 4603
3466 4635
3466 4878
3466 4879
3466 4987
3467 4101
3467 4203
3467 4499
3467 4596
3467 4752
3468 3622
3468 3636
3468 3707
3468 3755
3468 3859
3468 4080
3468 4116
3468 4266
3468 4348
3468 4507
3468 4677
3468 4929
3469 3519
3469 3534
3469 3576
3469 3635
3469 3879
3469 4141
3469 4187
3469 4291
3469 4363
3469 4386
3469 4440
3469 4547
3469 4608
3469 4670
3469 4674
3469 4720
3469 4750
3469 4764
3470 3626
3470 3734
3470 3942
3470 4093
3470 4317
3470 4625
3471 3546
3471 4130
3471 4244
3471 4377
3471 4518
3471 4553
3471 4957
3472 3956
3472 4152
3472 4263
3472 4310
3472 4632
3472 4809
3472 4909
3473 3521
3473 3633
3473 3758
3473 3896
3473 3992
3473 4111
3473 4568
3473 4659
3474 3607
3474 3650
3474 3769
3474 3880
3474 3984
3474 4106
3474 4232
3474 4433
3474 4504
3474 4828
3474 4844
3474 4908
3474 4938
3475 3784
3475 3964
3475 4322
3475 4391
3475 4401
3475 4404
3475 4573
3475 4661
3475 4816
3476 3913
3476 3962
3476 3975
3476 4014
3476 4132
3476 4192
3476 4456
3476 4617
3476 4756
3476 4789
3476 4896
3476 4914
3477 3783
3477 3796
3477 3931
3477 4270
3477 4357
3477 4656
3477 4711
3477 4805
3477 4824
3477 4996
3478 3514
3478 3830
3478 3875
3478 4045
3478 4065
3478 4268
3478 4332
3478 4356
3478 4432
3478 4606
3478 4631
3478 4654
3478 4747
3478 4753
3478 4881
3479 3777
3479 3805
3479 3936
3479 4281
3480 3571
3480 3900
3480 3929
3480 4399
3480 4464
3480 4489
3480 4653
3480 4899
3481 3852
3481 3985
3481 4277
3481 4390
3481 4411
3481 4981
3482 3523
3482 3957
3482 4004
3482 4204
3482 4287
3482 4422
3482 4637
3483 3885
3483 4709
3483 4801
3484 3533
3484 3609
3484 3646
3484 3670
3484 3756
3484 3771
3484 3951
3484 3957
3484 4174
3484 4198
3484 4345
3484 4454
3484 4679
3484 4811
3484 4832
3484 4901
3485 3808
3485 3930
3485 4013
3485 4367
3485 4556
3485 4691
3486 3669
3486 3965
3486 4037
3486 4199
3486 4332
3486 4380
3486 4609
3487 3825
3487 4040
3487 4083
3487 4410
3487 4836
3487 4859
3488 3537
3488 3770
3488 4026
3488 4490
3488 4679
3488 4772
3489 3560
3489 3915
3489 4032
3489 4043
3489 4131
3489 4268
3490 3526
3490 3604
3490 3743
3490 3886
3490 4236
3490 4595
3490 4913
3490 4955
3491 3794
3491 3847
3491 4158
3491 4323
3491 4365
3491 4393
3491 4559
3491 4758
3491 4777
3491 4849
3491 4880
3491 4961
3491 4972
3492 3786
3492 4152
3492 4413
3492 4462
3492 4826
3492 4937
3493 3510
3493 3608
3493 3777
3493 3882
3493 3969
3493 3994
3493 4160
3493 4365
3493 4370
3493 4433
3493 4977
3494 3512
3494 3658
3494 3970
3494 4397
3494 4778
3495 3830
3495 3983
3495 4097
3495 4121
3495 4143
3495 4265
3495 4294
3495 4306
3495 4332
3495 4446
3495 4454
3495 4470
3495 4604
3495 4696
3495 4949
3496 3730
3496 3855
3496 3955
3496 3974
3496 4039
3496 4258
3496 4532
3496 4725
3496 4800
3497 3565
3497 4336
3497 4343
3497 4504
3497 4635
3497 4957
3497 4990
3498 3625
3498 3645
3498 3690
3498 4334
3498 4370
3498 4404
3498 4502
3498 4604
3498 4637
3498 4850
3498 4909
3498 4950
3498 4974
3499 3787
3499 3931
3499 4451
3499 4527
3500 3620
3500 3743
3500 3841
3500 3911
3500 3979
3500 4010
3500 4123
3500 4179
3500 4659
3500 4820
3501 3746
3501 3832
3501 3929
3501 3963
3501 4047
3501 4628
3502 3535
3502 3575
3502 3846
3502 4283
3502 4309
3502 4606
3502 4726
3502 4748
3502 4772
3503 3689
3503 3886
3503 4429
3503 4460
3503 4630
3503 4937
3504 3607
3504 4045
3504 4080
3504 4267
3504 4311
3504 4379
3504 4590
3504 4799
3504 4804
3504 4874
3505 3984
3505 4073
3505 4168
3505 4381
3505 4399
3505 4580
3505 4827
3505 4907
3505 4924
3505 4926
3505 4990
3505 4993
3506 3570
3506 3755
3506 3934
3506 3943
3506 3988
3506 4747
3506 4966
3507 3619
3507 3697
3507 3740
3507 3770
3507 3915
3507 4154
3507 4652
3507 4797
3507 4853
3508 3679
3508 3805
3508 3999
3508 4040
3508 4042
3508 4202
3508 4227
3508 4464
3508 4640
3509 3632
3509 4228
3509 4270
3509 4389
3509 4744
3509 4805
3509 4980
3510 4024
3510 4370
3510 4470
3510 4558
3510 4583
3510 4624
3510 4894
3511 3571
3511 3919
3511 3926
3511 4194
3511 4368
3511 4394
3511 4985
3512 3658
3512 3663
3512 3933
3512 3997
3512 4000
3512 4657
3512 4745
3512 4872
3512 4969
3513 3552
3513 3784
3513 3834
3513 3909
3513 3919
3513 3966
3513 3967
3513 4095
3513 4169
3513 4477
3513 4562
3514 3537
3514 3737
3514 3892
3514 3987
3514 3991
3514 4004
3514 4009
3514 4489
3514 4494
3514 4883
3515 3892
3515 4067
3515 4180
3515 4253
3515 4377
3516 3843
3516 3964
3516 4128
3516 4370
3516 4396
3516 4551
3516 4650
3516 4800
3517 3808
3517 4268
3517 4502
3517 4693
3517 4747
3517 4970
3518 3601
3518 4100
3518 4111
3518 4119
3518 4186
3518 4462
3518 4481
3518 4790
3518 4866
3518 4884
3519 3524
3519 3671
3519 3730
3519 4077
3519 4255
3519 4298
3519 4415
3519 4441
3519 4656
3519 4970
3520 3752
3520 3761
3520 3929
3520 3976
3520 4056
3520 4158
3520 4282
3520 4437
3520 4694
3521 3642
3521 3643
3521 3875
3521 4047
3521 4094
3521 4102
3521 4105
3521 4246
3521 4283
3521 4342
3521 4941
3521 4948
3522 3579
3522 3584
3522 3664
3522 3729
3522 3793
3522 4011
3522 4014
3522 4016
3522 4173
3522 4189
3522 4233
3522 4307
3522 4746
3522 4750
3522 4836
3522 4896
3522 4957
3523 3547
3523 3593
3523 3732
3523 3947
3523 4103
3523 4141
3523 4153
3523 4260
3523 4483
3523 4545
3523 4589
3523 4907
3524 3777
3524 4061
3524 4127
3524 4383
3524 4519
3524 4762
3524 4868
3524 4927
3525 3874
3525 4183
3525 4670
3525 4950
3525 4982
3526 3621
3526 3634
3526 4299
3526 4500
3526 4667
3526 4687
3527 3533
3527 3645
3527 3716
3527 3719
3527 4063
3527 4319
3527 4859
3527 4962
3527 4984
3527 4987
3528 3568
3528 3635
3528 3640
3528 3673
3528 3869
3528 4181
3528 4320
3528 4399
3528 4770
3528 4838
3528 4916
3529 3587
3529 3718
3529 3780
3529 4070
3529 4286
3529 4665
3529 4669
3529 4689
3530 3693
3530 3820
3530 3890
3530 4099
3530 4148
3530 4581
3530 4601
3530 4651
3531 3544
3531 3692
3531 3746
3531 3930
3531 4239
3531 4262
3531 4590
3531 4730
3531 4958
3531 4982
3532 3954
3532 3975
3532 4566
3532 4649
3532 4682
3532 4777
3532 4992
3533 3636
3533 3643
3533 3894
3533 4337
3533 4350
3533 4383
3533 4677
3534 3767
3534 3840
3534 4209
3534 4502
3534 4562
3535 3651
3535 3700
3535 3715
3535 3814
3535 3949
3535 4056
3535 4533
3535 4545
3535 4570
3535 4926
3536 3601
3536 3750
3536 4138
3536 4226
3537 3605
3537 3690
3537 3788
3537 3793
3537 3857
3537 4030
3537 4051
3537 4138
3537 4173
3537 4219
3537 4263
3537 4385
3537 4450
3537 4456
3537 4654
3537 4812
3537 4825
3537 4886
3537 4954
3537 4993
3538 3580
3538 3731
3538 3752
3538 3952
3538 4087
3538 4240
3538 4570
3538 4732
3538 4935
3539 3567
3539 3754
3539 3806
3539 3990
3539 4036
3539 4076
3539 4097
3539 4508
3539 4532
3539 4800
3539 4810
3539 4846
3539 4880
3539 4945
3539 4989
3540 3656
3540 4114
3540 4175
3540 4654
3540 4797
3540 4807
3540 4982
3541 3673
3541 3689
3541 3973
3541 4175
3541 4681
3541 4800
3541 4957
3542 3894
3542 3970
3542 4292
3542 4401
3542 4697
3542 4853
3543 4234
3543 4376
3543 4473
3543 4968
3543 4979
3544 3572
3544 3640
3544 3744
3544 4052
3544 4084
3544 4086
3544 4092
3545 3548
3545 3844
3545 4037
3545 4086
3545 4228
3545 4485
3545 4599
3545 4612
3545 4622
3546 3688
3546 3908
3546 3951
3546 4069
3546 4365
3546 4434
3546 4532
3546 4604
3546 4656
3546 4873
3547 3649
3547 3804
3547 3890
3547 3914
3547 3939
3547 4156
3547 4175
3547 4206
3547 4245
3547 4386
3548 3884
3548 3990
3548 4044
3548 4318
3548 4443
3548 4472
3548 4508
3548 4861
3549 3718
3549 4008
3549 4182
3549 4465
3549 4719
3550 3773
3550 3889
3550 4187
3550 4428
3550 4671
3550 4793
3550 4795
3550 4864
3550 4866
3550 4976
3551 3812
3551 3995
3551 4131
3551 4278
3551 4475
3551 4518
3551 4811
3552 3724
3552 4101
3552 4355
3552 4459
3552 4640
3552 4900
3552 4966
3553 3612
3553 3645
3553 3750
3553 3790
3553 4131
3553 4144
3553 4236
3553 4356
3553 4521
3553 4739
3554 3929
3554 4470
3554 4603
3554 4734
3554 4869
3555 3591
3555 3701
3555 3996
3555 4021
3555 4113
3555 4211
3555 4311
3555 4333
3555 4611
3555 4628
3555 4666
3555 4692
3556 3831
3556 4138
3556 4221
3556 4518
3556 4565
3556 4646
3557 3677
3557 4223
3557 4339
3557 4406
3557 4982
3558 3824
3558 3952
3558 4105
3558 4188
3558 4211
3558 4212
3558 4275
3558 4277
3558 4798
3558 4885
3558 4903
3559 3573
3559 3592
3559 3605
3559 3755
3559 4026
3559 4138
3559 4385
3559 4549
3559 4726
3560 3645
3560 3647
3560 4123
3560 4591
3561 3654
3561 3777
3561 4121
3561 4160
3561 4231
3561 4559
3562 3793
3562 3891
3562 3977
3562 4039
3562 4192
3562 4239
3562 4334
3562 4388
3562 4876
3562 4941
3563 3764
3563 3836
3563 3850
3563 4050
3563 4292
3563 4467
3563 4473
3563 4562
3563 4575
3563 4810
3564 3638
3564 3727
3564 3789
3564 3808
3564 3970
3564 4017
3564 4047
3564 4091
3564 4360
3564 4407
3564 4834
3565 3568
3565 3574
3565 3697
3565 3935
3565 4021
3565 4408
3565 4810
3566 3592
3566 3634
3566 3706
3566 3773
3566 3990
3566 4050
3566 4189
3566 4768
3566 4787
3566 4818
3566 4862
3566 4937
3566 4987
3567 3590
3567 3615
3567 3621
3567 4141
3567 4194
3567 4334
3567 4450
3567 4456
3567 4666
3567 4698
3567 4773
3567 4892
3568 3631
3568 3660
3568 3934
3568 4528
3568 4714
3568 4724
3568 4807
3569 3655
3569 3703
3569 3747
3569 3797
3569 3878
3569 4246
3569 4327
3569 4439
3569 4549
3569 4641
3570 3596
3570 4053
3570 4394
3570 4450
3570 4708
3571 3654
3571 3751
3571 3754
3571 4340
3571 4368
3571 4395
3571 4499
3571 4521
3571 4553
3572 3957
3572 3959
3572 4192
3572 4231
3572 4457
3572 4497
3572 4504
3572 4602
3572 4619
3572 4703
3572 4913
3572 4922
3573 4073
3573 4148
3573 4424
3574 3685
3574 3866
3574 4160
3574 4252
3574 4385
3574 4578
3574 4995
3575 3717
3575 4266
3575 4604
3575 4699
3575 4786
3575 4952
3576 3819
3576 3897
3576 4176
3576 4228
3576 4304
3576 4380
3576 4409
3576 4438
3576 4654
3576 4753
3577 3700
3577 4115
3577 4341
3577 4498
3577 4928
3577 4958
3578 3582
3578 3717
3578 3736
3578 3914
3578 4064
3578 4218
3578 4353
3578 4599
3578 4727
3578 4820
3578 4956
3578 4963
3579 3686
3579 4183
3579 4271
3579 4397
3579 4684
3579 4931
3580 3675
3580 3680
3580 4530
3580 4839
3580 4876
3580 4877
3580 4887
3580 4957
3581 4081
3581 4085
3581 4622
3581 4842
3581 4945
3582 4080
3582 4568
3582 4880
3583 4102
3583 4282
3583 4394
3583 4453
3583 4706
3583 4767
3583 4970
3584 3776
3584 4188
3584 4437
3584 4441
3584 4752
3584 4830
3584 4894
3585 3670
3585 3748
3585 3919
3585 4109
3585 4159
3585 4235
3585 4277
3585 4346
3585 4498
3585 4716
3585 4769
3585 4857
3585 4961
3586 3794
3586 3948
3586 4119
3586 4125
3586 4163
3586 4263
3586 4383
3586 4389
3586 4491
3586 4619
3586 4781
3586 4849
3586 4851
3587 3591
3587 3659
3587 3708
3587 3984
3587 4029
3587 4118
3587 4209
3587 4241
3587 4322
3587 4439
3587 4460
3587 4581
3587 4590
3587 4923
3588 3998
3588 4174
3588 4271
3588 4309
3588 4868
3588 4944
3588 4973
3589 3977
3589 4179
3589 4253
3589 4293
3589 4473
3589 4550
3589 4696
3589 4828
3589 4960
3590 3676
3590 3763
3590 3783
3590 4468
3590 4671
3590 4746
3591 3623
3591 3670
3591 3799
3591 3814
3591 3934
3591 4000
3591 4131
3591 4496
3591 4632
3591 4657
3592 3594
3592 3716
3592 3813
3592 4489
3592 4644
3592 4725
3592 4978
3593 3689
3593 4101
3593 4306
3593 4376
3593 4560
3593 4599
3593 4997
3594 3932
3594 3969
3594 4288
3594 4326
3594 4410
3594 4472
3594 4603
3595 3629
3595 3653
3595 3716
3595 4241
3595 4805
3595 4940
3596 3787
3596 4193
3596 4558
3596 4821
3596 4981
3597 3703
3597 3758
3597 3817
3597 4056
3597 4128
3597 4163
3597 4241
3597 4376
3597 4378
3597 4741
3597 4808
3597 4823
3597 4983
3598 3658
3598 4030
3598 4236
3598 4395
3598 4593
3598 4615
3598 4626
3599 3908
3599 3951
3599 4121
3599 4191
3599 4261
3599 4322
3599 4384
3600 3711
3600 3931
3600 4002
3600 4095
3600 4578
3600 4932
3600 4950
3601 4298
3601 4815
3602 3720
3602 3909
3602 4437
3602 4706
3602 4717
3602 4726
3602 4846
3603 3650
3603 3749
3603 3885
3603 4096
3603 4122
3603 4258
3603 4395
3603 4475
3603 4603
3603 4639
3603 4891
3603 4905
3604 3606
3604 3743
3604 4005
3604 4356
3604 4454
3604 4485
3604 4487
3604 4975
3605 3611
3605 3786
3605 4517
3605 4569
3605 4732
3605 4788
3605 4983
3606 3674
3606 3694
3606 3790
3606 4016
3606 4022
3606 4101
3606 4328
3606 4330
3606 4517
3606 4674
3606 4989
3607 4014
3607 4212
3607 4340
3607 4483
3607 4850
3607 4888
3607 4947
3608 4079
3608 4244
3608 4382
3608 4421
3608 4626
3608 4996
3609 3767
3609 3872
3609 3928
3609 3930
3609 4126
3609 4753
3610 3652
3610 3695
3610 3783
3610 3812
3610 3872
3610 3965
3610 4128
3610 4244
3610 4443
3610 4605
3610 4734
3610 4737
3610 4856
3610 4940
3611 3761
3611 4236
3611 4457
3611 4585
3611 4761
3612 3615
3612 3621
3612 3805
3612 3870
3612 4081
3612 4239
3612 4251
3612 4999
3613 3647
3613 3763
3613 3927
3613 4092
3613 4119
3613 4282
3613 4362
3613 4948
3613 4973
3614 4016
3614 4039
3614 4087
3614 4132
3614 4291
3614 4417
3614 4526
3614 4541
3614 4835
3614 4841
3614 4849
3614 4873
3615 4182
3615 4324
3615 4438
3615 4481
3615 4628
3615 4830
3616 3703
3616 4171
3616 4697
3616 4793
3616 4813
3616 4821
3617 3657
3617 3732
3617 3793
3617 4200
3617 4512
3617 4537
3617 4563
3618 3675
3618 3785
3618 3822
3618 3893
3618 3919
3618 3978
3618 3984
3618 4135
3618 4431
3618 4712
3618 4720
3618 4801
3618 4834
3618 4975
3619 3622
3619 4100
3619 4160
3619 4192
3619 4426
3619 4760
3619 4770
3619 4874
3620 4072
3620 4159
3620 4419
3620 4661
3620 4811
3621 3626
3621 3703
3621 4176
3621 4238
3621 4317
3621 4927
3622 3652
3622 3791
3622 3953
3622 4054
3622 4387
3622 4423
3622 4636
3622 4645
3622 4646
3622 4893
3622 4969
3623 3669
3623 3748
3623 3925
3623 4049
3623 4264
3623 4361
3623 4528
3623 4625
3623 4745
3623 4773
3623 4869
3623 4880
3623 4970
3623 4977
3623 4991
3624 3800
3624 3823
3624 4084
3624 4269
3624 4492
3624 4740
3624 4777
3624 4858
3625 3858
3625 4010
3625 4232
3625 4326
3625 4510
3625 4565
3625 4770
3625 4883
3626 3775
3626 3795
3626 3896
3626 3986
3626 4029
3626 4351
3626 4447
3626 4926
3627 3636
3627 3785
3627 3870
3627 3980
3627 4196
3627 4425
3627 4466
3627 4536
3627 4563
3627 4567
3627 4693
3627 4734
3627 4823
3627 4860
3628 3861
3628 3882
3628 4108
3628 4239
3628 4279
3628 4369
3628 4392
3628 4488
3628 4795
3628 4976
3629 3642
3629 3777
3629 3831
3629 3914
3629 3999
3629 4437
3629 4809
3629 4845
3629 4943
3629 4989
3630 3765
3630 4195
3630 4205
3630 4483
3630 4714
3630 4817
3631 3717
3631 3753
3631 3809
3631 4101
3631 4238
3631 4437
3631 4450
3631 4467
3631 4524
3631 4672
3632 3698
3632 3715
3632 3875
3632 4023
3632 4179
3632 4518
3632 4730
3632 4808
3632 4905
3632 4994
3633 3636
3633 3827
3633 3975
3633 3991
3633 4142
3633 4280
3633 4475
3633 4519
3633 4676
3633 4840
3633 4872
3633 4984
3634 3695
3634 4348
3634 4461
3634 4467
3634 4679
3634 4718
3634 4808
3635 3681
3635 3693
3635 3733
3635 3836
3635 3921
3635 4079
3635 4104
3635 4247
3635 4390
3635 4397
3635 4456
3635 4519
3635 4679
3635 4848
3635 4906
3635 4935
3635 4973
3635 4976
3636 3760
3636 3807
3636 3850
3636 3871
3636 4007
3636 4149
3636 4216
3636 4289
3636 4397
3636 4624
3637 3962
3637 4017
3637 4141
3637 4362
3637 4510
3637 4899
3638 3943
3638 3993
3638 4113
3638 4192
3638 4242
3638 4251
3638 4320
3638 4436
3638 4631
3638 4885
3638 4891
3638 4928
3638 4974
3639 3677
3639 4150
3639 4182
3639 4232
3639 4389
3639 4792
3639 4882
3640 3761
3640 3814
3640 3871
3640 4021
3640 4160
3640 4399
3640 4672
3640 4744
3640 4779
3640 4872
3641 3742
3641 3802
3641 4047
3641 4137
3641 4293
3641 4344
3641 4546
3641 4594
3641 4632
3641 4648
3641 4695
3641 4822
3641 4920
3642 3705
3642 3732
3642 3873
3642 4053
3642 4264
3642 4276
3642 4488
3642 4540
3642 4594
3642 4668
3643 3669
3643 3875
3643 4174
3643 4273
3643 4503
3643 4517
3644 3745
3644 4041
3644 4261
3644 4284
3644 4333
3644 4448
3644 4631
3644 4953
3644 4974
3645 3994
3645 4011
3645 4219
3645 4381
3645 4575
3645 4597
3646 3686
3646 4026
3646 4382
3646 4457
3646 4649
3646 4686
3646 4763
3646 4927
3647 3808
3647 3836
3647 4273
3647 4366
3647 4832
3647 4880
3647 4897
3648 3840
3648 4142
3648 4212
3648 4287
3648 4716
3648 4804
3648 4922
3650 3691
3650 3782
3650 3952
3650 4139
3650 4353
3650 4506
3651 3654
3651 4662
3651 4738
3651 4899
3652 3752
3652 3796
3652 3848
3652 3888
3652 3921
3652 4089
3652 4159
3652 4810
3652 4821
3652 4825
3652 4931
3652 4947
3653 3844
3653 4092
3653 4106
3653 4328
3653 4338
3653 4464
3653 4488
3653 4604
3653 4933
3654 3948
3654 4042
3654 4195
3654 4345
3654 4579
3655 4021
3655 4595
3655 4796
3655 4866
3656 3786
3656 3820
3656 3953
3656 3974
3656 4052
3656 4188
3656 4296
3656 4380
3656 4544
3656 4760
3657 3890
3657 4424
3657 4651
3657 4853
3658 3692
3658 3952
3658 4123
3658 4272
3658 4413
3658 4765
3659 3863
3659 3884
3659 3903
3659 3986
3659 4155
3659 4393
3659 4505
3659 4754
3659 4806
3659 4927
3660 4563
3660 4832
3660 4884
3660 4914
3661 3884
3661 4168
3661 4470
3661 4549
3662 3867
3662 3909
3662 3976
3662 3994
3662 4060
3662 4178
3662 4223
3662 4849
3662 4935
3663 3909
3663 4234
3663 4328
3663 4539
3663 4739
3664 3927
3664 4054
3664 4291
3664 4336
3664 4532
3664 4705
3664 4912
3665 3720
3665 3851
3665 3877
3665 4184
3665 4879
3666 3726
3666 3912
3666 3913
3666 3993
3666 4144
3666 4327
3666 4353
3666 4537
3666 4995
3667 4658
3667 4770
3667 4818
3667 4961
3668 3729
3668 3923
3668 4034
3668 4103
3668 4132
3668 4188
3668 4261
3668 4465
3668 4483
3668 4638
3668 4687
3668 4704
3668 4845
3669 3735
3669 4241
3669 4481
3669 4564
3669 4580
3669 4649
3669 4665
3669 4870
3669 4920
3670 4188
3670 4230
3670 4560
3670 4628
3670 4987
3671 3759
3671 3799
3671 3972
3671 3975
3671 4439
3671 4445
3671 4551
3671 4753
3671 4834
3671 4863
3671 4927
3672 4021
3672 4134
3672 4290
3672 4700
3672 4801
3672 4865
3673 3718
3673 3791
3673 3842
3673 3968
3673 4120
3673 4128
3673 4219
3673 4380
3673 4388
3673 4453
3673 4765
3673 4843
3673 4937
3673 4961
3674 4089
3674 4509
3674 4804
3674 4823
3674 4890
3674 4907
3675 4034
3675 4078
3675 4135
3675 4145
3675 4182
3675 4205
3675 4447
3675 4644
3675 4988
3676 3984
3676 4057
3676 4444
3676 4541
3676 4767
3676 4878
3677 3842
3677 4695
3677 4727
3677 4755
3678 4074
3678 4086
3678 4090
3678 4485
3678 4491
3678 4605
3679 3745
3679 3757
3679 3820
3679 3835
3679 3940
3679 4378
3679 4446
3679 4556
3679 4617
3679 4925
3679 4936
3680 3988
3680 4133
3680 4325
3680 4387
3680 4426
3680 4928
3681 3750
3681 4033
3681 4218
3681 4308
3681 4473
3681 4574
3681 4675
3681 4916
3682 4500
3683 4429
3683 4507
3683 4817
3683 4818
3683 4855
3683 4925
3683 4981
3684 3817
3684 3871
3684 3902
3684 3960
3684 3981
3684 4080
3684 4214
3684 4221
3684 4499
3684 4532
3684 4638
3684 4665
3685 3847
3685 4006
3685 4158
3685 4269
3685 4272
3685 4307
3685 4379
3685 4409
3685 4959
3686 3797
3686 3887
3686 4148
3686 4222
3686 4291
3686 4707
3686 4745
3686 4860
3686 4984
3687 3990
3687 3994
3687 4043
3687 4235
3687 4238
3687 4317
3687 4379
3687 4500
3687 4544
3687 4610
3687 4886
3688 3786
3688 3884
3688 4289
3688 4460
3688 4758
3689 3728
3689 3870
3689 3942
3689 4463
3689 4627
3689 4762
3690 3710
3690 3755
3690 3922
3690 4295
3690 4353
3690 4506
3690 4711
3690 4810
3690 4834
3691 3964
3691 4155
3691 4162
3691 4214
3691 4222
3691 4308
3691 4414
3691 4602
3691 4693
3691 4719
3691 4742
3691 4744
3692 3727
3692 3999
3692 4113
3692 4347
3692 4400
3692 4575
3692 4609
3692 4707
3692 4781
3692 4941
3693 3863
3693 4048
3693 4205
3693 4440
3693 4448
3693 4461
3693 4515
3693 4524
3693 4654
3693 4988
3694 3996
3694 4417
3694 4574
3694 4949
3694 4982
3695 3989
3695 4398
3695 4503
3695 4539
3695 4607
3695 4810
3695 4885
3696 3724
3696 3855
3696 3897
3696 4319
3696 4417
3696 4477
3696 4594
3696 4730
3696 4792
3697 3854
3697 4016
3697 4070
3697 4250
3697 4406
3697 4502
3698 4079
3698 4123
3698 4321
3698 4516
3698 4667
3698 4729
3698 4870
3699 3746
3699 4125
3699 4561
3699 4791
3699 4981
3700 4101
3700 4629
3700 4889
3700 4897
3701 3942
3701 4014
3701 4080
3701 4103
3701 4287
3701 4481
3701 4819
3701 4910
3702 3951
3702 3975
3702 4059
3702 4211
3702 4249
3702 4323
3702 4396
3702 4561
3702 4613
3702 4623
3702 4652
3702 4988
3703 3717
3703 3864
3703 4039
3703 4133
3703 4216
3703 4228
3703 4313
3703 4450
3703 4477
3703 4800
3703 4970
3703 4984
3704 4067
3704 4193
3704 4466
3704 4645
3704 4905
3704 4934
3705 4169
3705 4817
3706 3731
3706 4207
3706 4484
3706 4752
3707 3879
3707 4001
3707 4228
3707 4597
3707 4779
3707 4874
3708 4140
3708 4240
3708 4558
3708 4620
3708 4656
3708 4709
3709 3822
3709 3862
3709 3911
3709 4002
3709 4041
3709 4140
3709 4182
3709 4556
3709 4785
3710 3776
3710 3917
3710 3929
3710 4281
3710 4389
3710 4926
3711 4086
3711 4479
3711 4875
3711 4988
3712 4109
3712 4532
3712 4784
3712 4933
3713 3913
3713 4510
3713 4599
3713 4634
3713 4870
3713 4924
3714 3781
3714 3796
3714 3879
3714 3955
3714 3985
3714 4114
3714 4263
3714 4313
3714 4379
3714 4497
3714 4579
3714 4595
3714 4885
3714 4924
3714 4967
3715 3934
3715 4021
3715 4085
3715 4728
3715 4766
3715 4771
3715 4897
3715 4934
3716 4009
3716 4156
3716 4227
3716 4334
3716 4353
3717 3729
3717 4118
3717 4135
3717 4228
3717 4363
3717 4551
3717 4760
3717 4941
3718 3769
3718 3783
3718 4102
3718 4308
3718 4641
3718 4666
3718 4803
3718 4887
3718 4924
3719 4200
3719 4238
3719 4288
3719 4290
3719 4457
3719 4483
3719 4671
3719 4849
3719 4951
3720 3826
3720 3840
3720 3938
3720 4182
3720 4434
3720 4611
3720 4785
3720 4815
3720 4928
3721 3858
3721 4061
3721 4100
3721 4254
3721 4262
3721 4429
3721 4533
3721 4551
3721 4919
3721 4957
3721 4964
3721 4994
3722 3750
3722 3995
3722 4272
3722 4304
3722 4497
3722 4903
3723 3929
3723 4338
3723 4342
3723 4369
3723 4430
3723 4538
3723 4792
3724 3852
3724 3867
3724 3900
3724 3927
3724 4158
3724 4172
3724 4352
3725 3805
3725 4162
3725 4268
3725 4833
3725 4906
3725 4986
3726 3806
3726 4277
3726 4642
3726 4674
3726 4701
3726 4819
3727 3897
3727 4240
3727 4258
3727 4463
3727 4499
3727 4522
3727 4747
3728 3755
3728 4411
3728 4488
3729 3764
3729 3890
3729 4015
3729 4587
3729 4797
3729 4815
3729 4945
3730 3783
3730 3840
3730 3913
3730 3940
3730 3968
3730 4010
3730 4068
3730 4159
3730 4209
3730 4250
3730 4310
3730 4424
3731 3759
3731 4082
3731 4477
3731 4527
3731 4551
3731 4728
3732 3896
3732 4056
3732 4246
3732 4248
3732 4359
3732 4381
3732 4537
3733 3778
3733 4117
3733 4556
3733 4690
3734 3747
3734 3910
3734 4353
3734 4609
3734 4713
3734 4821
3734 4942
3735 3754
3735 3779
3735 3875
3735 3886
3735 4134
3735 4265
3735 4411
3735 4475
3736 3887
3736 4247
3736 4498
3736 4693
3736 4880
3736 4886
3736 4924
3737 3806
3737 4119
3737 4340
3737 4532
3737 4722
3737 4736
3737 4769
3737 4832
3737 4892
3738 3804
3738 4078
3738 4095
3738 4103
3738 4185
3738 4311
3738 4502
3738 4825
3738 4959
3739 3748
3739 3822
3739 4212
3739 4325
3739 4337
3739 4621
3739 4890
3739 4976
3740 3882
3740 3928
3740 4271
3740 4300
3740 4641
3740 4750
3740 4908
3740 4922
3740 4928
3740 4944
3741 3964
3741 4284
3741 4625
3741 4734
3741 4873
3741 4997
3742 3840
3742 3851
3742 3914
3742 4030
3742 4310
3742 4439
3742 4564
3742 4841
3742 4915
3742 4960
3743 4822
3743 4901
3743 4916
3743 4972
3744 3763
3744 3770
3744 4350
3744 4359
3744 4491
3744 4512
3744 4652
3744 4886
3744 4925
3745 4230
3745 4320
3745 4655
3745 4714
3745 4737
3745 4827
3745 4844
3746 4109
3746 4335
3746 4364
3746 4371
3746 4421
3746 4446
3746 4841
3747 3819
3747 4081
3747 4210
3747 4275
3747 4299
3747 4370
3747 4754
3747 4938
3748 3775
3748 3789
3748 4841
3749 4571
3749 4586
3749 4592
3749 4630
3749 4752
3749 4838
3749 4866
3749 4958
3750 4532
3750 4567
3750 4728
3751 3867
3751 4078
3751 4079
3751 4110
3751 4178
3751 4257
3751 4781
3751 4848
3751 4948
3752 3795
3752 3964
3752 4359
3752 4418
3752 4689
3752 4782
3752 4846
3753 3809
3753 3888
3753 3932
3753 3957
3753 3992
3753 4249
3753 4285
3753 4532
3753 4612
3753 4927
3754 3854
3754 4084
3754 4124
3754 4296
3754 4495
3754 4520
3754 4802
3755 4093
3755 4397
3755 4524
3755 4537
3755 4588
3755 4994
3756 3945
3756 4001
3756 4353
3756 4357
3756 4548
3756 4564
3756 4800
3756 4828
3757 3851
3757 3923
3757 3943
3757 4112
3757 4399
3757 4412
3757 4458
3757 4469
3757 4678
3757 4745
3757 4842
3758 3773
3758 4119
3758 4218
3758 4372
3758 4398
3758 4400
3758 4537
3758 4740
3758 4872
3759 3775
3759 4127
3759 4178
3759 4449
3759 4798
3759 4934
3760 3910
3760 4034
3760 4249
3760 4340
3760 4411
3760 4536
3760 4765
3760 4771
3761 3840
3761 3952
3761 4000
3761 4049
3761 4173
3761 4566
3761 4684
3761 4782
3761 4863
3762 3927
3762 4186
3762 4266
3762 4608
3762 4768
3762 4779
3763 3769
3763 3965
3763 4120
3763 4188
3763 4278
3763 4299
3763 4516
3763 4525
3763 4588
3763 4640
3763 4785
3764 3924
3764 4010
3764 4090
3764 4253
3764 4281
3764 4623
3764 4818
3764 4823
3764 4936
3765 4176
3765 4723
3765 4743
3765 4891
3766 4007
3766 4624
3767 3898
3767 3913
3767 4013
3767 4481
3767 4550
3767 4683
3767 4920
3768 3797
3768 3798
3768 3906
3768 3987
3768 4006
3768 4447
3768 4454
3768 4538
3768 4571
3768 4801
3768 4920
3768 4930
3769 3794
3769 4027
3769 4060
3769 4100
3769 4117
3769 4223
3769 4305
3769 4341
3769 4643
3769 4645
3770 3820
3770 3889
3770 4032
3770 4035
3770 4120
3770 4616
3770 4745
3770 4840
3771 4081
3771 4710
3772 3965
3772 3999
3772 4134
3772 4272
3772 4501
3772 4557
3772 4776
3772 4867
3772 4901
3773 3893
3773 3932
3773 4338
3773 4387
3773 4404
3773 4459
3773 4823
3773 4829
3773 4961
3774 3972
3774 4194
3774 4221
3774 4282
3774 4443
3774 4497
3774 4611
3774 4760
3774 4884
3775 3867
3775 4149
3775 4152
3775 4254
3775 4385
3775 4397
3775 4682
3776 3837
3776 3921
3776 3978
3776 4053
3776 4876
3777 3811
3777 3840
3777 4577
3777 4608
3777 4654
3777 4847
3777 4856
3778 3946
3778 4092
3778 4175
3778 4704
3778 4901
3779 3790
3779 4276
3779 4281
3779 4292
3779 4373
3779 4674
3780 4159
3780 4217
3780 4221
3780 4284
3780 4389
3780 4422
3780 4546
3780 4640
3780 4815
3780 4976
3781 3916
3781 3987
3781 4045
3781 4156
3781 4386
3781 4424
3781 4655
3782 4066
3782 4175
3782 4366
3782 4570
3782 4875
3783 3798
3783 3878
3783 3880
3783 3978
3783 4402
3783 4526
3783 4639
3783 4777
3784 3975
3784 4170
3784 4286
3784 4314
3784 4700
3784 4775
3785 3933
3785 4181
3785 4257
3785 4528
3785 4618
3785 4771
3786 3921
3786 3945
3786 3983
3786 4007
3786 4351
3786 4834
3786 4842
3786 4850
3787 3826
3787 3921
3787 4471
3787 4569
3787 4854
3787 4888
3787 4961
3788 3836
3788 3862
3788 4005
3788 4307
3788 4337
3788 4613
3788 4634
3788 4653
3788 4701
3789 4250
3789 4543
3789 4826
3789 4845
3790 3845
3790 4145
3790 4399
3790 4551
3790 4799
3790 4928
3790 4988
3791 3800
3791 3879
3791 3976
3791 3979
3791 4229
3791 4243
3791 4587
3792 3852
3792 3862
3792 4220
3792 4408
3792 4612
3792 4698
3792 4933
3792 4992
3793 4254
3793 4479
3793 4701
3793 4734
3793 4975
3794 4032
3794 4096
3794 4154
3794 4524
3794 4908
3794 4982
3795 4270
3795 4506
3795 4537
3795 4618
3795 4716
3796 3817
3796 3819
3796 3927
3796 4148
3796 4227
3796 4238
3796 4782
3796 4926
3796 4995
3797 4413
3797 4418
3797 4693
3797 4743
3797 4998
3798 3802
3798 4078
3798 4098
3798 4105
3798 4226
3798 4245
3798 4490
3798 4531
3798 4561
3798 4625
3798 4639
3798 4946
3799 3883
3799 4314
3800 3975
3800 4234
3800 4858
3800 4866
3801 3818
3801 3841
3801 3944
3801 4003
3801 4055
3801 4144
3801 4234
3801 4318
3801 4898
3801 4984
3802 3873
3802 3993
3802 4118
3802 4623
3802 4680
3802 4687
3802 4815
3803 3891
3803 4058
3803 4207
3803 4595
3803 4638
3803 4931
3804 3908
3804 3984
3804 4009
3804 4355
3804 4667
3805 3834
3805 3926
3805 3986
3805 3987
3805 4137
3805 4626
3805 4927
3805 4949
3806 3866
3806 4336
3806 4456
3806 4536
3806 4568
3806 4616
3806 4738
3807 3839
3807 3928
3807 3954
3807 4049
3807 4408
3807 4470
3807 4739
3808 4161
3808 4294
3808 4363
3808 4483
3809 3945
3809 3995
3809 4047
3809 4066
3809 4191
3809 4593
3810 3881
3810 3917
3810 4003
3810 4040
3810 4061
3810 4084
3810 4119
3810 4171
3810 4715
3811 3877
3811 3903
3811 4297
3811 4344
3811 4347
3811 4354
3811 4457
3812 3959
3812 4053
3812 4100
3812 4214
3812 4623
3812 4679
3813 4059
3813 4130
3813 4260
3813 4340
3813 4522
3813 4526
3813 4565
3813 4672
3813 4682
3813 4835
3813 4839
3813 4903
3813 4935
3814 3993
3814 4012
3814 4322
3814 4361
3814 4415
3814 4565
3814 4604
3814 4693
3814 4949
3815 3933
3815 3969
3815 3980
3815 4243
3815 4265
3815 4290
3815 4580
3815 4756
3815 4852
3815 4946
3816 4214
3816 4312
3816 4370
3816 4377
3816 4534
3816 4733
3817 3916
3817 4023
3817 4213
3817 4243
3817 4301
3817 4794
3818 4022
3818 4126
3818 4187
3818 4277
3818 4357
3818 4497
3818 4504
3818 4779
3818 4873
3819 3892
3819 4248
3819 4327
3819 4330
3819 4396
3819 4486
3819 4501
3820 3867
3820 3891
3820 3964
3820 4199
3820 4294
3820 4338
3820 4402
3820 4422
3820 4565
3820 4757
3820 4927
3821 4316
3821 4731
3821 4955
3822 3832
3822 3953
3822 4160
3822 4260
3822 4365
3822 4421
3822 4702
3822 4803
3822 4825
3822 4991
3823 4112
3823 4213
3823 4689
3823 4749
3823 4788
3823 4897
3823 4957
3824 3941
3824 4021
3824 4329
3824 4627
3825 3864
3825 3898
3825 4373
3825 4444
3825 4778
3825 4797
3825 4839
3825 4884
3825 4896
3826 4023
3826 4111
3826 4206
3826 4329
3826 4407
3826 4609
3826 4646
3826 4798
3826 4835
3827 3897
3827 4001
3827 4004
3827 4038
3827 4383
3827 4547
3827 4676
3827 4868
3827 4870
3827 4925
3827 4937
3828 4363
3828 4445
3828 4475
3828 4713
3828 4781
3828 4945
3829 3892
3829 3993
3829 4111
3829 4182
3829 4264
3829 4373
3829 4568
3829 4600
3829 4824
3830 4007
3830 4087
3831 3853
3831 4009
3831 4030
3831 4243
3831 4298
3831 4306
3831 4342
3831 4555
3831 4603
3831 4660
3831 4714
3832 4025
3832 4247
3832 4266
3832 4481
3832 4850
3833 4174
3833 4184
3833 4234
3833 4375
3833 4387
3833 4439
3833 4707
3834 3886
3834 3889
3834 4319
3834 4397
3834 4501
3834 4577
3834 4785
3834 4988
3835 4037
3835 4082
3835 4261
3835 4423
3835 4485
3835 4841
3835 4896
3836 4076
3836 4125
3836 4130
3836 4167
3836 4277
3836 4542
3836 4552
3836 4697
3836 4716
3836 4779
3836 4812
3837 3918
3837 4048
3837 4396
3837 4402
3837 4609
3837 4779
3837 4830
3838 4174
3838 4293
3838 4308
3838 4371
3838 4424
3838 4466
3838 4516
3838 4536
3838 4862
3838 4871
3839 4206
3839 4473
3839 4565
3839 4645
3839 4752
3839 4837
3839 4908
3839 4953
3840 4042
3840 4883
3841 3916
3841 4791
3841 4859
3842 3984
3842 3999
3842 4093
3842 4095
3842 4296
3842 4430
3842 4820
3842 4979
3842 4980
3843 4433
3843 4534
3843 4909
3844 4078
3844 4309
3845 3912
3845 3971
3845 3986
3845 4000
3845 4211
3845 4546
3845 4588
3845 4793
3846 4017
3846 4032
3846 4043
3846 4169
3846 4279
3846 4300
3846 4370
3846 4421
3846 4828
3846 4843
3846 4910
3847 3982
3847 4076
3847 4220
3847 4228
3847 4312
3847 4366
3847 4613
3847 4652
3848 3931
3848 4142
3848 4235
3848 4496
3848 4669
3848 4757
3849 4375
3849 4575
3849 4655
3849 4719
3849 4802
3850 4095
3850 4219
3850 4309
3850 4625
3850 4633
3851 4223
3851 4290
3851 4317
3851 4365
3851 4440
3851 4581
3851 4609
3851 4919
3851 4975
3852 3978
3852 4140
3852 4240
3852 4265
3852 4444
3852 4571
3853 4203
3853 4282
3853 4502
3853 4591
3853 4964
3854 4019
3854 4020
3854 4030
3854 4142
3854 4154
3854 4231
3854 4409
3854 4460
3854 4636
3854 4790
3854 4871
3855 3962
3855 4212
3855 4279
3855 4359
3855 4528
3855 4742
3855 4798
3855 4867
3856 4036
3856 4219
3856 4251
3856 4403
3856 4428
3856 4609
3856 4752
3856 4955
3857 3948
3857 3962
3857 4140
3857 4293
3857 4339
3857 4407
3857 4843
3857 4940
3858 4453
3858 4566
3858 4802
3859 4041
3859 4366
3859 4381
3859 4466
3859 4526
3859 4590
3859 4771
3859 4921
3859 4969
3859 4990
3860 3931
3860 4053
3860 4239
3860 4542
3860 4719
3860 4775
3861 3907
3861 3960
3861 4047
3861 4089
3861 4674
3861 4767
3862 4050
3862 4267
3862 4441
3862 4589
3862 4633
3862 4839
3862 4884
3862 4931
3863 4284
3863 4323
3863 4374
3863 4431
3863 4565
3863 4582
3863 4584
3863 4927
3864 3902
3864 3960
3864 4146
3864 4216
3864 4232
3864 4432
3864 4448
3864 4669
3864 4850
3864 4968
3864 4984
3865 4159
3865 4478
3865 4722
3865 4783
3865 4806
3865 4956
3866 3882
3866 4365
3866 4501
3866 4552
3866 4606
3866 4839
3867 4044
3867 4063
3867 4298
3867 4555
3867 4636
3867 4868
3867 4959
3868 3910
3868 4166
3868 4191
3868 4283
3868 4752
3869 4221
3869 4470
3869 4748
3869 4789
3870 4117
3870 4277
3870 4609
3870 4623
3870 4638
3870 4777
3870 4903
3870 4968
3871 4063
3871 4098
3871 4233
3871 4681
3871 4808
3871 4836
3872 3911
3872 3912
3872 4322
3872 4841
3872 4870
3873 3997
3873 4150
3873 4269
3873 4354
3873 4528
3873 4573
3873 4574
3873 4686
3874 4010
3874 4545
3874 4669
3874 4843
3874 4934
3875 4017
3875 4557
3875 4611
3876 4069
3876 4342
3876 4615
3876 4684
3876 4761
3876 4871
3876 4892
3876 4967
3877 4469
3877 4510
3877 4591
3877 4727
3878 4077
3878 4097
3878 4131
3879 3935
3879 4111
3879 4336
3879 4384
3879 4546
3879 4732
3879 4778
3880 3884
3880 4392
3880 4420
3880 4570
3880 4636
3880 4749
3880 4924
3880 4942
3880 4974
3881 4018
3881 4404
3882 3886
3882 3993
3882 4056
3882 4076
3882 4244
3882 4462
3882 4472
3882 4759
3882 4879
3883 4048
3883 4109
3883 4265
3883 4383
3883 4444
3883 4699
3883 4788
3884 4057
3884 4111
3884 4207
3884 4297
3884 4321
3884 4472
3884 4718
3884 4876
3885 3900
3885 4293
3885 4298
3885 4307
3885 4350
3885 4554
3885 4975
3886 4141
3886 4198
3886 4432
3886 4584
3886 4634
3886 4709
3886 4783
3886 4902
3886 4974
3887 3971
3887 4035
3887 4057
3887 4058
3887 4154
3887 4272
3887 4393
3887 4473
3887 4610
3887 4718
3887 4720
3887 4782
3887 4891
3888 3916
3888 3995
3888 4311
3888 4437
3888 4545
3888 4767
3888 4825
3888 4847
3889 4758
3890 3905
3890 3965
3890 4064
3890 4440
3890 4514
3890 4525
3890 4780
3890 4961
3891 4170
3891 4552
3891 4805
3891 4984
3892 4054
3892 4131
3892 4268
3892 4281
3892 4466
3892 4756
3892 4807
3892 4932
3892 4973
3892 4977
3893 4068
3893 4078
3893 4102
3893 4131
3893 4261
3893 4496
3893 4505
3893 4563
3893 4958
3893 4997
3894 4116
3894 4141
3894 4210
3894 4488
3894 4533
3894 4841
3895 4083
3895 4202
3895 4207
3895 4268
3895 4271
3895 4647
3895 4859
3895 4968
3896 4156
3896 4311
3896 4427
3896 4587
3896 4893
3897 3929
3897 4333
3897 4895
3898 3977
3898 4203
3898 4230
3898 4276
3898 4342
3898 4532
3898 4659
3898 4814
3898 4989
3899 3951
3899 3990
3899 4018
3899 4381
3899 4460
3899 4517
3899 4655
3899 4704
3899 4771
3900 3926
3900 4102
3900 4824
3901 4096
3901 4408
3901 4429
3901 4448
3901 4475
3901 4795
3902 4049
3902 4058
3902 4304
3902 4387
3902 4450
3902 4453
3902 4495
3902 4520
3902 4627
3902 4665
3902 4941
3902 4974
3903 3918
3903 3931
3903 4070
3903 4302
3903 4312
3903 4348
3903 4822
3903 4828
3903 4910
3903 4973
3903 4985
3904 3911
3904 3926
3904 4016
3904 4060
3904 4188
3904 4442
3904 4531
3904 4860
3905 4300
3905 4607
3906 4034
3906 4040
3906 4445
3906 4516
3907 3944
3907 4202
3907 4255
3907 4268
3907 4272
3907 4503
3907 4533
3907 4618
3907 4627
3907 4650
3907 4716
3907 4767
3907 4896
3908 3929
3908 4052
3908 4275
3908 4386
3908 4658
3908 4670
3909 3924
3909 4177
3909 4238
3909 4587
3909 4657
3909 4712
3909 4754
3909 4854
3910 4304
3910 4433
3911 3960
3911 4024
3911 4116
3911 4460
3911 4477
3911 4720
3911 4732
3911 4895
3911 4928
3911 4959
3912 4187
3912 4193
3912 4584
3912 4705
3912 4752
3912 4755
3912 4853
3913 4061
3913 4192
3913 4663
3913 4834
3913 4884
3914 4130
3914 4176
3914 4182
3914 4367
3914 4437
3914 4814
3914 4821
3914 4902
3915 4031
3915 4064
3915 4068
3915 4425
3915 4650
3916 4015
3916 4332
3916 4387
3916 4751
3917 3986
3917 4189
3917 4420
3917 4500
3917 4519
3917 4849
3917 4850
3917 4955
3918 3950
3918 4415
3918 4492
3918 4529
3918 4656
3918 4693
3919 4248
3919 4346
3919 4446
3919 4452
3919 4476
3919 4571
3919 4618
3919 4698
3919 4704
3919 4920
3920 4038
3920 4629
3920 4730
3920 4842
3921 4229
3921 4371
3921 4601
3921 4713
3921 4882
3922 4610
3922 4792
3922 4972
3923 4030
3923 4068
3923 4188
3923 4193
3923 4297
3923 4361
3923 4385
3923 4481
3923 4532
3923 4877
3923 4956
3924 4090
3924 4135
3924 4416
3924 4474
3924 4737
3924 4949
3925 3928
3925 4055
3925 4147
3925 4310
3925 4321
3925 4369
3925 4414
3925 4415
3925 4491
3925 4890
3926 3977
3926 4092
3926 4110
3926 4195
3926 4350
3926 4461
3926 4568
3926 4897
3927 4010
3927 4047
3927 4241
3927 4285
3927 4334
3927 4720
3927 4793
3927 4901
3927 4941
3928 4017
3928 4533
3928 4563
3928 4621
3928 4646
3928 4821
3929 4000
3929 4056
3929 4164
3929 4557
3929 4573
3929 4667
3929 4699
3929 4957
3930 4264
3930 4275
3930 4320
3930 4589
3930 4656
3931 3958
3931 4043
3931 4177
3931 4503
3931 4764
3932 4067
3932 4091
3932 4212
3932 4406
3932 4481
3932 4764
3932 4772
3932 4857
3932 4887
3933 4111
3933 4159
3934 3985
3934 4217
3934 4223
3934 4633
3934 4884
3935 3946
3935 4339
3935 4353
3935 4614
3935 4664
3935 4913
3936 4083
3936 4403
3936 4512
3936 4743
3936 4967
3937 4129
3937 4527
3937 4544
3937 4550
3937 4738
3938 4341
3938 4746
3939 4119
3939 4366
3939 4392
3939 4435
3939 4447
3939 4461
3939 4463
3939 4471
3939 4588
3939 4831
3940 3977
3940 4047
3940 4213
3940 4329
3940 4535
3940 4679
3940 4705
3940 4825
3940 4920
3941 4014
3941 4214
3941 4228
3941 4337
3941 4367
3941 4405
3941 4553
3941 4589
3941 4641
3941 4662
3941 4707
3941 4745
3942 4023
3942 4060
3942 4151
3942 4403
3942 4470
3942 4478
3942 4659
3942 4718
3942 4968
3943 4028
3943 4142
3943 4257
3943 4419
3943 4453
3943 4465
3943 4605
3944 4105
3944 4127
3944 4171
3944 4335
3944 4360
3944 4821
3944 4901
3944 4998
3945 4110
3945 4155
3945 4250
3945 4406
3945 4652
3945 4705
3945 4731
3945 4739
3945 4905
3946 4479
3946 4571
3946 4798
3946 4846
3946 4883
3947 4291
3947 4512
3947 4557
3947 4617
3947 4676
3947 4978
3948 4085
3948 4252
3948 4396
3948 4431
3948 4580
3949 4782
3949 4952
3950 4116
3950 4458
3950 4669
3950 4854
3951 3971
3951 3998
3951 4054
3951 4535
3951 4609
3951 4610
3951 4757
3951 4857
3951 4872
3951 4949
3952 4409
3952 4599
3953 3975
3953 4162
3953 4547
3954 3964
3954 4102
3954 4232
3954 4284
3955 4417
3955 4458
3955 4460
3955 4546
3955 4656
3955 4836
3955 4871
3955 4895
3955 4920
3956 3991
3956 4094
3956 4344
3956 4721
3957 4141
3957 4411
3957 4671
3957 4814
3957 4899
3958 4052
3958 4358
3958 4409
3958 4468
3958 4496
3958 4632
3958 4933
3959 4017
3959 4026
3959 4042
3959 4626
3960 4391
3960 4418
3960 4485
3960 4959
3961 4290
3961 4377
3961 4550
3961 4636
3961 4767
3962 3998
3962 4082
3962 4292
3962 4556
3962 4570
3962 4639
3962 4763
3962 4806
3962 4816
3962 4888
3963 4194
3963 4265
3963 4384
3963 4766
3963 4788
3963 4852
3964 3972
3964 4281
3964 4472
3964 4943
3965 4155
3965 4572
3965 4842
3966 4032
3966 4353
3966 4405
3966 4479
3966 4571
3966 4603
3966 4830
3967 4090
3967 4345
3967 4547
3967 4618
3967 4655
3967 4702
3967 4920
3967 4936
3968 3994
3968 4340
3968 4776
3968 4889
3969 3991
3969 4273
3969 4308
3969 4482
3969 4576
3969 4636
3969 4741
3969 4764
3969 4910
3970 4000
3970 4477
3970 4758
3970 4846
3970 4869
3970 4969
3971 4071
3971 4080
3971 4205
3971 4239
3971 4261
3972 4103
3972 4117
3972 4147
3972 4178
3972 4430
3972 4534
3972 4566
3972 4905
3973 4070
3973 4129
3973 4149
3973 4158
3973 4274
3973 4840
3973 4991
3974 4108
3974 4109
3974 4331
3974 4562
3974 4921
3974 4924
3975 4028
3975 4188
3975 4382
3975 4610
3976 4015
3976 4017
3976 4130
3976 4230
3976 4537
3976 4547
3976 4661
3976 4859
3976 4864
3977 4140
3977 4609
3977 4769
3977 4844
3977 4909
3977 4926
3977 4992
3978 4327
3978 4561
3978 4616
3978 4651
3978 4980
3979 4191
3979 4260
3979 4511
3979 4626
3979 4997
3980 4054
3980 4069
3980 4573
3980 4899
3981 4149
3981 4183
3981 4345
3981 4780
3981 4856
3981 4910
3981 4941
3981 4964
3982 4221
3982 4324
3982 4579
3982 4772
3982 4810
3982 4853
3982 4935
3983 4110
3983 4461
3983 4540
3984 4086
3984 4562
3984 4950
3985 4085
3985 4256
3985 4296
3985 4422
3985 4569
3985 4571
3985 4623
3985 4644
3985 4710
3985 4798
3986 4059
3986 4070
3986 4795
3986 4799
3986 4919
3986 4947
3986 4976
3987 4289
3987 4304
3987 4696
3987 4917
3988 4029
3988 4290
3988 4527
3988 4824
3989 4075
3989 4084
3989 4121
3989 4395
3990 4033
3990 4210
3990 4250
3990 4533
3990 4592
3990 4801
3990 4847
3990 4966
3991 4262
3991 4429
3991 4570
3991 4642
3991 4984
3992 4075
3992 4133
3992 4399
3992 4511
3992 4633
3992 4803
3992 4960
3992 4976
3993 4167
3993 4334
3993 4386
3993 4818
3994 3995
3994 4592
3995 4058
3995 4145
3995 4406
3996 4181
3996 4673
3996 4946
3997 4017
3997 4046
3997 4168
3997 4797
3997 4808
3998 4215
3998 4441
3998 4630
3998 4733
3998 4807
3998 4875
3999 4023
3999 4198
3999 4415
3999 4509
3999 4889
3999 4981
4000 4259
4000 4442
4000 4507
4000 4525
4000 4578
4000 4610
4001 4248
4001 4513
4001 4643
4001 4777
4002 4340
4002 4342
4002 4415
4002 4416
4002 4428
4003 4430
4003 4479
4003 4666
4004 4015
4004 4964
4004 4972
4005 4021
4005 4204
4005 4239
4005 4293
4005 4321
4005 4459
4005 4572
4005 4726
4005 4981
4006 4155
4006 4186
4006 4593
4006 4669
4006 4906
4007 4094
4007 4106
4007 4371
4007 4551
4007 4889
4008 4017
4008 4042
4008 4052
4008 4407
4008 4636
4008 4637
4009 4142
4009 4342
4009 4487
4009 4848
4010 4201
4010 4215
4010 4296
4010 4323
4010 4342
4010 4470
4010 4599
4010 4641
4010 4662
4010 4797
4011 4112
4011 4292
4011 4530
4011 4654
4011 4766
4011 4845
4011 4939
4011 4962
4012 4068
4012 4225
4012 4253
4012 4341
4012 4593
4012 4667
4012 4806
4012 4847
4012 4889
4012 4931
4012 4938
4012 4957
4013 4083
4013 4106
4013 4510
4013 4606
4013 4777
4013 4781
4013 4797
4013 4886
4014 4308
4014 4352
4014 4513
4014 4543
4014 4596
4014 4722
4014 4982
4015 4169
4015 4335
4015 4466
4015 4714
4015 4738
4016 4125
4016 4158
4016 4655
4016 4656
4016 4726
4016 4759
4016 4918
4017 4071
4017 4307
4017 4679
4017 4694
4017 4799
4018 4327
4018 4361
4018 4681
4018 4930
4018 4943
4018 4955
4019 4062
4019 4369
4019 4763
4019 4963
4020 4062
4020 4723
4021 4039
4021 4103
4021 4204
4021 4206
4021 4565
4021 4610
4021 4635
4021 4802
4021 4876
4021 4927
4021 4963
4022 4036
4022 4047
4022 4134
4022 4369
4022 4457
4022 4576
4022 4724
4022 4796
4022 4877
4022 4937
4023 4456
4023 4908
4023 4994
4024 4156
4024 4196
4024 4236
4024 4391
4024 4428
4024 4678
4024 4809
4024 4858
4024 4929
4025 4078
4025 4175
4025 4256
4025 4517
4025 4740
4025 4845
4025 4995
4026 4179
4026 4331
4026 4398
4026 4409
4026 4422
4026 4423
4026 4563
4026 4736
4026 4930
4027 4139
4027 4283
4027 4613
4027 4695
4027 4962
4027 4978
4028 4216
4028 4448
4029 4052
4029 4130
4029 4150
4029 4178
4029 4241
4029 4244
4030 4124
4030 4372
4030 4516
4030 4624
4030 4910
4030 4935
4031 4233
4031 4323
4031 4971
4032 4264
4032 4294
4032 4302
4032 4392
4032 4436
4032 4629
4032 4713
4032 4794
4032 4948
4033 4240
4033 4282
4033 4463
4033 4490
4033 4508
4033 4532
4033 4802
4034 4117
4034 4237
4034 4249
4034 4260
4034 4581
4034 4878
4034 4904
4034 4932
4034 4950
4035 4272
4035 4292
4035 4497
4035 4560
4035 4567
4035 4694
4035 4699
4035 4753
4036 4124
4036 4232
4036 4812
4037 4143
4037 4643
4037 4792
4038 4210
4038 4391
4038 4459
4038 4484
4038 4697
4038 4956
4039 4155
4039 4162
4039 4243
4039 4440
4039 4635
4039 4700
4039 4801
4040 4413
4040 4675
4040 4799
4040 4899
4041 4186
4041 4336
4041 4517
4041 4556
4041 4773
4041 4863
4042 4241
4042 4341
4042 4375
4042 4585
4042 4751
4042 4941
4043 4065
4043 4274
4043 4370
4043 4649
4043 4863
4043 4993
4044 4163
4044 4303
4044 4586
4044 4597
4044 4653
4044 4954
4045 4216
4045 4462
4045 4550
4045 4598
4045 4622
4045 4912
4046 4782
4046 4930
4047 4081
4047 4179
4047 4351
4047 4430
4047 4602
4047 4718
4047 4905
4047 4996
4048 4448
4048 4461
4048 4600
4048 4793
4049 4067
4049 4116
4049 4314
4049 4557
4049 4954
4049 4966
4050 4419
4050 4533
4050 4607
4051 4135
4051 4252
4051 4347
4051 4369
4051 4572
4051 4736
4051 4747
4051 4981
4052 4192
4052 4203
4052 4789
4052 4809
4053 4158
4053 4400
4053 4549
4053 4564
4053 4675
4053 4965
4054 4677
4054 4968
4055 4222
4055 4504
4055 4922
4055 4966
4055 4987
4056 4132
4057 4111
4057 4424
4057 4444
4057 4465
4057 4476
4057 4530
4057 4532
4057 4534
4057 4813
4058 4375
4058 4401
4058 4411
4058 4459
4058 4613
4058 4701
4058 4752
4058 4902
4058 4906
4058 4998
4059 4194
4059 4196
4059 4350
4059 4477
4059 4524
4059 4570
4059 4660
4059 4818
4059 4987
4060 4324
4060 4354
4060 4377
4060 4600
4061 4142
4061 4225
4061 4433
4061 4440
4061 4761
4061 4767
4061 4828
4062 4394
4062 4403
4062 4729
4062 4833
4062 4892
4063 4335
4063 4373
4063 4580
4063 4730
4063 4961
4064 4067
4064 4080
4064 4179
4064 4314
4064 4532
4064 4605
4064 4649
4064 4850
4064 4869
4064 4945
4065 4196
4065 4289
4065 4349
4065 4525
4065 4719
4065 4806
4066 4234
4066 4309
4066 4412
4066 4638
4066 4840
4066 4891
4066 4962
4067 4095
4067 4154
4067 4275
4067 4327
4068 4152
4068 4157
4068 4661
4068 4677
4068 4790
4068 4801
4068 4882
4069 4328
4069 4389
4069 4673
4069 4734
4070 4524
4070 4530
4070 4797
4071 4675
4071 4717
4071 4843
4071 4889
4071 4982
4072 4217
4072 4430
4072 4604
4072 4625
4072 4735
4072 4805
4073 4201
4073 4545
4073 4584
4073 4726
4073 4762
4074 4086
4074 4155
4074 4226
4074 4437
4074 4648
4074 4685
4075 4134
4075 4266
4075 4591
4075 4990
4076 4623
4076 4665
4076 4805
4076 4809
4076 4889
4076 4944
4077 4230
4077 4299
4077 4457
4077 4924
4078 4230
4078 4316
4078 4640
4078 4818
4078 4829
4079 4411
4079 4566
4079 4671
4079 4755
4079 4797
4080 4561
4080 4608
4080 4680
4080 4710
4080 4836
4080 4915
4080 4930
4081 4126
4081 4335
4081 4437
4081 4447
4081 4769
4081 4786
4082 4273
4082 4425
4082 4441
4082 4550
4082 4608
4082 4658
4082 4701
4082 4844
4082 4848
4082 4875
4083 4101
4083 4352
4083 4639
4083 4765
4084 4101
4084 4119
4084 4436
4084 4542
4084 4620
4084 4673
4084 4789
4084 4854
4084 4871
4085 4241
4085 4248
4085 4268
4085 4269
4085 4286
4085 4363
4085 4421
4085 4443
4085 4448
4085 4730
4085 4952
4086 4240
4086 4273
4086 4300
4086 4301
4086 4398
4086 4552
4086 4735
4086 4847
4086 4908
4087 4269
4087 4502
4087 4580
4087 4594
4088 4499
4088 4564
4088 4684
4088 4791
4088 4842
4088 4986
4088 4995
4089 4314
4089 4457
4089 4476
4090 4111
4090 4662
4091 4099
4091 4310
4091 4333
4091 4468
4092 4261
4092 4485
4092 4633
4092 4878
4092 4913
4092 4918
4092 4988
4093 4172
4093 4631
4093 4672
4093 4864
4094 4203
4094 4264
4094 4707
4094 4792
4094 4884
4095 4208
4095 4286
4095 4327
4095 4529
4095 4630
4096 4427
4096 4595
4096 4598
4096 4635
4097 4163
4097 4187
4097 4245
4097 4640
4098 4128
4098 4172
4098 4432
4099 4508
4099 4647
4100 4502
4100 4941
4100 4960
4101 4297
4101 4299
4101 4325
4101 4431
4101 4573
4101 4772
4101 4919
4101 4969
4102 4166
4102 4290
4102 4345
4102 4774
4102 4789
4103 4109
4103 4330
4103 4412
4103 4637
4103 4750
4103 4997
4104 4228
4104 4232
4104 4336
4104 4362
4104 4446
4104 4860
4104 4877
4104 4923
4105 4202
4105 4625
4105 4675
4105 4855
4106 4354
4106 4499
4106 4590
4106 4807
4106 4999
4107 4298
4107 4477
4107 4817
4108 4229
4108 4392
4108 4499
4108 4746
4108 4748
4108 4987
4109 4165
4109 4233
4109 4318
4109 4355
4109 4382
4109 4537
4109 4613
4109 4649
4109 4738
4109 4898
4110 4212
4110 4797
4110 4935
4111 4176
4111 4216
4111 4467
4111 4565
4111 4651
4111 4693
4111 4824
4112 4428
4112 4459
4112 4580
4112 4630
4112 4678
4113 4234
4113 4497
4113 4777
4113 4827
4113 4973
4114 4170
4114 4175
4114 4467
4114 4541
4114 4608
4114 4738
4114 4807
4115 4136
4115 4318
4116 4553
4117 4228
4117 4245
4117 4252
4117 4291
4117 4422
4117 4543
4117 4641
4117 4681
4117 4731
4117 4882
4117 4883
4118 4215
4118 4751
4119 4123
4119 4282
4119 4611
4119 4761
4119 4848
4120 4241
4120 4269
4120 4387
4121 4223
4121 4321
4121 4915
4121 4939
4122 4205
4122 4385
4122 4472
4122 4594
4122 4831
4123 4201
4123 4407
4123 4517
4123 4598
4123 4673
4123 4930
4124 4157
4124 4405
4124 4674
4124 4706
4125 4180
4125 4186
4125 4367
4125 4798
4126 4299
4126 4367
4126 4369
4126 4406
4126 4940
4127 4266
4127 4660
4128 4144
4128 4156
4128 4529
4128 4570
4128 4587
4128 4640
4128 4821
4128 4830
4128 4996
4129 4207
4129 4312
4129 4359
4129 4411
4129 4461
4129 4521
4129 4525
4129 4567
4129 4582
4129 4916
4129 4917
4130 4173
4130 4367
4130 4444
4130 4526
4130 4632
4130 4738
4130 4776
4130 4959
4131 4203
4131 4353
4131 4488
4131 4847
4132 4365
4132 4942
4132 4976
4133 4589
4133 4621
4134 4161
4134 4164
4134 4633
4135 4546
4135 4569
4135 4679
4135 4687
4135 4693
4135 4817
4135 4866
4135 4958
4136 4174
4136 4304
4136 4380
4136 4426
4136 4475
4136 4510
4136 4566
4136 4848
4136 4870
4137 4216
4137 4641
4137 4705
4137 4976
4138 4166
4138 4439
4138 4455
4138 4531
4138 4542
4138 4850
4139 4160
4139 4201
4139 4498
4139 4731
4139 4820
4140 4267
4140 4370
4140 4498
4140 4621
4140 4820
4140 4852
4141 4187
4141 4191
4141 4209
4141 4303
4141 4332
4141 4416
4141 4479
4141 4910
4141 4919
4141 4943
4142 4155
4142 4250
4142 4456
4142 4807
4142 4842
4143 4229
4143 4347
4143 4456
4143 4495
4143 4547
4143 4580
4143 4622
4143 4800
4143 4822
4143 4829
4143 4840
4143 4966
4144 4215
4144 4290
4144 4393
4144 4566
4144 4580
4144 4693
4144 4938
4144 4940
4144 4967
4144 4968
4145 4720
4145 4789
4145 4984
4146 4230
4146 4291
4146 4401
4146 4456
4146 4576
4146 4708
4146 4796
4147 4198
4147 4408
4148 4257
4148 4460
4148 4603
4148 4611
4148 4810
4149 4297
4149 4701
4149 4708
4149 4861
4150 4682
4151 4447
4151 4485
4151 4552
4151 4653
4151 4709
4151 4756
4151 4913
4151 4930
4152 4283
4152 4332
4152 4417
4152 4471
4152 4695
4152 4771
4152 4837
4153 4201
4153 4241
4153 4385
4153 4487
4153 4691
4153 4750
4153 4825
4153 4887
4154 4430
4154 4463
4154 4480
4154 4560
4154 4605
4154 4641
4154 4680
4154 4689
4154 4839
4154 4964
4154 4987
4155 4159
4155 4511
4155 4590
4155 4655
4155 4828
4156 4275
4156 4374
4156 4575
4156 4854
4156 4980
4157 4306
4157 4429
4157 4455
4157 4577
4157 4938
4158 4242
4158 4256
4158 4348
4158 4504
4158 4529
4158 4695
4158 4771
4158 4931
4159 4218
4159 4259
4159 4391
4159 4398
4159 4504
4159 4563
4159 4750
4159 4920
4159 4993
4160 4258
4160 4526
4160 4692
4160 4993
4161 4504
4161 4507
4161 4997
4162 4278
4162 4353
4162 4394
4162 4445
4162 4478
4162 4496
4162 4572
4162 4771
4163 4255
4163 4271
4163 4399
4163 4521
4163 4794
4164 4223
4164 4356
4164 4362
4164 4673
4164 4855
4164 4974
4165 4198
4165 4729
4166 4295
4166 4608
4167 4511
4167 4531
4167 4770
4167 4845
4167 4915
4167 4962
4168 4314
4168 4392
4168 4628
4168 4709
4169 4456
4169 4496
4169 4568
4169 4592
4169 4825
4169 4880
4169 4938
4169 4984
4170 4331
4170 4540
4170 4664
4170 4805
4170 4848
4170 4883
4171 4352
4171 4423
4171 4606
4172 4280
4172 4562
4172 4651
4172 4669
4172 4730
4172 4825
4172 4910
4173 4592
4173 4744
4173 4845
4174 4280
4174 4311
4174 4533
4175 4331
4175 4563
4175 4606
4176 4241
4176 4421
4176 4508
4176 4992
4177 4288
4177 4299
4177 4625
4177 4814
4177 4988
4178 4352
4178 4494
4178 4664
4178 4998
4179 4313
4179 4506
4179 4577
4179 4979
4179 4983
4180 4207
4180 4276
4180 4301
4180 4480
4180 4579
4180 4677
4180 4678
4180 4875
4180 4913
4181 4321
4181 4437
4181 4627
4182 4265
4182 4649
4182 4785
4182 4820
4182 4918
4183 4392
4183 4419
4183 4583
4183 4671
4183 4940
4184 4188
4184 4407
4184 4487
4184 4801
4185 4199
4185 4279
4185 4452
4185 4503
4185 4618
4185 4752
4185 4801
4186 4302
4186 4329
4186 4427
4186 4503
4186 4580
4186 4614
4186 4706
4186 4967
4187 4278
4187 4347
4187 4590
4187 4800
4188 4364
4188 4815
4188 4850
4188 4900
4189 4279
4189 4731
4189 4735
4189 4823
4189 4942
4189 4997
4190 4398
4190 4489
4190 4631
4190 4698
4190 4713
4190 4932
4191 4363
4191 4454
4191 4754
4191 4758
4191 4787
4191 4806
4191 4858
4191 4948
4191 4953
4192 4682
4193 4792
4193 4859
4193 4868
4193 4997
4194 4251
4194 4358
4194 4505
4194 4659
4194 4787
4194 4855
4194 4956
4194 4980
4195 4524
4195 4739
4195 4759
4195 4785
4195 4923
4195 4933
4196 4450
4196 4651
4196 4678
4196 4727
4196 4783
4196 4841
4196 4979
4197 4388
4197 4647
4197 4681
4197 4800
4197 4858
4198 4258
4198 4471
4198 4492
4198 4970
4199 4276
4199 4497
4199 4818
4199 4836
4199 4867
4200 4592
4200 4629
4200 4720
4200 4994
4201 4296
4201 4371
4201 4610
4201 4712
4201 4828
4202 4208
4202 4231
4202 4735
4202 4948
4203 4630
4203 4863
4204 4217
4204 4761
4205 4343
4205 4635
4205 4921
4206 4243
4207 4594
4207 4678
4207 4817
4207 4909
4208 4662
4208 4762
4208 4810
4208 4935
4209 4279
4209 4533
4209 4643
4209 4698
4209 4753
4210 4327
4210 4397
4210 4469
4210 4643
4210 4674
4210 4678
4210 4737
4210 4845
4210 4884
4211 4256
4211 4258
4211 4399
4211 4588
4211 4829
4212 4278
4212 4311
4212 4337
4212 4434
4212 4998
4213 4239
4213 4517
4214 4264
4214 4570
4214 4604
4214 4658
4215 4459
4215 4756
4215 4759
4215 4800
4215 4815
4215 4982
4216 4451
4216 4551
4216 4606
4216 4614
4216 4850
4216 4890
4216 4966
4217 4237
4217 4283
4217 4418
4217 4817
4217 4905
4218 4308
4218 4320
4218 4720
4219 4530
4219 4676
4219 4734
4219 4876
4220 4246
4220 4523
4220 4834
4220 4865
4220 4903
4221 4423
4221 4618
4221 4696
4221 4736
4221 4828
4222 4234
4222 4351
4222 4449
4222 4789
4222 4879
4223 4261
4223 4510
4223 4524
4223 4627
4223 4924
4224 4771
4224 4908
4225 4394
4225 4417
4225 4606
4225 4834
4226 4472
4226 4635
4226 4980
4227 4529
4227 4593
4227 4899
4228 4366
4228 4573
4228 4800
4229 4356
4229 4455
4229 4526
4229 4795
4229 4816
4230 4363
4230 4530
4230 4659
4230 4758
4230 4842
4231 4232
4231 4366
4231 4490
4231 4626
4231 4761
4231 4840
4231 4843
4232 4584
4232 4967
4233 4235
4233 4277
4233 4352
4233 4469
4233 4509
4233 4568
4234 4466
4234 4759
4234 4817
4235 4456
4235 4496
4235 4614
4235 4872
4236 4455
4236 4848
4237 4322
4237 4444
4237 4499
4237 4715
4237 4787
4237 4796
4238 4253
4238 4446
4239 4256
4239 4312
4239 4464
4239 4624
4239 4625
4239 4800
4240 4486
4240 4590
4240 4625
4240 4687
4241 4259
4241 4548
4241 4576
4241 4726
4241 4998
4242 4651
4242 4720
4243 4369
4243 4522
4243 4934
4244 4365
4244 4420
4244 4804
4245 4254
4245 4422
4245 4489
4245 4497
4245 4738
4245 4754
4245 4815
4245 4957
4245 4968
4246 4328
4246 4449
4246 4749
4247 4504
4247 4544
4247 4740
4248 4481
4248 4518
4248 4884
4249 4615
4249 4977
4249 4986
4250 4335
4250 4402
4250 4468
4250 4536
4250 4759
4251 4421
4251 4434
4251 4511
4251 4525
4251 4635
4251 4767
4251 4792
4252 4298
4252 4530
4253 4874
4253 4909
4254 4298
4254 4438
4254 4634
4254 4901
4255 4504
4255 4577
4255 4685
4255 4730
4255 4863
4255 4909
4255 4951
4255 4996
4256 4452
4256 4725
4256 4769
4256 4813
4256 4925
4257 4517
4258 4537
4259 4492
4259 4517
4259 4662
4259 4696
4259 4974
4260 4599
4260 4993
4261 4473
4261 4897
4262 4308
4262 4755
4262 4804
4262 4884
4262 4888
4263 4403
4263 4580
4263 4891
4263 4950
4264 4381
4264 4449
4264 4639
4264 4660
4264 4736
4264 4833
4264 4989
4265 4599
4265 4659
4265 4699
4265 4849
4265 4917
4265 4942
4266 4330
4266 4475
4266 4577
4266 4589
4266 4649
4266 4723
4266 4893
4266 4908
4267 4480
4267 4638
4268 4906
4269 4298
4269 4393
4269 4545
4269 4555
4269 4563
4269 4598
4269 4748
4270 4410
4270 4514
4270 4565
4270 4655
4270 4830
4271 4306
4271 4531
4271 4576
4271 4646
4271 4667
4272 4450
4272 4830
4272 4872
4272 4905
4272 4994
4273 4684
4273 4697
4273 4841
4273 4970
4274 4366
4274 4408
4274 4737
4274 4986
4275 4675
4275 4834
4276 4369
4276 4449
4276 4590
4276 4722
4278 4361
4278 4462
4278 4491
4278 4539
4278 4905
4278 4963
4279 4348
4279 4417
4279 4499
4279 4690
4280 4379
4280 4499
4280 4845
4281 4328
4281 4460
4281 4607
4281 4757
4282 4633
4283 4365
4283 4483
4283 4580
4283 4985
4284 4590
4284 4693
4284 4788
4284 4834
4285 4471
4285 4767
4285 4879
4286 4293
4286 4455
4286 4503
4286 4902
4287 4391
4287 4404
4287 4478
4287 4531
4287 4575
4287 4723
4287 4780
4287 4785
4287 4896
4288 4395
4288 4804
4288 4844
4288 4864
4289 4714
4289 4947
4290 4297
4290 4353
4290 4355
4290 4575
4290 4604
4290 4930
4291 4614
4291 4841
4292 4593
4292 4697
4293 4313
4293 4402
4293 4472
4293 4473
4293 4788
4293 4864
4294 4661
4294 4862
4294 4898
4295 4537
4295 4562
4295 4788
4296 4624
4296 4733
4296 4970
4297 4380
4297 4585
4297 4998
4297 4999
4298 4340
4298 4357
4298 4516
4298 4519
4298 4704
4299 4411
4299 4612
4299 4619
4299 4792
4299 4900
4300 4430
4300 4873
4301 4916
4302 4359
4302 4482
4302 4701
4302 4859
4302 4893
4303 4407
4303 4676
4303 4768
4303 4784
4303 4803
4303 4936
4304 4672
4304 4684
4304 4915
4305 4660
4306 4456
4306 4557
4306 4639
4307 4387
4307 4471
4307 4617
4307 4622
4307 4675
4308 4732
4308 4737
4308 4755
4309 4313
4309 4350
4309 4707
4309 4851
4309 4900
4309 4919
4310 4840
4310 4846
4311 4401
4311 4420
4311 4484
4311 4747
4311 4840
4311 4943
4311 4959
4312 4388
4312 4801
4312 4909
4313 4397
4313 4460
4313 4778
4314 4333
4314 4447
4314 4532
4314 4559
4314 4622
4314 4673
4314 4852
4315 4349
4315 4740
4315 4757
4316 4338
4316 4449
4316 4475
4316 4738
4316 4814
4316 4817
4316 4887
4317 4553
4317 4571
4317 4690
4317 4693
4317 4750
4317 4828
4318 4454
4318 4459
4318 4621
4318 4752
4318 4756
4318 4811
4318 4841
4318 4844
4318 4966
4319 4394
4319 4496
4319 4501
4320 4499
4320 4517
4320 4985
4321 4519
4321 4653
4322 4360
4322 4365
4322 4552
4322 4738
4323 4384
4323 4531
4323 4554
4323 4574
4324 4351
4324 4691
4324 4904
4324 4941
4324 4962
4325 4353
4325 4402
4325 4424
4325 4439
4325 4451
4325 4473
4325 4781
4325 4925
4326 4414
4326 4722
4326 4930
4327 4381
4327 4421
4327 4548
4327 4551
4327 4564
4327 4603
4328 4366
4328 4375
4328 4795
4328 4812
4329 4391
4329 4409
4329 4592
4329 4804
4329 4857
4329 4926
4330 4448
4330 4489
4330 4595
4330 4827
4330 4893
4331 4696
4331 4748
4331 4941
4332 4348
4332 4551
4332 4793
4332 4801
4333 4571
4333 4601
4333 4825
4333 4954
4333 4961
4334 4634
4334 4933
4334 4953
4334 4965
4336 4608
4336 4834
4337 4410
4337 4533
4338 4497
4338 4612
4338 4698
4338 4831
4339 4669
4339 4728
4339 4868
4340 4597
4341 4364
4341 4403
4341 4473
4341 4527
4341 4540
4341 4650
4341 4655
4341 4880
4342 4477
4342 4608
4342 4829
4342 4927
4343 4447
4343 4620
4344 4365
4344 4688
4345 4460
4345 4543
4345 4595
4345 4622
4345 4641
4345 4648
4346 4494
4346 4567
4346 4580
4346 4589
4346 4710
4346 4878
4346 4945
4347 4701
4347 4966
4348 4468
4348 4476
4348 4862
4348 4955
4349 4399
4349 4736
4349 4959
4350 4385
4350 4863
4351 4437
4351 4498
4351 4654
4351 4726
4351 4727
4351 4735
4352 4360
4352 4431
4352 4709
4352 4835
4353 4370
4353 4418
4353 4566
4353 4579
4353 4584
4353 4821
4353 4893
4355 4557
4355 4632
4355 4818
4355 4862
4355 4876
4355 4982
4356 4438
4356 4557
4356 4575
4356 4673
4356 4709
4357 4552
4357 4804
4357 4849
4358 4610
4358 4654
4358 4890
4359 4383
4359 4417
4359 4451
4359 4469
4359 4593
4359 4623
4359 4626
4359 4679
4359 4709
4359 4730
4359 4746
4359 4783
4359 4832
4360 4513
4360 4524
4360 4670
4360 4709
4361 4533
4361 4590
4361 4608
4361 4702
4362 4669
4363 4537
4364 4827
4365 4487
4365 4522
4365 4640
4365 4678
4365 4813
4365 4948
4365 4965
4366 4684
4366 4724
4366 4756
4366 4759
4366 4854
4367 4700
4367 4799
4367 4895
4368 4480
4368 4762
4369 4625
4369 4652
4369 4711
4369 4807
4369 4811
4369 4814
4369 4844
4369 4871
4369 4972
4371 4767
4371 4896
4372 4437
4372 4631
4372 4822
4372 4968
4372 4985
4373 4375
4373 4385
4373 4882
4374 4433
4374 4617
4374 4672
4374 4868
4375 4590
4376 4497
4376 4659
4376 4793
4376 4976
4376 4985
4377 4393
4377 4412
4377 4524
4377 4614
4377 4761
4378 4508
4378 4601
4378 4662
4378 4749
4379 4509
4379 4667
4379 4917
4379 4990
4380 4886
4381 4459
4381 4510
4381 4612
4381 4898
4381 4951
4382 4389
4382 4487
4382 4509
4383 4517
4383 4563
4383 4669
4383 4842
4383 4951
4384 4492
4384 4827
4385 4683
4385 4806
4386 4742
4386 4898
4387 4561
4387 4574
4387 4690
4387 4764
4387 4920
4388 4405
4388 4608
4388 4977
4389 4652
4389 4674
4389 4977
4390 4589
4390 4664
4390 4699
4390 4780
4390 4906
4391 4436
4391 4482
4391 4563
4391 4685
4391 4687
4391 4766
4391 4840
4391 4849
4392 4417
4392 4906
4393 4459
4393 4636
4393 4720
4393 4785
4393 4833
4394 4644
4394 4719
4395 4399
4395 4465
4395 4887
4396 4420
4396 4488
4396 4586
4396 4734
4396 4917
4397 4409
4397 4603
4397 4688
4398 4490
4398 4818
4399 4405
4399 4644
4399 4912
4400 4472
4400 4613
4400 4678
4401 4432
4401 4477
4401 4552
4401 4691
4401 4859
4402 4667
4402 4965
4403 4405
4403 4920
4403 4995
4404 4408
4404 4442
4404 4598
4404 4995
4405 4806
4406 4627
4406 4720
4406 4815
4407 4431
4407 4902
4407 4938
4408 4506
4408 4567
4408 4719
4408 4919
4408 4995
4409 4414
4409 4569
4409 4601
4409 4647
4409 4655
4409 4699
4409 4823
4409 4886
4410 4545
4411 4541
4411 4864
4411 4869
4412 4416
4412 4432
4412 4536
4412 4569
4412 4796
4412 4822
4412 4866
4413 4711
4413 4851
4414 4505
4414 4753
4414 4934
4414 4935
4415 4699
4415 4733
4415 4803
4415 4859
4415 4961
4415 4975
4416 4577
4416 4630
4416 4891
4416 4901
4417 4557
4417 4605
4418 4667
4418 4844
4418 4912
4419 4444
4419 4651
4419 4741
4419 4963
4420 4688
4421 4935
4421 4979
4422 4686
4423 4681
4423 4769
4424 4950
4425 4524
4425 4536
4425 4616
4425 4765
4426 4465
4426 4499
4426 4506
4426 4922
4427 4658
4427 4776
4427 4828
4428 4495
4429 4614
4429 4790
4430 4453
4430 4550
4430 4555
4430 4560
4431 4562
4431 4668
4431 4938
4431 4943
4432 4519
4432 4654
4432 4888
4432 4924
4433 4448
4433 4813
4433 4818
4434 4497
4434 4719
4434 4758
4434 4777
4434 4780
4435 4481
4435 4587
4435 4954
4436 4593
4436 4598
4436 4748
4437 4460
4437 4908
4438 4703
4438 4711
4438 4849
4439 4715
4439 4821
4440 4707
4440 4954
4440 4982
4441 4494
4441 4932
4441 4982
4442 4481
4442 4636
4442 4674
4442 4905
4442 4997
4443 4510
4443 4534
4443 4554
4443 4893
4444 4456
4444 4541
4444 4910
4444 4918
4445 4675
4445 4892
4445 4911
4446 4579
4446 4618
4446 4660
4446 4930
4447 4582
4447 4982
4448 4560
4448 4662
4448 4689
4449 4464
4449 4506
4449 4691
4449 4789
4449 4804
4450 4611
4450 4641
4450 4924
4450 4958
4451 4973
4452 4636
4452 4726
4452 4964
4452 4996
4453 4958
4455 4500
4455 4796
4455 4891
4456 4665
4456 4676
4456 4694
4457 4660
4457 4712
4458 4469
4458 4544
4458 4627
4458 4651
4459 4629
4459 4776
4459 4794
4460 4537
4460 4547
4460 4605
4461 4629
4461 4816
4461 4824
4462 4715
4462 4738
4462 4910
4463 4471
4464 4499
4464 4583
4464 4779
4464 4967
4465 4849
4465 4884
4466 4594
4466 4705
4467 4758
4467 4800
4468 4571
4468 4583
4468 4884
4468 4952
4469 4642
4469 4708
4470 4479
4470 4523
4470 4625
4470 4830
4470 4849
4470 4887
4470 4947
4471 4555
4473 4511
4473 4574
4473 4653
4473 4761
4473 4874
4473 4907
4474 4478
4474 4672
4475 4912
4476 4974
4477 4492
4477 4869
4478 4581
4478 4775
4478 4830
4479 4613
4479 4815
4479 4908
4481 4656
4481 4657
4482 4681
4482 4992
4483 4662
4483 4793
4483 4867
4483 4909
4484 4569
4484 4684
4485 4643
4486 4693
4486 4768
4486 4773
4486 4931
4486 4946
4487 4635
4487 4710
4487 4905
4488 4608
4488 4822
4489 4605
4489 4644
4490 4551
4490 4614
4490 4782
4490 4854
4490 4905
4491 4571
4491 4774
4491 4822
4491 4875
4491 4895
4491 4921
4491 4981
4492 4845
4493 4668
4493 4783
4494 4505
4494 4527
4494 4702
4494 4828
4494 4914
4495 4602
4495 4787
4495 4908
4495 4923
4496 4548
4496 4738
4496 4967
4497 4778
4497 4962
4498 4507
4498 4514
4498 4665
4498 4669
4498 4773
4498 4850
4499 4614
4499 4758
4499 4798
4500 4584
4500 4731
4501 4744
4501 4964
4502 4604
4502 4741
4502 4763
4502 4845
4502 4931
4503 4786
4504 4731
4504 4765
4505 4689
4505 4857
4505 4942
4506 4692
4506 4912
4507 4652
4507 4821
4507 4833
4508 4669
4508 4770
4509 4588
4509 4645
4510 4524
4510 4588
4510 4700
4511 4540
4511 4593
4511 4893
4512 4650
4512 4779
4512 4797
4512 4919
4513 4701
4514 4532
4515 4568
4515 4773
4515 4912
4517 4836
4518 4562
4518 4592
4518 4732
4518 4866
4519 4734
4520 4602
4520 4760
4521 4599
4522 4588
4522 4716
4522 4754
4522 4848
4523 4578
4523 4884
4524 4554
4524 4556
4524 4640
4524 4646
4525 4567
4525 4783
4526 4916
4527 4573
4527 4610
4527 4635
4527 4740
4527 4977
4528 4588
4528 4599
4528 4871
4528 4915
4528 4958
4528 4994
4529 4776
4530 4665
4530 4730
4530 4771
4530 4864
4533 4838
4534 4855
4535 4755
4536 4623
4536 4668
4536 4758
4536 4771
4536 4968
4537 4768
4537 4874
4538 4761
4539 4935
4540 4558
4540 4586
4540 4729
4540 4816
4540 4850
4540 4961
4542 4577
4542 4595
4542 4643
4542 4702
4542 4753
4542 4841
4542 4858
4543 4602
4543 4728
4543 4753
4543 4775
4543 4892
4544 4777
4544 4806
4545 4745
4545 4852
4545 4934
4546 4871
4546 4892
4547 4697
4547 4955
4548 4604
4548 4977
4549 4593
4549 4707
4549 4734
4549 4856
4549 4882
4549 4897
4549 4911
4550 4678
4550 4883
4551 4665
4551 4734
4552 4563
4552 4590
4552 4825
4552 4861
4553 4577
4553 4610
4553 4767
4553 4908
4553 4960
4553 4976
4554 4604
4554 4947
4555 4565
4555 4587
4555 4703
4555 4880
4556 4565
4556 4672
4556 4714
4557 4942
4558 4796
4558 4910
4559 4643
4559 4803
4559 4816
4559 4933
4560 4593
4560 4879
4560 4950
4560 4982
4560 4995
4561 4581
4561 4587
4561 4992
4562 4866
4562 4882
4562 4998
4563 4750
4563 4889
4564 4634
4564 4683
4564 4700
4564 4988
4565 4569
4565 4570
4565 4790
4566 4712
4566 4977
4567 4784
4567 4790
4567 4936
4568 4726
4568 4856
4569 4589
4569 4622
4569 4679
4569 4904
4570 4895
4570 4967
4571 4969
4571 4976
4571 4980
4572 4744
4572 4846
4572 4915
4573 4616
4574 4638
4574 4736
4575 4634
4575 4924
4576 4740
4577 4727
4577 4822
4578 4883
4580 4839
4581 4665
4581 4720
4581 4747
4581 4875
4581 4949
4582 4738
4582 4942
4583 4606
4583 4613
4583 4653
4583 4723
4583 4739
4583 4829
4583 4857
4583 4906
4584 4783
4584 4867
4584 4882
4584 4980
4585 4655
4585 4983
4587 4718
4587 4926
4588 4597
4589 4852
4590 4664
4590 4828
4590 4880
4590 4913
4591 4811
4592 4931
4593 4786
4593 4805
4593 4820
4594 4686
4595 4713
4595 4765
4595 4814
4596 4777
4597 4654
4597 4678
4597 4698
4598 4666
4598 4736
4599 4617
4599 4670
4599 4775
4599 4931
4600 4909
4600 4960
4601 4697
4601 4913
4602 4907
4603 4828
4604 4985
4604 4998
4605 4822
4606 4943
4607 4631
4607 4847
4607 4853
4607 4910
4608 4712
4608 4872
4609 4839
4610 4621
4610 4636
4610 4851
4610 4886
4611 4697
4611 4880
4611 4923
4611 4980
4612 4769
4612 4812
4612 4947
4613 4645
4613 4648
4613 4886
4614 4725
4616 4622
4616 4806
4616 4839
4616 4888
4618 4882
4619 4782
4619 4901
4620 4660
4620 4696
4620 4772
4622 4634
4622 4703
4623 4628
4623 4658
4623 4878
4623 4935
4623 4948
4624 4643
4624 4668
4624 4837
4624 4933
4625 4723
4626 4630
4626 4720
4626 4818
4626 4855
4626 4907
4627 4632
4628 4723
4629 4724
4629 4879
4629 4893
4630 4690
4630 4751
4631 4650
4631 4725
4631 4966
4632 4723
4632 4898
4632 4914
4633 4643
4633 4747
4633 4814
4633 4991
4634 4730
4634 4893
4636 4727
4636 4812
4636 4846
4637 4706
4637 4801
4637 4944
4638 4821
4639 4817
4639 4829
4640 4641
4640 4659
4640 4841
4641 4647
4642 4665
4642 4816
4643 4662
4643 4758
4644 4758
4644 4764
4646 4798
4646 4969
4647 4714
4647 4808
4647 4894
4649 4917
4650 4761
4650 4774
4650 4826
4651 4760
4651 4826
4653 4732
4653 4769
4653 4783
4653 4786
4654 4847
4655 4664
4655 4665
4655 4798
4655 4967
4656 4977
4656 4980
4657 4861
4658 4673
4658 4767
4658 4981
4659 4661
4659 4969
4660 4681
4660 4702
4660 4833
4660 4951
4660 4955
4661 4958
4662 4703
4662 4717
4662 4990
4663 4733
4664 4665
4664 4959
4664 4974
4666 4707
4666 4723
4670 4906
4671 4923
4671 4979
4672 4804
4673 4677
4673 4715
4675 4709
4675 4881
4676 4694
4676 4810
4676 4867
4677 4900
4678 4818
4678 4952
4678 4987
4679 4716
4679 4995
4680 4776
4680 4887
4681 4747
4681 4896
4681 4979
4682 4703
4682 4752
4683 4867
4683 4976
4684 4698
4684 4806
4684 4929
4687 4927
4688 4697
4688 4950
4688 4957
4689 4699
4690 4691
4690 4785
4690 4851
4690 4907
4693 4701
4693 4972
4694 4922
4694 4939
4694 4961
4695 4789
4696 4982
4697 4850
4697 4925
4697 4941
4698 4935
4699 4763
4699 4777
4699 4900
4700 4719
4700 4830
4701 4719
4702 4703
4702 4738
4702 4850
4702 4879
4703 4826
4703 4854
4703 4867
4704 4936
4705 4965
4706 4750
4706 4804
4706 4925
4706 4931
4706 4937
4708 4793
4709 4782
4709 4785
4709 4937
4710 4879
4711 4790
4711 4823
4711 4926
4711 4955
4712 4905
4713 4765
4714 4845
4715 4739
4715 4895
4715 4997
4717 4966
4718 4826
4719 4751
4719 4896
4719 4923
4720 4772
4720 4825
4723 4761
4724 4735
4724 4810
4724 4924
4725 4969
4726 4743
4726 4891
4727 4927
4728 4924
4729 4798
4729 4837
4729 4999
4730 4842
4730 4891
4730 4989
4733 4816
4734 4968
4734 4974
4735 4806
4735 4833
4735 4927
4736 4805
4736 4921
4738 4762
4738 4809
4738 4926
4739 4750
4739 4883
4739 4981
4740 4981
4741 4747
4741 4845
4741 4928
4741 4932
4742 4747
4744 4774
4744 4831
4745 4947
4746 4852
4746 4959
4747 4965
4748 4839
4748 4946
4749 4824
4749 4843
4752 4881
4752 4956
4754 4896
4754 4978
4755 4866
4755 4982
4756 4994
4757 4796
4757 4908
4758 4933
4758 4935
4759 4974
4760 4793
4760 4920
4760 4945
4762 4912
4763 4904
4763 4923
4763 4975
4763 4983
4764 4823
4764 4900
4765 4872
4765 4895
4765 4964
4766 4773
4766 4944
4766 4976
4767 4788
4768 4797
4768 4815
4769 4908
4769 4925
4769 4964
4772 4790
4772 4958
4772 4959
4772 4996
4773 4833
4773 4893
4773 4998
4774 4976
4776 4866
4776 4936
4778 4805
4778 4843
4780 4784
4780 4923
4781 4811
4781 4885
4782 4865
4784 4799
4784 4824
4784 4914
4784 4955
4786 4822
4786 4866
4786 4920
4786 4988
4787 4898
4788 4866
4789 4954
4793 4907
4794 4889
4794 4892
4794 4986
4796 4903
4797 4873
4800 4824
4800 4919
4801 4810
4801 4995
4803 4865
4803 4952
4804 4885
4804 4914
4804 4948
4804 4994
4805 4814
4805 4832
4806 4819
4807 4995
4809 4863
4810 4824
4811 4981
4812 4818
4812 4873
4812 4956
4813 4819
4813 4883
4814 4866
4814 4995
4817 4982
4818 4951
4818 4952
4820 4978
4820 4981
4820 4982
4821 4899
4823 4861
4823 4966
4824 4908
4824 4920
4826 4884
4826 4903
4828 4979
4829 4988
4830 4972
4831 4949
4833 4852
4834 4905
4834 4979
4837 4850
4838 4954
4839 4934
4840 4933
4841 4980
4843 4861
4843 4907
4844 4901
4844 4934
4846 4909
4851 4876
4854 4869
4855 4882
4856 4896
4857 4908
4858 4906
4860 4898
4860 4944
4860 4969
4861 4907
4861 4923
4863 4964
4865 4950
4865 4951
4868 4939
4868 4940
4868 4958
4868 4968
4869 4955
4872 4989
4875 4986
4876 4915
4876 4925
4877 4997
4878 4988
4880 4909
4882 4916
4883 4978
4885 4947
4886 4928
4886 4949
4889 4914
4891 4982
4896 4988
4896 4989
4897 4943
4898 4950
4898 4989
4899 4967
4902 4952
4902 4964
4902 4977
4903 4939
4904 4951
4908 4923
4909 4985
4914 4997
4919 4996
4921 4994
4922 4958
4928 4941
4928 4972
4928 4978
4928 4990
4932 4956
4934 4986
4951 4977
4952 4958
4969 4983
4971 4991
4976 4990
4979 4982
4993 4995
