# Erdos-Renyi general graph G(n, p)
# nodes=1000 edge_probability=0.1 seed=0 edges=50020
# first data line: '<node count> <edge count>', then one '<source> <target>' pair per line
1000 50020
0 36
0 41
0 53
0 76
0 98
0 113
0 118
0 125
0 126
0 133
0 142
0 153
0 170
0 173
0 187
0 200
0 218
0 226
0 229
0 238
0 249
0 250
0 256
0 267
0 274
0 283
0 286
0 290
0 307
0 308
0 310
0 311
0 325
0 334
0 361
0 369
0 370
0 372
0 374
0 375
0 403
0 407
0 413
0 418
0 419
0 430
0 433
0 466
0 467
0 475
0 488
0 491
0 494
0 498
0 499
0 501
0 503
0 506
0 513
0 515
0 543
0 545
0 546
0 547
0 554
0 558
0 584
0 587
0 603
0 614
0 649
0 652
0 654
0 657
0 659
0 664
0 665
0 695
0 698
0 700
0 722
0 724
0 740
0 741
0 754
0 756
0 759
0 764
0 765
0 770
0 774
0 794
0 824
0 829
0 848
0 863
0 864
0 878
0 880
0 881
0 884
0 885
0 903
0 907
0 917
0 923
0 933
0 935
0 936
0 958
0 960
0 984
0 994
0 996
1 45
1 58
1 75
1 76
1 77
1 85
1 91
1 94
1 97
1 101
1 114
1 120
1 122
1 129
1 142
1 145
1 148
1 162
1 172
1 174
1 178
1 181
1 186
1 187
1 195
1 205
1 210
1 211
1 217
1 222
1 226
1 241
1 252
1 254
1 258
1 261
1 268
1 276
1 292
1 296
1 302
1 304
1 341
1 381
1 396
1 409
1 421
1 428
1 445
1 446
1 460
1 470
1 471
1 480
1 528
1 535
1 536
1 543
1 545
1 552
1 555
1 572
1 601
1 603
1 617
1 623
1 655
1 686
1 693
1 700
1 703
1 711
1 725
1 729
1 734
1 742
1 755
1 763
1 792
1 797
1 809
1 816
1 825
1 850
1 859
1 869
1 889
1 896
1 897
1 899
1 913
1 916
1 924
1 967
1 971
1 976
1 984
1 986
2 3
2 18
2 20
2 39
2 66
2 67
2 68
2 77
2 81
2 84
2 93
2 106
2 108
2 110
2 111
2 123
2 129
2 135
2 141
2 158
2 164
2 171
2 179
2 189
2 236
2 244
2 249
2 260
2 274
2 281
2 283
2 287
2 307
2 313
2 325
2 329
2 332
2 349
2 353
2 363
2 375
2 382
2 396
2 398
2 410
2 419
2 430
2 439
2 456
2 476
2 481
2 499
2 509
2 519
2 523
2 553
2 562
2 573
2 578
2 598
2 605
2 606
2 613
2 615
2 646
2 675
2 680
2 689
2 694
2 696
2 704
2 705
2 709
2 717
2 718
2 747
2 750
2 758
2 759
2 761
2 772
2 781
2 785
2 795
2 799
2 800
2 801
2 805
2 810
2 811
2 827
2 829
2 849
2 867
2 881
2 889
2 894
2 913
2 932
2 944
2 957
2 960
2 963
2 977
2 987
2 990
3 6
3 9
3 10
3 31
3 37
3 40
3 44
3 71
3 82
3 86
3 109
3 113
3 118
3 119
3 143
3 148
3 152
3 155
3 178
3 192
3 195
3 197
3 200
3 216
3 223
3 270
3 271
3 273
3 275
3 281
3 292
3 305
3 316
3 321
3 336
3 348
3 367
3 381
3 409
3 415
3 433
3 434
3 441
3 451
3 453
3 464
3 473
3 474
3 475
3 501
3 509
3 534
3 544
3 573
3 575
3 581
3 598
3 609
3 616
3 618
3 620
3 650
3 665
3 666
3 693
3 698
3 701
3 704
3 716
3 722
3 727
3 742
3 747
3 754
3 794
3 816
3 828
3 831
3 835
3 845
3 854
3 859
3 875
3 880
3 884
3 890
3 895
3 911
3 919
3 927
3 939
3 953
3 959
3 964
3 977
4 11
4 19
4 27
4 63
4 94
4 111
4 114
4 128
4 137
4 148
4 162
4 167
4 175
4 182
4 188
4 217
4 221
4 224
4 225
4 234
4 236
4 242
4 247
4 261
4 281
4 333
4 337
4 338
4 353
4 362
4 364
4 366
4 368
4 389
4 399
4 413
4 429
4 440
4 447
4 448
4 485
4 488
4 497
4 499
4 514
4 518
4 532
4 539
4 551
4 556
4 563
4 577
4 586
4 592
4 602
4 608
4 612
4 619
4 629
4 633
4 635
4 636
4 641
4 645
4 659
4 669
4 671
4 678
4 679
4 686
4 688
4 702
4 713
4 717
4 721
4 754
4 761
4 765
4 789
4 796
4 797
4 803
4 806
4 818
4 819
4 826
4 841
4 851
4 855
4 861
4 899
4 902
4 903
4 931
4 953
4 957
4 961
4 962
4 975
4 985
5 36
5 39
5 63
5 64
5 65
5 98
5 100
5 104
5 117
5 133
5 143
5 155
5 167
5 183
5 190
5 214
5 215
5 216
5 217
5 220
5 227
5 231
5 232
5 238
5 246
5 254
5 288
5 315
5 319
5 326
5 345
5 346
5 349
5 350
5 353
5 354
5 355
5 358
5 364
5 371
5 376
5 377
5 387
5 398
5 401
5 413
5 436
5 437
5 444
5 448
5 478
5 488
5 501
5 502
5 549
5 555
5 577
5 589
5 591
5 620
5 628
5 639
5 645
5 652
5 664
5 665
5 666
5 704
5 714
5 722
5 741
5 751
5 755
5 768
5 776
5 779
5 783
5 790
5 817
5 829
5 833
5 842
5 844
5 857
5 858
5 880
5 882
5 887
5 897
5 898
5 923
5 927
5 931
5 934
5 944
5 973
5 979
5 983
5 990
5 993
6 16
6 20
6 21
6 29
6 38
6 40
6 47
6 82
6 84
6 87
6 97
6 109
6 110
6 113
6 115
6 137
6 151
6 152
6 154
6 171
6 198
6 212
6 219
6 221
6 223
6 225
6 228
6 238
6 258
6 261
6 269
6 315
6 320
6 324
6 327
6 335
6 339
6 352
6 359
6 360
6 363
6 366
6 375
6 378
6 379
6 382
6 399
6 402
6 405
6 406
6 409
6 425
6 444
6 481
6 485
6 487
6 493
6 499
6 502
6 515
6 534
6 540
6 572
6 574
6 622
6 637
6 679
6 680
6 682
6 694
6 696
6 706
6 710
6 744
6 747
6 748
6 759
6 760
6 771
6 792
6 855
6 871
6 892
6 901
6 904
6 907
6 912
6 922
6 924
6 928
6 933
6 934
6 955
6 962
6 964
6 967
6 974
6 995
7 19
7 22
7 32
7 43
7 52
7 72
7 74
7 83
7 98
7 101
7 106
7 134
7 136
7 139
7 152
7 185
7 192
7 202
7 204
7 205
7 206
7 209
7 210
7 212
7 216
7 225
7 230
7 240
7 255
7 263
7 267
7 316
7 320
7 335
7 354
7 361
7 364
7 377
7 378
7 391
7 401
7 415
7 422
7 426
7 427
7 432
7 441
7 457
7 478
7 482
7 486
7 494
7 508
7 515
7 522
7 523
7 529
7 536
7 553
7 606
7 617
7 619
7 623
7 634
7 639
7 654
7 655
7 682
7 689
7 702
7 704
7 708
7 713
7 728
7 743
7 761
7 769
7 783
7 785
7 796
7 822
7 823
7 837
7 846
7 856
7 871
7 888
7 894
7 900
7 909
7 910
7 914
7 916
7 927
7 932
7 947
7 948
7 951
7 955
7 958
7 961
7 968
7 973
7 977
7 983
7 989
7 996
7 998
8 16
8 32
8 34
8 36
8 38
8 45
8 66
8 73
8 94
8 111
8 122
8 136
8 145
8 153
8 168
8 173
8 174
8 195
8 196
8 211
8 218
8 227
8 238
8 251
8 281
8 305
8 308
8 318
8 322
8 329
8 332
8 350
8 361
8 372
8 382
8 395
8 397
8 414
8 421
8 424
8 430
8 434
8 435
8 440
8 448
8 464
8 484
8 490
8 511
8 529
8 540
8 551
8 569
8 571
8 574
8 587
8 588
8 604
8 617
8 660
8 670
8 675
8 679
8 693
8 716
8 726
8 729
8 737
8 779
8 782
8 785
8 793
8 801
8 804
8 806
8 825
8 831
8 844
8 845
8 847
8 875
8 877
8 881
8 884
8 906
8 918
8 934
8 941
8 948
8 963
8 974
8 983
8 989
8 997
9 30
9 44
9 54
9 58
9 62
9 67
9 73
9 99
9 106
9 111
9 112
9 115
9 128
9 130
9 169
9 179
9 188
9 193
9 210
9 220
9 235
9 248
9 255
9 256
9 270
9 275
9 287
9 290
9 296
9 305
9 311
9 329
9 356
9 357
9 363
9 370
9 383
9 396
9 401
9 415
9 423
9 426
9 430
9 432
9 435
9 446
9 448
9 452
9 453
9 468
9 469
9 479
9 496
9 528
9 537
9 551
9 561
9 563
9 591
9 602
9 610
9 618
9 622
9 631
9 635
9 649
9 658
9 659
9 692
9 710
9 723
9 737
9 738
9 749
9 770
9 771
9 784
9 785
9 802
9 810
9 815
9 817
9 818
9 821
9 841
9 847
9 857
9 862
9 863
9 864
9 866
9 889
9 896
9 902
9 908
9 909
9 914
9 925
9 943
9 946
9 956
9 960
9 971
9 989
9 990
10 15
10 21
10 25
10 34
10 36
10 50
10 52
10 56
10 69
10 72
10 86
10 88
10 95
10 102
10 111
10 113
10 137
10 138
10 147
10 182
10 183
10 205
10 209
10 213
10 222
10 225
10 229
10 252
10 253
10 256
10 264
10 267
10 272
10 276
10 280
10 283
10 285
10 290
10 291
10 303
10 305
10 307
10 317
10 338
10 344
10 347
10 354
10 358
10 365
10 376
10 409
10 418
10 443
10 445
10 454
10 465
10 472
10 483
10 489
10 493
10 497
10 518
10 529
10 541
10 551
10 555
10 558
10 571
10 610
10 619
10 621
10 651
10 662
10 663
10 665
10 668
10 678
10 689
10 706
10 711
10 725
10 733
10 740
10 742
10 745
10 752
10 755
10 774
10 776
10 778
10 779
10 783
10 788
10 804
10 815
10 823
10 831
10 844
10 861
10 869
10 871
10 874
10 875
10 877
10 879
10 897
10 920
10 945
10 963
10 967
10 993
10 994
10 998
11 17
11 23
11 36
11 69
11 74
11 85
11 102
11 153
11 171
11 180
11 192
11 197
11 204
11 227
11 229
11 231
11 243
11 244
11 257
11 263
11 275
11 343
11 360
11 361
11 362
11 372
11 379
11 384
11 386
11 402
11 419
11 470
11 489
11 494
11 508
11 522
11 528
11 561
11 564
11 569
11 578
11 591
11 596
11 597
11 604
11 609
11 610
11 614
11 623
11 628
11 639
11 641
11 652
11 654
11 659
11 660
11 676
11 681
11 683
11 690
11 700
11 701
11 702
11 709
11 727
11 732
11 734
11 752
11 753
11 756
11 758
11 766
11 773
11 774
11 779
11 828
11 829
11 830
11 831
11 835
11 843
11 848
11 853
11 859
11 863
11 870
11 894
11 904
11 919
11 926
11 931
11 939
11 945
11 947
11 955
11 973
11 982
11 986
11 991
12 16
12 73
12 75
12 76
12 81
12 82
12 89
12 91
12 119
12 124
12 126
12 135
12 137
12 170
12 188
12 196
12 200
12 205
12 207
12 223
12 229
12 240
12 244
12 252
12 253
12 255
12 270
12 271
12 282
12 321
12 322
12 334
12 357
12 359
12 369
12 398
12 400
12 409
12 410
12 414
12 440
12 441
12 460
12 482
12 488
12 490
12 511
12 521
12 522
12 531
12 550
12 561
12 567
12 587
12 595
12 602
12 605
12 636
12 650
12 654
12 656
12 657
12 658
12 681
12 688
12 691
12 692
12 697
12 698
12 713
12 723
12 739
12 751
12 765
12 770
12 771
12 779
12 799
12 822
12 826
12 841
12 846
12 849
12 852
12 861
12 876
12 879
12 880
12 891
12 895
12 901
12 909
12 919
12 945
12 948
12 979
12 992
13 16
13 18
13 22
13 23
13 25
13 30
13 38
13 75
13 116
13 117
13 134
13 163
13 212
13 216
13 226
13 232
13 234
13 236
13 257
13 283
13 298
13 322
13 325
13 330
13 343
13 344
13 348
13 359
13 366
13 374
13 378
13 381
13 383
13 386
13 387
13 405
13 410
13 418
13 423
13 424
13 434
13 438
13 442
13 474
13 479
13 490
13 494
13 514
13 534
13 556
13 558
13 587
13 591
13 593
13 594
13 595
13 597
13 601
13 611
13 636
13 652
13 662
13 664
13 669
13 673
13 675
13 679
13 690
13 706
13 728
13 740
13 741
13 757
13 758
13 762
13 775
13 781
13 782
13 784
13 793
13 798
13 805
13 809
13 813
13 814
13 826
13 851
13 855
13 861
13 863
13 867
13 872
13 876
13 882
13 888
13 903
13 924
13 935
13 939
13 969
13 995
14 18
14 29
14 36
14 39
14 43
14 50
14 54
14 68
14 77
14 85
14 92
14 103
14 106
14 113
14 126
14 138
14 147
14 148
14 150
14 153
14 169
14 171
14 179
14 214
14 222
14 225
14 228
14 231
14 238
14 253
14 259
14 283
14 286
14 288
14 290
14 293
14 303
14 305
14 308
14 354
14 362
14 363
14 364
14 370
14 371
14 382
14 385
14 386
14 394
14 411
14 420
14 425
14 428
14 439
14 440
14 443
14 467
14 468
14 475
14 477
14 478
14 495
14 513
14 527
14 536
14 537
14 544
14 551
14 553
14 555
14 558
14 589
14 598
14 616
14 623
14 628
14 630
14 632
14 636
14 656
14 659
14 669
14 676
14 684
14 699
14 700
14 702
14 704
14 713
14 714
14 720
14 728
14 729
14 747
14 757
14 763
14 767
14 780
14 782
14 815
14 826
14 828
14 843
14 856
14 860
14 867
14 880
14 881
14 888
14 891
14 894
14 912
14 913
14 918
14 921
14 922
14 932
14 939
14 950
14 951
14 956
14 981
14 989
15 18
15 21
15 40
15 42
15 46
15 67
15 74
15 85
15 103
15 114
15 115
15 124
15 127
15 156
15 171
15 182
15 205
15 225
15 234
15 247
15 254
15 277
15 283
15 286
15 325
15 336
15 337
15 338
15 343
15 354
15 357
15 369
15 370
15 373
15 379
15 381
15 388
15 406
15 426
15 430
15 439
15 440
15 449
15 453
15 459
15 467
15 472
15 473
15 483
15 486
15 496
15 502
15 513
15 518
15 527
15 530
15 534
15 544
15 545
15 568
15 571
15 572
15 577
15 588
15 589
15 601
15 612
15 623
15 629
15 643
15 651
15 655
15 659
15 684
15 723
15 743
15 750
15 752
15 760
15 775
15 777
15 790
15 794
15 795
15 806
15 820
15 838
15 851
15 876
15 888
15 899
15 909
15 924
15 933
15 943
15 962
15 976
15 994
15 997
16 19
16 35
16 38
16 40
16 42
16 61
16 68
16 95
16 96
16 102
16 122
16 134
16 183
16 186
16 202
16 223
16 225
16 233
16 244
16 247
16 253
16 273
16 281
16 332
16 333
16 339
16 357
16 384
16 397
16 412
16 416
16 425
16 430
16 439
16 448
16 450
16 455
16 495
16 497
16 498
16 518
16 521
16 522
16 531
16 542
16 551
16 556
16 558
16 559
16 568
16 581
16 586
16 587
16 592
16 603
16 617
16 618
16 621
16 631
16 640
16 656
16 659
16 672
16 688
16 695
16 711
16 717
16 725
16 733
16 757
16 764
16 770
16 772
16 804
16 829
16 834
16 844
16 871
16 875
16 878
16 897
16 913
16 924
16 926
16 929
16 932
16 933
16 935
16 946
16 958
16 997
17 90
17 109
17 118
17 151
17 164
17 172
17 183
17 187
17 188
17 220
17 239
17 246
17 248
17 251
17 266
17 294
17 295
17 345
17 350
17 352
17 368
17 377
17 393
17 394
17 399
17 403
17 414
17 444
17 445
17 450
17 457
17 460
17 461
17 467
17 471
17 489
17 498
17 499
17 513
17 536
17 543
17 545
17 570
17 583
17 602
17 622
17 635
17 639
17 641
17 656
17 669
17 678
17 730
17 735
17 754
17 766
17 767
17 773
17 792
17 798
17 812
17 822
17 823
17 826
17 827
17 838
17 846
17 855
17 889
17 928
17 932
17 944
17 949
17 961
17 975
17 979
18 22
18 24
18 66
18 83
18 114
18 115
18 117
18 118
18 141
18 185
18 191
18 214
18 225
18 227
18 235
18 236
18 252
18 260
18 266
18 270
18 271
18 277
18 287
18 290
18 306
18 332
18 333
18 344
18 363
18 366
18 402
18 408
18 409
18 434
18 446
18 448
18 484
18 485
18 493
18 510
18 529
18 530
18 546
18 569
18 574
18 601
18 606
18 610
18 624
18 646
18 671
18 697
18 698
18 699
18 700
18 703
18 715
18 720
18 721
18 743
18 757
18 760
18 761
18 762
18 770
18 797
18 809
18 836
18 839
18 848
18 851
18 863
18 873
18 893
18 898
18 918
18 924
18 963
18 970
18 971
18 973
18 982
19 20
19 21
19 30
19 38
19 44
19 91
19 94
19 99
19 100
19 110
19 115
19 123
19 124
19 173
19 176
19 186
19 196
19 221
19 227
19 230
19 238
19 241
19 249
19 255
19 287
19 312
19 324
19 325
19 329
19 341
19 342
19 344
19 348
19 350
19 362
19 389
19 409
19 410
19 412
19 416
19 417
19 420
19 449
19 462
19 487
19 489
19 496
19 505
19 508
19 510
19 514
19 524
19 537
19 543
19 572
19 584
19 597
19 614
19 623
19 635
19 649
19 657
19 663
19 670
19 679
19 691
19 711
19 713
19 720
19 727
19 742
19 748
19 769
19 778
19 783
19 790
19 803
19 812
19 826
19 829
19 880
19 883
19 887
19 902
19 916
19 917
19 918
19 922
19 925
19 935
19 939
19 950
19 958
19 962
19 996
20 22
20 33
20 34
20 35
20 49
20 55
20 56
20 75
20 77
20 91
20 100
20 101
20 102
20 109
20 128
20 143
20 145
20 149
20 173
20 184
20 203
20 211
20 216
20 222
20 227
20 240
20 267
20 275
20 302
20 306
20 318
20 344
20 348
20 352
20 355
20 356
20 362
20 383
20 389
20 392
20 396
20 409
20 410
20 412
20 413
20 436
20 446
20 460
20 466
20 478
20 507
20 524
20 539
20 549
20 573
20 576
20 594
20 609
20 611
20 620
20 633
20 635
20 637
20 651
20 659
20 672
20 675
20 678
20 695
20 697
20 712
20 749
20 752
20 762
20 769
20 773
20 788
20 793
20 798
20 817
20 818
20 828
20 834
20 847
20 853
20 857
20 863
20 875
20 886
20 888
20 890
20 893
20 905
20 923
20 932
20 941
20 954
20 959
20 972
20 997
21 30
21 51
21 65
21 77
21 79
21 82
21 83
21 88
21 89
21 110
21 111
21 121
21 139
21 144
21 146
21 147
21 150
21 151
21 153
21 162
21 164
21 165
21 177
21 218
21 221
21 241
21 257
21 261
21 264
21 268
21 293
21 299
21 308
21 311
21 332
21 354
21 360
21 361
21 362
21 368
21 381
21 393
21 410
21 411
21 422
21 426
21 437
21 450
21 455
21 470
21 472
21 479
21 501
21 510
21 522
21 525
21 531
21 578
21 584
21 585
21 587
21 588
21 593
21 596
21 606
21 620
21 626
21 634
21 656
21 657
21 662
21 663
21 667
21 668
21 670
21 680
21 687
21 695
21 717
21 726
21 744
21 779
21 781
21 798
21 806
21 807
21 814
21 819
21 852
21 863
21 898
21 902
21 906
21 921
21 930
21 937
21 951
21 954
21 964
21 985
21 990
21 991
22 42
22 43
22 49
22 80
22 82
22 90
22 91
22 100
22 111
22 141
22 161
22 184
22 185
22 188
22 204
22 222
22 237
22 240
22 243
22 258
22 282
22 284
22 291
22 294
22 300
22 316
22 342
22 389
22 391
22 397
22 471
22 490
22 496
22 503
22 505
22 519
22 532
22 553
22 560
22 568
22 571
22 583
22 586
22 600
22 603
22 613
22 617
22 620
22 626
22 628
22 638
22 641
22 645
22 656
22 659
22 668
22 697
22 702
22 706
22 712
22 719
22 720
22 729
22 731
22 732
22 735
22 743
22 758
22 762
22 763
22 778
22 799
22 813
22 820
22 833
22 835
22 846
22 854
22 874
22 877
22 879
22 892
22 893
22 908
22 915
22 936
22 946
22 947
22 948
22 949
22 954
22 958
22 961
22 966
23 60
23 70
23 71
23 72
23 91
23 103
23 114
23 116
23 121
23 128
23 138
23 155
23 174
23 186
23 198
23 210
23 213
23 216
23 218
23 221
23 223
23 245
23 252
23 253
23 266
23 270
23 271
23 279
23 286
23 293
23 314
23 315
23 319
23 320
23 324
23 356
23 371
23 375
23 390
23 412
23 419
23 442
23 461
23 462
23 466
23 469
23 471
23 487
23 490
23 495
23 499
23 531
23 566
23 571
23 590
23 600
23 613
23 618
23 621
23 632
23 656
23 658
23 668
23 670
23 678
23 682
23 684
23 688
23 712
23 713
23 732
23 739
23 749
23 763
23 782
23 789
23 792
23 800
23 801
23 807
23 814
23 817
23 830
23 835
23 836
23 846
23 874
23 887
23 898
23 909
23 916
23 932
23 943
23 957
23 959
23 964
23 973
23 975
23 982
23 993
23 996
24 27
24 30
24 37
24 39
24 44
24 46
24 52
24 53
24 55
24 67
24 93
24 108
24 113
24 123
24 130
24 135
24 141
24 162
24 170
24 178
24 184
24 199
24 206
24 210
24 215
24 217
24 230
24 241
24 251
24 253
24 259
24 291
24 295
24 302
24 303
24 306
24 311
24 321
24 323
24 334
24 342
24 346
24 359
24 363
24 374
24 389
24 391
24 400
24 402
24 409
24 423
24 435
24 437
24 438
24 440
24 451
24 456
24 510
24 517
24 529
24 530
24 535
24 546
24 549
24 554
24 564
24 582
24 583
24 597
24 598
24 602
24 615
24 622
24 624
24 625
24 629
24 637
24 653
24 655
24 682
24 688
24 708
24 716
24 717
24 756
24 775
24 783
24 784
24 795
24 811
24 826
24 827
24 837
24 846
24 847
24 862
24 869
24 870
24 883
24 890
24 894
24 896
24 902
24 940
24 949
24 952
24 963
24 989
24 996
25 29
25 30
25 41
25 58
25 63
25 82
25 85
25 96
25 100
25 113
25 134
25 136
25 142
25 178
25 189
25 198
25 201
25 220
25 233
25 237
25 240
25 261
25 264
25 278
25 280
25 283
25 287
25 288
25 290
25 293
25 294
25 306
25 314
25 321
25 322
25 332
25 340
25 341
25 346
25 364
25 377
25 408
25 414
25 444
25 448
25 452
25 477
25 478
25 504
25 511
25 522
25 530
25 531
25 533
25 535
25 542
25 543
25 558
25 567
25 572
25 588
25 600
25 639
25 640
25 651
25 666
25 671
25 679
25 691
25 695
25 703
25 705
25 714
25 722
25 733
25 739
25 748
25 758
25 761
25 772
25 784
25 785
25 787
25 808
25 811
25 813
25 814
25 819
25 832
25 845
25 846
25 860
25 864
25 867
25 880
25 884
25 888
25 905
25 926
25 928
25 937
25 941
25 956
25 966
25 975
25 999
26 42
26 51
26 56
26 75
26 81
26 97
26 102
26 104
26 105
26 134
26 135
26 138
26 155
26 169
26 206
26 211
26 214
26 216
26 223
26 245
26 249
26 260
26 262
26 282
26 284
26 296
26 298
26 300
26 311
26 335
26 349
26 350
26 356
26 372
26 373
26 385
26 392
26 398
26 401
26 409
26 417
26 437
26 440
26 454
26 458
26 491
26 508
26 543
26 545
26 561
26 585
26 592
26 601
26 624
26 625
26 631
26 650
26 674
26 675
26 680
26 706
26 710
26 717
26 724
26 760
26 780
26 821
26 829
26 851
26 853
26 884
26 886
26 896
26 905
26 939
26 962
26 977
26 983
26 985
26 994
27 47
27 64
27 76
27 91
27 92
27 93
27 96
27 97
27 99
27 103
27 105
27 109
27 114
27 122
27 128
27 150
27 155
27 156
27 165
27 200
27 204
27 206
27 221
27 244
27 249
27 259
27 267
27 276
27 281
27 282
27 299
27 316
27 334
27 341
27 343
27 349
27 354
27 358
27 364
27 374
27 390
27 391
27 401
27 422
27 450
27 476
27 477
27 478
27 506
27 530
27 533
27 545
27 549
27 554
27 562
27 598
27 599
27 611
27 615
27 616
27 628
27 635
27 651
27 668
27 696
27 737
27 750
27 761
27 779
27 807
27 827
27 842
27 846
27 866
27 875
27 881
27 895
27 896
27 912
27 933
27 944
27 947
27 952
27 968
27 975
27 981
27 988
27 996
28 46
28 47
28 75
28 98
28 102
28 106
28 119
28 121
28 136
28 147
28 150
28 156
28 167
28 188
28 193
28 196
28 218
28 219
28 221
28 222
28 225
28 252
28 254
28 258
28 295
28 342
28 376
28 380
28 388
28 393
28 397
28 422
28 426
28 433
28 436
28 444
28 446
28 452
28 458
28 475
28 486
28 489
28 506
28 521
28 529
28 531
28 561
28 562
28 565
28 568
28 609
28 663
28 671
28 682
28 700
28 757
28 766
28 773
28 794
28 815
28 816
28 818
28 827
28 840
28 848
28 868
28 879
28 887
28 892
28 897
28 900
28 908
28 910
28 934
28 948
28 949
28 953
28 965
28 973
28 974
28 980
28 989
28 995
29 36
29 48
29 52
29 62
29 69
29 76
29 90
29 104
29 106
29 108
29 120
29 128
29 132
29 137
29 141
29 163
29 167
29 173
29 176
29 177
29 210
29 211
29 218
29 229
29 239
29 255
29 256
29 259
29 264
29 272
29 281
29 311
29 332
29 336
29 361
29 364
29 367
29 369
29 389
29 392
29 417
29 419
29 420
29 422
29 424
29 426
29 429
29 442
29 462
29 463
29 467
29 472
29 490
29 496
29 527
29 532
29 559
29 568
29 586
29 589
29 605
29 612
29 619
29 622
29 624
29 638
29 643
29 645
29 650
29 656
29 661
29 671
29 680
29 693
29 703
29 705
29 706
29 707
29 715
29 718
29 720
29 730
29 742
29 745
29 754
29 760
29 776
29 778
29 798
29 815
29 824
29 853
29 854
29 865
29 874
29 877
29 899
29 901
29 902
29 915
29 918
29 924
29 928
29 935
29 951
29 953
29 954
29 974
29 981
29 982
29 984
29 997
30 39
30 46
30 63
30 69
30 74
30 84
30 100
30 111
30 119
30 133
30 155
30 196
30 213
30 255
30 256
30 260
30 270
30 317
30 320
30 345
30 347
30 351
30 357
30 385
30 405
30 406
30 407
30 414
30 423
30 457
30 471
30 487
30 494
30 505
30 506
30 518
30 522
30 524
30 525
30 541
30 545
30 548
30 554
30 574
30 575
30 580
30 598
30 599
30 614
30 616
30 649
30 655
30 659
30 698
30 701
30 707
30 720
30 721
30 748
30 757
30 760
30 768
30 780
30 797
30 805
30 806
30 825
30 833
30 839
30 842
30 848
30 855
30 859
30 868
30 877
30 882
30 885
30 893
30 895
30 897
30 907
30 944
30 959
30 967
30 969
30 978
30 998
31 42
31 45
31 51
31 52
31 68
31 74
31 75
31 99
31 116
31 117
31 121
31 153
31 163
31 176
31 177
31 178
31 180
31 196
31 197
31 198
31 199
31 202
31 209
31 219
31 227
31 240
31 245
31 249
31 251
31 253
31 257
31 264
31 293
31 327
31 329
31 350
31 353
31 368
31 374
31 381
31 390
31 404
31 417
31 432
31 436
31 439
31 443
31 451
31 466
31 484
31 487
31 492
31 494
31 502
31 503
31 511
31 529
31 540
31 547
31 576
31 579
31 590
31 607
31 617
31 655
31 658
31 659
31 666
31 695
31 697
31 717
31 721
31 732
31 741
31 742
31 746
31 749
31 756
31 768
31 809
31 815
31 826
31 833
31 848
31 858
31 867
31 870
31 887
31 890
31 898
31 910
31 913
31 916
31 935
31 942
31 947
31 953
31 965
31 976
31 982
31 989
32 38
32 43
32 44
32 64
32 67
32 73
32 86
32 103
32 112
32 114
32 121
32 128
32 136
32 152
32 175
32 193
32 199
32 204
32 232
32 242
32 263
32 267
32 278
32 289
32 294
32 296
32 327
32 330
32 335
32 336
32 339
32 341
32 349
32 366
32 367
32 368
32 369
32 373
32 374
32 376
32 377
32 381
32 384
32 389
32 402
32 422
32 431
32 444
32 458
32 460
32 471
32 476
32 477
32 487
32 493
32 497
32 499
32 509
32 523
32 531
32 534
32 536
32 538
32 544
32 549
32 553
32 586
32 601
32 606
32 618
32 626
32 629
32 644
32 646
32 655
32 657
32 663
32 683
32 689
32 696
32 705
32 729
32 730
32 733
32 739
32 765
32 803
32 831
32 848
32 858
32 861
32 868
32 871
32 874
32 882
32 886
32 903
32 909
32 926
32 958
32 959
32 961
32 969
32 975
32 977
33 55
33 74
33 75
33 76
33 91
33 109
33 138
33 143
33 149
33 160
33 169
33 179
33 189
33 221
33 231
33 242
33 244
33 267
33 268
33 269
33 278
33 281
33 297
33 307
33 309
33 328
33 337
33 349
33 350
33 390
33 410
33 419
33 444
33 453
33 462
33 463
33 476
33 481
33 488
33 506
33 508
33 514
33 536
33 545
33 556
33 577
33 590
33 602
33 610
33 619
33 649
33 650
33 651
33 653
33 655
33 659
33 663
33 667
33 689
33 704
33 718
33 721
33 725
33 731
33 733
33 745
33 747
33 754
33 758
33 788
33 795
33 802
33 804
33 814
33 815
33 818
33 823
33 839
33 843
33 845
33 853
33 855
33 863
33 880
33 886
33 925
33 927
33 930
33 944
33 947
33 962
33 964
33 972
33 974
33 983
33 985
33 993
34 39
34 43
34 52
34 56
34 70
34 82
34 112
34 117
34 118
34 121
34 135
34 139
34 149
34 153
34 172
34 178
34 199
34 209
34 211
34 221
34 226
34 259
34 264
34 272
34 275
34 280
34 283
34 284
34 314
34 317
34 330
34 333
34 341
34 348
34 350
34 353
34 356
34 374
34 377
34 393
34 398
34 447
34 453
34 456
34 460
34 465
34 478
34 484
34 496
34 514
34 515
34 517
34 524
34 527
34 538
34 539
34 542
34 579
34 582
34 583
34 588
34 591
34 593
34 606
34 615
34 633
34 641
34 655
34 664
34 690
34 693
34 697
34 699
34 700
34 702
34 703
34 719
34 732
34 734
34 738
34 740
34 742
34 751
34 756
34 760
34 769
34 792
34 794
34 800
34 826
34 828
34 831
34 838
34 840
34 863
34 869
34 877
34 880
34 924
34 925
34 930
34 932
34 941
34 951
34 963
34 964
34 982
34 984
34 986
34 999
35 36
35 41
35 48
35 53
35 65
35 82
35 83
35 86
35 89
35 93
35 96
35 148
35 174
35 189
35 193
35 196
35 206
35 212
35 222
35 224
35 227
35 237
35 263
35 268
35 271
35 294
35 297
35 303
35 304
35 305
35 308
35 315
35 321
35 326
35 330
35 336
35 342
35 344
35 348
35 364
35 390
35 399
35 404
35 415
35 421
35 430
35 491
35 500
35 512
35 518
35 522
35 530
35 541
35 546
35 554
35 560
35 569
35 574
35 576
35 577
35 591
35 594
35 603
35 605
35 611
35 616
35 623
35 636
35 687
35 692
35 696
35 702
35 735
35 737
35 741
35 749
35 788
35 812
35 819
35 826
35 832
35 855
35 856
35 863
35 874
35 887
35 902
35 914
35 937
35 951
35 969
35 974
35 980
35 984
35 990
35 996
36 38
36 46
36 47
36 61
36 63
36 66
36 82
36 93
36 96
36 99
36 102
36 103
36 107
36 134
36 143
36 154
36 162
36 169
36 176
36 185
36 190
36 191
36 192
36 200
36 205
36 207
36 221
36 229
36 231
36 235
36 238
36 251
36 259
36 261
36 277
36 284
36 285
36 294
36 312
36 333
36 335
36 341
36 342
36 360
36 361
36 365
36 369
36 379
36 380
36 399
36 416
36 420
36 431
36 442
36 452
36 455
36 457
36 462
36 463
36 473
36 475
36 484
36 486
36 498
36 501
36 503
36 520
36 525
36 583
36 589
36 592
36 604
36 610
36 634
36 638
36 640
36 659
36 667
36 674
36 697
36 699
36 715
36 716
36 718
36 729
36 737
36 739
36 770
36 797
36 799
36 820
36 837
36 860
36 862
36 863
36 870
36 881
36 883
36 907
36 922
36 924
36 928
36 936
36 946
36 980
36 983
36 988
36 997
37 41
37 50
37 51
37 68
37 71
37 77
37 82
37 86
37 100
37 103
37 122
37 134
37 145
37 146
37 150
37 151
37 187
37 194
37 196
37 198
37 208
37 226
37 246
37 265
37 277
37 292
37 293
37 297
37 299
37 305
37 307
37 310
37 313
37 322
37 327
37 328
37 330
37 334
37 335
37 339
37 340
37 349
37 353
37 357
37 364
37 367
37 375
37 378
37 392
37 402
37 447
37 450
37 452
37 466
37 474
37 477
37 484
37 485
37 492
37 501
37 510
37 511
37 512
37 523
37 537
37 547
37 548
37 550
37 552
37 573
37 583
37 591
37 610
37 622
37 647
37 667
37 670
37 699
37 707
37 711
37 715
37 716
37 723
37 739
37 745
37 755
37 760
37 762
37 766
37 767
37 776
37 777
37 789
37 802
37 815
37 817
37 820
37 823
37 838
37 850
37 867
37 888
37 911
37 913
37 915
37 922
37 924
37 926
37 934
37 944
37 952
37 954
37 983
37 989
37 990
38 50
38 68
38 76
38 92
38 96
38 100
38 107
38 114
38 136
38 146
38 149
38 150
38 151
38 159
38 176
38 179
38 188
38 212
38 225
38 230
38 233
38 234
38 260
38 262
38 265
38 269
38 293
38 300
38 314
38 328
38 333
38 341
38 343
38 344
38 368
38 370
38 376
38 389
38 394
38 405
38 424
38 434
38 455
38 457
38 459
38 461
38 469
38 474
38 507
38 524
38 525
38 550
38 551
38 557
38 558
38 566
38 571
38 573
38 579
38 587
38 608
38 611
38 612
38 619
38 631
38 632
38 640
38 641
38 649
38 655
38 660
38 671
38 710
38 715
38 738
38 741
38 754
38 773
38 777
38 779
38 814
38 829
38 848
38 855
38 889
38 910
38 922
38 926
38 928
38 933
38 936
38 982
38 984
39 49
39 56
39 59
39 64
39 84
39 102
39 111
39 145
39 154
39 160
39 172
39 179
39 194
39 197
39 199
39 203
39 205
39 219
39 226
39 239
39 241
39 244
39 248
39 255
39 260
39 263
39 268
39 276
39 277
39 287
39 293
39 295
39 330
39 332
39 347
39 358
39 366
39 374
39 381
39 386
39 388
39 393
39 421
39 424
39 437
39 447
39 475
39 478
39 486
39 500
39 502
39 507
39 515
39 521
39 529
39 546
39 569
39 582
39 584
39 597
39 609
39 612
39 615
39 619
39 631
39 639
39 655
39 667
39 669
39 674
39 688
39 703
39 709
39 710
39 713
39 718
39 740
39 744
39 751
39 754
39 766
39 780
39 782
39 784
39 806
39 817
39 833
39 857
39 865
39 896
39 911
39 941
39 945
39 963
39 966
39 969
39 980
40 43
40 50
40 62
40 63
40 65
40 70
40 78
40 91
40 100
40 105
40 125
40 133
40 153
40 166
40 167
40 171
40 184
40 193
40 202
40 237
40 247
40 266
40 275
40 279
40 287
40 292
40 294
40 295
40 303
40 316
40 347
40 391
40 398
40 417
40 422
40 434
40 448
40 450
40 486
40 500
40 506
40 521
40 522
40 533
40 541
40 554
40 577
40 578
40 614
40 617
40 636
40 644
40 646
40 652
40 668
40 675
40 681
40 692
40 695
40 705
40 721
40 734
40 746
40 757
40 758
40 766
40 828
40 831
40 852
40 853
40 854
40 858
40 859
40 862
40 864
40 888
40 906
40 909
40 913
40 914
40 935
40 941
40 946
40 951
40 952
40 959
40 962
40 968
40 986
41 55
41 58
41 62
41 77
41 88
41 93
41 98
41 130
41 167
41 197
41 206
41 213
41 218
41 228
41 248
41 252
41 253
41 259
41 265
41 267
41 301
41 305
41 309
41 322
41 325
41 338
41 353
41 363
41 365
41 384
41 422
41 424
41 432
41 441
41 494
41 495
41 502
41 505
41 508
41 509
41 547
41 552
41 583
41 584
41 585
41 598
41 608
41 623
41 626
41 627
41 631
41 649
41 650
41 672
41 689
41 698
41 711
41 721
41 732
41 741
41 750
41 766
41 783
41 799
41 800
41 804
41 813
41 836
41 839
41 905
41 916
41 923
41 926
41 938
41 954
41 958
41 983
41 993
41 996
41 998
42 43
42 62
42 87
42 90
42 91
42 101
42 106
42 118
42 119
42 171
42 172
42 205
42 219
42 228
42 233
42 260
42 271
42 274
42 307
42 315
42 324
42 326
42 328
42 337
42 338
42 351
42 353
42 360
42 362
42 372
42 375
42 381
42 386
42 387
42 413
42 429
42 440
42 468
42 479
42 480
42 510
42 560
42 563
42 565
42 575
42 593
42 599
42 604
42 606
42 615
42 621
42 626
42 638
42 641
42 647
42 651
42 654
42 670
42 690
42 706
42 715
42 722
42 727
42 731
42 741
42 764
42 765
42 780
42 781
42 788
42 789
42 798
42 801
42 822
42 827
42 840
42 869
42 871
42 885
42 888
42 891
42 908
42 920
42 926
42 936
42 948
42 951
42 966
42 999
43 57
43 58
43 66
43 74
43 75
43 76
43 87
43 99
43 101
43 103
43 113
43 118
43 135
43 139
43 149
43 161
43 162
43 183
43 186
43 194
43 206
43 210
43 224
43 234
43 238
43 268
43 271
43 282
43 310
43 317
43 318
43 320
43 327
43 345
43 349
43 357
43 366
43 373
43 377
43 379
43 391
43 392
43 416
43 443
43 452
43 466
43 471
43 472
43 476
43 482
43 487
43 495
43 497
43 512
43 513
43 514
43 517
43 518
43 525
43 527
43 535
43 539
43 541
43 554
43 569
43 584
43 586
43 587
43 603
43 604
43 610
43 612
43 616
43 619
43 623
43 665
43 675
43 708
43 722
43 739
43 752
43 758
43 772
43 778
43 782
43 787
43 796
43 805
43 807
43 827
43 829
43 831
43 832
43 839
43 856
43 869
43 906
43 910
43 914
43 919
43 925
43 943
43 968
43 995
44 55
44 72
44 74
44 80
44 84
44 86
44 109
44 110
44 119
44 138
44 152
44 153
44 169
44 172
44 186
44 214
44 216
44 217
44 225
44 228
44 238
44 245
44 246
44 269
44 277
44 300
44 306
44 311
44 313
44 317
44 323
44 332
44 341
44 348
44 369
44 380
44 397
44 410
44 419
44 427
44 440
44 445
44 447
44 454
44 457
44 458
44 473
44 484
44 495
44 503
44 504
44 516
44 529
44 530
44 533
44 543
44 560
44 568
44 576
44 580
44 590
44 596
44 597
44 606
44 609
44 615
44 622
44 625
44 634
44 638
44 649
44 660
44 682
44 686
44 690
44 710
44 717
44 720
44 728
44 746
44 752
44 753
44 786
44 793
44 801
44 803
44 813
44 814
44 823
44 840
44 843
44 848
44 868
44 875
44 884
44 911
44 937
44 943
44 972
44 985
44 999
45 52
45 60
45 109
45 113
45 121
45 137
45 147
45 152
45 163
45 167
45 171
45 203
45 226
45 245
45 277
45 296
45 300
45 318
45 331
45 335
45 345
45 360
45 361
45 388
45 390
45 397
45 409
45 416
45 444
45 471
45 478
45 479
45 500
45 510
45 511
45 526
45 545
45 548
45 561
45 604
45 611
45 618
45 631
45 635
45 642
45 657
45 682
45 684
45 690
45 707
45 711
45 713
45 719
45 723
45 747
45 748
45 754
45 755
45 787
45 788
45 795
45 808
45 813
45 819
45 823
45 831
45 841
45 860
45 861
45 876
45 884
45 904
45 929
45 937
45 953
45 963
45 964
45 999
46 61
46 93
46 113
46 118
46 124
46 133
46 162
46 174
46 197
46 206
46 230
46 236
46 268
46 271
46 275
46 283
46 289
46 293
46 304
46 308
46 323
46 325
46 327
46 331
46 340
46 342
46 354
46 405
46 411
46 412
46 419
46 420
46 423
46 427
46 431
46 465
46 489
46 505
46 517
46 518
46 519
46 524
46 527
46 566
46 577
46 584
46 591
46 599
46 600
46 612
46 615
46 629
46 637
46 646
46 652
46 654
46 660
46 670
46 676
46 684
46 685
46 711
46 716
46 721
46 725
46 729
46 752
46 755
46 760
46 761
46 772
46 788
46 793
46 794
46 800
46 805
46 845
46 860
46 865
46 869
46 873
46 880
46 887
46 893
46 910
46 916
46 921
46 933
46 939
46 945
46 961
46 981
47 52
47 60
47 71
47 75
47 81
47 88
47 104
47 114
47 116
47 117
47 123
47 131
47 134
47 175
47 184
47 185
47 216
47 219
47 228
47 230
47 240
47 241
47 242
47 250
47 260
47 271
47 287
47 293
47 300
47 319
47 337
47 342
47 347
47 372
47 373
47 377
47 379
47 393
47 410
47 411
47 416
47 435
47 445
47 464
47 469
47 482
47 497
47 505
47 512
47 515
47 517
47 530
47 533
47 539
47 547
47 549
47 556
47 569
47 575
47 581
47 607
47 626
47 628
47 634
47 644
47 661
47 669
47 708
47 716
47 734
47 750
47 770
47 779
47 795
47 801
47 803
47 808
47 809
47 810
47 813
47 844
47 849
47 852
47 853
47 870
47 872
47 877
47 879
47 889
47 905
47 918
47 921
47 923
47 933
47 937
47 941
47 955
47 958
47 974
47 978
47 982
48 49
48 59
48 78
48 82
48 84
48 94
48 96
48 138
48 152
48 160
48 195
48 205
48 209
48 218
48 232
48 236
48 238
48 240
48 294
48 309
48 325
48 331
48 344
48 345
48 351
48 355
48 362
48 363
48 373
48 388
48 391
48 393
48 401
48 408
48 413
48 442
48 451
48 458
48 459
48 489
48 492
48 505
48 508
48 509
48 511
48 527
48 544
48 572
48 576
48 578
48 579
48 582
48 584
48 587
48 600
48 601
48 605
48 612
48 615
48 637
48 638
48 639
48 645
48 648
48 649
48 667
48 669
48 675
48 680
48 687
48 688
48 708
48 722
48 726
48 727
48 741
48 764
48 774
48 785
48 800
48 815
48 823
48 842
48 849
48 883
48 884
48 894
48 899
48 907
48 924
48 930
48 948
48 979
48 982
49 59
49 60
49 63
49 68
49 71
49 81
49 91
49 93
49 96
49 112
49 114
49 118
49 131
49 139
49 149
49 160
49 166
49 174
49 193
49 203
49 222
49 234
49 256
49 261
49 290
49 318
49 331
49 346
49 348
49 403
49 433
49 435
49 447
49 466
49 482
49 483
49 494
49 501
49 505
49 511
49 512
49 520
49 527
49 536
49 542
49 552
49 559
49 579
49 585
49 593
49 600
49 625
49 629
49 632
49 633
49 646
49 651
49 663
49 665
49 671
49 679
49 688
49 691
49 695
49 723
49 725
49 731
49 744
49 751
49 764
49 786
49 788
49 802
49 823
49 839
49 856
49 862
49 878
49 885
49 907
49 910
49 917
49 922
49 926
49 937
49 948
49 963
49 967
49 973
49 974
49 975
49 980
49 981
49 986
50 51
50 72
50 74
50 75
50 87
50 97
50 108
50 110
50 123
50 124
50 138
50 143
50 149
50 175
50 184
50 185
50 189
50 196
50 221
50 227
50 234
50 275
50 277
50 281
50 286
50 312
50 315
50 318
50 322
50 327
50 337
50 357
50 358
50 362
50 402
50 403
50 404
50 413
50 415
50 421
50 434
50 440
50 455
50 465
50 466
50 484
50 487
50 514
50 522
50 544
50 550
50 559
50 561
50 570
50 600
50 601
50 605
50 613
50 655
50 656
50 660
50 675
50 676
50 683
50 714
50 716
50 718
50 722
50 742
50 764
50 772
50 789
50 800
50 803
50 810
50 829
50 830
50 831
50 847
50 865
50 871
50 878
50 884
50 889
50 896
50 905
50 915
50 929
50 937
50 949
50 956
50 967
50 975
50 986
50 990
50 991
50 993
51 53
51 58
51 63
51 87
51 94
51 110
51 125
51 137
51 142
51 145
51 147
51 157
51 158
51 162
51 169
51 176
51 187
51 198
51 200
51 208
51 236
51 248
51 264
51 267
51 271
51 286
51 289
51 326
51 338
51 360
51 363
51 365
51 369
51 370
51 384
51 387
51 397
51 410
51 422
51 428
51 433
51 440
51 444
51 456
51 458
51 462
51 468
51 489
51 503
51 509
51 513
51 516
51 529
51 532
51 539
51 555
51 624
51 625
51 633
51 652
51 659
51 663
51 670
51 671
51 672
51 675
51 696
51 714
51 720
51 736
51 739
51 740
51 752
51 785
51 811
51 855
51 869
51 883
51 888
51 894
51 903
51 909
51 918
51 921
51 934
51 976
52 59
52 62
52 65
52 66
52 74
52 75
52 81
52 84
52 100
52 103
52 109
52 146
52 150
52 170
52 181
52 186
52 195
52 197
52 201
52 224
52 241
52 242
52 265
52 269
52 273
52 287
52 296
52 298
52 322
52 324
52 332
52 337
52 339
52 343
52 345
52 379
52 403
52 404
52 414
52 433
52 436
52 479
52 483
52 484
52 487
52 499
52 511
52 514
52 526
52 534
52 548
52 559
52 564
52 568
52 576
52 582
52 584
52 606
52 611
52 628
52 629
52 649
52 653
52 663
52 694
52 717
52 736
52 741
52 744
52 750
52 766
52 773
52 791
52 796
52 805
52 806
52 807
52 811
52 815
52 828
52 832
52 837
52 846
52 852
52 859
52 862
52 872
52 887
52 888
52 896
52 907
52 912
52 919
52 929
52 930
52 952
52 953
52 956
52 973
52 977
52 987
52 992
52 997
53 60
53 71
53 74
53 78
53 87
53 104
53 106
53 110
53 111
53 112
53 127
53 137
53 139
53 151
53 152
53 156
53 204
53 231
53 246
53 270
53 283
53 323
53 339
53 350
53 361
53 364
53 365
53 369
53 373
53 376
53 381
53 427
53 428
53 450
53 476
53 483
53 491
53 499
53 503
53 507
53 516
53 519
53 530
53 546
53 556
53 560
53 574
53 582
53 588
53 589
53 606
53 607
53 612
53 623
53 627
53 639
53 643
53 657
53 664
53 682
53 684
53 687
53 696
53 712
53 718
53 722
53 736
53 737
53 761
53 762
53 776
53 781
53 787
53 790
53 831
53 838
53 854
53 864
53 902
53 913
53 914
53 923
53 927
53 929
53 932
53 939
53 951
53 961
53 970
53 987
53 988
54 59
54 61
54 64
54 70
54 77
54 81
54 91
54 106
54 120
54 133
54 148
54 164
54 175
54 181
54 192
54 193
54 195
54 199
54 210
54 219
54 223
54 236
54 238
54 241
54 261
54 263
54 277
54 281
54 284
54 290
54 291
54 300
54 327
54 333
54 339
54 347
54 349
54 350
54 383
54 386
54 413
54 421
54 425
54 435
54 447
54 481
54 497
54 502
54 504
54 507
54 527
54 532
54 540
54 542
54 558
54 584
54 589
54 593
54 601
54 616
54 617
54 623
54 628
54 633
54 652
54 655
54 672
54 680
54 694
54 696
54 700
54 705
54 706
54 716
54 729
54 745
54 763
54 766
54 771
54 776
54 781
54 783
54 789
54 790
54 792
54 799
54 812
54 815
54 823
54 839
54 851
54 858
54 861
54 862
54 869
54 889
54 894
54 900
54 912
54 916
54 937
54 941
54 946
54 959
54 967
54 974
54 977
54 988
54 990
54 994
55 69
55 74
55 98
55 105
55 111
55 128
55 130
55 141
55 145
55 156
55 158
55 164
55 221
55 230
55 235
55 263
55 278
55 279
55 287
55 288
55 299
55 305
55 306
55 310
55 313
55 324
55 335
55 348
55 362
55 378
55 381
55 385
55 397
55 415
55 427
55 441
55 461
55 469
55 470
55 471
55 498
55 500
55 502
55 509
55 510
55 512
55 516
55 517
55 534
55 548
55 552
55 553
55 557
55 561
55 581
55 585
55 597
55 599
55 611
55 617
55 618
55 630
55 635
55 637
55 684
55 688
55 702
55 706
55 726
55 761
55 782
55 785
55 804
55 806
55 821
55 830
55 832
55 846
55 847
55 885
55 894
55 909
55 912
55 940
55 941
55 945
55 960
55 976
55 993
56 60
56 66
56 87
56 92
56 111
56 112
56 124
56 146
56 154
56 159
56 169
56 175
56 189
56 192
56 195
56 198
56 220
56 229
56 237
56 243
56 272
56 277
56 297
56 305
56 310
56 312
56 328
56 339
56 341
56 366
56 373
56 381
56 386
56 396
56 422
56 433
56 441
56 446
56 456
56 462
56 465
56 466
56 468
56 514
56 533
56 534
56 535
56 549
56 557
56 565
56 591
56 599
56 608
56 610
56 628
56 630
56 653
56 662
56 667
56 672
56 677
56 690
56 694
56 702
56 708
56 722
56 725
56 726
56 727
56 730
56 745
56 746
56 756
56 770
56 775
56 779
56 791
56 799
56 805
56 826
56 833
56 842
56 844
56 857
56 860
56 863
56 885
56 891
56 894
56 896
56 902
56 934
56 935
56 959
56 977
56 987
56 988
56 991
56 996
57 66
57 67
57 68
57 70
57 79
57 120
57 135
57 139
57 144
57 159
57 160
57 168
57 173
57 179
57 189
57 195
57 209
57 215
57 216
57 218
57 231
57 278
57 295
57 304
57 315
57 323
57 325
57 364
57 366
57 386
57 391
57 393
57 397
57 398
57 406
57 412
57 419
57 420
57 428
57 431
57 440
57 445
57 450
57 460
57 468
57 472
57 480
57 490
57 495
57 505
57 512
57 531
57 535
57 539
57 555
57 557
57 559
57 563
57 567
57 589
57 595
57 606
57 616
57 621
57 626
57 629
57 634
57 635
57 643
57 648
57 655
57 656
57 667
57 670
57 673
57 681
57 696
57 709
57 717
57 718
57 723
57 727
57 732
57 752
57 768
57 770
57 790
57 800
57 807
57 812
57 824
57 850
57 852
57 853
57 862
57 867
57 868
57 872
57 888
57 906
57 913
57 936
57 947
57 965
58 87
58 90
58 99
58 104
58 142
58 168
58 170
58 193
58 205
58 215
58 243
58 265
58 266
58 267
58 275
58 279
58 283
58 290
58 294
58 299
58 307
58 313
58 315
58 316
58 317
58 319
58 321
58 342
58 351
58 358
58 383
58 392
58 405
58 418
58 427
58 433
58 444
58 452
58 479
58 480
58 486
58 489
58 519
58 520
58 535
58 536
58 543
58 546
58 550
58 553
58 573
58 579
58 603
58 615
58 623
58 632
58 637
58 650
58 665
58 669
58 678
58 681
58 690
58 692
58 704
58 729
58 732
58 745
58 747
58 748
58 772
58 776
58 778
58 782
58 795
58 804
58 836
58 840
58 848
58 851
58 856
58 878
58 889
58 900
58 908
58 930
58 931
58 934
58 937
58 944
58 959
58 990
58 991
59 65
59 82
59 86
59 91
59 95
59 101
59 103
59 107
59 110
59 117
59 131
59 138
59 155
59 157
59 174
59 188
59 210
59 249
59 255
59 262
59 276
59 312
59 392
59 406
59 412
59 418
59 423
59 429
59 440
59 442
59 443
59 499
59 508
59 511
59 519
59 530
59 536
59 560
59 561
59 571
59 572
59 574
59 579
59 582
59 595
59 607
59 634
59 650
59 654
59 661
59 664
59 691
59 697
59 705
59 712
59 716
59 726
59 735
59 736
59 739
59 755
59 778
59 780
59 787
59 789
59 804
59 812
59 818
59 819
59 828
59 833
59 834
59 854
59 857
59 863
59 880
59 887
59 897
59 898
59 907
59 918
59 937
59 939
59 943
59 944
59 956
59 964
59 998
60 61
60 62
60 66
60 71
60 76
60 84
60 91
60 95
60 106
60 109
60 123
60 143
60 148
60 166
60 192
60 215
60 225
60 229
60 238
60 247
60 263
60 287
60 297
60 301
60 304
60 308
60 333
60 368
60 371
60 376
60 380
60 387
60 411
60 421
60 423
60 435
60 436
60 454
60 461
60 466
60 467
60 471
60 490
60 498
60 513
60 524
60 525
60 545
60 551
60 555
60 557
60 563
60 571
60 598
60 603
60 617
60 623
60 625
60 628
60 658
60 664
60 711
60 714
60 717
60 731
60 732
60 759
60 760
60 773
60 779
60 780
60 781
60 782
60 797
60 799
60 802
60 808
60 816
60 825
60 829
60 830
60 832
60 849
60 900
60 929
60 939
60 951
60 957
60 959
60 963
60 976
60 977
61 70
61 74
61 84
61 91
61 95
61 99
61 119
61 124
61 126
61 129
61 158
61 168
61 178
61 181
61 212
61 230
61 235
61 241
61 262
61 317
61 324
61 334
61 337
61 342
61 351
61 353
61 360
61 364
61 392
61 412
61 414
61 415
61 423
61 442
61 450
61 451
61 454
61 456
61 473
61 491
61 494
61 501
61 505
61 508
61 512
61 541
61 545
61 562
61 564
61 565
61 566
61 605
61 624
61 658
61 681
61 683
61 685
61 691
61 698
61 702
61 704
61 709
61 713
61 716
61 720
61 722
61 725
61 741
61 743
61 748
61 760
61 773
61 786
61 788
61 789
61 825
61 828
61 836
61 844
61 848
61 854
61 861
61 872
61 888
61 908
61 912
61 925
61 927
61 961
61 964
61 984
61 985
61 990
61 991
61 996
62 64
62 77
62 83
62 86
62 97
62 109
62 116
62 118
62 137
62 157
62 159
62 165
62 196
62 203
62 216
62 256
62 266
62 272
62 281
62 286
62 302
62 314
62 320
62 333
62 335
62 351
62 358
62 367
62 370
62 390
62 395
62 396
62 403
62 407
62 411
62 412
62 429
62 445
62 447
62 453
62 458
62 472
62 480
62 491
62 492
62 495
62 504
62 508
62 520
62 522
62 543
62 544
62 559
62 560
62 570
62 574
62 584
62 597
62 601
62 623
62 627
62 630
62 632
62 647
62 649
62 668
62 669
62 671
62 716
62 735
62 740
62 766
62 774
62 783
62 788
62 798
62 821
62 832
62 838
62 839
62 867
62 876
62 883
62 889
62 909
62 918
62 931
62 935
62 942
62 950
62 959
62 960
62 992
62 995
63 67
63 69
63 74
63 83
63 90
63 96
63 111
63 114
63 118
63 119
63 133
63 136
63 149
63 166
63 168
63 178
63 180
63 181
63 193
63 197
63 203
63 210
63 214
63 218
63 233
63 240
63 250
63 258
63 279
63 290
63 295
63 315
63 323
63 332
63 333
63 334
63 339
63 344
63 355
63 358
63 367
63 382
63 384
63 387
63 388
63 394
63 404
63 414
63 424
63 461
63 469
63 492
63 535
63 540
63 554
63 561
63 563
63 564
63 595
63 610
63 624
63 627
63 628
63 640
63 641
63 654
63 656
63 707
63 709
63 715
63 727
63 732
63 742
63 758
63 771
63 806
63 807
63 816
63 838
63 878
63 883
63 907
63 920
63 923
63 924
63 926
63 939
63 945
63 956
63 958
63 988
63 990
64 65
64 83
64 93
64 111
64 115
64 148
64 167
64 183
64 192
64 198
64 200
64 203
64 215
64 218
64 219
64 230
64 234
64 264
64 268
64 280
64 291
64 297
64 304
64 326
64 328
64 331
64 343
64 344
64 348
64 363
64 366
64 377
64 390
64 401
64 415
64 421
64 430
64 447
64 460
64 463
64 467
64 473
64 474
64 475
64 483
64 486
64 491
64 512
64 516
64 519
64 553
64 572
64 583
64 584
64 595
64 601
64 605
64 606
64 609
64 660
64 662
64 663
64 670
64 704
64 725
64 728
64 734
64 738
64 745
64 749
64 774
64 776
64 790
64 791
64 796
64 813
64 828
64 844
64 846
64 853
64 868
64 899
64 915
64 929
64 936
64 943
64 954
64 955
64 959
64 961
64 974
64 980
64 985
64 996
64 998
65 66
65 69
65 98
65 101
65 110
65 129
65 135
65 151
65 155
65 164
65 170
65 176
65 187
65 202
65 221
65 224
65 233
65 234
65 244
65 252
65 258
65 268
65 277
65 282
65 300
65 314
65 318
65 319
65 330
65 332
65 343
65 370
65 384
65 407
65 414
65 421
65 443
65 454
65 468
65 476
65 478
65 499
65 516
65 542
65 554
65 556
65 563
65 579
65 580
65 584
65 591
65 592
65 619
65 630
65 631
65 635
65 648
65 655
65 662
65 667
65 690
65 699
65 706
65 708
65 714
65 715
65 732
65 743
65 757
65 771
65 796
65 804
65 812
65 815
65 823
65 830
65 834
65 836
65 837
65 844
65 876
65 877
65 878
65 906
65 933
65 937
65 939
65 940
65 950
65 958
65 990
65 996
66 72
66 86
66 89
66 95
66 102
66 162
66 167
66 170
66 188
66 191
66 207
66 214
66 216
66 237
66 241
66 253
66 256
66 261
66 276
66 277
66 295
66 301
66 312
66 318
66 349
66 352
66 357
66 375
66 402
66 404
66 409
66 423
66 425
66 431
66 441
66 442
66 449
66 462
66 500
66 516
66 517
66 528
66 539
66 550
66 581
66 593
66 601
66 613
66 620
66 626
66 629
66 646
66 653
66 655
66 667
66 668
66 671
66 672
66 692
66 706
66 707
66 713
66 718
66 722
66 731
66 735
66 736
66 752
66 753
66 791
66 824
66 831
66 853
66 864
66 871
66 873
66 878
66 880
66 893
66 894
66 895
66 906
66 908
66 915
66 926
66 941
66 950
66 952
66 988
67 86
67 95
67 111
67 115
67 116
67 121
67 131
67 140
67 148
67 160
67 178
67 180
67 181
67 184
67 190
67 207
67 215
67 226
67 230
67 237
67 243
67 245
67 246
67 249
67 277
67 281
67 294
67 301
67 314
67 315
67 317
67 321
67 345
67 351
67 352
67 353
67 363
67 376
67 397
67 401
67 412
67 423
67 448
67 478
67 498
67 512
67 518
67 524
67 525
67 546
67 560
67 573
67 583
67 589
67 593
67 623
67 627
67 630
67 633
67 635
67 650
67 677
67 700
67 718
67 721
67 736
67 737
67 740
67 741
67 742
67 757
67 789
67 790
67 792
67 795
67 797
67 801
67 804
67 816
67 827
67 832
67 848
67 854
67 855
67 860
67 862
67 880
67 900
67 906
67 910
67 915
67 916
67 917
67 920
67 926
67 935
67 938
67 951
67 955
67 959
67 985
67 991
67 997
67 999
68 73
68 108
68 111
68 116
68 117
68 125
68 133
68 134
68 144
68 153
68 154
68 182
68 190
68 191
68 192
68 209
68 215
68 235
68 238
68 252
68 253
68 257
68 262
68 266
68 289
68 294
68 309
68 310
68 320
68 322
68 328
68 334
68 337
68 340
68 354
68 356
68 360
68 374
68 388
68 389
68 391
68 401
68 411
68 413
68 420
68 455
68 456
68 467
68 469
68 470
68 472
68 489
68 490
68 498
68 523
68 536
68 551
68 573
68 581
68 592
68 633
68 635
68 636
68 640
68 654
68 657
68 665
68 669
68 681
68 686
68 700
68 709
68 711
68 730
68 737
68 760
68 771
68 788
68 805
68 808
68 816
68 823
68 824
68 827
68 835
68 837
68 845
68 846
68 865
68 872
68 876
68 896
68 902
68 904
68 907
68 924
68 925
68 935
68 943
68 957
68 958
68 960
68 966
68 970
68 971
68 974
69 73
69 83
69 88
69 96
69 118
69 126
69 142
69 157
69 166
69 170
69 171
69 177
69 187
69 199
69 205
69 208
69 223
69 224
69 237
69 239
69 242
69 248
69 250
69 256
69 265
69 268
69 271
69 279
69 282
69 290
69 293
69 297
69 305
69 322
69 334
69 348
69 355
69 356
69 382
69 389
69 415
69 418
69 419
69 423
69 425
69 430
69 436
69 461
69 464
69 465
69 473
69 481
69 484
69 488
69 493
69 497
69 499
69 500
69 505
69 516
69 533
69 539
69 547
69 560
69 562
69 564
69 579
69 585
69 599
69 603
69 620
69 627
69 632
69 641
69 643
69 649
69 654
69 668
69 672
69 677
69 684
69 691
69 707
69 727
69 762
69 784
69 808
69 812
69 813
69 816
69 827
69 839
69 845
69 852
69 864
69 875
69 912
69 922
69 935
69 936
69 944
69 958
69 960
69 971
69 972
69 979
69 993
69 997
70 80
70 82
70 86
70 89
70 90
70 103
70 109
70 132
70 133
70 141
70 144
70 146
70 147
70 162
70 165
70 190
70 193
70 194
70 199
70 202
70 213
70 216
70 217
70 228
70 230
70 270
70 273
70 275
70 281
70 285
70 296
70 297
70 313
70 323
70 333
70 337
70 357
70 363
70 368
70 374
70 382
70 391
70 407
70 409
70 411
70 437
70 454
70 477
70 479
70 483
70 487
70 514
70 515
70 541
70 544
70 545
70 547
70 560
70 568
70 569
70 570
70 584
70 604
70 620
70 638
70 644
70 649
70 654
70 661
70 662
70 667
70 671
70 694
70 695
70 698
70 706
70 709
70 714
70 722
70 726
70 736
70 738
70 743
70 766
70 770
70 785
70 793
70 795
70 801
70 817
70 829
70 831
70 845
70 855
70 857
70 858
70 871
70 877
70 898
70 907
70 912
70 931
70 935
70 957
70 963
70 965
70 968
70 969
70 980
70 981
70 985
71 82
71 96
71 133
71 139
71 141
71 168
71 188
71 197
71 200
71 211
71 239
71 249
71 263
71 267
71 287
71 296
71 301
71 323
71 329
71 335
71 338
71 343
71 364
71 367
71 371
71 378
71 390
71 394
71 415
71 416
71 426
71 454
71 456
71 460
71 508
71 518
71 537
71 546
71 549
71 560
71 571
71 593
71 595
71 598
71 603
71 605
71 619
71 634
71 635
71 639
71 652
71 672
71 675
71 677
71 688
71 726
71 734
71 735
71 756
71 763
71 767
71 768
71 772
71 788
71 796
71 797
71 802
71 814
71 815
71 850
71 857
71 870
71 879
71 920
71 953
71 958
71 973
71 978
71 983
71 987
71 988
71 999
72 76
72 89
72 93
72 108
72 112
72 136
72 168
72 169
72 183
72 202
72 219
72 220
72 236
72 241
72 270
72 274
72 290
72 299
72 303
72 320
72 333
72 334
72 336
72 347
72 353
72 357
72 363
72 367
72 397
72 414
72 415
72 426
72 432
72 439
72 441
72 447
72 452
72 459
72 470
72 473
72 477
72 478
72 482
72 486
72 489
72 491
72 493
72 520
72 531
72 532
72 540
72 555
72 569
72 577
72 593
72 599
72 637
72 646
72 652
72 665
72 680
72 688
72 692
72 710
72 713
72 717
72 736
72 747
72 750
72 760
72 766
72 772
72 794
72 826
72 839
72 855
72 856
72 862
72 868
72 870
72 879
72 883
72 886
72 888
72 933
72 942
72 948
72 996
72 997
73 82
73 87
73 105
73 116
73 127
73 128
73 132
73 146
73 151
73 187
73 201
73 206
73 216
73 223
73 248
73 256
73 259
73 262
73 264
73 301
73 306
73 310
73 323
73 348
73 364
73 374
73 379
73 385
73 387
73 400
73 414
73 420
73 422
73 427
73 428
73 437
73 457
73 481
73 497
73 511
73 518
73 522
73 528
73 534
73 553
73 556
73 560
73 572
73 574
73 587
73 601
73 607
73 610
73 616
73 634
73 645
73 653
73 687
73 691
73 697
73 704
73 710
73 723
73 743
73 745
73 750
73 756
73 761
73 765
73 771
73 796
73 805
73 845
73 850
73 862
73 863
73 871
73 874
73 876
73 880
73 890
73 896
73 904
73 908
73 917
73 924
73 925
73 945
73 949
73 951
73 954
73 969
73 980
73 982
73 984
73 990
73 997
73 998
74 81
74 93
74 102
74 121
74 148
74 150
74 151
74 155
74 191
74 196
74 223
74 260
74 261
74 266
74 268
74 280
74 286
74 290
74 297
74 304
74 310
74 314
74 317
74 347
74 348
74 354
74 391
74 403
74 408
74 414
74 420
74 440
74 444
74 453
74 454
74 469
74 484
74 506
74 514
74 528
74 531
74 533
74 544
74 591
74 598
74 600
74 620
74 628
74 638
74 652
74 654
74 656
74 671
74 674
74 676
74 679
74 685
74 726
74 754
74 756
74 760
74 763
74 787
74 799
74 815
74 824
74 842
74 864
74 889
74 893
74 913
74 927
74 937
74 954
74 959
74 963
74 992
75 86
75 88
75 93
75 94
75 99
75 113
75 114
75 119
75 121
75 144
75 147
75 173
75 176
75 184
75 206
75 214
75 230
75 239
75 246
75 256
75 260
75 262
75 263
75 270
75 282
75 297
75 299
75 300
75 301
75 310
75 312
75 349
75 352
75 353
75 358
75 359
75 360
75 364
75 366
75 419
75 421
75 426
75 428
75 445
75 454
75 460
75 473
75 494
75 503
75 526
75 540
75 550
75 552
75 558
75 560
75 577
75 579
75 584
75 614
75 616
75 620
75 641
75 686
75 702
75 709
75 710
75 719
75 760
75 763
75 777
75 780
75 792
75 805
75 810
75 813
75 819
75 830
75 831
75 836
75 865
75 896
75 925
75 928
75 934
75 942
75 955
75 963
75 977
75 982
75 994
75 995
75 996
76 80
76 89
76 93
76 101
76 113
76 122
76 126
76 134
76 138
76 142
76 145
76 160
76 163
76 170
76 172
76 179
76 182
76 196
76 215
76 217
76 218
76 221
76 222
76 224
76 290
76 291
76 328
76 337
76 340
76 368
76 369
76 373
76 379
76 421
76 429
76 437
76 448
76 450
76 459
76 464
76 486
76 488
76 490
76 491
76 498
76 520
76 523
76 561
76 571
76 579
76 590
76 597
76 598
76 609
76 612
76 636
76 645
76 657
76 665
76 669
76 673
76 675
76 683
76 684
76 695
76 731
76 734
76 756
76 765
76 775
76 792
76 796
76 798
76 806
76 815
76 820
76 826
76 846
76 855
76 856
76 863
76 867
76 875
76 885
76 896
76 899
76 903
76 913
76 916
76 921
76 923
76 927
76 929
76 934
76 941
76 943
76 983
77 81
77 104
77 108
77 128
77 145
77 149
77 173
77 184
77 191
77 207
77 209
77 217
77 259
77 268
77 270
77 285
77 309
77 314
77 326
77 331
77 333
77 335
77 367
77 374
77 376
77 379
77 382
77 383
77 388
77 389
77 392
77 400
77 406
77 410
77 416
77 428
77 452
77 457
77 459
77 464
77 495
77 503
77 512
77 533
77 550
77 590
77 599
77 608
77 622
77 644
77 652
77 676
77 704
77 725
77 728
77 734
77 745
77 753
77 773
77 789
77 792
77 806
77 833
77 836
77 839
77 859
77 860
77 865
77 868
77 895
77 896
77 910
77 917
77 928
77 936
77 954
77 957
77 973
77 975
77 978
77 980
77 983
77 989
77 990
77 995
77 999
78 84
78 95
78 116
78 137
78 138
78 146
78 170
78 174
78 183
78 184
78 226
78 234
78 243
78 250
78 255
78 259
78 262
78 271
78 276
78 278
78 287
78 295
78 309
78 311
78 312
78 330
78 332
78 335
78 336
78 340
78 343
78 347
78 350
78 361
78 380
78 386
78 392
78 399
78 425
78 440
78 441
78 452
78 460
78 474
78 481
78 500
78 507
78 515
78 536
78 538
78 549
78 554
78 575
78 582
78 584
78 587
78 590
78 610
78 613
78 621
78 648
78 680
78 685
78 712
78 714
78 717
78 719
78 728
78 732
78 734
78 737
78 755
78 779
78 781
78 799
78 801
78 814
78 816
78 819
78 831
78 834
78 849
78 852
78 871
78 884
78 886
78 893
78 894
78 895
78 897
78 913
78 926
78 927
78 928
78 943
78 950
78 955
78 968
78 983
79 88
79 95
79 120
79 130
79 137
79 141
79 149
79 159
79 160
79 172
79 176
79 177
79 196
79 197
79 198
79 205
79 218
79 224
79 226
79 237
79 255
79 273
79 276
79 321
79 331
79 339
79 347
79 356
79 364
79 377
79 381
79 418
79 422
79 431
79 434
79 446
79 447
79 449
79 465
79 469
79 476
79 480
79 485
79 487
79 507
79 521
79 527
79 537
79 540
79 543
79 549
79 550
79 566
79 569
79 578
79 579
79 593
79 611
79 616
79 651
79 659
79 661
79 669
79 686
79 701
79 712
79 715
79 731
79 734
79 735
79 748
79 761
79 779
79 798
79 825
79 833
79 845
79 859
79 865
79 868
79 874
79 877
79 880
79 886
79 898
79 905
79 917
79 918
79 920
79 925
79 927
79 930
79 933
79 934
79 953
79 961
79 966
79 980
79 983
80 88
80 90
80 93
80 100
80 108
80 110
80 114
80 134
80 154
80 157
80 167
80 177
80 191
80 197
80 200
80 224
80 229
80 235
80 238
80 243
80 245
80 251
80 255
80 280
80 281
80 290
80 297
80 330
80 358
80 361
80 363
80 365
80 382
80 385
80 403
80 420
80 424
80 426
80 430
80 449
80 456
80 461
80 475
80 516
80 518
80 522
80 526
80 531
80 532
80 577
80 587
80 607
80 610
80 612
80 616
80 625
80 630
80 643
80 654
80 670
80 676
80 678
80 681
80 686
80 690
80 692
80 695
80 699
80 704
80 735
80 741
80 760
80 767
80 810
80 834
80 837
80 858
80 863
80 870
80 880
80 898
80 903
80 928
80 934
80 941
80 943
80 962
80 984
80 991
80 994
81 95
81 104
81 112
81 116
81 117
81 120
81 122
81 128
81 140
81 143
81 153
81 157
81 172
81 175
81 179
81 186
81 209
81 233
81 236
81 252
81 264
81 275
81 278
81 284
81 293
81 296
81 297
81 303
81 327
81 333
81 334
81 340
81 342
81 344
81 354
81 358
81 375
81 376
81 394
81 405
81 434
81 449
81 462
81 463
81 480
81 499
81 502
81 523
81 532
81 535
81 544
81 547
81 554
81 559
81 609
81 634
81 639
81 644
81 646
81 648
81 663
81 664
81 686
81 687
81 691
81 698
81 712
81 738
81 741
81 744
81 765
81 799
81 812
81 832
81 836
81 839
81 870
81 876
81 890
81 896
81 899
81 901
81 908
81 916
81 944
81 963
81 977
82 108
82 111
82 115
82 123
82 131
82 137
82 157
82 160
82 169
82 182
82 187
82 195
82 205
82 223
82 242
82 249
82 260
82 270
82 290
82 292
82 301
82 308
82 323
82 348
82 350
82 364
82 365
82 395
82 402
82 406
82 426
82 438
82 443
82 444
82 454
82 457
82 460
82 461
82 465
82 466
82 486
82 489
82 502
82 504
82 519
82 523
82 533
82 538
82 542
82 544
82 559
82 564
82 588
82 626
82 628
82 630
82 633
82 644
82 670
82 680
82 682
82 696
82 745
82 749
82 755
82 756
82 757
82 784
82 785
82 800
82 805
82 812
82 823
82 833
82 845
82 863
82 867
82 868
82 885
82 899
82 920
82 944
82 973
82 974
82 976
82 988
83 98
83 102
83 105
83 155
83 169
83 170
83 171
83 199
83 203
83 210
83 216
83 217
83 221
83 224
83 228
83 236
83 237
83 267
83 290
83 301
83 302
83 311
83 315
83 326
83 329
83 335
83 338
83 340
83 357
83 368
83 394
83 395
83 398
83 406
83 416
83 417
83 432
83 433
83 442
83 456
83 468
83 469
83 496
83 510
83 522
83 530
83 534
83 537
83 538
83 554
83 555
83 559
83 572
83 594
83 596
83 600
83 602
83 613
83 616
83 626
83 630
83 647
83 651
83 686
83 691
83 696
83 697
83 709
83 710
83 717
83 752
83 758
83 759
83 762
83 776
83 800
83 802
83 813
83 828
83 830
83 840
83 844
83 847
83 851
83 855
83 873
83 875
83 887
83 888
83 892
83 912
83 916
83 927
83 932
83 936
83 937
83 941
83 953
83 971
83 981
84 97
84 100
84 116
84 121
84 129
84 135
84 140
84 142
84 147
84 154
84 161
84 165
84 170
84 171
84 181
84 186
84 191
84 196
84 201
84 204
84 226
84 230
84 256
84 261
84 262
84 272
84 278
84 290
84 292
84 299
84 322
84 324
84 332
84 338
84 350
84 352
84 358
84 359
84 362
84 381
84 384
84 398
84 405
84 414
84 445
84 473
84 480
84 488
84 490
84 500
84 507
84 522
84 532
84 548
84 561
84 563
84 577
84 601
84 606
84 654
84 661
84 669
84 687
84 688
84 692
84 694
84 697
84 705
84 706
84 711
84 722
84 730
84 737
84 746
84 750
84 751
84 794
84 805
84 829
84 844
84 845
84 849
84 853
84 875
84 876
84 893
84 901
84 927
84 932
84 944
84 955
84 959
84 968
84 971
84 973
84 975
85 122
85 129
85 157
85 170
85 175
85 177
85 185
85 188
85 206
85 209
85 213
85 219
85 232
85 251
85 254
85 272
85 275
85 281
85 296
85 298
85 309
85 318
85 320
85 321
85 337
85 345
85 354
85 357
85 371
85 377
85 383
85 389
85 390
85 392
85 395
85 401
85 410
85 435
85 441
85 452
85 453
85 459
85 496
85 511
85 522
85 529
85 541
85 545
85 554
85 561
85 575
85 598
85 603
85 607
85 608
85 619
85 627
85 639
85 648
85 652
85 666
85 724
85 733
85 736
85 742
85 743
85 749
85 750
85 756
85 770
85 785
85 788
85 806
85 824
85 841
85 849
85 865
85 874
85 876
85 881
85 890
85 892
85 905
85 923
85 932
85 934
85 958
85 960
85 977
85 979
85 983
85 985
86 103
86 104
86 107
86 127
86 129
86 134
86 135
86 156
86 164
86 179
86 180
86 185
86 189
86 194
86 196
86 202
86 213
86 216
86 222
86 230
86 260
86 271
86 273
86 313
86 334
86 362
86 367
86 381
86 384
86 404
86 409
86 410
86 416
86 417
86 422
86 423
86 432
86 437
86 459
86 463
86 481
86 488
86 494
86 504
86 512
86 524
86 525
86 533
86 541
86 547
86 548
86 549
86 558
86 561
86 564
86 572
86 573
86 589
86 591
86 604
86 606
86 612
86 624
86 625
86 645
86 659
86 663
86 664
86 692
86 696
86 703
86 704
86 716
86 718
86 719
86 720
86 741
86 772
86 781
86 806
86 812
86 815
86 820
86 822
86 829
86 830
86 838
86 840
86 842
86 868
86 886
86 888
86 890
86 897
86 898
86 909
86 910
86 931
86 938
86 941
86 953
86 957
86 960
86 964
86 980
86 991
86 993
86 998
87 93
87 106
87 127
87 129
87 132
87 133
87 136
87 140
87 141
87 146
87 153
87 170
87 176
87 186
87 187
87 188
87 192
87 201
87 224
87 238
87 242
87 245
87 258
87 265
87 268
87 270
87 271
87 304
87 309
87 328
87 329
87 336
87 337
87 343
87 350
87 357
87 359
87 381
87 382
87 396
87 406
87 428
87 430
87 456
87 489
87 494
87 500
87 510
87 556
87 602
87 603
87 620
87 642
87 651
87 661
87 665
87 700
87 707
87 710
87 727
87 740
87 741
87 746
87 756
87 762
87 764
87 765
87 774
87 775
87 789
87 790
87 823
87 833
87 879
87 884
87 898
87 900
87 907
87 911
87 926
87 934
87 953
87 961
87 972
87 977
87 986
88 90
88 99
88 121
88 142
88 145
88 147
88 148
88 149
88 151
88 154
88 161
88 163
88 186
88 201
88 216
88 218
88 223
88 226
88 272
88 282
88 297
88 304
88 310
88 327
88 337
88 340
88 345
88 361
88 380
88 384
88 391
88 399
88 406
88 410
88 418
88 431
88 435
88 439
88 451
88 460
88 462
88 466
88 534
88 552
88 561
88 578
88 604
88 613
88 621
88 633
88 638
88 644
88 652
88 658
88 663
88 676
88 731
88 735
88 760
88 765
88 808
88 827
88 829
88 837
88 869
88 885
88 900
88 920
88 927
88 929
88 945
88 978
88 994
88 995
89 98
89 109
89 115
89 147
89 173
89 184
89 185
89 190
89 191
89 200
89 223
89 226
89 233
89 248
89 255
89 257
89 268
89 271
89 272
89 284
89 291
89 298
89 307
89 317
89 344
89 356
89 366
89 375
89 396
89 416
89 417
89 419
89 465
89 471
89 477
89 479
89 483
89 494
89 496
89 500
89 532
89 551
89 556
89 558
89 573
89 588
89 594
89 603
89 617
89 622
89 623
89 655
89 664
89 670
89 684
89 714
89 723
89 724
89 728
89 730
89 733
89 754
89 757
89 758
89 763
89 794
89 803
89 806
89 809
89 819
89 824
89 825
89 850
89 858
89 878
89 886
89 889
89 894
89 898
89 899
89 901
89 907
89 936
89 937
89 952
89 960
89 966
89 970
89 973
89 981
89 987
89 991
89 995
90 96
90 120
90 134
90 137
90 140
90 156
90 189
90 194
90 200
90 209
90 217
90 241
90 243
90 252
90 264
90 300
90 319
90 322
90 324
90 330
90 334
90 353
90 356
90 365
90 395
90 406
90 408
90 434
90 452
90 453
90 458
90 461
90 466
90 470
90 474
90 507
90 511
90 527
90 528
90 537
90 542
90 547
90 548
90 551
90 571
90 594
90 596
90 599
90 610
90 636
90 638
90 650
90 656
90 681
90 687
90 713
90 715
90 721
90 726
90 733
90 734
90 757
90 769
90 792
90 808
90 837
90 843
90 846
90 864
90 868
90 882
90 887
90 901
90 909
90 914
90 918
90 928
90 930
90 934
90 950
90 966
90 972
90 982
90 983
90 992
91 92
91 96
91 128
91 144
91 145
91 166
91 172
91 178
91 186
91 204
91 206
91 218
91 226
91 227
91 234
91 237
91 239
91 247
91 250
91 251
91 255
91 281
91 286
91 290
91 302
91 313
91 316
91 333
91 351
91 355
91 359
91 360
91 362
91 363
91 369
91 383
91 384
91 394
91 407
91 409
91 460
91 468
91 481
91 487
91 502
91 528
91 546
91 554
91 557
91 561
91 563
91 578
91 579
91 616
91 628
91 636
91 638
91 643
91 651
91 704
91 727
91 729
91 732
91 739
91 752
91 760
91 772
91 789
91 791
91 801
91 802
91 816
91 820
91 829
91 831
91 863
91 876
91 878
91 882
91 912
91 922
91 928
91 933
91 970
91 975
91 981
91 993
92 101
92 113
92 125
92 147
92 168
92 169
92 170
92 173
92 175
92 181
92 188
92 189
92 195
92 199
92 201
92 206
92 223
92 241
92 242
92 251
92 265
92 267
92 275
92 277
92 283
92 291
92 293
92 295
92 300
92 325
92 337
92 358
92 374
92 377
92 398
92 431
92 433
92 469
92 479
92 486
92 506
92 518
92 526
92 527
92 529
92 532
92 545
92 546
92 574
92 587
92 630
92 638
92 641
92 645
92 666
92 690
92 692
92 699
92 710
92 712
92 736
92 741
92 747
92 749
92 764
92 765
92 775
92 777
92 790
92 802
92 821
92 826
92 830
92 844
92 858
92 860
92 862
92 863
92 874
92 881
92 905
92 912
92 913
92 945
92 949
92 959
92 963
92 979
92 984
92 991
92 993
93 99
93 100
93 103
93 110
93 120
93 123
93 129
93 138
93 141
93 147
93 161
93 202
93 210
93 269
93 276
93 283
93 284
93 298
93 309
93 319
93 320
93 347
93 355
93 364
93 376
93 386
93 390
93 398
93 404
93 416
93 420
93 432
93 447
93 450
93 466
93 468
93 469
93 483
93 491
93 500
93 507
93 510
93 515
93 525
93 533
93 545
93 552
93 559
93 567
93 571
93 575
93 580
93 582
93 592
93 602
93 638
93 650
93 660
93 678
93 681
93 682
93 687
93 692
93 695
93 699
93 704
93 709
93 738
93 741
93 743
93 774
93 827
93 832
93 851
93 867
93 871
93 882
93 885
93 888
93 898
93 902
93 907
93 915
93 932
93 935
93 939
93 948
93 956
93 984
93 989
94 96
94 107
94 108
94 145
94 153
94 158
94 181
94 187
94 190
94 211
94 216
94 226
94 229
94 232
94 237
94 245
94 246
94 251
94 258
94 261
94 262
94 303
94 306
94 311
94 314
94 315
94 323
94 343
94 362
94 364
94 367
94 380
94 382
94 391
94 423
94 434
94 436
94 445
94 460
94 461
94 466
94 472
94 489
94 490
94 504
94 506
94 509
94 512
94 527
94 542
94 544
94 547
94 556
94 558
94 564
94 575
94 578
94 583
94 596
94 604
94 614
94 618
94 628
94 665
94 674
94 676
94 681
94 701
94 734
94 742
94 761
94 814
94 821
94 863
94 874
94 876
94 881
94 887
94 897
94 900
94 902
94 905
94 941
94 959
94 960
94 990
95 100
95 104
95 117
95 121
95 139
95 146
95 151
95 155
95 169
95 170
95 182
95 187
95 189
95 199
95 201
95 221
95 229
95 242
95 249
95 255
95 256
95 292
95 295
95 301
95 310
95 314
95 317
95 324
95 329
95 350
95 358
95 374
95 380
95 386
95 406
95 417
95 418
95 420
95 422
95 424
95 429
95 433
95 442
95 445
95 446
95 447
95 465
95 468
95 469
95 481
95 491
95 493
95 497
95 508
95 514
95 518
95 527
95 543
95 553
95 554
95 596
95 632
95 644
95 653
95 654
95 666
95 669
95 678
95 680
95 691
95 706
95 708
95 726
95 763
95 770
95 771
95 791
95 806
95 807
95 816
95 821
95 826
95 832
95 842
95 850
95 865
95 889
95 901
95 906
95 911
95 923
95 925
95 932
95 933
95 937
95 940
95 943
95 962
95 976
95 990
95 994
96 107
96 115
96 150
96 155
96 169
96 174
96 182
96 209
96 217
96 233
96 234
96 235
96 255
96 256
96 281
96 284
96 292
96 331
96 345
96 355
96 357
96 366
96 387
96 403
96 412
96 414
96 417
96 428
96 453
96 462
96 465
96 466
96 481
96 488
96 493
96 508
96 512
96 518
96 532
96 536
96 538
96 566
96 579
96 609
96 616
96 621
96 632
96 635
96 637
96 638
96 651
96 658
96 669
96 678
96 682
96 696
96 711
96 713
96 714
96 728
96 734
96 741
96 766
96 776
96 777
96 778
96 781
96 787
96 810
96 811
96 818
96 825
96 837
96 844
96 859
96 869
96 886
96 893
96 897
96 901
96 903
96 927
96 937
96 949
96 956
96 977
96 980
96 984
96 996
97 112
97 113
97 118
97 122
97 126
97 127
97 138
97 160
97 169
97 174
97 175
97 177
97 197
97 199
97 202
97 213
97 215
97 233
97 236
97 240
97 246
97 257
97 261
97 279
97 283
97 291
97 293
97 295
97 319
97 326
97 339
97 340
97 352
97 353
97 354
97 362
97 374
97 380
97 386
97 390
97 398
97 401
97 411
97 427
97 435
97 445
97 448
97 454
97 461
97 477
97 493
97 494
97 496
97 497
97 498
97 523
97 537
97 547
97 548
97 550
97 559
97 574
97 586
97 592
97 607
97 608
97 626
97 664
97 668
97 669
97 673
97 684
97 691
97 724
97 730
97 745
97 754
97 759
97 765
97 779
97 782
97 803
97 820
97 826
97 828
97 830
97 858
97 865
97 875
97 879
97 892
97 894
97 897
97 928
97 937
97 944
97 947
97 953
97 960
97 967
97 970
97 982
98 99
98 102
98 116
98 117
98 128
98 133
98 142
98 155
98 158
98 162
98 178
98 207
98 258
98 261
98 266
98 278
98 295
98 311
98 330
98 332
98 389
98 415
98 421
98 423
98 426
98 435
98 443
98 471
98 482
98 483
98 484
98 491
98 492
98 507
98 520
98 524
98 530
98 533
98 541
98 556
98 560
98 562
98 563
98 594
98 597
98 598
98 601
98 604
98 620
98 621
98 633
98 674
98 686
98 698
98 710
98 738
98 747
98 763
98 768
98 788
98 796
98 812
98 874
98 875
98 878
98 889
98 890
98 900
98 901
98 903
98 917
98 920
98 924
98 940
98 945
98 957
98 974
98 985
98 991
98 996
99 114
99 116
99 125
99 127
99 140
99 144
99 153
99 169
99 171
99 179
99 194
99 199
99 201
99 211
99 214
99 218
99 237
99 243
99 261
99 282
99 287
99 289
99 313
99 314
99 326
99 328
99 347
99 365
99 379
99 384
99 385
99 399
99 400
99 414
99 436
99 438
99 463
99 491
99 494
99 501
99 504
99 511
99 522
99 524
99 531
99 543
99 582
99 602
99 604
99 619
99 627
99 629
99 674
99 677
99 700
99 708
99 730
99 731
99 737
99 739
99 749
99 762
99 775
99 779
99 804
99 810
99 827
99 832
99 848
99 855
99 864
99 871
99 877
99 885
99 923
99 924
99 929
99 930
99 931
99 944
99 964
99 965
100 111
100 120
100 125
100 131
100 137
100 144
100 148
100 157
100 167
100 171
100 173
100 176
100 181
100 188
100 190
100 200
100 250
100 277
100 278
100 288
100 292
100 308
100 313
100 353
100 357
100 365
100 384
100 386
100 393
100 399
100 403
100 408
100 425
100 460
100 462
100 465
100 467
100 468
100 471
100 477
100 503
100 512
100 534
100 543
100 549
100 564
100 569
100 572
100 574
100 575
100 579
100 587
100 592
100 604
100 608
100 610
100 618
100 629
100 692
100 707
100 709
100 729
100 739
100 747
100 749
100 757
100 763
100 770
100 771
100 777
100 794
100 799
100 813
100 836
100 860
100 870
100 873
100 875
100 890
100 893
100 926
100 946
100 947
100 951
100 989
101 110
101 113
101 172
101 176
101 182
101 185
101 198
101 204
101 205
101 208
101 214
101 220
101 221
101 224
101 274
101 289
101 299
101 301
101 305
101 358
101 366
101 368
101 375
101 376
101 397
101 421
101 424
101 437
101 464
101 475
101 480
101 489
101 499
101 505
101 508
101 519
101 530
101 538
101 548
101 549
101 555
101 566
101 580
101 589
101 602
101 611
101 612
101 625
101 629
101 665
101 668
101 669
101 685
101 687
101 698
101 704
101 711
101 713
101 727
101 735
101 739
101 748
101 775
101 779
101 789
101 798
101 806
101 807
101 809
101 811
101 819
101 825
101 827
101 833
101 838
101 848
101 873
101 880
101 894
101 900
101 904
101 915
101 927
101 949
101 971
101 974
101 981
102 110
102 144
102 155
102 156
102 174
102 196
102 204
102 210
102 212
102 215
102 218
102 223
102 224
102 230
102 231
102 232
102 236
102 245
102 246
102 247
102 259
102 326
102 328
102 334
102 349
102 372
102 377
102 382
102 405
102 407
102 428
102 432
102 456
102 462
102 519
102 549
102 553
102 556
102 584
102 586
102 601
102 604
102 605
102 606
102 610
102 616
102 645
102 652
102 656
102 665
102 673
102 715
102 736
102 739
102 760
102 761
102 767
102 770
102 793
102 795
102 807
102 814
102 822
102 824
102 826
102 827
102 828
102 831
102 843
102 878
102 879
102 880
102 894
102 897
102 910
102 925
102 931
102 937
102 951
102 987
102 996
103 109
103 120
103 137
103 142
103 150
103 220
103 227
103 264
103 269
103 296
103 303
103 304
103 314
103 321
103 323
103 339
103 370
103 377
103 415
103 427
103 432
103 435
103 438
103 443
103 445
103 452
103 469
103 481
103 483
103 495
103 496
103 505
103 514
103 526
103 534
103 548
103 569
103 585
103 591
103 597
103 623
103 624
103 626
103 656
103 662
103 686
103 713
103 718
103 725
103 729
103 731
103 751
103 756
103 760
103 768
103 771
103 782
103 788
103 807
103 842
103 867
103 870
103 881
103 887
103 895
103 899
103 901
103 904
103 910
103 915
103 920
103 926
103 929
103 933
103 944
103 957
103 983
103 984
104 134
104 136
104 141
104 148
104 154
104 155
104 162
104 170
104 176
104 178
104 198
104 204
104 210
104 232
104 246
104 247
104 249
104 252
104 273
104 275
104 303
104 315
104 327
104 336
104 339
104 342
104 343
104 347
104 369
104 388
104 397
104 398
104 400
104 402
104 411
104 439
104 465
104 466
104 467
104 476
104 479
104 481
104 484
104 507
104 516
104 519
104 550
104 567
104 583
104 589
104 603
104 606
104 619
104 629
104 631
104 632
104 658
104 674
104 679
104 707
104 708
104 722
104 733
104 734
104 749
104 767
104 776
104 782
104 809
104 834
104 856
104 866
104 875
104 926
104 930
104 935
104 938
104 940
104 946
104 952
104 960
104 986
105 106
105 113
105 118
105 126
105 133
105 134
105 144
105 161
105 162
105 165
105 188
105 192
105 209
105 216
105 217
105 237
105 269
105 287
105 294
105 303
105 304
105 306
105 311
105 322
105 337
105 343
105 347
105 352
105 361
105 367
105 376
105 396
105 402
105 416
105 417
105 426
105 428
105 446
105 449
105 454
105 474
105 476
105 482
105 485
105 491
105 505
105 525
105 539
105 542
105 557
105 564
105 571
105 584
105 586
105 593
105 595
105 626
105 638
105 640
105 650
105 653
105 657
105 663
105 665
105 699
105 700
105 727
105 781
105 800
105 810
105 829
105 842
105 851
105 855
105 864
105 868
105 872
105 873
105 876
105 918
105 921
105 923
105 928
105 931
105 936
105 944
105 946
105 977
105 988
105 997
105 998
106 116
106 122
106 127
106 139
106 142
106 151
106 166
106 177
106 185
106 197
106 203
106 206
106 214
106 219
106 222
106 225
106 232
106 237
106 242
106 281
106 291
106 311
106 316
106 317
106 318
106 321
106 327
106 328
106 339
106 343
106 357
106 369
106 380
106 393
106 423
106 429
106 450
106 451
106 472
106 492
106 528
106 553
106 554
106 578
106 585
106 601
106 611
106 612
106 621
106 633
106 636
106 645
106 647
106 675
106 688
106 716
106 717
106 738
106 755
106 757
106 760
106 769
106 770
106 773
106 775
106 777
106 783
106 786
106 787
106 812
106 827
106 856
106 859
106 863
106 864
106 865
106 872
106 879
106 913
106 914
106 920
106 922
106 926
106 939
106 945
106 952
106 955
106 977
106 988
106 994
106 995
107 122
107 156
107 174
107 180
107 182
107 185
107 186
107 188
107 214
107 219
107 220
107 221
107 223
107 240
107 246
107 257
107 283
107 286
107 292
107 295
107 296
107 320
107 328
107 332
107 340
107 351
107 359
107 361
107 365
107 367
107 390
107 411
107 419
107 421
107 424
107 433
107 447
107 450
107 451
107 466
107 468
107 470
107 478
107 497
107 501
107 510
107 513
107 517
107 529
107 535
107 546
107 549
107 563
107 573
107 574
107 585
107 590
107 611
107 613
107 616
107 633
107 643
107 650
107 670
107 679
107 687
107 691
107 694
107 696
107 711
107 716
107 719
107 735
107 752
107 753
107 762
107 783
107 785
107 789
107 792
107 802
107 810
107 824
107 842
107 850
107 852
107 863
107 865
107 876
107 900
107 915
107 921
107 955
107 956
107 958
107 959
107 964
107 988
107 989
107 998
108 113
108 124
108 128
108 146
108 166
108 167
108 183
108 186
108 212
108 232
108 235
108 239
108 243
108 249
108 259
108 289
108 291
108 298
108 315
108 319
108 322
108 330
108 360
108 412
108 418
108 421
108 448
108 462
108 471
108 475
108 500
108 542
108 549
108 558
108 561
108 584
108 590
108 591
108 600
108 612
108 626
108 642
108 660
108 663
108 667
108 677
108 680
108 681
108 690
108 692
108 705
108 709
108 720
108 728
108 731
108 741
108 742
108 753
108 758
108 763
108 766
108 769
108 779
108 784
108 796
108 799
108 800
108 809
108 844
108 847
108 851
108 860
108 877
108 886
108 912
108 914
108 927
108 934
108 938
108 943
108 954
108 962
108 965
108 969
108 987
108 989
108 997
109 122
109 126
109 128
109 131
109 136
109 172
109 178
109 179
109 192
109 203
109 207
109 250
109 260
109 263
109 281
109 291
109 295
109 322
109 335
109 346
109 353
109 354
109 358
109 376
109 383
109 390
109 393
109 415
109 418
109 428
109 477
109 479
109 485
109 495
109 508
109 510
109 531
109 536
109 542
109 544
109 553
109 555
109 556
109 572
109 577
109 591
109 601
109 608
109 610
109 616
109 637
109 670
109 687
109 689
109 693
109 695
109 704
109 707
109 708
109 739
109 761
109 767
109 772
109 777
109 793
109 810
109 816
109 835
109 836
109 848
109 852
109 856
109 875
109 882
109 895
109 944
109 959
109 986
109 999
110 115
110 116
110 117
110 120
110 136
110 145
110 147
110 156
110 160
110 168
110 197
110 198
110 240
110 244
110 256
110 257
110 264
110 280
110 282
110 290
110 298
110 300
110 306
110 315
110 316
110 342
110 370
110 375
110 401
110 407
110 412
110 421
110 450
110 460
110 462
110 475
110 479
110 497
110 504
110 512
110 517
110 521
110 526
110 536
110 541
110 546
110 567
110 573
110 581
110 604
110 606
110 612
110 618
110 622
110 640
110 643
110 665
110 671
110 674
110 682
110 693
110 694
110 723
110 749
110 751
110 759
110 772
110 789
110 808
110 817
110 825
110 838
110 839
110 843
110 851
110 868
110 875
110 892
110 914
110 918
110 921
110 922
110 926
110 928
110 929
110 949
110 962
110 968
110 980
110 996
111 116
111 119
111 121
111 126
111 148
111 151
111 153
111 170
111 188
111 213
111 225
111 232
111 235
111 236
111 244
111 245
111 276
111 298
111 303
111 312
111 329
111 344
111 350
111 369
111 420
111 438
111 475
111 477
111 483
111 503
111 505
111 507
111 518
111 529
111 543
111 558
111 564
111 572
111 591
111 606
111 635
111 657
111 662
111 694
111 700
111 701
111 706
111 712
111 724
111 727
111 729
111 750
111 789
111 798
111 800
111 802
111 808
111 809
111 811
111 830
111 836
111 837
111 846
111 855
111 856
111 871
111 884
111 886
111 899
111 903
111 907
111 918
111 926
111 937
111 939
111 953
111 958
111 959
111 967
111 970
111 986
111 991
111 999
112 127
112 133
112 142
112 150
112 152
112 153
112 167
112 180
112 188
112 201
112 205
112 206
112 226
112 232
112 237
112 242
112 246
112 253
112 261
112 262
112 277
112 281
112 287
112 294
112 297
112 328
112 329
112 330
112 345
112 354
112 363
112 365
112 366
112 386
112 413
112 419
112 420
112 423
112 430
112 447
112 457
112 468
112 475
112 484
112 493
112 494
112 512
112 523
112 524
112 535
112 538
112 539
112 548
112 565
112 570
112 577
112 581
112 583
112 594
112 602
112 616
112 624
112 652
112 660
112 669
112 704
112 708
112 715
112 727
112 730
112 742
112 752
112 772
112 794
112 803
112 812
112 820
112 852
112 859
112 872
112 884
112 895
112 910
112 917
112 933
112 942
112 949
112 959
112 961
112 971
112 979
112 988
112 994
113 114
113 119
113 126
113 139
113 170
113 172
113 182
113 185
113 190
113 193
113 208
113 214
113 241
113 263
113 269
113 275
113 276
113 279
113 289
113 290
113 296
113 297
113 302
113 319
113 326
113 346
113 353
113 354
113 367
113 375
113 381
113 386
113 398
113 413
113 419
113 420
113 441
113 446
113 463
113 483
113 500
113 502
113 511
113 519
113 539
113 548
113 573
113 605
113 612
113 620
113 625
113 632
113 635
113 643
113 646
113 649
113 659
113 668
113 693
113 702
113 721
113 724
113 736
113 742
113 744
113 746
113 747
113 752
113 762
113 782
113 790
113 791
113 792
113 829
113 830
113 865
113 871
113 884
113 891
113 905
113 916
113 932
113 937
113 941
113 948
113 972
113 987
113 992
114 119
114 131
114 140
114 149
114 180
114 184
114 185
114 194
114 202
114 205
114 206
114 208
114 211
114 230
114 235
114 236
114 255
114 267
114 273
114 281
114 289
114 308
114 313
114 316
114 338
114 339
114 344
114 366
114 371
114 379
114 380
114 394
114 397
114 402
114 410
114 427
114 476
114 490
114 494
114 516
114 532
114 543
114 544
114 545
114 549
114 561
114 567
114 568
114 569
114 576
114 581
114 587
114 592
114 595
114 600
114 605
114 620
114 625
114 639
114 640
114 649
114 654
114 659
114 668
114 672
114 710
114 711
114 731
114 753
114 765
114 773
114 779
114 780
114 792
114 798
114 804
114 811
114 813
114 816
114 840
114 851
114 856
114 865
114 881
114 891
114 901
114 905
114 912
114 922
114 933
114 935
114 938
114 943
114 961
114 964
114 973
114 983
114 986
114 999
115 117
115 139
115 158
115 167
115 174
115 182
115 185
115 195
115 200
115 212
115 214
115 250
115 261
115 262
115 265
115 268
115 282
115 286
115 291
115 296
115 299
115 315
115 322
115 329
115 330
115 335
115 336
115 347
115 348
115 351
115 355
115 366
115 376
115 382
115 393
115 400
115 422
115 423
115 425
115 433
115 453
115 454
115 462
115 463
115 466
115 471
115 474
115 478
115 482
115 494
115 495
115 518
115 528
115 529
115 549
115 550
115 560
115 583
115 590
115 591
115 601
115 617
115 628
115 650
115 652
115 663
115 668
115 680
115 687
115 688
115 715
115 717
115 718
115 736
115 744
115 752
115 755
115 769
115 780
115 789
115 798
115 802
115 804
115 808
115 814
115 816
115 834
115 841
115 846
115 855
115 862
115 865
115 901
115 926
115 939
115 943
115 969
115 972
115 973
115 992
116 124
116 127
116 146
116 155
116 157
116 158
116 198
116 199
116 217
116 222
116 235
116 247
116 266
116 273
116 274
116 280
116 281
116 291
116 294
116 306
116 307
116 310
116 316
116 319
116 340
116 347
116 351
116 367
116 379
116 392
116 418
116 438
116 440
116 462
116 476
116 479
116 484
116 494
116 498
116 503
116 529
116 532
116 562
116 577
116 588
116 589
116 593
116 595
116 603
116 617
116 619
116 620
116 621
116 624
116 625
116 640
116 641
116 647
116 654
116 680
116 685
116 705
116 707
116 718
116 722
116 758
116 761
116 790
116 799
116 807
116 814
116 816
116 821
116 824
116 845
116 847
116 850
116 888
116 892
116 893
116 896
116 931
116 946
116 956
116 957
116 979
116 982
116 988
116 997
117 138
117 149
117 150
117 157
117 162
117 168
117 182
117 183
117 188
117 203
117 238
117 262
117 270
117 316
117 318
117 327
117 330
117 331
117 343
117 354
117 381
117 386
117 392
117 397
117 400
117 410
117 428
117 432
117 445
117 470
117 484
117 490
117 492
117 496
117 507
117 517
117 530
117 533
117 541
117 552
117 555
117 557
117 568
117 574
117 577
117 606
117 607
117 610
117 618
117 623
117 625
117 626
117 628
117 635
117 637
117 641
117 644
117 647
117 652
117 655
117 663
117 667
117 683
117 707
117 714
117 719
117 732
117 754
117 777
117 797
117 809
117 810
117 822
117 829
117 834
117 856
117 858
117 866
117 878
117 888
117 895
117 898
117 903
117 908
117 917
117 939
117 947
117 952
117 957
117 972
118 128
118 175
118 177
118 188
118 198
118 206
118 210
118 228
118 238
118 246
118 251
118 254
118 261
118 279
118 280
118 292
118 313
118 320
118 332
118 345
118 347
118 348
118 361
118 373
118 382
118 383
118 392
118 407
118 409
118 413
118 430
118 472
118 475
118 482
118 498
118 506
118 518
118 535
118 559
118 567
118 570
118 603
118 607
118 613
118 653
118 665
118 676
118 680
118 700
118 703
118 715
118 718
118 724
118 743
118 747
118 751
118 765
118 772
118 779
118 780
118 785
118 818
118 827
118 834
118 883
118 886
118 900
118 902
118 931
118 942
118 959
118 963
118 970
118 979
118 983
118 998
119 122
119 127
119 129
119 133
119 136
119 157
119 158
119 165
119 172
119 185
119 190
119 194
119 200
119 202
119 221
119 222
119 256
119 266
119 273
119 276
119 283
119 314
119 321
119 339
119 346
119 369
119 373
119 377
119 385
119 406
119 407
119 434
119 438
119 446
119 474
119 475
119 493
119 508
119 512
119 513
119 529
119 556
119 570
119 587
119 621
119 640
119 644
119 653
119 679
119 694
119 700
119 726
119 732
119 734
119 741
119 779
119 780
119 789
119 792
119 804
119 810
119 813
119 834
119 837
119 851
119 869
119 870
119 887
119 891
119 951
119 995
120 121
120 128
120 170
120 173
120 179
120 186
120 187
120 215
120 222
120 224
120 225
120 250
120 251
120 289
120 291
120 307
120 317
120 324
120 325
120 326
120 331
120 340
120 348
120 360
120 375
120 381
120 406
120 431
120 446
120 458
120 471
120 489
120 490
120 494
120 514
120 534
120 537
120 539
120 544
120 556
120 576
120 591
120 599
120 602
120 603
120 604
120 608
120 618
120 629
120 631
120 634
120 644
120 650
120 656
120 662
120 675
120 683
120 687
120 691
120 707
120 712
120 734
120 741
120 750
120 757
120 760
120 786
120 790
120 800
120 803
120 820
120 846
120 869
120 880
120 883
120 891
120 893
120 896
120 902
120 925
120 929
120 932
120 951
120 959
120 964
120 965
120 987
120 995
120 997
120 999
121 131
121 135
121 152
121 153
121 162
121 169
121 182
121 186
121 196
121 205
121 224
121 225
121 236
121 237
121 247
121 265
121 278
121 287
121 289
121 297
121 302
121 305
121 310
121 318
121 327
121 337
121 344
121 347
121 349
121 350
121 356
121 357
121 359
121 361
121 368
121 370
121 371
121 389
121 400
121 401
121 413
121 419
121 428
121 440
121 476
121 524
121 525
121 529
121 534
121 536
121 543
121 551
121 555
121 564
121 607
121 608
121 615
121 619
121 626
121 630
121 631
121 634
121 639
121 640
121 663
121 665
121 667
121 670
121 680
121 687
121 689
121 694
121 704
121 706
121 719
121 723
121 746
121 769
121 772
121 793
121 797
121 831
121 844
121 858
121 859
121 888
121 891
121 895
121 926
121 928
121 942
121 952
121 961
121 969
121 981
121 984
122 124
122 126
122 129
122 142
122 154
122 161
122 182
122 185
122 189
122 191
122 192
122 194
122 199
122 203
122 209
122 210
122 237
122 255
122 268
122 283
122 286
122 316
122 322
122 330
122 339
122 353
122 354
122 360
122 381
122 385
122 388
122 390
122 392
122 413
122 424
122 431
122 434
122 436
122 444
122 447
122 451
122 475
122 489
122 502
122 513
122 518
122 522
122 536
122 539
122 555
122 556
122 572
122 575
122 605
122 627
122 640
122 642
122 644
122 647
122 648
122 657
122 662
122 675
122 678
122 683
122 690
122 694
122 703
122 707
122 710
122 729
122 735
122 740
122 758
122 786
122 830
122 840
122 848
122 856
122 858
122 861
122 863
122 906
122 907
122 921
122 941
122 957
122 958
122 960
122 975
122 976
122 983
122 984
122 999
123 124
123 126
123 127
123 131
123 138
123 141
123 145
123 149
123 173
123 179
123 189
123 197
123 204
123 228
123 240
123 242
123 244
123 248
123 265
123 272
123 282
123 283
123 286
123 299
123 318
123 319
123 342
123 347
123 348
123 349
123 355
123 369
123 372
123 373
123 396
123 405
123 406
123 427
123 430
123 446
123 458
123 464
123 473
123 500
123 512
123 517
123 525
123 526
123 558
123 559
123 577
123 579
123 580
123 584
123 585
123 587
123 590
123 596
123 603
123 619
123 620
123 630
123 653
123 654
123 673
123 724
123 728
123 733
123 734
123 749
123 755
123 768
123 771
123 802
123 807
123 816
123 819
123 826
123 831
123 833
123 834
123 844
123 855
123 875
123 905
123 916
123 944
123 951
123 958
123 984
123 999
124 136
124 137
124 139
124 146
124 156
124 166
124 172
124 173
124 182
124 212
124 234
124 236
124 252
124 267
124 271
124 283
124 285
124 296
124 310
124 333
124 373
124 380
124 393
124 399
124 407
124 411
124 414
124 419
124 427
124 428
124 454
124 455
124 460
124 477
124 478
124 486
124 508
124 513
124 521
124 526
124 529
124 533
124 579
124 583
124 585
124 596
124 601
124 607
124 610
124 611
124 613
124 619
124 629
124 635
124 640
124 650
124 651
124 653
124 672
124 674
124 679
124 692
124 698
124 703
124 729
124 740
124 758
124 762
124 788
124 795
124 800
124 808
124 835
124 844
124 850
124 852
124 857
124 861
124 865
124 868
124 884
124 886
124 900
124 909
124 913
124 914
124 917
124 919
124 938
124 942
124 946
124 947
124 979
124 989
125 126
125 129
125 138
125 139
125 148
125 149
125 158
125 178
125 180
125 186
125 193
125 204
125 226
125 236
125 241
125 242
125 249
125 264
125 278
125 288
125 315
125 367
125 390
125 416
125 423
125 436
125 443
125 444
125 446
125 468
125 477
125 483
125 485
125 504
125 506
125 509
125 513
125 522
125 542
125 574
125 579
125 590
125 602
125 618
125 623
125 624
125 631
125 632
125 663
125 667
125 696
125 697
125 701
125 710
125 712
125 715
125 718
125 720
125 723
125 732
125 736
125 741
125 746
125 750
125 762
125 765
125 776
125 777
125 798
125 803
125 810
125 816
125 829
125 831
125 833
125 835
125 836
125 840
125 848
125 857
125 858
125 859
125 860
125 864
125 882
125 888
125 914
125 928
125 929
125 956
125 957
125 973
125 984
125 997
126 131
126 134
126 142
126 145
126 152
126 163
126 175
126 180
126 221
126 222
126 231
126 235
126 236
126 243
126 265
126 269
126 271
126 292
126 295
126 299
126 300
126 302
126 309
126 313
126 333
126 357
126 396
126 402
126 403
126 414
126 436
126 449
126 461
126 480
126 484
126 494
126 496
126 504
126 505
126 506
126 543
126 562
126 589
126 602
126 606
126 611
126 625
126 641
126 661
126 673
126 678
126 681
126 684
126 688
126 742
126 746
126 747
126 755
126 767
126 770
126 781
126 786
126 788
126 791
126 799
126 805
126 817
126 819
126 821
126 838
126 846
126 851
126 862
126 883
126 890
126 893
126 906
126 920
126 924
126 929
126 930
126 943
126 947
126 948
126 954
126 984
126 990
126 995
127 135
127 140
127 143
127 149
127 155
127 157
127 159
127 160
127 167
127 176
127 178
127 180
127 188
127 190
127 193
127 202
127 204
127 205
127 206
127 208
127 230
127 241
127 259
127 332
127 357
127 358
127 370
127 383
127 391
127 394
127 397
127 417
127 433
127 437
127 450
127 456
127 461
127 476
127 481
127 486
127 499
127 505
127 520
127 522
127 528
127 533
127 554
127 564
127 579
127 581
127 594
127 597
127 599
127 614
127 639
127 650
127 664
127 665
127 684
127 689
127 701
127 704
127 728
127 729
127 757
127 759
127 768
127 797
127 803
127 819
127 822
127 825
127 831
127 832
127 837
127 849
127 851
127 863
127 873
127 875
127 904
127 905
127 926
127 941
127 942
127 943
127 949
127 953
127 962
127 977
127 985
127 998
128 135
128 139
128 165
128 171
128 180
128 182
128 188
128 194
128 208
128 212
128 220
128 230
128 237
128 245
128 254
128 297
128 321
128 332
128 348
128 350
128 363
128 366
128 372
128 377
128 380
128 388
128 400
128 409
128 416
128 428
128 442
128 447
128 453
128 462
128 486
128 511
128 514
128 521
128 528
128 533
128 540
128 544
128 552
128 565
128 584
128 593
128 596
128 597
128 607
128 619
128 624
128 633
128 662
128 715
128 720
128 741
128 754
128 759
128 768
128 819
128 824
128 825
128 826
128 836
128 858
128 896
128 897
128 901
128 904
128 933
128 937
128 959
128 966
128 976
128 981
128 987
129 135
129 143
129 168
129 172
129 175
129 178
129 180
129 183
129 208
129 213
129 231
129 236
129 246
129 259
129 268
129 277
129 281
129 285
129 288
129 291
129 299
129 302
129 314
129 318
129 319
129 321
129 324
129 328
129 342
129 355
129 357
129 365
129 366
129 370
129 386
129 395
129 400
129 407
129 411
129 414
129 442
129 443
129 453
129 455
129 457
129 462
129 469
129 473
129 483
129 487
129 507
129 524
129 538
129 555
129 558
129 563
129 595
129 597
129 612
129 621
129 632
129 645
129 664
129 668
129 678
129 679
129 684
129 691
129 694
129 704
129 722
129 736
129 755
129 762
129 772
129 774
129 786
129 801
129 811
129 812
129 833
129 836
129 843
129 844
129 850
129 860
129 869
129 888
129 891
129 895
129 897
129 913
129 936
129 947
129 954
129 963
129 976
129 992
129 998
130 131
130 133
130 146
130 155
130 172
130 180
130 188
130 199
130 204
130 246
130 250
130 253
130 255
130 256
130 298
130 304
130 312
130 319
130 331
130 340
130 350
130 357
130 363
130 373
130 375
130 387
130 402
130 403
130 407
130 408
130 423
130 435
130 464
130 476
130 487
130 506
130 508
130 515
130 525
130 529
130 548
130 569
130 590
130 612
130 617
130 641
130 663
130 666
130 672
130 682
130 693
130 718
130 719
130 721
130 722
130 729
130 736
130 739
130 743
130 751
130 752
130 761
130 762
130 768
130 771
130 772
130 774
130 777
130 779
130 782
130 783
130 787
130 790
130 792
130 806
130 814
130 816
130 817
130 821
130 823
130 832
130 844
130 854
130 857
130 860
130 867
130 879
130 881
130 886
130 892
130 899
130 900
130 909
130 931
130 947
130 953
130 955
130 964
130 977
130 980
130 998
131 132
131 139
131 146
131 159
131 167
131 180
131 182
131 198
131 207
131 212
131 219
131 240
131 260
131 264
131 294
131 296
131 297
131 313
131 326
131 327
131 332
131 333
131 342
131 351
131 353
131 359
131 372
131 375
131 409
131 410
131 419
131 424
131 434
131 442
131 443
131 463
131 472
131 478
131 511
131 537
131 538
131 542
131 546
131 547
131 565
131 575
131 576
131 582
131 611
131 628
131 660
131 661
131 669
131 693
131 695
131 696
131 697
131 721
131 731
131 775
131 786
131 791
131 803
131 821
131 834
131 838
131 840
131 841
131 845
131 851
131 882
131 890
131 892
131 902
131 903
131 916
131 920
131 943
131 963
131 983
131 985
131 993
131 994
131 996
132 160
132 166
132 168
132 191
132 193
132 197
132 198
132 224
132 225
132 228
132 232
132 248
132 298
132 307
132 309
132 316
132 326
132 334
132 340
132 354
132 380
132 383
132 424
132 431
132 439
132 442
132 446
132 447
132 449
132 454
132 465
132 467
132 482
132 502
132 522
132 527
132 532
132 533
132 542
132 548
132 551
132 569
132 589
132 610
132 614
132 621
132 627
132 641
132 652
132 656
132 661
132 671
132 676
132 677
132 696
132 702
132 704
132 707
132 726
132 732
132 749
132 750
132 755
132 779
132 800
132 801
132 812
132 819
132 821
132 832
132 871
132 882
132 884
132 897
132 912
132 920
132 935
132 940
132 954
132 962
132 967
132 977
133 144
133 148
133 188
133 196
133 199
133 216
133 217
133 218
133 242
133 251
133 262
133 278
133 286
133 291
133 303
133 325
133 327
133 338
133 363
133 365
133 366
133 369
133 383
133 388
133 400
133 406
133 415
133 420
133 432
133 433
133 440
133 442
133 443
133 444
133 445
133 447
133 456
133 469
133 472
133 478
133 487
133 496
133 498
133 500
133 501
133 502
133 512
133 518
133 519
133 528
133 588
133 612
133 617
133 618
133 630
133 631
133 637
133 654
133 657
133 675
133 680
133 688
133 692
133 694
133 703
133 707
133 709
133 710
133 714
133 718
133 721
133 730
133 745
133 756
133 767
133 784
133 788
133 793
133 794
133 799
133 803
133 820
133 839
133 841
133 844
133 849
133 877
133 886
133 892
133 893
133 913
133 914
133 921
133 932
133 937
133 938
133 939
133 951
133 986
134 143
134 171
134 174
134 190
134 212
134 213
134 221
134 228
134 233
134 241
134 252
134 263
134 267
134 277
134 280
134 286
134 294
134 297
134 302
134 310
134 316
134 326
134 329
134 342
134 343
134 380
134 397
134 413
134 421
134 428
134 434
134 436
134 449
134 470
134 476
134 494
134 539
134 541
134 563
134 566
134 592
134 596
134 602
134 610
134 655
134 662
134 668
134 676
134 686
134 687
134 700
134 704
134 705
134 708
134 714
134 737
134 740
134 743
134 744
134 747
134 752
134 753
134 762
134 768
134 792
134 796
134 803
134 807
134 817
134 845
134 872
134 876
134 888
134 897
134 899
134 909
134 947
134 961
134 989
134 990
134 993
134 994
135 147
135 206
135 208
135 209
135 232
135 262
135 267
135 272
135 287
135 300
135 305
135 308
135 309
135 325
135 339
135 350
135 356
135 381
135 382
135 383
135 387
135 390
135 400
135 421
135 431
135 463
135 467
135 469
135 476
135 498
135 515
135 518
135 520
135 526
135 531
135 540
135 548
135 559
135 573
135 589
135 590
135 603
135 633
135 636
135 649
135 652
135 715
135 718
135 720
135 726
135 742
135 748
135 749
135 752
135 797
135 815
135 818
135 824
135 837
135 856
135 858
135 870
135 874
135 878
135 882
135 890
135 904
135 907
135 910
135 917
135 921
135 931
135 941
135 951
135 952
135 983
135 985
135 988
136 139
136 143
136 154
136 190
136 201
136 203
136 204
136 207
136 218
136 224
136 231
136 233
136 241
136 259
136 261
136 263
136 287
136 300
136 306
136 330
136 332
136 334
136 336
136 337
136 375
136 377
136 396
136 408
136 415
136 435
136 455
136 463
136 466
136 478
136 479
136 492
136 501
136 508
136 539
136 540
136 543
136 563
136 565
136 583
136 593
136 595
136 605
136 630
136 647
136 651
136 663
136 668
136 670
136 691
136 702
136 735
136 739
136 751
136 756
136 757
136 765
136 775
136 778
136 791
136 800
136 815
136 830
136 838
136 854
136 861
136 864
136 887
136 909
136 916
136 925
136 932
136 939
136 946
136 950
136 991
136 995
136 997
137 149
137 165
137 174
137 185
137 191
137 200
137 207
137 209
137 257
137 275
137 279
137 280
137 286
137 294
137 300
137 304
137 311
137 316
137 333
137 339
137 348
137 351
137 357
137 365
137 367
137 371
137 380
137 396
137 409
137 410
137 420
137 423
137 427
137 434
137 436
137 440
137 457
137 471
137 478
137 489
137 490
137 492
137 504
137 547
137 558
137 578
137 640
137 642
137 645
137 654
137 661
137 665
137 673
137 676
137 680
137 691
137 696
137 746
137 768
137 787
137 796
137 798
137 819
137 821
137 845
137 889
137 913
137 915
137 929
137 961
137 971
137 974
137 978
137 988
138 176
138 177
138 180
138 182
138 188
138 192
138 195
138 202
138 204
138 205
138 212
138 220
138 226
138 228
138 241
138 253
138 256
138 262
138 263
138 270
138 283
138 296
138 305
138 313
138 330
138 340
138 382
138 401
138 404
138 438
138 450
138 463
138 466
138 471
138 488
138 494
138 500
138 517
138 525
138 528
138 531
138 551
138 556
138 581
138 582
138 590
138 597
138 600
138 613
138 614
138 617
138 649
138 669
138 670
138 685
138 695
138 701
138 706
138 714
138 728
138 738
138 743
138 748
138 756
138 777
138 788
138 794
138 799
138 809
138 814
138 815
138 846
138 855
138 865
138 877
138 881
138 921
138 937
138 981
139 146
139 165
139 170
139 182
139 198
139 204
139 228
139 232
139 239
139 261
139 267
139 276
139 281
139 295
139 299
139 302
139 314
139 318
139 325
139 336
139 346
139 363
139 376
139 377
139 383
139 424
139 435
139 437
139 448
139 471
139 473
139 483
139 484
139 485
139 494
139 498
139 501
139 503
139 508
139 517
139 524
139 534
139 545
139 554
139 556
139 557
139 565
139 568
139 572
139 577
139 580
139 603
139 610
139 624
139 625
139 633
139 635
139 642
139 644
139 649
139 661
139 674
139 689
139 699
139 709
139 720
139 744
139 760
139 768
139 769
139 779
139 787
139 798
139 833
139 835
139 842
139 849
139 853
139 855
139 857
139 861
139 866
139 871
139 876
139 915
139 931
139 933
139 934
139 941
139 954
139 966
139 967
139 970
139 971
139 975
139 977
139 987
139 991
139 992
139 995
140 142
140 145
140 174
140 179
140 190
140 196
140 217
140 221
140 223
140 233
140 235
140 264
140 274
140 276
140 286
140 294
140 299
140 303
140 323
140 332
140 333
140 335
140 343
140 365
140 388
140 398
140 407
140 415
140 418
140 422
140 426
140 434
140 453
140 490
140 493
140 503
140 514
140 515
140 533
140 545
140 551
140 589
140 604
140 605
140 614
140 618
140 638
140 652
140 674
140 678
140 702
140 719
140 733
140 741
140 745
140 749
140 761
140 771
140 773
140 783
140 788
140 801
140 802
140 828
140 833
140 850
140 898
140 907
140 911
140 933
140 934
140 938
140 939
140 945
140 952
140 973
140 981
140 986
141 166
141 168
141 185
141 193
141 210
141 224
141 240
141 254
141 255
141 266
141 289
141 300
141 306
141 331
141 365
141 368
141 382
141 391
141 400
141 413
141 421
141 424
141 428
141 439
141 440
141 444
141 449
141 482
141 486
141 489
141 505
141 507
141 512
141 513
141 514
141 520
141 535
141 547
141 561
141 566
141 579
141 584
141 602
141 619
141 624
141 653
141 663
141 670
141 674
141 689
141 696
141 717
141 742
141 752
141 792
141 795
141 810
141 815
141 835
141 841
141 864
141 872
141 880
141 881
141 905
141 926
141 933
141 939
141 945
141 957
141 967
141 968
141 971
141 972
141 973
141 974
141 982
141 993
142 166
142 203
142 215
142 232
142 242
142 243
142 280
142 288
142 295
142 319
142 334
142 345
142 347
142 352
142 360
142 367
142 369
142 375
142 388
142 390
142 392
142 405
142 408
142 412
142 425
142 444
142 453
142 454
142 472
142 482
142 486
142 490
142 505
142 509
142 521
142 558
142 573
142 580
142 589
142 606
142 608
142 612
142 628
142 633
142 635
142 654
142 661
142 671
142 729
142 730
142 742
142 753
142 759
142 760
142 766
142 796
142 801
142 803
142 806
142 823
142 828
142 928
142 931
142 932
142 945
142 954
142 960
142 980
143 145
143 172
143 175
143 178
143 226
143 244
143 251
143 252
143 287
143 291
143 305
143 307
143 316
143 318
143 320
143 336
143 341
143 348
143 351
143 357
143 361
143 369
143 375
143 377
143 380
143 381
143 384
143 385
143 401
143 405
143 411
143 418
143 423
143 440
143 446
143 456
143 459
143 460
143 465
143 483
143 495
143 510
143 555
143 557
143 578
143 588
143 595
143 605
143 619
143 621
143 634
143 678
143 688
143 692
143 697
143 701
143 705
143 707
143 721
143 738
143 747
143 752
143 761
143 776
143 777
143 782
143 793
143 799
143 804
143 811
143 815
143 819
143 854
143 876
143 911
143 917
143 941
143 952
144 145
144 172
144 178
144 180
144 183
144 190
144 199
144 201
144 205
144 211
144 219
144 221
144 226
144 241
144 245
144 257
144 262
144 278
144 280
144 285
144 287
144 292
144 299
144 309
144 313
144 317
144 319
144 323
144 325
144 327
144 336
144 345
144 346
144 354
144 370
144 375
144 389
144 401
144 402
144 405
144 411
144 412
144 415
144 421
144 425
144 427
144 430
144 443
144 452
144 495
144 496
144 505
144 507
144 508
144 527
144 535
144 545
144 547
144 557
144 573
144 599
144 603
144 613
144 614
144 628
144 645
144 647
144 648
144 650
144 652
144 658
144 667
144 668
144 695
144 713
144 724
144 733
144 735
144 751
144 754
144 756
144 762
144 766
144 772
144 776
144 784
144 785
144 786
144 798
144 800
144 810
144 825
144 842
144 849
144 851
144 858
144 875
144 877
144 885
144 886
144 887
144 902
144 909
144 921
144 930
144 946
144 959
144 965
144 973
144 983
144 986
144 999
145 153
145 158
145 166
145 181
145 184
145 208
145 214
145 222
145 240
145 252
145 258
145 270
145 273
145 301
145 303
145 308
145 311
145 326
145 331
145 337
145 340
145 349
145 373
145 374
145 384
145 394
145 404
145 407
145 410
145 415
145 443
145 446
145 449
145 471
145 472
145 499
145 501
145 512
145 528
145 544
145 546
145 551
145 555
145 563
145 564
145 567
145 582
145 584
145 605
145 632
145 633
145 640
145 656
145 672
145 678
145 686
145 694
145 700
145 706
145 708
145 725
145 744
145 750
145 751
145 782
145 789
145 790
145 792
145 799
145 800
145 802
145 812
145 814
145 865
145 876
145 880
145 881
145 913
145 919
145 926
145 927
145 934
145 944
145 953
145 955
145 964
145 995
146 153
146 157
146 164
146 173
146 178
146 183
146 189
146 210
146 214
146 220
146 233
146 234
146 237
146 258
146 274
146 279
146 287
146 303
146 324
146 336
146 354
146 356
146 364
146 370
146 374
146 380
146 386
146 451
146 453
146 482
146 484
146 491
146 495
146 521
146 527
146 531
146 534
146 540
146 559
146 561
146 563
146 568
146 569
146 573
146 613
146 618
146 619
146 627
146 628
146 641
146 650
146 652
146 654
146 659
146 682
146 683
146 702
146 755
146 764
146 779
146 789
146 792
146 795
146 863
146 873
146 900
146 904
146 914
146 923
146 924
146 929
146 931
146 937
146 944
146 949
146 961
146 967
146 981
146 996
147 156
147 159
147 161
147 193
147 198
147 230
147 231
147 239
147 241
147 247
147 261
147 278
147 284
147 292
147 306
147 313
147 315
147 317
147 324
147 325
147 334
147 338
147 339
147 340
147 351
147 357
147 370
147 384
147 386
147 387
147 389
147 396
147 399
147 404
147 421
147 422
147 433
147 434
147 436
147 438
147 455
147 470
147 473
147 477
147 480
147 490
147 492
147 502
147 508
147 517
147 520
147 530
147 537
147 545
147 547
147 551
147 570
147 579
147 585
147 600
147 606
147 613
147 618
147 626
147 627
147 628
147 636
147 662
147 674
147 693
147 729
147 738
147 739
147 748
147 756
147 758
147 766
147 774
147 787
147 795
147 799
147 803
147 810
147 815
147 817
147 820
147 838
147 861
147 862
147 864
147 868
147 900
147 913
147 918
147 927
147 939
147 940
147 946
147 947
147 950
147 956
147 980
147 992
147 993
147 995
148 149
148 195
148 203
148 218
148 232
148 247
148 248
148 253
148 260
148 261
148 262
148 264
148 273
148 281
148 323
148 329
148 349
148 397
148 408
148 415
148 417
148 421
148 433
148 438
148 439
148 440
148 443
148 446
148 457
148 463
148 482
148 488
148 505
148 510
148 511
148 522
148 529
148 580
148 606
148 639
148 643
148 650
148 655
148 670
148 682
148 690
148 695
148 698
148 701
148 702
148 718
148 733
148 735
148 740
148 745
148 759
148 763
148 782
148 783
148 789
148 790
148 794
148 797
148 810
148 814
148 824
148 826
148 832
148 839
148 847
148 865
148 866
148 867
148 877
148 887
148 892
148 896
148 903
148 915
148 920
148 932
148 944
148 958
148 966
148 993
148 994
149 151
149 172
149 179
149 189
149 206
149 212
149 229
149 238
149 248
149 269
149 272
149 283
149 286
149 289
149 301
149 312
149 362
149 373
149 377
149 403
149 409
149 411
149 429
149 440
149 444
149 446
149 470
149 493
149 497
149 503
149 504
149 512
149 516
149 518
149 521
149 522
149 537
149 543
149 556
149 579
149 586
149 621
149 623
149 626
149 646
149 656
149 662
149 681
149 685
149 705
149 720
149 722
149 736
149 740
149 745
149 748
149 750
149 754
149 757
149 760
149 761
149 765
149 769
149 772
149 775
149 777
149 779
149 783
149 785
149 802
149 811
149 818
149 819
149 836
149 839
149 854
149 895
149 910
149 923
149 930
149 933
149 934
149 939
149 944
149 949
149 950
149 956
149 977
149 982
149 991
150 171
150 210
150 228
150 237
150 244
150 259
150 276
150 286
150 287
150 300
150 310
150 319
150 341
150 346
150 347
150 351
150 356
150 362
150 372
150 374
150 375
150 378
150 379
150 387
150 392
150 393
150 403
150 419
150 441
150 444
150 465
150 484
150 490
150 492
150 495
150 507
150 510
150 520
150 531
150 544
150 549
150 550
150 565
150 573
150 577
150 579
150 589
150 595
150 596
150 625
150 633
150 644
150 645
150 646
150 655
150 657
150 680
150 691
150 692
150 711
150 732
150 734
150 741
150 750
150 757
150 761
150 764
150 769
150 801
150 816
150 827
150 831
150 834
150 835
150 846
150 849
150 853
150 858
150 868
150 872
150 878
150 881
150 886
150 894
150 901
150 902
150 903
150 904
150 907
150 918
150 936
150 941
150 947
150 954
150 964
150 974
150 979
150 983
151 162
151 171
151 175
151 193
151 196
151 201
151 202
151 239
151 248
151 251
151 267
151 279
151 285
151 287
151 289
151 296
151 300
151 308
151 309
151 310
151 312
151 313
151 344
151 352
151 354
151 363
151 379
151 388
151 428
151 436
151 439
151 456
151 457
151 461
151 463
151 465
151 466
151 470
151 477
151 478
151 509
151 520
151 522
151 533
151 535
151 543
151 563
151 568
151 572
151 573
151 582
151 593
151 600
151 608
151 610
151 616
151 619
151 623
151 636
151 643
151 645
151 669
151 682
151 692
151 693
151 695
151 712
151 714
151 733
151 763
151 768
151 783
151 793
151 801
151 803
151 825
151 836
151 844
151 847
151 850
151 854
151 857
151 880
151 892
151 921
151 928
151 933
151 940
151 945
151 954
151 959
151 968
151 978
151 979
151 996
152 154
152 176
152 194
152 213
152 218
152 231
152 233
152 234
152 236
152 257
152 260
152 267
152 279
152 312
152 322
152 325
152 348
152 356
152 377
152 381
152 383
152 393
152 408
152 411
152 421
152 424
152 427
152 433
152 434
152 475
152 480
152 481
152 493
152 505
152 507
152 520
152 524
152 525
152 532
152 537
152 550
152 565
152 570
152 573
152 574
152 576
152 600
152 622
152 625
152 648
152 651
152 667
152 682
152 719
152 736
152 746
152 747
152 750
152 759
152 784
152 808
152 809
152 816
152 821
152 822
152 828
152 831
152 845
152 848
152 867
152 869
152 879
152 883
152 887
152 900
152 906
152 912
152 918
152 922
152 928
152 932
152 944
152 958
152 966
152 974
152 977
152 983
152 987
152 988
152 993
153 180
153 197
153 226
153 240
153 255
153 260
153 264
153 266
153 269
153 277
153 281
153 290
153 292
153 296
153 306
153 331
153 344
153 349
153 352
153 362
153 371
153 373
153 390
153 392
153 420
153 423
153 449
153 451
153 453
153 454
153 466
153 472
153 477
153 485
153 495
153 500
153 506
153 508
153 519
153 530
153 537
153 539
153 546
153 557
153 560
153 562
153 569
153 585
153 596
153 602
153 615
153 625
153 632
153 647
153 658
153 676
153 681
153 685
153 707
153 721
153 735
153 741
153 751
153 759
153 772
153 784
153 799
153 808
153 813
153 841
153 856
153 884
153 897
153 898
153 905
153 907
153 919
153 920
153 931
153 934
153 936
153 949
153 950
153 960
153 965
153 970
153 984
153 996
154 160
154 174
154 177
154 182
154 204
154 213
154 222
154 231
154 247
154 251
154 256
154 258
154 269
154 283
154 292
154 297
154 316
154 317
154 335
154 340
154 368
154 378
154 399
154 416
154 437
154 450
154 451
154 452
154 457
154 459
154 468
154 475
154 505
154 533
154 535
154 551
154 555
154 589
154 594
154 602
154 609
154 634
154 648
154 654
154 665
154 668
154 676
154 682
154 691
154 696
154 699
154 709
154 719
154 725
154 727
154 729
154 736
154 739
154 780
154 781
154 804
154 805
154 810
154 816
154 817
154 818
154 835
154 842
154 843
154 854
154 857
154 867
154 873
154 874
154 887
154 889
154 891
154 892
154 901
154 915
154 916
154 920
154 934
154 936
154 938
154 940
154 943
154 945
154 975
154 976
154 986
154 999
155 178
155 182
155 229
155 231
155 249
155 254
155 257
155 273
155 281
155 290
155 307
155 314
155 315
155 336
155 349
155 350
155 359
155 364
155 373
155 380
155 396
155 402
155 425
155 434
155 441
155 449
155 451
155 453
155 454
155 455
155 467
155 479
155 495
155 506
155 508
155 521
155 527
155 528
155 549
155 559
155 604
155 614
155 615
155 621
155 626
155 638
155 641
155 655
155 660
155 665
155 671
155 683
155 684
155 702
155 717
155 749
155 770
155 777
155 785
155 797
155 801
155 806
155 809
155 830
155 831
155 850
155 861
155 862
155 863
155 866
155 870
155 876
155 879
155 898
155 916
155 928
155 950
155 954
155 955
155 956
155 960
155 963
155 971
155 972
155 983
155 984
155 992
155 997
156 157
156 164
156 169
156 173
156 183
156 187
156 210
156 228
156 232
156 237
156 244
156 256
156 259
156 263
156 282
156 285
156 311
156 322
156 329
156 331
156 342
156 348
156 372
156 383
156 385
156 394
156 399
156 400
156 407
156 411
156 431
156 432
156 435
156 438
156 451
156 458
156 464
156 480
156 481
156 486
156 487
156 495
156 498
156 510
156 526
156 560
156 570
156 578
156 589
156 609
156 631
156 636
156 648
156 649
156 653
156 662
156 669
156 675
156 684
156 685
156 694
156 717
156 718
156 730
156 745
156 747
156 759
156 764
156 789
156 800
156 814
156 818
156 820
156 825
156 828
156 832
156 833
156 849
156 850
156 877
156 892
156 904
156 916
156 928
156 958
156 971
156 991
157 158
157 163
157 170
157 186
157 187
157 189
157 191
157 198
157 209
157 239
157 245
157 252
157 266
157 270
157 274
157 314
157 315
157 323
157 324
157 325
157 332
157 333
157 346
157 358
157 365
157 372
157 411
157 422
157 430
157 436
157 437
157 441
157 450
157 454
157 462
157 467
157 480
157 490
157 493
157 503
157 523
157 546
157 556
157 557
157 570
157 582
157 585
157 599
157 608
157 658
157 672
157 678
157 700
157 717
157 724
157 735
157 748
157 760
157 764
157 784
157 815
157 823
157 824
157 861
157 871
157 873
157 889
157 897
157 903
157 905
157 915
157 930
157 945
157 973
157 977
157 979
157 982
157 988
157 989
157 999
158 159
158 163
158 187
158 189
158 195
158 207
158 220
158 221
158 223
158 225
158 235
158 243
158 256
158 259
158 260
158 265
158 268
158 271
158 290
158 302
158 304
158 307
158 318
158 328
158 333
158 334
158 357
158 368
158 396
158 401
158 405
158 412
158 416
158 442
158 469
158 498
158 502
158 515
158 528
158 558
158 568
158 580
158 590
158 594
158 597
158 608
158 612
158 617
158 654
158 664
158 675
158 682
158 692
158 714
158 718
158 722
158 723
158 755
158 779
158 780
158 785
158 792
158 794
158 813
158 822
158 828
158 835
158 837
158 839
158 870
158 878
158 913
158 918
158 932
158 934
158 949
158 962
158 974
158 976
158 978
159 192
159 197
159 207
159 210
159 214
159 219
159 222
159 228
159 238
159 240
159 253
159 266
159 277
159 285
159 286
159 292
159 303
159 308
159 312
159 319
159 325
159 328
159 329
159 332
159 336
159 347
159 411
159 413
159 422
159 427
159 430
159 434
159 443
159 445
159 488
159 491
159 506
159 537
159 584
159 585
159 588
159 601
159 603
159 621
159 629
159 632
159 659
159 696
159 701
159 705
159 710
159 727
159 736
159 743
159 769
159 782
159 786
159 822
159 826
159 840
159 852
159 880
159 909
159 916
159 925
159 942
159 943
159 945
159 949
159 955
159 956
159 995
160 170
160 186
160 201
160 223
160 233
160 237
160 240
160 243
160 264
160 270
160 283
160 285
160 298
160 302
160 314
160 325
160 340
160 349
160 353
160 358
160 367
160 369
160 406
160 410
160 430
160 440
160 441
160 464
160 481
160 501
160 513
160 536
160 542
160 562
160 564
160 569
160 572
160 577
160 587
160 597
160 631
160 633
160 668
160 671
160 679
160 697
160 699
160 704
160 709
160 712
160 740
160 743
160 744
160 750
160 754
160 776
160 780
160 799
160 805
160 819
160 832
160 839
160 854
160 872
160 875
160 887
160 889
160 921
160 928
160 932
160 933
160 945
160 946
160 948
160 950
160 954
160 965
160 987
160 990
160 993
161 162
161 169
161 197
161 266
161 267
161 279
161 284
161 288
161 295
161 296
161 300
161 314
161 319
161 349
161 372
161 374
161 380
161 383
161 384
161 390
161 423
161 431
161 445
161 450
161 456
161 458
161 469
161 499
161 504
161 523
161 530
161 533
161 541
161 547
161 561
161 564
161 581
161 584
161 598
161 635
161 636
161 657
161 680
161 692
161 694
161 695
161 697
161 702
161 729
161 739
161 768
161 775
161 785
161 801
161 809
161 812
161 819
161 820
161 826
161 836
161 861
161 862
161 879
161 889
161 893
161 897
161 905
161 929
161 932
161 935
161 938
161 939
161 949
161 951
161 962
161 964
161 997
161 998
162 173
162 177
162 209
162 211
162 215
162 224
162 227
162 246
162 250
162 276
162 293
162 307
162 330
162 336
162 351
162 356
162 364
162 365
162 394
162 398
162 425
162 465
162 470
162 471
162 477
162 479
162 486
162 499
162 517
162 523
162 524
162 534
162 541
162 559
162 560
162 565
162 589
162 593
162 601
162 602
162 604
162 612
162 616
162 625
162 631
162 634
162 636
162 638
162 643
162 651
162 657
162 669
162 686
162 710
162 713
162 717
162 738
162 749
162 768
162 777
162 781
162 786
162 792
162 798
162 807
162 815
162 820
162 822
162 828
162 845
162 865
162 867
162 879
162 881
162 900
162 904
162 912
162 925
162 967
162 973
162 974
162 975
162 984
162 993
162 996
163 164
163 171
163 176
163 184
163 188
163 193
163 198
163 200
163 203
163 219
163 221
163 222
163 225
163 235
163 247
163 255
163 281
163 289
163 294
163 297
163 301
163 303
163 305
163 344
163 352
163 356
163 374
163 385
163 391
163 403
163 405
163 406
163 418
163 420
163 427
163 432
163 433
163 451
163 453
163 454
163 464
163 499
163 510
163 511
163 526
163 529
163 534
163 540
163 545
163 546
163 565
163 580
163 593
163 641
163 645
163 646
163 657
163 661
163 663
163 665
163 698
163 707
163 709
163 714
163 723
163 725
163 732
163 774
163 777
163 783
163 822
163 840
163 841
163 875
163 891
163 898
163 903
163 904
163 910
163 914
163 916
163 921
163 927
163 950
163 955
163 959
163 962
163 964
163 966
163 969
163 993
164 182
164 187
164 190
164 215
164 216
164 221
164 230
164 231
164 237
164 245
164 251
164 252
164 256
164 265
164 272
164 278
164 282
164 290
164 297
164 301
164 317
164 318
164 325
164 349
164 353
164 364
164 369
164 370
164 372
164 396
164 404
164 414
164 420
164 427
164 430
164 443
164 498
164 499
164 510
164 516
164 518
164 522
164 525
164 526
164 529
164 556
164 561
164 565
164 572
164 583
164 602
164 604
164 609
164 610
164 619
164 622
164 630
164 631
164 633
164 635
164 661
164 674
164 697
164 704
164 734
164 739
164 743
164 749
164 751
164 757
164 773
164 808
164 812
164 836
164 854
164 855
164 860
164 866
164 874
164 880
164 911
164 919
164 920
164 923
164 926
164 929
164 931
164 935
164 939
164 944
164 948
164 951
164 962
164 975
165 174
165 178
165 180
165 189
165 197
165 208
165 212
165 229
165 233
165 235
165 242
165 258
165 264
165 274
165 282
165 284
165 299
165 315
165 316
165 361
165 363
165 371
165 393
165 412
165 449
165 450
165 457
165 458
165 460
165 472
165 504
165 518
165 521
165 523
165 524
165 526
165 528
165 542
165 583
165 584
165 590
165 597
165 605
165 609
165 622
165 642
165 644
165 646
165 650
165 672
165 698
165 704
165 705
165 710
165 718
165 758
165 768
165 771
165 774
165 793
165 806
165 809
165 817
165 818
165 821
165 845
165 846
165 873
165 883
165 888
165 892
165 897
165 904
165 906
165 914
165 917
165 937
165 943
165 953
165 959
165 967
165 968
165 969
165 977
165 978
166 186
166 189
166 193
166 201
166 206
166 216
166 222
166 232
166 247
166 252
166 255
166 256
166 282
166 283
166 284
166 289
166 304
166 321
166 337
166 338
166 339
166 349
166 355
166 373
166 378
166 381
166 389
166 400
166 417
166 423
166 425
166 441
166 485
166 496
166 497
166 499
166 510
166 514
166 523
166 528
166 553
166 554
166 555
166 565
166 566
166 573
166 574
166 586
166 587
166 591
166 592
166 603
166 614
166 627
166 663
166 679
166 707
166 714
166 725
166 728
166 733
166 736
166 750
166 761
166 764
166 767
166 775
166 779
166 782
166 788
166 807
166 816
166 823
166 827
166 835
166 882
166 890
166 891
166 922
166 927
166 928
166 929
166 951
166 960
166 962
166 982
166 983
166 999
167 168
167 203
167 213
167 216
167 218
167 238
167 249
167 280
167 281
167 286
167 287
167 294
167 309
167 314
167 318
167 323
167 332
167 334
167 338
167 359
167 362
167 363
167 372
167 374
167 401
167 429
167 430
167 431
167 469
167 486
167 491
167 501
167 514
167 516
167 518
167 523
167 525
167 547
167 552
167 567
167 580
167 583
167 586
167 605
167 617
167 620
167 638
167 654
167 659
167 664
167 669
167 670
167 705
167 736
167 742
167 745
167 747
167 793
167 815
167 818
167 831
167 832
167 839
167 876
167 878
167 904
167 917
167 923
167 926
167 939
167 941
167 944
167 946
167 957
167 962
167 964
167 970
167 971
167 974
167 981
167 995
168 169
168 172
168 177
168 178
168 196
168 201
168 217
168 218
168 233
168 251
168 287
168 292
168 313
168 321
168 327
168 336
168 342
168 347
168 370
168 392
168 408
168 410
168 425
168 428
168 431
168 434
168 451
168 505
168 509
168 555
168 561
168 565
168 587
168 590
168 616
168 617
168 626
168 629
168 633
168 634
168 656
168 659
168 674
168 676
168 700
168 705
168 714
168 727
168 743
168 751
168 756
168 762
168 785
168 806
168 808
168 813
168 832
168 837
168 840
168 843
168 844
168 847
168 850
168 855
168 889
168 895
168 907
168 916
168 940
168 942
168 948
168 957
168 959
169 170
169 174
169 179
169 183
169 207
169 218
169 219
169 234
169 244
169 254
169 257
169 268
169 292
169 309
169 319
169 343
169 396
169 418
169 421
169 423
169 436
169 452
169 459
169 474
169 485
169 503
169 506
169 514
169 519
169 529
169 560
169 561
169 562
169 563
169 570
169 575
169 589
169 605
169 610
169 612
169 630
169 637
169 650
169 656
169 663
169 667
169 670
169 671
169 688
169 694
169 707
169 712
169 725
169 728
169 729
169 741
169 756
169 801
169 804
169 818
169 830
169 831
169 833
169 842
169 849
169 857
169 866
169 868
169 872
169 875
169 893
169 902
169 908
169 916
169 920
169 924
169 932
169 946
169 951
169 953
169 962
169 965
169 974
169 981
169 983
170 177
170 180
170 186
170 190
170 200
170 217
170 220
170 236
170 244
170 248
170 249
170 258
170 274
170 283
170 297
170 323
170 326
170 328
170 353
170 354
170 355
170 359
170 361
170 374
170 426
170 445
170 462
170 466
170 472
170 481
170 488
170 507
170 511
170 519
170 527
170 529
170 530
170 531
170 559
170 561
170 565
170 568
170 570
170 577
170 591
170 618
170 634
170 638
170 639
170 640
170 641
170 648
170 678
170 683
170 686
170 698
170 707
170 712
170 730
170 747
170 753
170 754
170 756
170 762
170 769
170 776
170 783
170 786
170 788
170 793
170 795
170 811
170 814
170 826
170 831
170 839
170 846
170 859
170 869
170 875
170 876
170 886
170 904
170 916
170 931
170 945
170 946
170 954
170 966
170 970
170 971
170 973
170 979
170 982
170 985
170 987
170 990
171 187
171 193
171 200
171 215
171 242
171 248
171 250
171 257
171 263
171 278
171 289
171 303
171 313
171 345
171 359
171 380
171 383
171 384
171 388
171 390
171 397
171 403
171 432
171 445
171 458
171 459
171 461
171 471
171 472
171 480
171 482
171 486
171 488
171 492
171 493
171 510
171 512
171 536
171 540
171 550
171 551
171 563
171 577
171 581
171 587
171 591
171 598
171 634
171 640
171 645
171 664
171 676
171 679
171 701
171 708
171 713
171 718
171 722
171 726
171 741
171 748
171 750
171 761
171 762
171 767
171 769
171 770
171 777
171 787
171 795
171 800
171 802
171 809
171 818
171 822
171 824
171 835
171 837
171 855
171 859
171 878
171 880
171 891
171 895
171 902
171 918
171 919
171 923
171 932
171 937
171 948
171 956
171 960
171 976
171 984
171 987
172 193
172 194
172 201
172 211
172 259
172 274
172 283
172 290
172 298
172 342
172 347
172 359
172 365
172 370
172 371
172 375
172 379
172 383
172 420
172 423
172 424
172 433
172 453
172 457
172 460
172 477
172 478
172 481
172 535
172 543
172 555
172 557
172 578
172 584
172 600
172 603
172 616
172 641
172 654
172 658
172 660
172 663
172 684
172 688
172 689
172 719
172 727
172 728
172 729
172 779
172 781
172 789
172 800
172 803
172 805
172 806
172 816
172 818
172 829
172 841
172 848
172 850
172 857
172 870
172 886
172 888
172 893
172 911
172 921
172 933
172 938
172 947
172 949
172 955
172 973
172 983
172 986
172 987
172 992
173 182
173 183
173 207
173 210
173 214
173 217
173 224
173 229
173 230
173 232
173 245
173 256
173 257
173 271
173 274
173 280
173 286
173 305
173 316
173 340
173 351
173 356
173 357
173 375
173 378
173 401
173 422
173 426
173 483
173 484
173 495
173 503
173 517
173 521
173 524
173 533
173 558
173 582
173 589
173 593
173 597
173 600
173 616
173 622
173 632
173 636
173 637
173 645
173 665
173 667
173 697
173 702
173 716
173 728
173 737
173 754
173 769
173 781
173 808
173 813
173 822
173 845
173 848
173 853
173 854
173 864
173 871
173 877
173 879
173 889
173 890
173 891
173 892
173 904
173 914
173 916
173 921
173 926
173 927
173 949
173 962
173 979
174 195
174 202
174 212
174 218
174 230
174 256
174 264
174 288
174 292
174 297
174 316
174 322
174 324
174 335
174 337
174 357
174 364
174 365
174 366
174 384
174 387
174 397
174 402
174 403
174 409
174 418
174 429
174 430
174 436
174 441
174 442
174 443
174 445
174 464
174 493
174 498
174 524
174 595
174 599
174 626
174 628
174 629
174 630
174 631
174 634
174 638
174 651
174 659
174 662
174 666
174 675
174 703
174 709
174 716
174 718
174 748
174 753
174 754
174 762
174 786
174 787
174 792
174 813
174 815
174 830
174 835
174 860
174 863
174 917
174 931
174 938
174 958
174 966
174 984
174 985
174 988
174 994
174 995
175 177
175 194
175 212
175 229
175 231
175 239
175 251
175 257
175 266
175 268
175 276
175 287
175 290
175 320
175 335
175 347
175 354
175 362
175 379
175 398
175 416
175 420
175 428
175 433
175 448
175 468
175 479
175 503
175 506
175 514
175 516
175 523
175 541
175 550
175 555
175 556
175 562
175 569
175 573
175 575
175 578
175 580
175 588
175 593
175 595
175 609
175 613
175 620
175 622
175 623
175 630
175 645
175 647
175 649
175 661
175 681
175 685
175 692
175 702
175 708
175 719
175 720
175 727
175 729
175 734
175 739
175 757
175 767
175 769
175 780
175 782
175 783
175 799
175 820
175 823
175 828
175 832
175 840
175 843
175 849
175 852
175 867
175 873
175 876
175 883
175 884
175 887
175 888
175 895
175 899
175 908
175 938
175 939
175 944
175 968
175 974
175 982
176 185
176 190
176 202
176 206
176 227
176 250
176 256
176 259
176 260
176 262
176 263
176 264
176 278
176 294
176 297
176 298
176 301
176 311
176 313
176 354
176 358
176 362
176 383
176 401
176 436
176 452
176 467
176 469
176 471
176 513
176 526
176 534
176 536
176 544
176 564
176 576
176 596
176 601
176 604
176 609
176 616
176 627
176 628
176 650
176 668
176 670
176 680
176 741
176 745
176 764
176 773
176 780
176 787
176 798
176 806
176 808
176 809
176 830
176 831
176 854
176 855
176 861
176 882
176 887
176 894
176 902
176 905
176 910
176 923
176 932
176 943
176 955
176 960
176 967
176 975
176 978
176 994
176 999
177 179
177 192
177 193
177 204
177 225
177 227
177 228
177 230
177 243
177 262
177 265
177 266
177 267
177 268
177 279
177 288
177 290
177 296
177 313
177 331
177 333
177 343
177 344
177 356
177 359
177 368
177 371
177 375
177 401
177 404
177 416
177 422
177 434
177 462
177 465
177 476
177 492
177 503
177 505
177 506
177 528
177 542
177 543
177 545
177 549
177 551
177 552
177 562
177 575
177 595
177 609
177 613
177 623
177 627
177 633
177 648
177 669
177 683
177 689
177 704
177 714
177 720
177 723
177 736
177 765
177 772
177 778
177 792
177 794
177 802
177 829
177 851
177 869
177 872
177 875
177 891
177 895
177 898
177 901
177 908
177 924
177 929
177 932
177 945
177 946
177 949
177 968
177 973
177 976
177 978
177 982
177 984
177 993
177 996
178 186
178 188
178 189
178 193
178 194
178 197
178 198
178 212
178 224
178 234
178 237
178 248
178 251
178 253
178 266
178 279
178 281
178 286
178 291
178 297
178 298
178 304
178 311
178 314
178 333
178 341
178 354
178 355
178 358
178 385
178 396
178 407
178 416
178 430
178 432
178 454
178 465
178 475
178 490
178 494
178 504
178 517
178 532
178 552
178 556
178 560
178 568
178 578
178 582
178 589
178 600
178 613
178 634
178 646
178 647
178 651
178 654
178 655
178 656
178 663
178 691
178 700
178 713
178 732
178 734
178 743
178 745
178 772
178 778
178 783
178 785
178 787
178 794
178 803
178 817
178 818
178 862
178 865
178 872
178 880
178 883
178 892
178 911
178 912
178 917
178 918
178 928
178 936
178 944
178 972
178 979
178 980
178 981
178 982
178 987
178 991
178 997
178 998
178 999
179 184
179 187
179 196
179 212
179 213
179 214
179 230
179 235
179 236
179 239
179 242
179 243
179 253
179 269
179 272
179 277
179 285
179 295
179 315
179 319
179 336
179 339
179 344
179 353
179 379
179 392
179 407
179 409
179 415
179 416
179 423
179 428
179 436
179 437
179 442
179 453
179 458
179 467
179 469
179 490
179 491
179 508
179 514
179 520
179 522
179 561
179 567
179 569
179 579
179 590
179 600
179 619
179 664
179 673
179 675
179 677
179 681
179 684
179 685
179 686
179 696
179 699
179 716
179 725
179 736
179 751
179 759
179 768
179 774
179 777
179 780
179 781
179 793
179 807
179 816
179 825
179 844
179 845
179 852
179 859
179 861
179 871
179 877
179 923
179 928
179 944
179 950
179 955
179 967
179 980
179 998
180 188
180 190
180 199
180 217
180 221
180 235
180 251
180 253
180 261
180 262
180 271
180 274
180 286
180 288
180 291
180 296
180 301
180 306
180 316
180 329
180 331
180 335
180 348
180 380
180 393
180 395
180 409
180 430
180 436
180 440
180 464
180 466
180 477
180 484
180 515
180 521
180 534
180 554
180 556
180 565
180 577
180 583
180 602
180 612
180 619
180 623
180 627
180 630
180 632
180 636
180 640
180 653
180 663
180 664
180 672
180 693
180 694
180 700
180 704
180 712
180 720
180 742
180 745
180 786
180 788
180 810
180 812
180 827
180 837
180 840
180 847
180 848
180 897
180 917
180 924
180 947
180 961
180 969
180 990
181 182
181 192
181 215
181 228
181 238
181 240
181 242
181 279
181 283
181 291
181 294
181 303
181 320
181 323
181 340
181 345
181 356
181 360
181 364
181 374
181 377
181 381
181 388
181 396
181 412
181 442
181 461
181 465
181 467
181 470
181 479
181 502
181 517
181 532
181 547
181 559
181 590
181 598
181 603
181 616
181 628
181 632
181 635
181 651
181 656
181 666
181 672
181 689
181 698
181 707
181 713
181 718
181 724
181 731
181 762
181 770
181 785
181 787
181 804
181 809
181 810
181 820
181 825
181 827
181 829
181 840
181 843
181 845
181 847
181 848
181 854
181 861
181 876
181 879
181 880
181 882
181 893
181 898
181 902
181 903
181 904
181 910
181 912
181 916
181 919
181 924
181 938
181 962
181 965
181 979
181 980
181 988
181 993
181 996
182 193
182 208
182 209
182 212
182 214
182 217
182 223
182 235
182 247
182 251
182 268
182 284
182 305
182 311
182 312
182 348
182 379
182 383
182 384
182 389
182 395
182 397
182 400
182 414
182 423
182 456
182 474
182 507
182 527
182 538
182 542
182 556
182 566
182 569
182 605
182 613
182 620
182 643
182 645
182 655
182 700
182 708
182 712
182 716
182 731
182 737
182 760
182 778
182 784
182 800
182 814
182 832
182 846
182 856
182 858
182 859
182 865
182 902
182 919
182 933
182 947
182 951
182 962
182 968
182 982
182 987
182 995
183 187
183 188
183 194
183 198
183 202
183 206
183 210
183 212
183 215
183 218
183 228
183 229
183 237
183 255
183 258
183 269
183 274
183 283
183 286
183 288
183 291
183 299
183 300
183 315
183 320
183 325
183 331
183 332
183 339
183 364
183 370
183 375
183 394
183 396
183 405
183 433
183 440
183 456
183 476
183 480
183 487
183 509
183 519
183 541
183 542
183 556
183 567
183 582
183 604
183 621
183 636
183 640
183 643
183 656
183 663
183 684
183 693
183 714
183 718
183 723
183 727
183 737
183 748
183 755
183 758
183 767
183 790
183 799
183 806
183 827
183 836
183 839
183 841
183 842
183 856
183 877
183 879
183 894
183 910
183 911
183 920
183 923
183 927
183 930
183 934
183 954
183 956
183 986
183 993
183 998
184 201
184 233
184 286
184 295
184 297
184 309
184 315
184 317
184 318
184 321
184 333
184 351
184 355
184 381
184 385
184 403
184 425
184 440
184 441
184 444
184 459
184 483
184 490
184 503
184 508
184 523
184 527
184 531
184 536
184 570
184 576
184 577
184 597
184 611
184 625
184 632
184 637
184 651
184 660
184 669
184 670
184 675
184 699
184 722
184 724
184 728
184 737
184 747
184 754
184 780
184 781
184 786
184 808
184 820
184 868
184 872
184 878
184 889
184 910
184 911
184 914
184 926
184 927
184 937
184 942
184 954
184 961
184 982
184 990
185 207
185 213
185 217
185 230
185 286
185 291
185 295
185 300
185 303
185 307
185 312
185 328
185 333
185 337
185 338
185 344
185 347
185 355
185 362
185 366
185 388
185 392
185 402
185 403
185 415
185 419
185 430
185 435
185 441
185 476
185 505
185 506
185 515
185 518
185 522
185 525
185 526
185 549
185 555
185 557
185 562
185 578
185 583
185 585
185 586
185 587
185 596
185 627
185 637
185 674
185 676
185 682
185 691
185 696
185 700
185 709
185 718
185 730
185 733
185 767
185 786
185 808
185 811
185 815
185 825
185 830
185 841
185 911
185 921
185 933
185 944
185 946
185 955
185 967
185 969
185 980
185 987
185 993
185 997
185 999
186 193
186 209
186 230
186 241
186 242
186 257
186 262
186 277
186 278
186 285
186 287
186 330
186 335
186 336
186 343
186 346
186 353
186 366
186 371
186 384
186 388
186 414
186 417
186 421
186 424
186 425
186 444
186 448
186 449
186 459
186 461
186 464
186 471
186 491
186 501
186 513
186 519
186 525
186 535
186 536
186 543
186 575
186 576
186 577
186 583
186 589
186 602
186 609
186 635
186 644
186 650
186 657
186 660
186 683
186 700
186 711
186 728
186 732
186 741
186 751
186 756
186 760
186 762
186 765
186 795
186 796
186 798
186 806
186 829
186 834
186 838
186 839
186 845
186 850
186 870
186 872
186 888
186 891
186 896
186 904
186 908
186 912
186 933
186 934
186 939
186 946
186 953
186 963
186 969
186 970
186 972
186 985
186 991
187 191
187 200
187 204
187 209
187 217
187 222
187 227
187 234
187 258
187 264
187 267
187 288
187 295
187 297
187 302
187 310
187 325
187 328
187 348
187 368
187 371
187 377
187 381
187 386
187 387
187 396
187 406
187 407
187 408
187 412
187 432
187 437
187 446
187 452
187 455
187 461
187 466
187 480
187 486
187 490
187 506
187 507
187 520
187 525
187 531
187 547
187 551
187 568
187 571
187 582
187 584
187 605
187 607
187 614
187 632
187 642
187 671
187 680
187 698
187 699
187 705
187 707
187 709
187 717
187 745
187 763
187 769
187 771
187 779
187 789
187 798
187 810
187 849
187 850
187 890
187 893
187 895
187 904
187 906
187 907
187 948
187 954
187 963
187 968
187 976
187 977
188 191
188 198
188 212
188 216
188 217
188 233
188 240
188 241
188 266
188 268
188 271
188 273
188 286
188 302
188 316
188 328
188 332
188 334
188 370
188 373
188 408
188 421
188 445
188 464
188 467
188 473
188 483
188 492
188 497
188 518
188 551
188 554
188 555
188 558
188 564
188 568
188 576
188 583
188 586
188 634
188 639
188 645
188 646
188 647
188 669
188 675
188 683
188 685
188 692
188 694
188 704
188 716
188 745
188 751
188 753
188 754
188 769
188 774
188 778
188 794
188 804
188 830
188 844
188 846
188 847
188 858
188 859
188 866
188 870
188 872
188 901
188 907
188 926
188 934
188 944
188 948
188 953
188 963
188 971
188 976
188 979
188 980
188 982
188 989
188 994
189 200
189 209
189 229
189 241
189 245
189 272
189 287
189 301
189 311
189 328
189 351
189 358
189 360
189 373
189 382
189 387
189 391
189 396
189 401
189 412
189 421
189 452
189 472
189 487
189 493
189 520
189 533
189 554
189 562
189 569
189 576
189 591
189 611
189 618
189 623
189 633
189 646
189 651
189 683
189 697
189 711
189 731
189 737
189 757
189 758
189 763
189 782
189 787
189 792
189 799
189 800
189 809
189 810
189 822
189 827
189 828
189 837
189 844
189 854
189 858
189 860
189 886
189 890
189 900
189 901
189 912
189 922
189 923
189 927
189 949
189 950
189 981
189 985
189 986
189 993
189 998
190 197
190 215
190 235
190 244
190 245
190 247
190 254
190 261
190 286
190 319
190 327
190 347
190 367
190 392
190 418
190 449
190 452
190 464
190 478
190 482
190 483
190 493
190 497
190 499
190 502
190 515
190 516
190 521
190 523
190 544
190 550
190 553
190 554
190 557
190 562
190 563
190 568
190 573
190 574
190 590
190 612
190 651
190 655
190 668
190 673
190 698
190 703
190 731
190 732
190 742
190 746
190 750
190 762
190 777
190 787
190 815
190 817
190 824
190 839
190 858
190 869
190 875
190 876
190 877
190 882
190 884
190 885
190 900
190 904
190 915
190 917
190 929
190 930
190 932
190 950
190 982
190 990
190 995
191 192
191 195
191 228
191 239
191 261
191 264
191 265
191 271
191 281
191 287
191 290
191 293
191 306
191 317
191 358
191 373
191 404
191 416
191 417
191 424
191 427
191 428
191 445
191 481
191 492
191 511
191 515
191 525
191 535
191 539
191 545
191 563
191 574
191 599
191 638
191 649
191 652
191 655
191 665
191 671
191 674
191 676
191 698
191 700
191 720
191 734
191 736
191 744
191 746
191 747
191 750
191 756
191 767
191 772
191 775
191 776
191 794
191 800
191 803
191 815
191 832
191 851
191 866
191 871
191 888
191 915
191 925
191 962
191 970
191 980
191 984
191 987
191 991
192 207
192 219
192 231
192 232
192 234
192 235
192 242
192 244
192 262
192 272
192 276
192 287
192 295
192 300
192 302
192 304
192 307
192 349
192 351
192 357
192 359
192 363
192 368
192 400
192 410
192 436
192 462
192 466
192 481
192 485
192 510
192 520
192 533
192 547
192 554
192 557
192 560
192 588
192 598
192 615
192 624
192 627
192 667
192 688
192 689
192 690
192 694
192 712
192 717
192 741
192 743
192 748
192 754
192 760
192 794
192 795
192 798
192 799
192 811
192 823
192 825
192 829
192 830
192 837
192 840
192 842
192 852
192 854
192 867
192 876
192 921
192 922
192 927
192 937
192 945
192 954
192 970
192 989
192 991
192 992
193 213
193 231
193 233
193 242
193 245
193 249
193 252
193 253
193 255
193 261
193 266
193 300
193 303
193 307
193 312
193 315
193 317
193 321
193 323
193 342
193 345
193 356
193 363
193 428
193 436
193 440
193 443
193 449
193 460
193 475
193 477
193 479
193 504
193 512
193 531
193 558
193 567
193 572
193 573
193 578
193 582
193 591
193 595
193 603
193 604
193 608
193 617
193 626
193 630
193 648
193 650
193 658
193 659
193 661
193 662
193 663
193 682
193 705
193 710
193 714
193 720
193 723
193 726
193 753
193 759
193 762
193 768
193 797
193 815
193 842
193 846
193 873
193 888
193 895
193 897
193 908
193 909
193 911
193 915
193 921
193 923
193 928
193 960
193 961
193 964
193 976
193 979
193 981
193 987
194 210
194 228
194 233
194 253
194 268
194 271
194 272
194 286
194 309
194 310
194 334
194 352
194 360
194 363
194 366
194 377
194 383
194 384
194 387
194 394
194 403
194 409
194 442
194 446
194 455
194 462
194 473
194 477
194 478
194 479
194 505
194 524
194 539
194 540
194 542
194 553
194 557
194 570
194 578
194 581
194 586
194 588
194 589
194 597
194 606
194 618
194 645
194 647
194 648
194 649
194 651
194 667
194 668
194 688
194 699
194 715
194 734
194 735
194 739
194 744
194 749
194 750
194 761
194 767
194 775
194 819
194 843
194 861
194 882
194 894
194 898
194 901
194 902
194 910
194 912
194 917
194 921
194 923
194 930
194 932
194 954
194 966
194 982
194 988
194 993
194 995
195 197
195 200
195 212
195 232
195 236
195 238
195 242
195 250
195 258
195 261
195 270
195 278
195 290
195 293
195 295
195 306
195 310
195 315
195 318
195 324
195 332
195 344
195 345
195 350
195 357
195 369
195 371
195 379
195 382
195 383
195 392
195 410
195 414
195 417
195 418
195 420
195 438
195 439
195 441
195 446
195 461
195 469
195 476
195 482
195 494
195 495
195 499
195 523
195 525
195 535
195 540
195 549
195 551
195 555
195 559
195 576
195 592
195 598
195 600
195 618
195 626
195 640
195 652
195 656
195 659
195 670
195 675
195 704
195 709
195 726
195 736
195 751
195 765
195 770
195 772
195 780
195 784
195 790
195 810
195 823
195 838
195 841
195 845
195 847
195 848
195 852
195 865
195 907
195 913
195 916
195 944
195 946
195 960
195 967
195 968
195 972
195 980
196 201
196 206
196 215
196 226
196 236
196 241
196 243
196 247
196 255
196 256
196 269
196 272
196 276
196 279
196 300
196 305
196 309
196 310
196 312
196 337
196 340
196 342
196 352
196 368
196 369
196 381
196 382
196 383
196 407
196 413
196 420
196 449
196 459
196 461
196 466
196 472
196 483
196 493
196 494
196 495
196 515
196 520
196 526
196 537
196 540
196 543
196 558
196 565
196 567
196 570
196 594
196 604
196 612
196 614
196 644
196 660
196 663
196 680
196 683
196 687
196 702
196 711
196 733
196 748
196 751
196 754
196 769
196 773
196 777
196 781
196 814
196 840
196 842
196 850
196 854
196 890
196 907
196 915
196 924
196 936
196 966
196 970
197 251
197 257
197 263
197 277
197 284
197 289
197 299
197 307
197 309
197 319
197 321
197 327
197 337
197 340
197 342
197 352
197 353
197 355
197 366
197 369
197 377
197 390
197 391
197 396
197 397
197 398
197 411
197 423
197 427
197 432
197 439
197 443
197 450
197 452
197 459
197 464
197 479
197 489
197 505
197 512
197 518
197 536
197 539
197 572
197 582
197 599
197 604
197 610
197 617
197 623
197 625
197 639
197 645
197 649
197 657
197 684
197 688
197 694
197 702
197 717
197 718
197 743
197 746
197 763
197 768
197 790
197 794
197 797
197 807
197 818
197 844
197 864
197 871
197 881
197 892
197 919
197 921
197 933
197 938
197 962
197 981
197 986
197 989
198 205
198 217
198 220
198 225
198 259
198 263
198 281
198 296
198 300
198 316
198 326
198 332
198 333
198 343
198 350
198 354
198 361
198 364
198 376
198 392
198 398
198 402
198 410
198 456
198 463
198 468
198 470
198 506
198 520
198 523
198 545
198 551
198 555
198 560
198 583
198 590
198 593
198 607
198 622
198 625
198 650
198 660
198 667
198 684
198 686
198 687
198 688
198 691
198 713
198 719
198 720
198 726
198 737
198 759
198 780
198 787
198 795
198 799
198 813
198 819
198 826
198 830
198 865
198 872
198 889
198 897
198 903
198 908
198 917
198 920
198 950
198 961
198 967
198 970
198 976
198 997
199 202
199 228
199 245
199 248
199 252
199 256
199 259
199 273
199 285
199 296
199 311
199 321
199 330
199 343
199 352
199 366
199 383
199 393
199 409
199 411
199 417
199 420
199 436
199 447
199 455
199 473
199 477
199 478
199 483
199 491
199 493
199 499
199 508
199 509
199 512
199 530
199 531
199 535
199 553
199 561
199 564
199 565
199 576
199 582
199 590
199 593
199 594
199 600
199 601
199 624
199 626
199 630
199 644
199 664
199 674
199 690
199 707
199 720
199 730
199 731
199 734
199 740
199 742
199 749
199 756
199 758
199 762
199 772
199 786
199 790
199 803
199 813
199 821
199 831
199 837
199 868
199 880
199 903
199 905
199 906
199 912
199 913
199 921
199 944
199 946
199 952
199 978
199 980
199 994
200 207
200 223
200 224
200 225
200 235
200 236
200 238
200 245
200 280
200 284
200 294
200 299
200 306
200 316
200 327
200 333
200 341
200 350
200 356
200 363
200 378
200 380
200 391
200 397
200 398
200 399
200 402
200 425
200 426
200 430
200 463
200 474
200 476
200 478
200 483
200 484
200 497
200 521
200 522
200 524
200 525
200 538
200 576
200 583
200 591
200 592
200 595
200 603
200 626
200 649
200 651
200 688
200 707
200 711
200 719
200 725
200 736
200 746
200 749
200 750
200 766
200 776
200 782
200 786
200 800
200 803
200 819
200 822
200 836
200 839
200 853
200 863
200 883
200 898
200 930
200 931
200 937
200 938
200 952
200 953
200 954
200 973
200 983
200 986
201 213
201 215
201 220
201 223
201 227
201 234
201 236
201 240
201 264
201 268
201 284
201 290
201 305
201 316
201 319
201 323
201 324
201 336
201 342
201 355
201 361
201 362
201 375
201 389
201 407
201 417
201 430
201 436
201 440
201 487
201 490
201 514
201 523
201 543
201 545
201 546
201 548
201 552
201 558
201 570
201 581
201 585
201 592
201 605
201 612
201 617
201 634
201 635
201 637
201 645
201 675
201 703
201 706
201 725
201 736
201 759
201 777
201 781
201 789
201 793
201 794
201 812
201 822
201 833
201 837
201 839
201 852
201 858
201 864
201 868
201 890
201 893
201 900
201 901
201 918
201 931
201 937
201 958
201 971
201 978
201 981
201 990
201 995
202 204
202 208
202 216
202 217
202 226
202 239
202 269
202 286
202 299
202 315
202 318
202 326
202 342
202 368
202 372
202 373
202 381
202 384
202 388
202 402
202 426
202 437
202 440
202 455
202 462
202 470
202 472
202 485
202 487
202 509
202 511
202 514
202 516
202 539
202 541
202 574
202 599
202 604
202 617
202 621
202 648
202 652
202 660
202 690
202 694
202 695
202 696
202 729
202 745
202 749
202 762
202 775
202 793
202 795
202 825
202 833
202 847
202 866
202 873
202 893
202 901
202 910
202 916
202 927
202 928
202 934
202 936
202 939
202 954
202 957
202 983
202 985
203 212
203 216
203 222
203 270
203 277
203 295
203 322
203 326
203 331
203 350
203 376
203 382
203 387
203 389
203 397
203 413
203 426
203 431
203 435
203 440
203 447
203 451
203 455
203 456
203 473
203 487
203 492
203 505
203 515
203 518
203 520
203 524
203 534
203 544
203 557
203 559
203 562
203 568
203 599
203 603
203 605
203 621
203 631
203 634
203 637
203 650
203 654
203 657
203 669
203 672
203 681
203 697
203 701
203 742
203 757
203 782
203 783
203 784
203 785
203 786
203 810
203 815
203 855
203 858
203 859
203 867
203 900
203 908
203 929
203 937
203 947
203 962
203 969
203 984
203 988
204 213
204 226
204 228
204 235
204 249
204 256
204 268
204 290
204 308
204 314
204 346
204 347
204 351
204 352
204 353
204 361
204 385
204 390
204 392
204 403
204 407
204 437
204 440
204 447
204 480
204 484
204 488
204 505
204 538
204 540
204 542
204 561
204 565
204 572
204 577
204 579
204 592
204 594
204 615
204 629
204 636
204 638
204 664
204 676
204 700
204 703
204 750
204 754
204 777
204 780
204 792
204 811
204 822
204 825
204 837
204 852
204 872
204 881
204 884
204 886
204 888
204 901
204 909
204 914
204 928
204 946
204 953
204 979
204 990
204 991
204 992
204 996
204 997
204 998
205 216
205 224
205 226
205 239
205 248
205 261
205 267
205 275
205 279
205 289
205 291
205 292
205 299
205 331
205 336
205 343
205 345
205 353
205 361
205 366
205 368
205 374
205 379
205 384
205 385
205 389
205 390
205 406
205 407
205 420
205 431
205 433
205 436
205 446
205 455
205 465
205 472
205 493
205 536
205 556
205 560
205 572
205 577
205 581
205 614
205 615
205 617
205 629
205 647
205 654
205 657
205 672
205 681
205 690
205 712
205 716
205 721
205 730
205 735
205 737
205 751
205 762
205 763
205 765
205 769
205 778
205 797
205 800
205 801
205 804
205 817
205 827
205 829
205 832
205 833
205 864
205 871
205 901
205 913
205 915
205 926
205 941
205 957
205 976
205 988
205 993
205 995
206 209
206 228
206 240
206 244
206 248
206 265
206 277
206 291
206 297
206 309
206 348
206 363
206 372
206 390
206 395
206 401
206 417
206 428
206 433
206 437
206 442
206 450
206 454
206 462
206 467
206 516
206 521
206 536
206 554
206 561
206 562
206 563
206 576
206 582
206 593
206 602
206 606
206 624
206 630
206 652
206 660
206 668
206 672
206 685
206 691
206 698
206 720
206 724
206 731
206 736
206 741
206 742
206 743
206 756
206 772
206 777
206 787
206 813
206 833
206 844
206 855
206 857
206 866
206 870
206 891
206 923
206 932
206 963
206 977
206 978
206 984
207 211
207 221
207 229
207 234
207 238
207 262
207 280
207 284
207 303
207 304
207 323
207 331
207 332
207 341
207 346
207 348
207 350
207 351
207 355
207 363
207 368
207 407
207 410
207 419
207 422
207 424
207 436
207 441
207 449
207 464
207 465
207 484
207 488
207 491
207 492
207 506
207 510
207 511
207 539
207 545
207 563
207 571
207 577
207 581
207 602
207 607
207 609
207 619
207 633
207 636
207 664
207 672
207 674
207 676
207 691
207 697
207 735
207 754
207 755
207 770
207 772
207 777
207 781
207 810
207 815
207 841
207 865
207 869
207 870
207 876
207 880
207 885
207 896
207 902
207 903
207 906
207 926
207 941
207 945
207 952
207 964
207 969
207 971
207 972
207 980
207 982
208 214
208 235
208 240
208 253
208 254
208 255
208 270
208 274
208 279
208 310
208 315
208 332
208 342
208 365
208 377
208 385
208 400
208 409
208 421
208 436
208 439
208 451
208 452
208 455
208 461
208 462
208 463
208 464
208 477
208 479
208 486
208 488
208 490
208 509
208 524
208 530
208 542
208 547
208 550
208 561
208 603
208 614
208 622
208 624
208 650
208 653
208 658
208 661
208 669
208 673
208 690
208 721
208 731
208 734
208 735
208 737
208 744
208 745
208 752
208 778
208 784
208 789
208 792
208 793
208 798
208 805
208 814
208 823
208 857
208 880
208 891
208 892
208 918
208 922
208 927
208 930
208 935
208 936
208 938
208 950
209 211
209 220
209 221
209 239
209 250
209 259
209 270
209 272
209 285
209 295
209 298
209 307
209 314
209 352
209 361
209 365
209 388
209 417
209 427
209 433
209 469
209 475
209 486
209 519
209 521
209 529
209 531
209 546
209 570
209 580
209 616
209 626
209 637
209 640
209 652
209 659
209 660
209 677
209 685
209 697
209 698
209 701
209 712
209 720
209 735
209 750
209 754
209 781
209 793
209 806
209 823
209 824
209 849
209 850
209 905
209 919
209 921
209 930
209 938
209 943
209 945
209 947
209 949
209 956
209 957
209 966
209 969
209 979
209 988
209 998
210 212
210 215
210 234
210 237
210 238
210 242
210 251
210 256
210 257
210 269
210 282
210 291
210 294
210 299
210 302
210 352
210 353
210 355
210 359
210 370
210 406
210 416
210 418
210 432
210 438
210 443
210 446
210 472
210 477
210 488
210 496
210 502
210 516
210 523
210 526
210 563
210 566
210 575
210 581
210 586
210 594
210 602
210 627
210 641
210 642
210 654
210 658
210 659
210 671
210 682
210 702
210 705
210 712
210 723
210 724
210 728
210 747
210 750
210 760
210 768
210 782
210 787
210 789
210 793
210 819
210 837
210 850
210 854
210 862
210 864
210 880
210 916
210 928
210 938
210 942
210 959
210 972
210 976
210 979
210 984
210 985
210 997
211 229
211 230
211 244
211 262
211 264
211 270
211 280
211 301
211 322
211 324
211 326
211 336
211 343
211 362
211 364
211 381
211 387
211 395
211 405
211 407
211 411
211 418
211 434
211 437
211 445
211 455
211 469
211 493
211 496
211 516
211 561
211 562
211 565
211 567
211 585
211 587
211 599
211 600
211 603
211 608
211 613
211 616
211 621
211 653
211 658
211 670
211 681
211 693
211 708
211 713
211 716
211 723
211 732
211 746
211 763
211 787
211 788
211 790
211 794
211 797
211 808
211 810
211 836
211 853
211 856
211 858
211 861
211 870
211 876
211 878
211 900
211 904
211 912
211 941
211 947
211 957
211 988
211 993
212 218
212 219
212 234
212 235
212 251
212 296
212 304
212 319
212 320
212 329
212 338
212 340
212 355
212 360
212 362
212 370
212 409
212 429
212 436
212 446
212 448
212 449
212 461
212 472
212 473
212 474
212 485
212 504
212 514
212 518
212 526
212 534
212 546
212 556
212 558
212 564
212 565
212 568
212 594
212 600
212 621
212 626
212 628
212 632
212 638
212 650
212 677
212 678
212 702
212 708
212 720
212 738
212 739
212 759
212 761
212 762
212 766
212 785
212 786
212 800
212 838
212 843
212 845
212 857
212 862
212 869
212 890
212 898
212 917
212 942
212 951
212 953
212 956
212 960
212 961
212 963
212 972
212 974
212 980
212 995
213 227
213 230
213 242
213 243
213 244
213 251
213 258
213 262
213 282
213 293
213 310
213 314
213 316
213 320
213 327
213 328
213 340
213 365
213 380
213 405
213 408
213 409
213 428
213 431
213 433
213 449
213 452
213 473
213 498
213 531
213 546
213 552
213 564
213 567
213 570
213 584
213 586
213 587
213 597
213 599
213 607
213 630
213 632
213 665
213 670
213 677
213 680
213 681
213 690
213 699
213 714
213 717
213 720
213 726
213 727
213 742
213 750
213 756
213 766
213 797
213 800
213 809
213 820
213 825
213 855
213 856
213 857
213 863
213 869
213 886
213 889
213 890
213 904
213 952
213 958
213 962
213 965
213 966
213 973
213 975
213 977
213 989
213 997
214 218
214 232
214 237
214 240
214 242
214 243
214 251
214 268
214 270
214 289
214 290
214 301
214 306
214 310
214 333
214 343
214 347
214 349
214 354
214 364
214 366
214 373
214 376
214 407
214 420
214 454
214 462
214 469
214 474
214 478
214 481
214 498
214 508
214 514
214 517
214 550
214 557
214 568
214 587
214 599
214 614
214 616
214 621
214 626
214 642
214 652
214 690
214 691
214 693
214 700
214 706
214 712
214 716
214 720
214 728
214 758
214 763
214 773
214 774
214 789
214 798
214 800
214 804
214 812
214 816
214 817
214 855
214 863
214 867
214 872
214 877
214 886
214 896
214 897
214 899
214 920
214 922
214 929
214 933
214 938
214 944
214 947
214 954
214 957
214 970
214 974
214 984
214 987
215 246
215 253
215 259
215 260
215 261
215 275
215 277
215 281
215 284
215 300
215 311
215 312
215 314
215 319
215 326
215 332
215 340
215 359
215 371
215 380
215 382
215 384
215 394
215 398
215 414
215 429
215 441
215 448
215 453
215 459
215 460
215 474
215 478
215 479
215 487
215 492
215 494
215 510
215 515
215 517
215 524
215 534
215 559
215 566
215 582
215 592
215 603
215 604
215 606
215 616
215 640
215 657
215 671
215 699
215 704
215 718
215 725
215 738
215 774
215 781
215 783
215 786
215 788
215 791
215 799
215 805
215 811
215 821
215 825
215 826
215 829
215 830
215 835
215 851
215 863
215 905
215 913
215 917
215 924
215 930
215 944
215 949
215 963
215 970
215 973
215 980
216 217
216 231
216 235
216 238
216 247
216 264
216 268
216 270
216 271
216 283
216 289
216 295
216 301
216 302
216 312
216 330
216 338
216 341
216 363
216 365
216 367
216 371
216 405
216 412
216 423
216 434
216 440
216 455
216 459
216 461
216 466
216 472
216 477
216 485
216 488
216 493
216 501
216 558
216 566
216 567
216 570
216 574
216 605
216 613
216 618
216 622
216 626
216 629
216 663
216 667
216 672
216 673
216 684
216 698
216 699
216 700
216 741
216 756
216 759
216 760
216 761
216 804
216 811
216 833
216 842
216 845
216 867
216 871
216 874
216 879
216 881
216 885
216 887
216 900
216 912
216 920
216 932
216 983
216 998
217 218
217 224
217 229
217 246
217 247
217 248
217 249
217 252
217 259
217 267
217 314
217 316
217 340
217 373
217 378
217 385
217 401
217 414
217 428
217 434
217 446
217 447
217 450
217 464
217 472
217 474
217 475
217 483
217 495
217 498
217 501
217 515
217 517
217 540
217 579
217 598
217 604
217 608
217 618
217 641
217 644
217 654
217 678
217 692
217 702
217 705
217 710
217 740
217 744
217 773
217 780
217 781
217 793
217 796
217 797
217 798
217 822
217 826
217 830
217 831
217 833
217 856
217 866
217 877
217 884
217 910
217 913
217 924
217 946
217 951
217 961
217 964
217 969
217 988
217 989
217 996
218 242
218 252
218 267
218 272
218 273
218 283
218 287
218 290
218 291
218 296
218 306
218 317
218 320
218 326
218 334
218 347
218 361
218 366
218 367
218 369
218 377
218 379
218 406
218 411
218 431
218 437
218 438
218 439
218 446
218 459
218 464
218 501
218 522
218 539
218 545
218 552
218 564
218 576
218 582
218 590
218 599
218 609
218 611
218 624
218 646
218 648
218 655
218 691
218 696
218 709
218 734
218 747
218 754
218 767
218 771
218 780
218 817
218 825
218 827
218 846
218 866
218 882
218 883
218 902
218 904
218 910
218 919
218 926
218 933
218 946
218 954
218 965
218 967
218 977
219 226
219 242
219 248
219 253
219 299
219 307
219 310
219 336
219 338
219 346
219 350
219 354
219 370
219 399
219 407
219 434
219 436
219 440
219 443
219 446
219 467
219 471
219 477
219 480
219 505
219 508
219 517
219 523
219 530
219 547
219 579
219 585
219 586
219 587
219 602
219 608
219 626
219 660
219 662
219 693
219 713
219 716
219 725
219 728
219 729
219 730
219 739
219 761
219 767
219 776
219 781
219 783
219 787
219 789
219 793
219 794
219 806
219 816
219 825
219 834
219 846
219 861
219 862
219 869
219 884
219 904
219 933
219 935
219 945
219 974
219 977
219 996
219 998
219 999
220 224
220 231
220 249
220 250
220 256
220 264
220 266
220 275
220 281
220 285
220 288
220 289
220 342
220 354
220 357
220 359
220 398
220 414
220 419
220 420
220 422
220 436
220 443
220 451
220 466
220 471
220 511
220 512
220 514
220 528
220 531
220 546
220 548
220 552
220 555
220 574
220 575
220 589
220 592
220 597
220 600
220 603
220 647
220 648
220 654
220 681
220 689
220 709
220 713
220 722
220 727
220 760
220 764
220 766
220 773
220 775
220 776
220 787
220 791
220 792
220 797
220 801
220 806
220 808
220 810
220 818
220 821
220 825
220 868
220 873
220 885
220 887
220 892
220 893
220 916
220 926
220 940
220 966
220 968
220 988
221 225
221 226
221 231
221 244
221 251
221 285
221 291
221 325
221 335
221 338
221 343
221 347
221 354
221 360
221 365
221 366
221 367
221 368
221 375
221 400
221 422
221 426
221 430
221 438
221 446
221 459
221 461
221 471
221 472
221 474
221 481
221 487
221 489
221 492
221 496
221 498
221 502
221 507
221 547
221 560
221 579
221 581
221 591
221 593
221 600
221 615
221 618
221 629
221 634
221 650
221 659
221 672
221 675
221 714
221 719
221 726
221 732
221 765
221 782
221 787
221 791
221 792
221 824
221 843
221 845
221 860
221 866
221 875
221 891
221 897
221 907
221 913
221 926
221 930
221 933
221 934
221 949
221 956
221 988
221 994
222 227
222 230
222 244
222 252
222 263
222 273
222 283
222 284
222 285
222 286
222 303
222 309
222 326
222 337
222 340
222 342
222 350
222 367
222 370
222 391
222 412
222 415
222 423
222 431
222 432
222 435
222 438
222 454
222 457
222 485
222 490
222 494
222 502
222 521
222 525
222 532
222 536
222 547
222 636
222 642
222 647
222 654
222 676
222 682
222 685
222 689
222 699
222 704
222 723
222 724
222 727
222 738
222 739
222 740
222 746
222 748
222 765
222 781
222 808
222 815
222 817
222 818
222 819
222 844
222 847
222 855
222 858
222 869
222 870
222 872
222 874
222 881
222 885
222 895
222 942
222 957
222 960
222 976
222 982
223 259
223 262
223 269
223 286
223 302
223 312
223 317
223 336
223 343
223 345
223 353
223 363
223 366
223 378
223 393
223 403
223 416
223 432
223 435
223 449
223 475
223 479
223 485
223 494
223 511
223 514
223 516
223 518
223 537
223 547
223 571
223 584
223 589
223 608
223 633
223 640
223 662
223 676
223 678
223 679
223 685
223 714
223 722
223 723
223 751
223 760
223 786
223 797
223 811
223 817
223 821
223 845
223 853
223 868
223 872
223 873
223 875
223 892
223 893
223 901
223 912
223 915
223 925
223 927
223 928
223 944
223 952
223 957
223 958
223 962
223 969
223 977
223 978
223 979
223 988
223 989
223 997
224 245
224 251
224 255
224 258
224 268
224 274
224 278
224 281
224 284
224 294
224 301
224 312
224 327
224 339
224 340
224 343
224 372
224 375
224 387
224 393
224 394
224 420
224 431
224 437
224 438
224 450
224 455
224 489
224 505
224 511
224 513
224 525
224 528
224 533
224 536
224 552
224 567
224 569
224 605
224 610
224 612
224 626
224 628
224 630
224 643
224 664
224 672
224 678
224 686
224 695
224 696
224 727
224 742
224 748
224 781
224 811
224 817
224 827
224 843
224 872
224 875
224 879
224 917
224 951
224 954
224 960
224 966
224 974
224 991
224 996
225 253
225 255
225 272
225 276
225 277
225 282
225 289
225 311
225 316
225 318
225 343
225 349
225 370
225 389
225 406
225 411
225 425
225 432
225 439
225 440
225 489
225 503
225 512
225 564
225 593
225 594
225 601
225 603
225 632
225 633
225 647
225 672
225 678
225 697
225 706
225 736
225 738
225 747
225 752
225 767
225 772
225 788
225 790
225 794
225 797
225 799
225 800
225 820
225 842
225 847
225 855
225 856
225 865
225 867
225 883
225 885
225 898
225 902
225 909
225 911
225 922
225 924
225 989
225 997
226 233
226 236
226 239
226 244
226 254
226 255
226 265
226 271
226 274
226 278
226 299
226 303
226 308
226 312
226 346
226 362
226 363
226 381
226 388
226 393
226 440
226 448
226 471
226 486
226 501
226 507
226 512
226 516
226 532
226 555
226 558
226 560
226 567
226 574
226 579
226 580
226 581
226 592
226 597
226 598
226 609
226 612
226 613
226 618
226 645
226 647
226 659
226 665
226 674
226 676
226 679
226 709
226 713
226 731
226 739
226 752
226 758
226 761
226 780
226 783
226 786
226 797
226 809
226 813
226 818
226 827
226 837
226 842
226 857
226 861
226 869
226 881
226 901
226 906
226 910
226 912
226 928
226 932
226 937
226 945
226 959
226 990
227 237
227 238
227 239
227 246
227 249
227 251
227 266
227 326
227 330
227 335
227 372
227 374
227 377
227 382
227 384
227 397
227 398
227 400
227 414
227 419
227 423
227 428
227 436
227 451
227 463
227 469
227 472
227 476
227 477
227 482
227 487
227 501
227 509
227 514
227 532
227 553
227 565
227 568
227 571
227 574
227 588
227 596
227 600
227 601
227 602
227 617
227 631
227 642
227 644
227 651
227 652
227 654
227 655
227 669
227 673
227 677
227 678
227 680
227 694
227 695
227 702
227 705
227 707
227 708
227 709
227 711
227 720
227 737
227 739
227 743
227 758
227 764
227 770
227 783
227 803
227 806
227 814
227 819
227 826
227 832
227 849
227 857
227 864
227 869
227 880
227 897
227 899
227 912
227 916
227 922
227 968
227 980
227 982
227 985
227 988
227 990
228 232
228 257
228 263
228 271
228 282
228 288
228 292
228 296
228 305
228 309
228 311
228 320
228 324
228 330
228 333
228 340
228 352
228 370
228 376
228 390
228 395
228 398
228 405
228 423
228 442
228 443
228 446
228 448
228 449
228 456
228 458
228 459
228 490
228 504
228 535
228 543
228 548
228 555
228 564
228 577
228 580
228 592
228 594
228 597
228 607
228 610
228 611
228 616
228 620
228 633
228 635
228 636
228 660
228 667
228 673
228 677
228 682
228 685
228 711
228 712
228 739
228 788
228 795
228 850
228 851
228 857
228 859
228 867
228 868
228 879
228 887
228 902
228 919
228 926
228 949
228 959
228 968
228 969
228 988
229 260
229 277
229 280
229 308
229 317
229 349
229 369
229 371
229 385
229 393
229 411
229 427
229 440
229 446
229 467
229 492
229 496
229 505
229 520
229 525
229 540
229 554
229 566
229 577
229 592
229 593
229 594
229 601
229 631
229 643
229 658
229 667
229 669
229 678
229 681
229 687
229 692
229 693
229 694
229 698
229 721
229 725
229 736
229 737
229 745
229 746
229 752
229 774
229 795
229 805
229 807
229 813
229 831
229 843
229 859
229 884
229 905
229 906
229 908
229 918
229 942
229 962
229 967
229 980
229 984
229 997
230 241
230 250
230 260
230 268
230 275
230 295
230 297
230 306
230 312
230 314
230 317
230 318
230 319
230 320
230 322
230 335
230 351
230 354
230 355
230 356
230 367
230 368
230 369
230 381
230 382
230 396
230 418
230 423
230 428
230 449
230 453
230 467
230 479
230 488
230 492
230 532
230 536
230 539
230 570
230 573
230 608
230 618
230 636
230 637
230 666
230 677
230 686
230 689
230 722
230 736
230 748
230 749
230 771
230 787
230 793
230 796
230 808
230 811
230 823
230 830
230 831
230 834
230 855
230 862
230 887
230 905
230 915
230 916
230 926
230 941
230 947
230 948
230 955
230 965
230 968
230 969
230 973
230 983
230 984
230 993
231 240
231 249
231 255
231 265
231 273
231 292
231 301
231 305
231 313
231 316
231 325
231 336
231 374
231 382
231 390
231 423
231 430
231 440
231 446
231 456
231 460
231 472
231 482
231 484
231 486
231 504
231 514
231 518
231 523
231 530
231 542
231 543
231 544
231 554
231 565
231 566
231 586
231 589
231 601
231 609
231 623
231 634
231 651
231 709
231 713
231 720
231 735
231 746
231 750
231 753
231 760
231 772
231 800
231 808
231 815
231 841
231 846
231 847
231 879
231 883
231 884
231 886
231 887
231 903
231 906
231 913
231 928
231 939
231 962
231 967
231 987
232 237
232 244
232 247
232 254
232 256
232 259
232 267
232 282
232 289
232 311
232 333
232 352
232 360
232 369
232 374
232 387
232 392
232 397
232 404
232 421
232 432
232 455
232 456
232 467
232 470
232 477
232 481
232 513
232 523
232 535
232 537
232 541
232 542
232 558
232 576
232 589
232 600
232 612
232 615
232 647
232 648
232 654
232 677
232 682
232 691
232 703
232 708
232 717
232 735
232 744
232 789
232 812
232 823
232 836
232 838
232 857
232 859
232 865
232 891
232 897
232 902
232 912
232 925
232 931
232 934
232 940
232 945
232 968
232 975
232 990
233 245
233 256
233 258
233 262
233 265
233 287
233 293
233 312
233 319
233 331
233 334
233 345
233 362
233 367
233 378
233 380
233 391
233 398
233 420
233 426
233 431
233 437
233 443
233 447
233 451
233 455
233 474
233 482
233 498
233 500
233 505
233 509
233 511
233 517
233 545
233 548
233 551
233 560
233 568
233 584
233 598
233 604
233 608
233 612
233 621
233 625
233 635
233 637
233 640
233 649
233 650
233 652
233 657
233 660
233 679
233 706
233 709
233 716
233 735
233 747
233 770
233 778
233 782
233 783
233 789
233 790
233 795
233 797
233 806
233 828
233 875
233 883
233 924
233 932
233 948
233 949
233 951
233 952
233 958
233 961
233 976
233 978
233 979
233 985
233 990
234 236
234 242
234 247
234 248
234 249
234 252
234 267
234 277
234 278
234 284
234 327
234 331
234 341
234 346
234 352
234 373
234 376
234 395
234 403
234 430
234 439
234 441
234 445
234 466
234 472
234 485
234 507
234 522
234 528
234 531
234 532
234 543
234 546
234 550
234 552
234 564
234 567
234 576
234 579
234 584
234 587
234 588
234 590
234 600
234 625
234 629
234 632
234 633
234 634
234 654
234 673
234 681
234 684
234 689
234 690
234 719
234 720
234 737
234 749
234 757
234 782
234 794
234 795
234 800
234 801
234 804
234 817
234 822
234 823
234 839
234 840
234 853
234 889
234 904
234 917
234 919
234 935
234 950
234 952
234 963
234 995
235 255
235 258
235 262
235 283
235 284
235 308
235 319
235 325
235 352
235 384
235 385
235 398
235 415
235 422
235 426
235 429
235 430
235 442
235 450
235 456
235 480
235 489
235 498
235 499
235 506
235 521
235 527
235 532
235 533
235 548
235 551
235 557
235 574
235 601
235 629
235 633
235 646
235 672
235 705
235 732
235 745
235 768
235 786
235 800
235 802
235 806
235 813
235 815
235 824
235 856
235 864
235 886
235 903
235 922
235 955
235 961
235 971
235 982
235 991
236 246
236 249
236 250
236 254
236 277
236 278
236 281
236 286
236 303
236 322
236 342
236 348
236 356
236 370
236 374
236 375
236 377
236 378
236 380
236 388
236 395
236 402
236 436
236 449
236 470
236 473
236 488
236 502
236 512
236 539
236 544
236 565
236 580
236 583
236 595
236 600
236 613
236 616
236 639
236 653
236 672
236 674
236 683
236 697
236 699
236 700
236 706
236 712
236 719
236 733
236 754
236 760
236 772
236 806
236 822
236 830
236 843
236 844
236 855
236 876
236 885
236 887
236 900
236 901
236 902
236 922
236 933
236 935
236 943
236 948
236 956
236 960
236 964
236 968
236 972
236 981
237 241
237 267
237 285
237 300
237 302
237 304
237 317
237 325
237 327
237 328
237 334
237 341
237 346
237 349
237 365
237 376
237 412
237 420
237 423
237 430
237 433
237 449
237 463
237 467
237 480
237 488
237 489
237 496
237 503
237 508
237 510
237 516
237 518
237 527
237 548
237 556
237 557
237 564
237 566
237 576
237 578
237 582
237 598
237 599
237 607
237 626
237 636
237 639
237 648
237 659
237 673
237 678
237 684
237 696
237 700
237 706
237 709
237 744
237 751
237 760
237 769
237 773
237 813
237 838
237 847
237 861
237 877
237 889
237 900
237 908
237 938
237 942
237 946
237 950
237 961
237 988
237 991
237 993
237 996
238 246
238 252
238 262
238 284
238 289
238 292
238 298
238 303
238 329
238 330
238 332
238 346
238 368
238 391
238 395
238 402
238 406
238 416
238 432
238 469
238 483
238 494
238 507
238 508
238 511
238 515
238 523
238 539
238 553
238 556
238 570
238 596
238 600
238 606
238 612
238 613
238 620
238 631
238 635
238 639
238 662
238 666
238 669
238 671
238 680
238 713
238 737
238 740
238 741
238 759
238 760
238 761
238 768
238 782
238 789
238 795
238 819
238 833
238 853
238 855
238 862
238 882
238 896
238 910
238 920
238 926
238 929
238 940
238 961
238 964
238 969
238 971
238 972
238 975
238 976
239 251
239 262
239 266
239 268
239 277
239 283
239 306
239 318
239 325
239 338
239 349
239 369
239 371
239 383
239 407
239 428
239 437
239 439
239 449
239 452
239 458
239 466
239 474
239 520
239 521
239 525
239 526
239 574
239 576
239 579
239 601
239 631
239 635
239 650
239 662
239 665
239 666
239 680
239 690
239 692
239 699
239 713
239 718
239 733
239 738
239 741
239 744
239 746
239 775
239 777
239 780
239 787
239 794
239 796
239 810
239 827
239 832
239 833
239 842
239 851
239 854
239 865
239 882
239 885
239 888
239 898
239 919
239 939
239 947
239 953
239 963
239 965
239 987
240 243
240 256
240 279
240 289
240 295
240 298
240 299
240 360
240 367
240 370
240 381
240 382
240 384
240 388
240 402
240 412
240 427
240 435
240 443
240 459
240 460
240 467
240 469
240 470
240 475
240 493
240 509
240 511
240 528
240 530
240 539
240 550
240 570
240 590
240 611
240 619
240 620
240 630
240 640
240 651
240 656
240 675
240 678
240 692
240 698
240 718
240 755
240 763
240 764
240 765
240 769
240 779
240 787
240 791
240 795
240 799
240 812
240 813
240 829
240 840
240 867
240 870
240 892
240 904
240 913
240 925
240 927
240 929
240 939
240 947
240 948
240 949
240 959
240 960
240 979
240 980
240 982
240 996
241 256
241 264
241 265
241 269
241 272
241 274
241 279
241 290
241 295
241 301
241 312
241 326
241 337
241 348
241 350
241 353
241 378
241 439
241 441
241 455
241 457
241 458
241 473
241 485
241 486
241 495
241 507
241 509
241 531
241 536
241 546
241 565
241 576
241 589
241 613
241 624
241 628
241 636
241 641
241 642
241 656
241 668
241 669
241 689
241 697
241 710
241 760
241 762
241 765
241 768
241 783
241 813
241 832
241 835
241 843
241 849
241 852
241 863
241 865
241 868
241 876
241 877
241 878
241 879
241 886
241 892
241 907
241 909
241 934
241 942
241 946
241 971
241 977
241 979
241 980
241 985
242 243
242 253
242 256
242 268
242 280
242 282
242 299
242 309
242 320
242 324
242 325
242 335
242 343
242 345
242 352
242 355
242 358
242 378
242 383
242 395
242 406
242 408
242 430
242 433
242 449
242 450
242 451
242 454
242 455
242 458
242 477
242 482
242 490
242 497
242 505
242 507
242 510
242 520
242 522
242 525
242 528
242 534
242 536
242 537
242 539
242 542
242 548
242 549
242 573
242 600
242 601
242 604
242 615
242 618
242 624
242 634
242 641
242 659
242 660
242 685
242 705
242 735
242 755
242 766
242 782
242 785
242 818
242 827
242 839
242 842
242 851
242 856
242 875
242 903
242 909
242 933
242 962
242 972
242 976
242 982
242 991
242 992
242 997
243 263
243 277
243 284
243 294
243 300
243 302
243 310
243 325
243 333
243 339
243 341
243 343
243 347
243 349
243 350
243 351
243 356
243 364
243 383
243 395
243 403
243 469
243 485
243 486
243 490
243 493
243 513
243 519
243 550
243 562
243 576
243 577
243 589
243 590
243 598
243 625
243 655
243 663
243 666
243 667
243 673
243 690
243 691
243 698
243 708
243 715
243 729
243 732
243 737
243 741
243 749
243 752
243 775
243 778
243 792
243 794
243 797
243 798
243 801
243 810
243 815
243 828
243 839
243 904
243 913
243 917
243 927
243 941
243 947
243 967
243 980
243 982
243 989
243 992
244 252
244 297
244 298
244 304
244 306
244 326
244 342
244 346
244 348
244 361
244 364
244 371
244 382
244 399
244 404
244 409
244 410
244 412
244 415
244 418
244 437
244 448
244 450
244 454
244 463
244 470
244 476
244 491
244 504
244 512
244 527
244 531
244 535
244 594
244 600
244 629
244 649
244 652
244 654
244 656
244 677
244 686
244 688
244 690
244 716
244 726
244 733
244 747
244 766
244 776
244 777
244 803
244 808
244 824
244 834
244 836
244 850
244 858
244 862
244 870
244 891
244 938
244 951
244 955
244 969
244 986
244 999
245 250
245 254
245 269
245 273
245 276
245 281
245 303
245 317
245 324
245 334
245 337
245 339
245 351
245 356
245 393
245 411
245 414
245 435
245 469
245 488
245 495
245 504
245 518
245 526
245 541
245 544
245 548
245 553
245 554
245 561
245 575
245 585
245 598
245 605
245 609
245 619
245 622
245 625
245 630
245 631
245 639
245 646
245 663
245 678
245 689
245 705
245 711
245 716
245 717
245 723
245 747
245 749
245 752
245 767
245 770
245 776
245 784
245 795
245 796
245 804
245 809
245 810
245 824
245 837
245 849
245 874
245 876
245 885
245 886
245 890
245 896
245 904
245 918
245 941
245 955
245 970
246 247
246 251
246 265
246 267
246 273
246 298
246 301
246 311
246 314
246 333
246 344
246 345
246 376
246 379
246 388
246 389
246 397
246 418
246 429
246 432
246 433
246 437
246 445
246 451
246 456
246 480
246 487
246 497
246 505
246 522
246 523
246 526
246 550
246 551
246 555
246 562
246 563
246 565
246 568
246 578
246 581
246 583
246 592
246 615
246 620
246 623
246 634
246 635
246 653
246 654
246 686
246 696
246 697
246 698
246 699
246 701
246 705
246 715
246 724
246 726
246 727
246 749
246 786
246 788
246 795
246 813
246 817
246 828
246 829
246 843
246 859
246 860
246 864
246 865
246 867
246 872
246 879
246 903
246 908
246 909
246 947
246 953
246 979
246 985
246 987
247 249
247 257
247 262
247 265
247 284
247 318
247 324
247 325
247 332
247 340
247 371
247 374
247 377
247 380
247 384
247 389
247 390
247 406
247 414
247 422
247 448
247 466
247 485
247 491
247 507
247 515
247 520
247 525
247 541
247 548
247 566
247 570
247 575
247 579
247 601
247 607
247 615
247 619
247 640
247 642
247 646
247 659
247 660
247 669
247 670
247 684
247 692
247 698
247 719
247 726
247 729
247 731
247 736
247 749
247 760
247 761
247 770
247 788
247 834
247 839
247 840
247 879
247 880
247 926
247 957
247 968
247 976
247 978
247 985
247 992
247 994
247 997
248 261
248 274
248 276
248 293
248 295
248 296
248 302
248 319
248 324
248 328
248 338
248 340
248 344
248 345
248 357
248 361
248 365
248 366
248 384
248 385
248 403
248 443
248 448
248 473
248 477
248 499
248 504
248 521
248 525
248 540
248 547
248 551
248 553
248 564
248 568
248 575
248 592
248 602
248 630
248 644
248 645
248 647
248 658
248 659
248 660
248 665
248 681
248 682
248 685
248 691
248 708
248 709
248 715
248 722
248 742
248 744
248 747
248 765
248 775
248 778
248 786
248 796
248 815
248 828
248 854
248 863
248 877
248 883
248 888
248 908
248 913
248 915
248 924
248 931
248 935
248 940
248 957
248 961
248 969
248 970
248 973
248 976
248 987
248 991
248 992
248 997
248 999
249 252
249 275
249 290
249 301
249 305
249 331
249 338
249 358
249 361
249 369
249 383
249 418
249 421
249 424
249 434
249 436
249 440
249 443
249 453
249 473
249 489
249 502
249 504
249 506
249 519
249 529
249 533
249 543
249 549
249 564
249 574
249 577
249 584
249 596
249 621
249 644
249 645
249 664
249 666
249 671
249 690
249 696
249 699
249 708
249 711
249 713
249 714
249 716
249 733
249 745
249 746
249 752
249 755
249 764
249 765
249 772
249 796
249 801
249 815
249 819
249 828
249 834
249 835
249 855
249 858
249 872
249 873
249 881
249 884
249 914
249 938
249 951
249 953
249 956
249 965
249 970
249 974
249 978
249 985
249 989
249 992
250 260
250 264
250 295
250 296
250 297
250 305
250 311
250 322
250 330
250 332
250 336
250 361
250 364
250 367
250 376
250 402
250 411
250 423
250 431
250 434
250 442
250 489
250 498
250 513
250 514
250 540
250 542
250 544
250 565
250 566
250 570
250 573
250 575
250 580
250 594
250 599
250 609
250 616
250 649
250 654
250 670
250 675
250 681
250 696
250 703
250 715
250 728
250 740
250 750
250 751
250 796
250 798
250 804
250 807
250 815
250 816
250 820
250 825
250 831
250 846
250 856
250 858
250 882
250 884
250 895
250 897
250 914
250 917
250 920
250 924
250 925
250 941
250 945
250 950
250 958
250 961
250 967
250 981
251 253
251 260
251 263
251 277
251 294
251 298
251 301
251 304
251 310
251 311
251 313
251 357
251 368
251 379
251 391
251 398
251 406
251 430
251 442
251 462
251 481
251 484
251 490
251 498
251 505
251 512
251 514
251 518
251 520
251 524
251 536
251 573
251 578
251 579
251 586
251 589
251 590
251 603
251 606
251 615
251 622
251 639
251 640
251 641
251 645
251 679
251 682
251 689
251 701
251 703
251 706
251 718
251 740
251 751
251 755
251 783
251 784
251 788
251 789
251 795
251 798
251 808
251 814
251 824
251 842
251 869
251 890
251 891
251 931
251 938
251 942
251 977
251 989
252 261
252 293
252 304
252 308
252 335
252 337
252 339
252 344
252 357
252 390
252 398
252 405
252 407
252 414
252 425
252 447
252 457
252 462
252 466
252 467
252 470
252 478
252 523
252 529
252 532
252 548
252 551
252 556
252 569
252 607
252 609
252 645
252 652
252 664
252 671
252 675
252 681
252 683
252 716
252 721
252 723
252 724
252 728
252 745
252 758
252 759
252 760
252 778
252 789
252 793
252 796
252 816
252 821
252 826
252 837
252 840
252 843
252 883
252 888
252 900
252 904
252 914
252 918
252 943
252 958
252 961
252 984
253 260
253 283
253 299
253 306
253 315
253 317
253 324
253 330
253 342
253 345
253 348
253 374
253 380
253 393
253 400
253 413
253 415
253 420
253 424
253 429
253 437
253 441
253 456
253 458
253 462
253 464
253 475
253 481
253 486
253 490
253 522
253 530
253 533
253 539
253 555
253 557
253 559
253 562
253 565
253 570
253 571
253 591
253 593
253 600
253 606
253 610
253 612
253 616
253 681
253 688
253 693
253 694
253 705
253 708
253 718
253 731
253 744
253 759
253 761
253 785
253 806
253 811
253 815
253 817
253 831
253 835
253 837
253 840
253 845
253 853
253 861
253 863
253 886
253 888
253 893
253 895
253 901
253 903
253 918
253 928
253 931
253 947
253 952
253 967
253 969
253 971
253 986
254 267
254 280
254 286
254 296
254 310
254 312
254 325
254 330
254 342
254 349
254 350
254 367
254 378
254 402
254 403
254 411
254 439
254 447
254 451
254 460
254 464
254 466
254 468
254 470
254 471
254 486
254 494
254 499
254 522
254 536
254 539
254 550
254 559
254 577
254 582
254 598
254 603
254 620
254 629
254 631
254 640
254 642
254 647
254 657
254 702
254 719
254 733
254 750
254 753
254 757
254 765
254 768
254 772
254 776
254 794
254 796
254 797
254 799
254 802
254 813
254 842
254 843
254 845
254 847
254 850
254 856
254 878
254 890
254 903
254 909
254 910
254 917
254 920
254 936
254 944
254 946
254 955
254 962
254 966
254 981
254 994
254 995
255 267
255 269
255 275
255 288
255 289
255 291
255 292
255 297
255 298
255 316
255 323
255 325
255 332
255 357
255 368
255 370
255 372
255 386
255 392
255 395
255 412
255 435
255 441
255 445
255 448
255 451
255 456
255 475
255 483
255 486
255 491
255 524
255 528
255 531
255 542
255 555
255 563
255 598
255 612
255 614
255 625
255 631
255 641
255 643
255 677
255 685
255 729
255 734
255 735
255 737
255 744
255 756
255 761
255 763
255 767
255 795
255 798
255 803
255 806
255 812
255 820
255 827
255 828
255 851
255 855
255 868
255 874
255 875
255 876
255 878
255 881
255 888
255 901
255 933
255 948
255 959
255 960
255 961
255 982
256 271
256 299
256 302
256 354
256 375
256 376
256 377
256 388
256 409
256 420
256 479
256 488
256 496
256 498
256 521
256 533
256 537
256 550
256 555
256 559
256 565
256 575
256 579
256 593
256 595
256 598
256 601
256 607
256 623
256 641
256 657
256 658
256 666
256 672
256 679
256 693
256 735
256 748
256 752
256 765
256 773
256 795
256 832
256 837
256 840
256 860
256 862
256 864
256 867
256 872
256 892
256 894
256 896
256 907
256 917
256 924
256 925
256 931
256 941
256 944
256 953
256 967
256 968
256 999
257 272
257 281
257 287
257 301
257 305
257 312
257 318
257 319
257 332
257 337
257 351
257 352
257 353
257 355
257 363
257 368
257 370
257 388
257 401
257 419
257 424
257 432
257 434
257 438
257 444
257 460
257 471
257 509
257 524
257 555
257 559
257 562
257 576
257 598
257 600
257 601
257 624
257 630
257 639
257 645
257 650
257 673
257 678
257 684
257 690
257 701
257 710
257 716
257 736
257 748
257 769
257 827
257 831
257 832
257 833
257 872
257 895
257 906
257 911
257 913
257 914
257 920
257 923
257 925
257 928
257 933
257 943
257 947
257 949
257 954
257 959
257 963
257 971
257 982
257 983
257 991
258 281
258 283
258 284
258 298
258 300
258 333
258 336
258 349
258 350
258 353
258 375
258 378
258 380
258 390
258 391
258 396
258 399
258 416
258 421
258 434
258 436
258 445
258 454
258 474
258 476
258 485
258 501
258 506
258 510
258 514
258 516
258 518
258 521
258 522
258 562
258 568
258 570
258 588
258 595
258 617
258 650
258 666
258 683
258 684
258 687
258 690
258 696
258 701
258 703
258 708
258 726
258 728
258 731
258 744
258 766
258 783
258 788
258 794
258 803
258 814
258 834
258 845
258 864
258 878
258 885
258 886
258 889
258 890
258 901
258 909
258 943
258 950
258 951
258 978
258 991
259 277
259 279
259 282
259 289
259 291
259 294
259 312
259 321
259 327
259 336
259 337
259 339
259 364
259 376
259 386
259 387
259 436
259 437
259 439
259 449
259 453
259 456
259 468
259 473
259 478
259 485
259 499
259 500
259 507
259 545
259 562
259 572
259 577
259 578
259 585
259 587
259 592
259 601
259 605
259 608
259 630
259 654
259 668
259 669
259 684
259 689
259 690
259 692
259 698
259 711
259 725
259 728
259 740
259 772
259 775
259 777
259 793
259 810
259 824
259 862
259 867
259 869
259 870
259 874
259 888
259 899
259 907
259 912
259 917
259 918
259 922
259 931
259 937
259 946
259 949
259 952
259 967
259 982
259 996
260 262
260 272
260 275
260 284
260 325
260 334
260 342
260 363
260 365
260 366
260 368
260 376
260 377
260 378
260 391
260 397
260 400
260 423
260 455
260 458
260 463
260 467
260 469
260 474
260 478
260 501
260 506
260 512
260 518
260 523
260 531
260 541
260 574
260 576
260 578
260 595
260 599
260 604
260 612
260 617
260 654
260 666
260 686
260 688
260 694
260 710
260 714
260 731
260 736
260 744
260 750
260 755
260 773
260 779
260 782
260 784
260 795
260 800
260 818
260 827
260 828
260 838
260 841
260 847
260 849
260 855
260 856
260 858
260 866
260 871
260 910
260 911
260 913
260 916
260 919
260 921
260 939
260 940
260 953
260 973
260 976
260 992
261 262
261 272
261 281
261 324
261 329
261 347
261 350
261 364
261 374
261 381
261 392
261 395
261 415
261 418
261 428
261 441
261 443
261 446
261 451
261 455
261 468
261 471
261 480
261 486
261 502
261 508
261 518
261 530
261 540
261 541
261 555
261 557
261 564
261 568
261 584
261 593
261 602
261 620
261 633
261 636
261 642
261 646
261 670
261 702
261 713
261 717
261 721
261 736
261 743
261 751
261 757
261 766
261 767
261 803
261 812
261 816
261 823
261 824
261 837
261 843
261 849
261 855
261 876
261 885
261 893
261 909
261 918
261 930
261 939
261 957
261 972
261 983
261 993
261 994
262 265
262 301
262 307
262 321
262 323
262 328
262 329
262 332
262 343
262 367
262 382
262 389
262 425
262 432
262 436
262 439
262 463
262 469
262 470
262 474
262 476
262 509
262 511
262 518
262 528
262 534
262 538
262 551
262 553
262 555
262 557
262 567
262 570
262 576
262 587
262 596
262 602
262 603
262 607
262 612
262 634
262 652
262 670
262 710
262 724
262 728
262 731
262 740
262 745
262 755
262 760
262 761
262 778
262 780
262 782
262 785
262 790
262 792
262 805
262 821
262 822
262 824
262 828
262 832
262 835
262 857
262 877
262 884
262 895
262 907
262 908
262 942
262 948
262 949
262 953
262 956
262 965
262 986
262 989
262 996
263 266
263 268
263 269
263 281
263 302
263 310
263 342
263 346
263 354
263 369
263 374
263 378
263 388
263 412
263 423
263 427
263 431
263 441
263 442
263 456
263 479
263 496
263 499
263 504
263 510
263 512
263 524
263 529
263 534
263 541
263 549
263 553
263 582
263 593
263 613
263 627
263 655
263 660
263 666
263 667
263 685
263 690
263 714
263 716
263 718
263 732
263 733
263 739
263 746
263 752
263 754
263 755
263 763
263 786
263 801
263 803
263 816
263 819
263 823
263 836
263 856
263 858
263 864
263 870
263 877
263 879
263 880
263 889
263 893
263 895
263 899
263 910
263 917
263 925
263 935
263 957
263 966
263 993
263 995
264 265
264 280
264 281
264 285
264 300
264 303
264 310
264 317
264 320
264 321
264 323
264 333
264 352
264 354
264 367
264 387
264 413
264 424
264 432
264 461
264 465
264 470
264 472
264 483
264 492
264 516
264 532
264 550
264 561
264 578
264 579
264 582
264 644
264 651
264 664
264 679
264 693
264 707
264 714
264 716
264 719
264 733
264 734
264 736
264 741
264 744
264 746
264 756
264 760
264 783
264 784
264 807
264 813
264 841
264 845
264 856
264 858
264 860
264 881
264 922
264 923
264 933
264 934
264 937
264 938
264 941
264 946
264 959
264 960
264 966
264 978
264 991
264 995
265 288
265 293
265 314
265 315
265 318
265 324
265 326
265 336
265 340
265 344
265 349
265 374
265 390
265 401
265 414
265 418
265 419
265 459
265 466
265 470
265 487
265 500
265 558
265 573
265 595
265 617
265 625
265 629
265 641
265 645
265 648
265 649
265 653
265 656
265 662
265 679
265 681
265 683
265 698
265 700
265 708
265 722
265 727
265 751
265 756
265 776
265 787
265 788
265 803
265 809
265 833
265 869
265 874
265 884
265 897
265 910
265 911
265 917
265 923
265 933
265 935
265 940
265 941
265 971
265 980
265 984
265 990
266 274
266 275
266 279
266 287
266 289
266 296
266 299
266 302
266 316
266 322
266 328
266 336
266 340
266 348
266 352
266 362
266 383
266 391
266 398
266 407
266 423
266 425
266 440
266 459
266 463
266 464
266 466
266 518
266 525
266 528
266 529
266 544
266 556
266 574
266 579
266 588
266 600
266 605
266 612
266 618
266 622
266 651
266 663
266 684
266 687
266 709
266 732
266 739
266 749
266 752
266 761
266 774
266 780
266 792
266 794
266 821
266 827
266 828
266 869
266 887
266 889
266 911
266 912
266 924
266 954
266 963
266 967
266 975
266 979
266 986
267 268
267 273
267 283
267 285
267 299
267 306
267 315
267 319
267 322
267 330
267 347
267 352
267 376
267 393
267 405
267 420
267 422
267 427
267 429
267 445
267 471
267 477
267 485
267 499
267 507
267 535
267 562
267 568
267 578
267 583
267 587
267 595
267 602
267 624
267 626
267 630
267 632
267 648
267 673
267 700
267 706
267 728
267 730
267 731
267 739
267 755
267 758
267 768
267 773
267 791
267 794
267 818
267 831
267 832
267 842
267 844
267 848
267 867
267 875
267 879
267 886
267 888
267 891
267 902
267 951
267 967
267 984
267 985
268 272
268 285
268 318
268 319
268 321
268 333
268 344
268 362
268 385
268 396
268 400
268 403
268 414
268 430
268 431
268 437
268 466
268 467
268 468
268 482
268 491
268 503
268 513
268 523
268 531
268 538
268 540
268 543
268 547
268 550
268 561
268 577
268 586
268 596
268 598
268 609
268 618
268 625
268 632
268 641
268 644
268 651
268 653
268 662
268 677
268 682
268 729
268 730
268 741
268 749
268 759
268 766
268 773
268 776
268 804
268 808
268 831
268 833
268 840
268 860
268 879
268 881
268 891
268 893
268 895
268 916
268 923
268 924
268 937
268 938
268 941
268 955
268 976
268 985
268 992
268 993
268 998
269 270
269 304
269 308
269 331
269 361
269 363
269 375
269 385
269 396
269 411
269 414
269 421
269 433
269 440
269 450
269 484
269 488
269 501
269 516
269 527
269 532
269 570
269 573
269 589
269 590
269 614
269 622
269 630
269 635
269 647
269 657
269 658
269 660
269 670
269 674
269 676
269 677
269 681
269 697
269 712
269 713
269 716
269 717
269 733
269 752
269 753
269 787
269 796
269 798
269 802
269 818
269 831
269 844
269 850
269 860
269 868
269 876
269 877
269 885
269 896
269 904
269 907
269 913
269 921
269 938
269 948
269 950
269 951
269 953
269 980
269 994
269 998
270 272
270 277
270 281
270 283
270 302
270 303
270 309
270 312
270 321
270 329
270 336
270 356
270 357
270 360
270 365
270 367
270 375
270 387
270 415
270 421
270 429
270 437
270 449
270 456
270 467
270 470
270 477
270 512
270 554
270 559
270 568
270 575
270 577
270 587
270 594
270 613
270 617
270 630
270 636
270 644
270 648
270 659
270 662
270 664
270 672
270 676
270 687
270 704
270 733
270 745
270 765
270 777
270 795
270 806
270 816
270 854
270 864
270 866
270 871
270 886
270 896
270 915
270 922
270 925
270 930
270 941
270 942
270 958
270 976
270 982
270 991
270 999
271 293
271 307
271 308
271 314
271 315
271 320
271 321
271 325
271 360
271 365
271 369
271 375
271 376
271 379
271 382
271 402
271 406
271 446
271 447
271 451
271 454
271 455
271 460
271 479
271 492
271 498
271 524
271 539
271 542
271 548
271 552
271 582
271 587
271 614
271 620
271 621
271 629
271 651
271 690
271 696
271 701
271 713
271 729
271 731
271 734
271 742
271 743
271 792
271 802
271 816
271 832
271 845
271 862
271 864
271 868
271 874
271 877
271 909
271 931
271 939
271 940
271 943
271 955
271 958
271 963
271 973
271 982
271 988
271 990
271 999
272 273
272 283
272 287
272 294
272 304
272 315
272 329
272 330
272 341
272 356
272 372
272 385
272 388
272 394
272 409
272 412
272 432
272 451
272 476
272 490
272 499
272 523
272 535
272 541
272 544
272 551
272 552
272 574
272 590
272 592
272 609
272 635
272 638
272 644
272 655
272 656
272 660
272 663
272 665
272 670
272 671
272 683
272 699
272 700
272 713
272 717
272 730
272 736
272 747
272 758
272 776
272 788
272 809
272 815
272 821
272 826
272 837
272 843
272 857
272 861
272 876
272 885
272 891
272 910
272 919
272 934
272 952
272 992
272 998
273 279
273 284
273 292
273 293
273 301
273 305
273 307
273 312
273 320
273 321
273 329
273 331
273 335
273 336
273 339
273 347
273 353
273 363
273 367
273 373
273 391
273 396
273 400
273 409
273 422
273 428
273 440
273 445
273 447
273 448
273 466
273 501
273 505
273 510
273 519
273 520
273 521
273 529
273 564
273 571
273 578
273 583
273 591
273 600
273 604
273 607
273 612
273 627
273 637
273 638
273 641
273 642
273 644
273 655
273 658
273 661
273 663
273 666
273 673
273 685
273 700
273 707
273 711
273 714
273 731
273 733
273 743
273 761
273 789
273 792
273 800
273 807
273 834
273 839
273 843
273 859
273 864
273 866
273 928
273 932
273 938
273 942
273 946
273 956
273 957
273 958
273 979
273 989
273 991
273 994
274 319
274 334
274 338
274 349
274 351
274 353
274 356
274 358
274 372
274 381
274 385
274 388
274 392
274 414
274 427
274 461
274 470
274 482
274 485
274 498
274 505
274 519
274 525
274 531
274 543
274 553
274 577
274 598
274 601
274 608
274 617
274 618
274 625
274 630
274 669
274 671
274 674
274 692
274 700
274 716
274 728
274 734
274 735
274 738
274 807
274 809
274 814
274 845
274 849
274 857
274 870
274 872
274 879
274 949
274 964
274 972
274 974
274 980
274 987
275 282
275 305
275 308
275 309
275 316
275 323
275 324
275 329
275 347
275 355
275 375
275 377
275 393
275 404
275 411
275 433
275 437
275 447
275 460
275 486
275 487
275 489
275 491
275 496
275 497
275 505
275 519
275 530
275 539
275 543
275 563
275 589
275 641
275 646
275 651
275 654
275 666
275 676
275 709
275 739
275 743
275 746
275 748
275 755
275 757
275 765
275 766
275 779
275 786
275 792
275 801
275 806
275 811
275 819
275 823
275 825
275 826
275 858
275 915
275 918
275 926
275 938
275 946
275 947
275 951
275 956
275 957
275 962
275 987
275 994
275 997
276 292
276 299
276 302
276 316
276 317
276 338
276 341
276 348
276 351
276 353
276 357
276 362
276 370
276 371
276 374
276 375
276 380
276 381
276 404
276 407
276 427
276 430
276 439
276 449
276 452
276 456
276 474
276 483
276 515
276 521
276 522
276 538
276 549
276 561
276 562
276 563
276 612
276 622
276 627
276 647
276 680
276 709
276 711
276 715
276 716
276 721
276 745
276 751
276 753
276 776
276 791
276 798
276 825
276 852
276 864
276 868
276 869
276 871
276 897
276 916
276 918
276 920
276 937
276 938
276 941
276 943
276 944
276 958
276 964
276 965
276 968
276 996
276 997
277 299
277 305
277 318
277 321
277 322
277 344
277 349
277 369
277 380
277 391
277 394
277 402
277 416
277 419
277 421
277 427
277 438
277 440
277 448
277 455
277 463
277 467
277 474
277 480
277 486
277 494
277 496
277 503
277 505
277 519
277 529
277 566
277 571
277 578
277 601
277 604
277 621
277 650
277 679
277 685
277 690
277 724
277 746
277 756
277 764
277 784
277 785
277 790
277 811
277 814
277 816
277 826
277 829
277 832
277 852
277 870
277 884
277 894
277 895
277 903
277 912
277 960
277 972
277 976
277 991
277 993
277 997
277 999
278 305
278 306
278 316
278 318
278 320
278 330
278 344
278 356
278 366
278 371
278 397
278 400
278 406
278 419
278 424
278 437
278 465
278 476
278 490
278 496
278 499
278 513
278 514
278 525
278 528
278 533
278 534
278 541
278 557
278 567
278 577
278 579
278 596
278 597
278 608
278 611
278 616
278 620
278 622
278 633
278 637
278 639
278 644
278 665
278 698
278 711
278 741
278 754
278 766
278 768
278 769
278 780
278 793
278 809
278 817
278 828
278 846
278 855
278 865
278 911
278 913
278 914
278 927
278 935
278 945
278 947
278 957
278 969
278 979
278 982
278 986
279 284
279 293
279 294
279 300
279 304
279 320
279 321
279 325
279 331
279 355
279 359
279 365
279 376
279 388
279 395
279 397
279 411
279 423
279 475
279 485
279 530
279 531
279 537
279 539
279 549
279 576
279 582
279 591
279 593
279 604
279 610
279 611
279 616
279 640
279 642
279 643
279 658
279 673
279 706
279 714
279 718
279 727
279 730
279 732
279 734
279 739
279 747
279 763
279 772
279 773
279 790
279 792
279 794
279 822
279 839
279 852
279 858
279 893
279 894
279 895
279 921
279 925
279 927
279 934
279 948
279 962
279 968
279 974
279 996
280 285
280 289
280 296
280 318
280 337
280 338
280 349
280 380
280 383
280 389
280 392
280 413
280 417
280 472
280 478
280 482
280 499
280 511
280 513
280 536
280 553
280 558
280 568
280 572
280 578
280 594
280 595
280 596
280 597
280 612
280 623
280 656
280 664
280 667
280 688
280 691
280 702
280 707
280 724
280 742
280 745
280 747
280 754
280 780
280 796
280 801
280 814
280 816
280 837
280 846
280 854
280 859
280 875
280 882
280 890
280 892
280 895
280 913
280 926
280 936
280 943
280 967
280 974
280 976
280 990
281 310
281 311
281 314
281 326
281 327
281 340
281 349
281 350
281 353
281 354
281 360
281 363
281 384
281 412
281 430
281 436
281 450
281 466
281 470
281 490
281 494
281 498
281 527
281 537
281 547
281 550
281 553
281 561
281 573
281 577
281 578
281 585
281 618
281 639
281 656
281 658
281 683
281 695
281 701
281 709
281 712
281 739
281 753
281 765
281 774
281 786
281 802
281 811
281 817
281 839
281 841
281 844
281 853
281 863
281 876
281 879
281 881
281 910
281 920
281 937
281 947
281 952
281 965
281 975
281 980
281 986
281 989
281 998
282 285
282 302
282 322
282 332
282 339
282 356
282 369
282 380
282 406
282 410
282 421
282 443
282 456
282 458
282 472
282 479
282 492
282 504
282 508
282 523
282 532
282 533
282 534
282 550
282 552
282 562
282 580
282 588
282 605
282 621
282 630
282 643
282 651
282 664
282 674
282 684
282 720
282 725
282 727
282 730
282 762
282 778
282 788
282 823
282 829
282 842
282 847
282 848
282 853
282 858
282 866
282 872
282 873
282 886
282 891
282 899
282 904
282 910
282 930
282 940
282 952
282 966
282 975
282 977
282 979
282 982
282 992
283 298
283 305
283 332
283 334
283 340
283 360
283 375
283 399
283 413
283 417
283 419
283 435
283 441
283 447
283 450
283 460
283 468
283 475
283 480
283 481
283 488
283 493
283 511
283 519
283 522
283 523
283 535
283 545
283 547
283 548
283 551
283 555
283 557
283 559
283 595
283 596
283 603
283 612
283 639
283 668
283 688
283 690
283 692
283 708
283 713
283 726
283 752
283 761
283 771
283 774
283 777
283 780
283 785
283 853
283 869
283 871
283 882
283 892
283 901
283 903
283 922
283 986
283 991
283 996
283 997
284 294
284 300
284 329
284 337
284 342
284 349
284 356
284 365
284 369
284 372
284 376
284 379
284 383
284 422
284 423
284 431
284 434
284 453
284 457
284 470
284 486
284 494
284 499
284 513
284 537
284 538
284 542
284 548
284 549
284 560
284 562
284 588
284 599
284 603
284 605
284 606
284 609
284 610
284 612
284 615
284 627
284 632
284 656
284 673
284 676
284 677
284 686
284 698
284 701
284 711
284 723
284 729
284 737
284 740
284 754
284 771
284 792
284 797
284 806
284 808
284 810
284 815
284 817
284 818
284 842
284 877
284 898
284 905
284 916
284 921
284 924
284 938
284 939
284 941
284 942
284 960
284 964
284 970
284 971
285 298
285 301
285 302
285 319
285 328
285 332
285 343
285 352
285 371
285 379
285 394
285 395
285 399
285 415
285 427
285 444
285 458
285 459
285 467
285 486
285 508
285 523
285 525
285 526
285 558
285 559
285 560
285 566
285 604
285 608
285 614
285 625
285 627
285 630
285 636
285 649
285 657
285 661
285 675
285 677
285 679
285 681
285 696
285 712
285 714
285 715
285 724
285 740
285 741
285 746
285 762
285 763
285 792
285 798
285 803
285 811
285 812
285 814
285 828
285 835
285 838
285 839
285 854
285 860
285 897
285 918
285 924
285 928
285 936
285 942
285 950
285 956
285 960
285 993
286 297
286 298
286 313
286 321
286 332
286 338
286 357
286 358
286 381
286 384
286 395
286 398
286 403
286 414
286 418
286 440
286 450
286 456
286 459
286 465
286 466
286 467
286 473
286 488
286 489
286 494
286 505
286 524
286 532
286 554
286 560
286 570
286 581
286 587
286 602
286 614
286 648
286 664
286 667
286 672
286 697
286 715
286 732
286 736
286 753
286 786
286 791
286 796
286 800
286 802
286 803
286 814
286 818
286 822
286 830
286 847
286 852
286 854
286 864
286 872
286 893
286 898
286 900
286 909
286 920
286 924
286 960
286 970
286 990
286 998
287 300
287 311
287 322
287 334
287 345
287 355
287 357
287 396
287 405
287 406
287 407
287 409
287 430
287 433
287 434
287 441
287 447
287 451
287 464
287 467
287 484
287 518
287 533
287 540
287 543
287 562
287 573
287 581
287 594
287 603
287 609
287 617
287 635
287 640
287 646
287 656
287 668
287 684
287 688
287 698
287 701
287 703
287 708
287 711
287 717
287 737
287 769
287 821
287 826
287 827
287 848
287 868
287 874
287 879
287 888
287 898
287 907
287 914
287 915
287 930
287 941
287 942
287 943
287 946
287 948
287 952
287 958
287 978
287 981
287 991
288 293
288 294
288 313
288 317
288 323
288 337
288 342
288 344
288 363
288 368
288 373
288 394
288 412
288 416
288 436
288 447
288 449
288 471
288 485
288 494
288 496
288 525
288 535
288 536
288 542
288 545
288 560
288 568
288 569
288 583
288 591
288 596
288 597
288 599
288 600
288 609
288 624
288 646
288 654
288 669
288 686
288 691
288 694
288 698
288 716
288 717
288 720
288 740
288 753
288 782
288 787
288 793
288 795
288 798
288 800
288 802
288 810
288 812
288 815
288 858
288 861
288 862
288 882
288 883
288 900
288 903
288 905
288 906
288 907
288 926
288 956
288 957
288 962
288 995
288 998
289 311
289 317
289 322
289 334
289 337
289 342
289 343
289 353
289 372
289 378
289 389
289 406
289 415
289 417
289 421
289 432
289 438
289 441
289 458
289 463
289 474
289 482
289 499
289 515
289 518
289 520
289 549
289 561
289 563
289 572
289 597
289 602
289 623
289 636
289 637
289 658
289 660
289 671
289 688
289 716
289 729
289 730
289 740
289 745
289 766
289 786
289 794
289 796
289 824
289 843
289 885
289 889
289 894
289 900
289 906
289 909
289 931
289 951
289 969
290 299
290 300
290 325
290 329
290 345
290 352
290 355
290 357
290 360
290 361
290 363
290 364
290 368
290 378
290 397
290 415
290 435
290 454
290 455
290 457
290 459
290 470
290 476
290 482
290 492
290 512
290 563
290 572
290 593
290 598
290 600
290 606
290 620
290 621
290 649
290 655
290 663
290 664
290 670
290 682
290 683
290 695
290 715
290 718
290 722
290 723
290 731
290 734
290 736
290 741
290 744
290 751
290 755
290 767
290 777
290 787
290 793
290 801
290 810
290 812
290 817
290 819
290 821
290 852
290 871
290 889
290 892
290 901
290 924
290 925
290 931
290 937
290 968
290 979
290 980
290 984
290 988
290 997
291 308
291 313
291 315
291 318
291 339
291 347
291 356
291 366
291 368
291 372
291 374
291 377
291 383
291 384
291 394
291 401
291 421
291 436
291 440
291 451
291 454
291 456
291 468
291 474
291 482
291 498
291 509
291 522
291 532
291 533
291 543
291 545
291 546
291 551
291 569
291 594
291 598
291 607
291 619
291 631
291 637
291 640
291 651
291 656
291 662
291 673
291 681
291 703
291 722
291 739
291 748
291 762
291 765
291 781
291 785
291 803
291 820
291 829
291 832
291 842
291 844
291 845
291 854
291 866
291 869
291 880
291 885
291 894
291 927
291 930
291 932
291 962
291 982
291 985
291 991
291 992
291 998
292 296
292 316
292 328
292 344
292 371
292 396
292 408
292 424
292 441
292 455
292 460
292 464
292 470
292 495
292 498
292 501
292 503
292 519
292 529
292 539
292 551
292 553
292 585
292 602
292 610
292 642
292 644
292 653
292 668
292 687
292 688
292 696
292 698
292 714
292 717
292 724
292 738
292 755
292 759
292 762
292 764
292 765
292 785
292 797
292 809
292 830
292 831
292 848
292 863
292 868
292 876
292 880
292 897
292 907
292 911
292 916
292 927
292 945
292 968
292 970
292 984
292 987
292 991
292 993
293 294
293 298
293 302
293 305
293 323
293 356
293 357
293 385
293 409
293 417
293 433
293 444
293 451
293 463
293 466
293 479
293 484
293 492
293 501
293 535
293 554
293 555
293 558
293 577
293 589
293 593
293 608
293 614
293 632
293 635
293 641
293 651
293 690
293 711
293 716
293 720
293 726
293 739
293 741
293 750
293 766
293 770
293 777
293 780
293 801
293 802
293 808
293 814
293 820
293 844
293 847
293 866
293 886
293 890
293 894
293 905
293 910
293 936
293 941
293 942
293 943
293 955
293 984
294 296
294 309
294 310
294 319
294 322
294 323
294 329
294 343
294 355
294 362
294 370
294 384
294 392
294 402
294 410
294 429
294 464
294 467
294 472
294 474
294 476
294 491
294 496
294 503
294 505
294 574
294 592
294 596
294 607
294 612
294 618
294 649
294 688
294 696
294 699
294 708
294 716
294 718
294 733
294 736
294 739
294 740
294 776
294 784
294 786
294 790
294 804
294 808
294 818
294 828
294 836
294 838
294 855
294 859
294 863
294 873
294 876
294 879
294 898
294 911
294 913
294 916
294 921
294 922
294 935
294 940
294 944
294 950
294 952
294 964
294 980
294 985
294 986
294 990
295 335
295 353
295 355
295 363
295 376
295 394
295 412
295 448
295 456
295 461
295 469
295 473
295 483
295 495
295 502
295 508
295 512
295 513
295 537
295 568
295 618
295 633
295 634
295 661
295 665
295 673
295 674
295 678
295 689
295 692
295 703
295 716
295 726
295 733
295 741
295 766
295 772
295 776
295 807
295 819
295 837
295 838
295 851
295 872
295 888
295 893
295 909
295 910
295 920
295 921
295 925
295 928
295 946
295 981
295 982
295 988
296 298
296 311
296 313
296 316
296 322
296 324
296 349
296 371
296 376
296 378
296 402
296 433
296 440
296 460
296 465
296 466
296 489
296 490
296 495
296 499
296 515
296 519
296 520
296 527
296 528
296 533
296 550
296 574
296 576
296 607
296 647
296 659
296 678
296 684
296 685
296 695
296 703
296 713
296 720
296 724
296 726
296 729
296 732
296 760
296 766
296 775
296 794
296 808
296 814
296 815
296 817
296 821
296 829
296 836
296 837
296 838
296 842
296 863
296 893
296 904
296 905
296 906
296 912
296 918
296 920
296 927
296 950
296 955
296 959
296 960
296 995
297 301
297 305
297 327
297 331
297 334
297 337
297 343
297 363
297 364
297 365
297 371
297 390
297 395
297 399
297 414
297 426
297 451
297 470
297 471
297 489
297 504
297 505
297 506
297 551
297 554
297 556
297 558
297 565
297 589
297 603
297 624
297 628
297 629
297 630
297 647
297 661
297 693
297 698
297 717
297 718
297 747
297 755
297 763
297 772
297 794
297 812
297 813
297 824
297 825
297 835
297 839
297 842
297 857
297 865
297 869
297 872
297 882
297 930
297 933
297 937
297 954
297 958
297 997
298 300
298 308
298 309
298 316
298 319
298 335
298 362
298 375
298 389
298 408
298 419
298 442
298 446
298 457
298 484
298 489
298 491
298 496
298 499
298 500
298 525
298 543
298 566
298 581
298 631
298 642
298 652
298 654
298 656
298 662
298 674
298 686
298 694
298 695
298 705
298 710
298 717
298 742
298 751
298 752
298 766
298 776
298 790
298 794
298 800
298 807
298 822
298 824
298 829
298 883
298 886
298 910
298 934
298 937
298 954
298 963
298 970
298 971
298 972
298 976
298 979
298 993
299 315
299 321
299 322
299 332
299 352
299 364
299 384
299 391
299 400
299 403
299 415
299 419
299 441
299 462
299 469
299 470
299 474
299 478
299 483
299 494
299 501
299 505
299 511
299 518
299 523
299 525
299 533
299 552
299 560
299 573
299 581
299 589
299 593
299 603
299 612
299 622
299 624
299 641
299 653
299 668
299 698
299 721
299 722
299 730
299 746
299 773
299 787
299 793
299 801
299 806
299 827
299 828
299 837
299 840
299 841
299 846
299 852
299 855
299 856
299 859
299 861
299 876
299 883
299 895
299 903
299 908
299 921
299 923
299 926
299 950
299 983
299 986
299 990
300 302
300 303
300 304
300 312
300 313
300 326
300 338
300 340
300 346
300 348
300 366
300 367
300 372
300 376
300 391
300 395
300 401
300 405
300 414
300 416
300 430
300 431
300 464
300 488
300 491
300 503
300 508
300 512
300 518
300 551
300 557
300 567
300 569
300 570
300 579
300 588
300 606
300 630
300 641
300 644
300 645
300 676
300 685
300 700
300 710
300 733
300 750
300 758
300 771
300 795
300 803
300 822
300 824
300 840
300 844
300 850
300 851
300 874
300 875
300 904
300 914
300 941
300 942
300 963
300 967
300 992
300 995
300 999
301 302
301 309
301 361
301 369
301 389
301 392
301 396
301 400
301 402
301 430
301 442
301 446
301 450
301 451
301 465
301 472
301 473
301 513
301 518
301 521
301 524
301 526
301 531
301 555
301 559
301 565
301 570
301 575
301 583
301 585
301 597
301 606
301 615
301 629
301 634
301 636
301 644
301 646
301 651
301 654
301 662
301 663
301 671
301 681
301 682
301 721
301 739
301 749
301 763
301 766
301 772
301 779
301 787
301 789
301 796
301 799
301 812
301 820
301 828
301 845
301 848
301 854
301 856
301 857
301 859
301 865
301 874
301 883
301 892
301 904
301 906
301 912
301 916
301 918
301 932
301 934
301 975
301 985
301 996
301 998
302 336
302 348
302 349
302 354
302 361
302 363
302 378
302 396
302 401
302 406
302 428
302 438
302 442
302 444
302 453
302 465
302 469
302 475
302 482
302 489
302 491
302 495
302 505
302 506
302 523
302 539
302 546
302 547
302 569
302 570
302 583
302 585
302 603
302 613
302 635
302 637
302 642
302 646
302 649
302 683
302 710
302 755
302 757
302 763
302 768
302 783
302 790
302 819
302 823
302 836
302 841
302 846
302 897
302 913
302 924
302 957
302 985
303 307
303 329
303 335
303 353
303 373
303 376
303 385
303 395
303 396
303 397
303 411
303 414
303 419
303 441
303 446
303 453
303 463
303 474
303 483
303 484
303 485
303 508
303 510
303 520
303 524
303 537
303 545
303 550
303 551
303 564
303 568
303 606
303 614
303 632
303 643
303 653
303 657
303 687
303 690
303 693
303 698
303 702
303 710
303 722
303 729
303 737
303 739
303 743
303 775
303 780
303 789
303 791
303 794
303 807
303 808
303 810
303 826
303 831
303 845
303 846
303 857
303 858
303 870
303 871
303 890
303 930
303 972
303 975
303 977
303 996
304 308
304 323
304 341
304 349
304 384
304 441
304 483
304 519
304 520
304 535
304 538
304 570
304 603
304 604
304 614
304 622
304 631
304 660
304 662
304 678
304 681
304 682
304 683
304 686
304 689
304 694
304 696
304 704
304 710
304 720
304 721
304 728
304 769
304 770
304 778
304 791
304 792
304 795
304 819
304 835
304 854
304 857
304 872
304 880
304 889
304 896
304 923
304 930
304 959
304 966
304 972
304 975
304 977
305 306
305 325
305 336
305 337
305 348
305 352
305 353
305 376
305 380
305 390
305 398
305 400
305 416
305 426
305 436
305 446
305 463
305 475
305 479
305 488
305 500
305 502
305 519
305 535
305 537
305 540
305 541
305 545
305 546
305 566
305 575
305 580
305 582
305 583
305 605
305 611
305 612
305 625
305 630
305 631
305 645
305 650
305 652
305 676
305 685
305 688
305 694
305 725
305 744
305 764
305 765
305 777
305 779
305 791
305 821
305 855
305 871
305 887
305 896
305 908
305 913
305 914
305 931
305 935
305 943
305 945
305 965
305 973
305 980
305 981
305 982
306 312
306 320
306 321
306 323
306 327
306 330
306 385
306 394
306 402
306 414
306 417
306 418
306 440
306 479
306 493
306 497
306 545
306 567
306 572
306 573
306 574
306 583
306 590
306 600
306 606
306 612
306 626
306 629
306 638
306 671
306 693
306 753
306 785
306 818
306 819
306 821
306 840
306 857
306 869
306 883
306 900
306 906
306 917
306 930
306 936
306 937
306 943
306 990
306 992
306 993
307 318
307 326
307 344
307 362
307 368
307 375
307 382
307 434
307 452
307 471
307 475
307 495
307 499
307 504
307 505
307 510
307 511
307 516
307 528
307 531
307 543
307 548
307 560
307 564
307 595
307 597
307 612
307 634
307 649
307 651
307 653
307 656
307 661
307 662
307 667
307 678
307 679
307 701
307 704
307 711
307 715
307 716
307 723
307 724
307 725
307 733
307 739
307 748
307 749
307 752
307 770
307 771
307 824
307 834
307 843
307 856
307 869
307 875
307 877
307 881
307 882
307 889
307 890
307 893
307 899
307 911
307 937
307 941
307 951
307 961
307 977
307 980
307 987
307 992
307 994
308 329
308 330
308 334
308 339
308 342
308 352
308 365
308 375
308 387
308 393
308 394
308 404
308 416
308 439
308 445
308 469
308 480
308 493
308 510
308 523
308 541
308 542
308 565
308 579
308 606
308 614
308 619
308 624
308 628
308 634
308 649
308 695
308 719
308 732
308 736
308 766
308 773
308 776
308 784
308 786
308 795
308 810
308 819
308 821
308 830
308 832
308 841
308 843
308 848
308 857
308 867
308 880
308 884
308 899
308 941
308 944
308 945
308 951
308 995
308 996
309 314
309 321
309 330
309 332
309 334
309 345
309 360
309 364
309 367
309 377
309 388
309 389
309 408
309 417
309 421
309 429
309 434
309 446
309 452
309 454
309 466
309 468
309 474
309 481
309 485
309 489
309 497
309 504
309 515
309 523
309 529
309 558
309 562
309 565
309 567
309 577
309 598
309 603
309 605
309 607
309 609
309 612
309 614
309 627
309 643
309 645
309 657
309 664
309 673
309 685
309 697
309 715
309 736
309 743
309 755
309 763
309 764
309 767
309 776
309 788
309 790
309 792
309 795
309 826
309 829
309 832
309 839
309 841
309 847
309 848
309 850
309 866
309 870
309 883
309 886
309 892
309 895
309 907
309 914
309 947
309 951
309 983
309 987
309 988
310 318
310 324
310 326
310 340
310 352
310 369
310 370
310 371
310 372
310 417
310 423
310 429
310 430
310 444
310 448
310 456
310 473
310 479
310 488
310 489
310 498
310 525
310 533
310 559
310 574
310 577
310 579
310 586
310 588
310 589
310 595
310 615
310 618
310 628
310 638
310 656
310 662
310 671
310 680
310 686
310 692
310 705
310 712
310 718
310 725
310 728
310 739
310 747
310 750
310 753
310 756
310 773
310 777
310 808
310 818
310 820
310 833
310 847
310 848
310 853
310 874
310 880
310 897
310 907
310 942
310 952
310 962
310 964
310 972
310 980
310 989
310 991
311 338
311 341
311 346
311 347
311 350
311 383
311 386
311 395
311 411
311 417
311 423
311 425
311 446
311 453
311 462
311 480
311 490
311 519
311 520
311 527
311 528
311 530
311 531
311 539
311 548
311 567
311 583
311 595
311 607
311 608
311 610
311 623
311 634
311 635
311 671
311 688
311 704
311 721
311 734
311 736
311 743
311 745
311 765
311 776
311 778
311 779
311 800
311 802
311 807
311 830
311 833
311 847
311 857
311 861
311 872
311 874
311 879
311 883
311 906
311 908
311 915
311 922
311 934
311 938
311 966
311 982
311 985
312 313
312 319
312 327
312 333
312 335
312 340
312 351
312 359
312 361
312 363
312 365
312 393
312 396
312 399
312 406
312 416
312 417
312 420
312 428
312 429
312 450
312 457
312 460
312 462
312 464
312 471
312 472
312 476
312 481
312 502
312 503
312 517
312 519
312 529
312 540
312 557
312 569
312 579
312 584
312 587
312 603
312 611
312 623
312 625
312 629
312 661
312 662
312 665
312 681
312 707
312 713
312 722
312 725
312 750
312 751
312 752
312 766
312 767
312 779
312 786
312 819
312 826
312 841
312 862
312 877
312 888
312 894
312 904
312 907
312 928
312 945
312 946
312 948
312 952
312 957
312 971
312 986
312 987
312 988
312 989
312 990
312 991
312 992
313 324
313 330
313 334
313 337
313 343
313 348
313 367
313 383
313 389
313 401
313 417
313 419
313 420
313 422
313 426
313 437
313 440
313 464
313 468
313 476
313 496
313 498
313 517
313 523
313 565
313 574
313 575
313 597
313 598
313 600
313 601
313 602
313 612
313 622
313 628
313 649
313 652
313 653
313 679
313 686
313 692
313 704
313 715
313 725
313 733
313 745
313 753
313 754
313 757
313 780
313 797
313 814
313 818
313 829
313 834
313 835
313 837
313 841
313 851
313 872
313 886
313 903
313 907
313 909
313 919
313 920
313 926
313 927
313 931
313 935
313 939
313 944
313 946
313 955
313 983
313 984
313 990
313 997
314 319
314 320
314 373
314 380
314 399
314 407
314 414
314 415
314 419
314 425
314 430
314 435
314 436
314 446
314 452
314 468
314 482
314 503
314 519
314 523
314 525
314 526
314 529
314 530
314 541
314 542
314 560
314 570
314 597
314 598
314 609
314 610
314 623
314 625
314 642
314 670
314 671
314 684
314 686
314 703
314 707
314 716
314 722
314 745
314 771
314 778
314 789
314 792
314 820
314 834
314 840
314 843
314 854
314 870
314 874
314 876
314 881
314 892
314 896
314 904
314 908
314 916
314 924
314 932
314 939
314 947
314 953
314 984
314 999
315 320
315 336
315 359
315 363
315 370
315 372
315 374
315 375
315 378
315 379
315 386
315 399
315 400
315 410
315 447
315 453
315 458
315 466
315 468
315 484
315 490
315 502
315 503
315 504
315 507
315 519
315 520
315 524
315 549
315 563
315 564
315 580
315 588
315 597
315 603
315 612
315 625
315 629
315 632
315 642
315 644
315 652
315 660
315 661
315 669
315 672
315 675
315 684
315 697
315 703
315 745
315 762
315 768
315 780
315 794
315 796
315 804
315 817
315 818
315 827
315 830
315 837
315 850
315 854
315 855
315 856
315 859
315 870
315 876
315 879
315 893
315 895
315 898
315 909
315 919
315 927
315 931
315 934
315 945
315 955
315 956
315 971
316 317
316 321
316 322
316 330
316 345
316 347
316 387
316 389
316 393
316 408
316 409
316 415
316 419
316 424
316 431
316 432
316 435
316 459
316 503
316 538
316 544
316 547
316 549
316 551
316 565
316 574
316 576
316 579
316 581
316 590
316 595
316 603
316 605
316 607
316 608
316 610
316 633
316 637
316 638
316 644
316 645
316 657
316 668
316 681
316 685
316 691
316 699
316 716
316 729
316 730
316 742
316 753
316 759
316 766
316 773
316 774
316 811
316 825
316 832
316 837
316 841
316 842
316 844
316 866
316 884
316 888
316 895
316 915
316 944
316 950
316 962
316 967
316 971
316 991
316 992
316 993
316 994
317 323
317 354
317 374
317 384
317 390
317 409
317 417
317 432
317 443
317 460
317 482
317 488
317 516
317 553
317 564
317 578
317 580
317 602
317 606
317 607
317 618
317 626
317 636
317 650
317 687
317 695
317 702
317 714
317 719
317 734
317 741
317 764
317 770
317 771
317 780
317 782
317 786
317 789
317 794
317 797
317 799
317 802
317 814
317 825
317 853
317 878
317 894
317 905
317 918
317 928
317 939
317 947
317 988
317 991
318 319
318 320
318 348
318 351
318 373
318 381
318 383
318 385
318 386
318 395
318 399
318 405
318 419
318 426
318 429
318 440
318 443
318 449
318 465
318 467
318 482
318 501
318 505
318 514
318 529
318 551
318 559
318 590
318 598
318 600
318 615
318 629
318 704
318 713
318 733
318 740
318 747
318 784
318 793
318 800
318 808
318 846
318 861
318 867
318 876
318 894
318 896
318 916
318 945
318 961
318 983
318 986
318 996
318 998
319 327
319 330
319 338
319 353
319 361
319 366
319 370
319 422
319 423
319 425
319 434
319 441
319 450
319 451
319 452
319 456
319 477
319 487
319 488
319 501
319 504
319 507
319 520
319 523
319 550
319 553
319 559
319 560
319 563
319 579
319 583
319 584
319 587
319 593
319 609
319 625
319 630
319 641
319 647
319 658
319 664
319 682
319 686
319 702
319 707
319 718
319 721
319 727
319 731
319 732
319 736
319 739
319 750
319 759
319 764
319 768
319 778
319 805
319 807
319 809
319 831
319 841
319 847
319 873
319 877
319 880
319 884
319 903
319 915
319 918
319 927
319 933
319 941
319 942
319 950
319 963
319 973
319 995
320 329
320 345
320 368
320 373
320 376
320 379
320 383
320 424
320 428
320 433
320 434
320 435
320 444
320 454
320 455
320 462
320 466
320 471
320 473
320 481
320 482
320 496
320 517
320 537
320 558
320 566
320 616
320 624
320 630
320 636
320 637
320 645
320 660
320 670
320 671
320 697
320 752
320 753
320 760
320 761
320 769
320 772
320 813
320 818
320 837
320 853
320 858
320 861
320 880
320 885
320 894
320 910
320 942
320 959
320 967
320 974
320 977
320 986
320 990
321 338
321 348
321 351
321 364
321 368
321 378
321 392
321 393
321 395
321 397
321 398
321 437
321 461
321 472
321 474
321 480
321 485
321 489
321 500
321 504
321 506
321 516
321 524
321 544
321 577
321 583
321 609
321 632
321 635
321 643
321 676
321 712
321 717
321 725
321 732
321 735
321 737
321 743
321 768
321 784
321 785
321 810
321 825
321 826
321 829
321 838
321 842
321 857
321 861
321 874
321 904
321 905
321 915
321 940
321 959
321 978
321 994
321 995
322 332
322 339
322 349
322 355
322 359
322 368
322 379
322 385
322 409
322 426
322 433
322 438
322 446
322 449
322 465
322 475
322 487
322 489
322 492
322 512
322 513
322 542
322 543
322 553
322 571
322 573
322 577
322 579
322 586
322 615
322 621
322 624
322 634
322 641
322 664
322 666
322 670
322 679
322 692
322 696
322 701
322 718
322 747
322 765
322 776
322 781
322 792
322 806
322 809
322 815
322 840
322 843
322 848
322 849
322 876
322 893
322 908
322 921
322 922
322 929
322 950
322 952
322 958
322 971
322 982
322 985
322 992
322 999
323 335
323 340
323 344
323 346
323 348
323 354
323 368
323 404
323 407
323 408
323 418
323 419
323 437
323 439
323 458
323 459
323 465
323 475
323 477
323 488
323 495
323 503
323 505
323 551
323 578
323 579
323 592
323 597
323 618
323 620
323 663
323 666
323 671
323 677
323 682
323 687
323 700
323 731
323 738
323 741
323 756
323 762
323 776
323 777
323 795
323 802
323 833
323 834
323 836
323 862
323 868
323 872
323 873
323 882
323 894
323 908
323 913
323 932
323 942
323 948
323 950
323 958
323 960
323 965
323 975
324 326
324 338
324 348
324 350
324 354
324 358
324 363
324 377
324 387
324 388
324 391
324 398
324 413
324 425
324 428
324 447
324 451
324 454
324 455
324 464
324 494
324 497
324 530
324 533
324 566
324 568
324 579
324 584
324 589
324 590
324 597
324 604
324 607
324 635
324 649
324 662
324 667
324 715
324 721
324 723
324 743
324 753
324 762
324 778
324 823
324 841
324 855
324 871
324 890
324 892
324 894
324 901
324 907
324 914
324 917
324 926
324 938
324 942
324 957
324 960
324 970
324 983
324 990
325 355
325 371
325 388
325 395
325 398
325 400
325 407
325 408
325 409
325 412
325 413
325 414
325 416
325 417
325 423
325 427
325 432
325 438
325 441
325 448
325 459
325 463
325 474
325 475
325 482
325 485
325 490
325 497
325 500
325 504
325 517
325 533
325 536
325 541
325 546
325 550
325 555
325 574
325 581
325 587
325 600
325 620
325 626
325 627
325 631
325 635
325 638
325 659
325 669
325 683
325 706
325 721
325 725
325 730
325 735
325 739
325 744
325 747
325 752
325 773
325 775
325 779
325 784
325 794
325 797
325 798
325 802
325 807
325 815
325 828
325 837
325 842
325 844
325 848
325 850
325 870
325 877
325 884
325 892
325 897
325 903
325 906
325 909
325 913
325 915
325 924
325 927
325 942
325 957
325 959
325 971
325 975
325 978
325 979
325 981
325 983
325 989
326 333
326 346
326 356
326 365
326 366
326 367
326 381
326 385
326 388
326 403
326 405
326 412
326 414
326 440
326 442
326 447
326 453
326 457
326 464
326 478
326 488
326 495
326 501
326 516
326 525
326 546
326 561
326 582
326 583
326 588
326 627
326 671
326 679
326 701
326 720
326 749
326 769
326 787
326 812
326 817
326 819
326 821
326 844
326 854
326 913
326 921
326 930
326 941
326 954
327 350
327 363
327 364
327 365
327 371
327 373
327 376
327 378
327 392
327 393
327 433
327 454
327 456
327 457
327 474
327 477
327 482
327 486
327 541
327 544
327 553
327 566
327 575
327 584
327 599
327 602
327 604
327 629
327 632
327 634
327 637
327 644
327 665
327 673
327 694
327 715
327 718
327 728
327 730
327 739
327 743
327 744
327 763
327 805
327 807
327 809
327 843
327 861
327 870
327 884
327 899
327 906
327 914
327 920
327 921
327 922
327 936
327 960
327 965
327 970
327 975
327 983
328 337
328 369
328 391
328 422
328 432
328 439
328 441
328 457
328 464
328 469
328 473
328 474
328 506
328 525
328 531
328 532
328 551
328 554
328 561
328 572
328 599
328 607
328 610
328 621
328 626
328 648
328 654
328 656
328 682
328 716
328 724
328 735
328 753
328 771
328 777
328 781
328 788
328 795
328 809
328 810
328 816
328 826
328 827
328 845
328 881
328 882
328 897
328 904
328 907
328 908
328 926
328 931
328 932
328 953
328 956
328 964
328 968
328 971
328 975
328 977
328 983
329 352
329 357
329 369
329 398
329 406
329 410
329 424
329 443
329 445
329 473
329 476
329 479
329 484
329 488
329 490
329 509
329 510
329 514
329 518
329 531
329 537
329 540
329 550
329 558
329 562
329 570
329 596
329 602
329 609
329 610
329 623
329 631
329 633
329 641
329 648
329 649
329 675
329 687
329 700
329 717
329 724
329 749
329 765
329 767
329 793
329 799
329 828
329 850
329 853
329 865
329 866
329 876
329 939
329 940
329 965
329 970
329 983
329 984
329 988
330 346
330 349
330 357
330 364
330 369
330 371
330 376
330 388
330 409
330 431
330 468
330 480
330 481
330 487
330 508
330 512
330 515
330 523
330 538
330 572
330 573
330 582
330 608
330 613
330 619
330 635
330 640
330 643
330 651
330 653
330 655
330 665
330 684
330 736
330 737
330 762
330 771
330 783
330 787
330 794
330 799
330 809
330 822
330 824
330 826
330 830
330 831
330 833
330 844
330 874
330 891
330 902
330 903
330 909
330 922
330 943
330 957
330 963
330 998
331 344
331 346
331 361
331 385
331 400
331 408
331 430
331 433
331 439
331 443
331 451
331 458
331 499
331 522
331 524
331 531
331 561
331 563
331 564
331 582
331 587
331 588
331 594
331 595
331 620
331 632
331 639
331 647
331 666
331 675
331 681
331 683
331 684
331 694
331 697
331 700
331 703
331 715
331 773
331 780
331 802
331 804
331 811
331 818
331 829
331 832
331 850
331 870
331 897
331 910
331 925
331 934
331 957
331 962
331 969
331 971
331 999
332 346
332 349
332 370
332 375
332 382
332 397
332 407
332 411
332 413
332 432
332 447
332 472
332 475
332 487
332 503
332 530
332 533
332 542
332 545
332 565
332 566
332 567
332 568
332 570
332 580
332 589
332 626
332 628
332 634
332 639
332 645
332 648
332 660
332 686
332 688
332 707
332 731
332 737
332 759
332 760
332 772
332 778
332 783
332 788
332 796
332 809
332 812
332 830
332 881
332 889
332 891
332 892
332 919
332 929
332 940
332 941
332 945
332 967
332 981
332 982
332 989
332 990
332 994
332 999
333 337
333 346
333 359
333 361
333 365
333 367
333 368
333 393
333 397
333 408
333 417
333 418
333 424
333 432
333 438
333 489
333 492
333 531
333 548
333 554
333 556
333 569
333 574
333 580
333 584
333 595
333 600
333 615
333 620
333 635
333 677
333 703
333 725
333 737
333 745
333 768
333 773
333 774
333 776
333 817
333 837
333 853
333 863
333 893
333 899
333 925
333 932
333 937
333 951
333 967
333 978
333 982
333 991
333 994
334 341
334 359
334 377
334 404
334 405
334 406
334 423
334 448
334 460
334 464
334 465
334 497
334 499
334 508
334 513
334 517
334 524
334 540
334 541
334 545
334 553
334 555
334 558
334 561
334 582
334 588
334 593
334 601
334 624
334 625
334 646
334 670
334 688
334 690
334 717
334 734
334 738
334 744
334 752
334 756
334 760
334 762
334 775
334 782
334 787
334 797
334 802
334 808
334 811
334 815
334 822
334 825
334 830
334 838
334 850
334 873
334 876
334 884
334 885
334 897
334 913
334 929
334 938
334 976
334 990
334 991
335 343
335 356
335 357
335 382
335 383
335 426
335 436
335 446
335 457
335 459
335 480
335 484
335 488
335 500
335 504
335 512
335 523
335 541
335 549
335 552
335 566
335 595
335 596
335 599
335 610
335 617
335 624
335 625
335 626
335 627
335 635
335 637
335 651
335 717
335 725
335 764
335 795
335 810
335 819
335 829
335 837
335 853
335 860
335 886
335 891
335 911
335 923
335 946
335 955
335 956
335 957
335 961
335 963
336 340
336 342
336 352
336 356
336 357
336 364
336 365
336 369
336 376
336 381
336 383
336 408
336 409
336 412
336 420
336 436
336 441
336 448
336 459
336 462
336 468
336 480
336 481
336 486
336 488
336 512
336 528
336 530
336 546
336 555
336 570
336 577
336 585
336 594
336 612
336 620
336 664
336 669
336 682
336 686
336 690
336 691
336 695
336 713
336 745
336 765
336 769
336 770
336 799
336 801
336 807
336 818
336 843
336 857
336 866
336 872
336 876
336 880
336 881
336 886
336 888
336 900
336 904
336 906
336 914
336 938
336 951
336 967
336 969
336 974
336 978
336 979
336 982
336 994
337 338
337 369
337 377
337 407
337 417
337 420
337 425
337 438
337 444
337 448
337 462
337 478
337 491
337 505
337 515
337 526
337 528
337 529
337 546
337 564
337 579
337 580
337 619
337 624
337 635
337 646
337 649
337 652
337 655
337 659
337 660
337 672
337 693
337 699
337 700
337 703
337 710
337 729
337 730
337 745
337 748
337 765
337 800
337 817
337 818
337 827
337 842
337 843
337 844
337 849
337 855
337 866
337 868
337 919
337 940
337 951
337 956
337 961
337 968
337 973
337 991
337 998
338 344
338 358
338 359
338 364
338 383
338 385
338 392
338 394
338 404
338 405
338 409
338 415
338 418
338 438
338 445
338 450
338 462
338 473
338 478
338 486
338 487
338 491
338 513
338 552
338 555
338 565
338 569
338 594
338 598
338 601
338 622
338 626
338 639
338 661
338 668
338 673
338 675
338 676
338 681
338 684
338 699
338 705
338 709
338 711
338 737
338 743
338 750
338 787
338 789
338 791
338 795
338 797
338 803
338 838
338 841
338 842
338 844
338 851
338 866
338 869
338 872
338 898
338 903
338 921
338 926
338 927
339 343
339 353
339 358
339 400
339 412
339 419
339 424
339 429
339 433
339 439
339 444
339 448
339 450
339 463
339 475
339 479
339 480
339 482
339 488
339 493
339 510
339 530
339 539
339 544
339 546
339 553
339 570
339 574
339 588
339 593
339 597
339 598
339 601
339 609
339 623
339 627
339 630
339 631
339 651
339 655
339 672
339 674
339 677
339 679
339 691
339 696
339 703
339 725
339 728
339 731
339 756
339 782
339 785
339 799
339 800
339 815
339 819
339 832
339 842
339 846
339 851
339 852
339 856
339 862
339 864
339 879
339 885
339 889
339 900
339 906
339 926
339 928
339 935
339 960
339 969
339 989
339 992
340 356
340 363
340 373
340 376
340 398
340 402
340 404
340 405
340 410
340 411
340 423
340 426
340 427
340 428
340 461
340 478
340 482
340 489
340 498
340 508
340 517
340 519
340 520
340 537
340 540
340 542
340 543
340 544
340 560
340 571
340 575
340 577
340 583
340 607
340 609
340 623
340 637
340 655
340 659
340 663
340 669
340 677
340 678
340 683
340 694
340 700
340 701
340 710
340 717
340 733
340 751
340 752
340 758
340 764
340 766
340 769
340 782
340 793
340 797
340 800
340 816
340 823
340 847
340 866
340 870
340 871
340 878
340 904
340 909
340 919
340 923
340 925
340 928
340 934
340 944
340 949
340 980
340 988
340 989
341 343
341 349
341 358
341 380
341 412
341 430
341 437
341 440
341 444
341 450
341 455
341 470
341 476
341 491
341 528
341 531
341 535
341 555
341 557
341 558
341 565
341 615
341 619
341 622
341 629
341 631
341 637
341 655
341 665
341 684
341 694
341 698
341 702
341 731
341 732
341 737
341 744
341 745
341 747
341 765
341 770
341 771
341 782
341 825
341 832
341 845
341 846
341 848
341 850
341 874
341 876
341 879
341 890
341 941
341 944
341 950
341 956
341 959
341 973
341 977
341 989
341 992
342 354
342 369
342 388
342 395
342 399
342 404
342 408
342 419
342 421
342 423
342 426
342 428
342 450
342 462
342 471
342 479
342 494
342 507
342 510
342 513
342 515
342 524
342 525
342 531
342 532
342 533
342 539
342 541
342 548
342 560
342 566
342 587
342 596
342 599
342 607
342 639
342 646
342 650
342 653
342 654
342 656
342 658
342 663
342 671
342 674
342 679
342 687
342 693
342 698
342 707
342 716
342 723
342 725
342 740
342 744
342 745
342 763
342 764
342 782
342 787
342 802
342 811
342 824
342 834
342 847
342 848
342 853
342 859
342 896
342 899
342 924
342 928
342 929
342 934
342 941
342 944
342 953
342 960
342 966
342 990
342 999
343 355
343 366
343 388
343 401
343 434
343 435
343 450
343 474
343 475
343 485
343 487
343 488
343 492
343 559
343 564
343 578
343 582
343 586
343 590
343 594
343 596
343 604
343 610
343 611
343 625
343 642
343 707
343 714
343 733
343 739
343 746
343 751
343 760
343 779
343 795
343 797
343 804
343 806
343 814
343 843
343 853
343 857
343 865
343 870
343 883
343 888
343 889
343 899
343 905
343 917
343 922
343 929
343 940
343 941
343 943
343 950
343 953
343 970
343 973
343 983
343 994
344 347
344 356
344 383
344 385
344 412
344 415
344 430
344 437
344 441
344 447
344 449
344 459
344 465
344 466
344 477
344 481
344 485
344 508
344 521
344 527
344 528
344 533
344 545
344 575
344 578
344 592
344 596
344 621
344 627
344 630
344 650
344 651
344 663
344 668
344 676
344 683
344 694
344 695
344 703
344 711
344 716
344 717
344 718
344 735
344 746
344 747
344 764
344 765
344 772
344 783
344 785
344 788
344 809
344 821
344 822
344 832
344 835
344 838
344 844
344 846
344 868
344 872
344 882
344 883
344 884
344 885
344 887
344 897
344 899
344 909
344 920
344 923
344 941
344 944
344 949
344 966
344 976
344 986
344 987
344 989
344 993
345 352
345 372
345 375
345 387
345 393
345 396
345 399
345 405
345 411
345 427
345 435
345 441
345 447
345 457
345 473
345 497
345 510
345 539
345 544
345 545
345 555
345 562
345 575
345 583
345 591
345 597
345 614
345 627
345 628
345 633
345 634
345 641
345 659
345 663
345 676
345 682
345 683
345 698
345 708
345 751
345 755
345 803
345 805
345 836
345 864
345 872
345 880
345 900
345 903
345 910
345 933
345 934
345 944
345 958
345 965
345 973
345 983
345 986
346 377
346 378
346 399
346 403
346 406
346 431
346 432
346 441
346 448
346 451
346 458
346 459
346 467
346 499
346 502
346 538
346 539
346 556
346 557
346 566
346 569
346 574
346 598
346 600
346 615
346 623
346 629
346 630
346 640
346 657
346 674
346 686
346 698
346 701
346 704
346 705
346 708
346 721
346 736
346 738
346 740
346 755
346 763
346 765
346 768
346 782
346 784
346 800
346 805
346 830
346 850
346 858
346 863
346 870
346 880
346 881
346 900
346 905
346 924
346 927
346 945
346 949
346 956
346 960
346 982
346 993
346 996
347 348
347 352
347 373
347 393
347 404
347 420
347 433
347 443
347 455
347 470
347 483
347 485
347 487
347 491
347 501
347 515
347 520
347 534
347 541
347 564
347 569
347 591
347 592
347 594
347 613
347 614
347 635
347 640
347 657
347 665
347 667
347 669
347 676
347 718
347 728
347 729
347 739
347 750
347 766
347 791
347 793
347 795
347 814
347 831
347 839
347 846
347 860
347 887
347 896
347 910
347 926
347 935
347 943
347 949
347 953
347 968
347 970
347 975
347 987
347 990
348 349
348 356
348 358
348 370
348 380
348 386
348 402
348 408
348 420
348 430
348 441
348 511
348 513
348 523
348 533
348 539
348 541
348 551
348 565
348 569
348 607
348 611
348 614
348 619
348 653
348 658
348 689
348 692
348 693
348 699
348 733
348 751
348 760
348 765
348 774
348 776
348 779
348 783
348 792
348 809
348 818
348 848
348 856
348 859
348 870
348 879
348 882
348 900
348 904
348 919
348 926
348 927
348 942
348 944
348 964
348 983
348 986
348 991
349 363
349 371
349 395
349 446
349 457
349 474
349 490
349 495
349 497
349 500
349 514
349 526
349 534
349 535
349 538
349 542
349 545
349 552
349 573
349 587
349 591
349 594
349 597
349 604
349 629
349 635
349 650
349 682
349 700
349 707
349 711
349 727
349 746
349 747
349 761
349 768
349 772
349 791
349 805
349 822
349 825
349 830
349 831
349 840
349 841
349 854
349 857
349 858
349 876
349 889
349 895
349 896
349 905
349 913
349 914
349 915
349 937
349 950
349 969
349 986
349 997
350 354
350 374
350 380
350 395
350 407
350 411
350 414
350 429
350 440
350 442
350 455
350 459
350 469
350 507
350 509
350 535
350 537
350 542
350 566
350 578
350 579
350 591
350 607
350 610
350 617
350 620
350 622
350 624
350 625
350 629
350 638
350 650
350 658
350 677
350 689
350 704
350 713
350 716
350 719
350 720
350 722
350 725
350 734
350 735
350 737
350 742
350 771
350 787
350 800
350 817
350 850
350 867
350 871
350 873
350 875
350 880
350 909
350 936
350 948
350 982
350 992
350 995
351 355
351 370
351 375
351 382
351 388
351 390
351 391
351 393
351 398
351 418
351 423
351 425
351 444
351 476
351 496
351 500
351 516
351 521
351 532
351 534
351 551
351 553
351 565
351 577
351 587
351 597
351 610
351 638
351 649
351 666
351 681
351 685
351 686
351 692
351 758
351 766
351 774
351 791
351 798
351 819
351 822
351 826
351 828
351 854
351 855
351 863
351 875
351 888
351 892
351 899
351 907
351 929
351 936
351 944
351 954
351 986
351 988
352 359
352 369
352 396
352 401
352 405
352 423
352 425
352 486
352 492
352 508
352 512
352 518
352 520
352 523
352 530
352 531
352 535
352 544
352 548
352 551
352 554
352 555
352 575
352 586
352 589
352 599
352 632
352 643
352 652
352 670
352 672
352 676
352 678
352 686
352 697
352 708
352 713
352 721
352 723
352 737
352 773
352 776
352 778
352 783
352 788
352 793
352 796
352 803
352 806
352 807
352 817
352 820
352 821
352 823
352 825
352 831
352 835
352 836
352 837
352 841
352 846
352 848
352 851
352 862
352 867
352 870
352 872
352 879
352 884
352 899
352 907
352 908
352 917
352 928
352 933
352 958
352 965
352 967
352 971
352 984
353 367
353 374
353 389
353 405
353 425
353 427
353 429
353 440
353 441
353 449
353 453
353 457
353 461
353 464
353 469
353 471
353 475
353 482
353 492
353 514
353 518
353 538
353 543
353 572
353 591
353 592
353 596
353 632
353 645
353 659
353 685
353 694
353 725
353 729
353 736
353 742
353 750
353 757
353 768
353 777
353 779
353 783
353 799
353 805
353 820
353 830
353 834
353 840
353 848
353 879
353 880
353 881
353 882
353 906
353 912
353 925
353 926
353 927
353 938
353 944
353 945
353 946
353 948
353 956
353 962
353 969
353 971
354 359
354 362
354 372
354 378
354 408
354 420
354 435
354 460
354 499
354 509
354 514
354 516
354 517
354 522
354 562
354 563
354 636
354 662
354 667
354 668
354 669
354 676
354 693
354 700
354 707
354 729
354 759
354 764
354 816
354 821
354 838
354 844
354 877
354 881
354 886
354 887
354 890
354 906
354 922
354 928
354 929
354 930
354 964
354 977
354 996
354 997
355 357
355 366
355 371
355 397
355 399
355 402
355 419
355 421
355 422
355 434
355 452
355 464
355 466
355 479
355 528
355 543
355 561
355 575
355 578
355 580
355 598
355 612
355 631
355 635
355 638
355 639
355 680
355 711
355 715
355 721
355 722
355 731
355 753
355 762
355 770
355 771
355 780
355 784
355 802
355 829
355 830
355 832
355 837
355 850
355 863
355 892
355 920
355 922
355 928
355 935
355 957
355 967
355 974
355 975
355 995
356 366
356 370
356 415
356 431
356 451
356 455
356 456
356 463
356 470
356 473
356 476
356 493
356 501
356 516
356 517
356 544
356 547
356 556
356 562
356 564
356 578
356 591
356 614
356 624
356 635
356 637
356 644
356 653
356 665
356 694
356 711
356 727
356 759
356 762
356 804
356 806
356 809
356 817
356 822
356 825
356 836
356 840
356 845
356 854
356 877
356 897
356 899
356 904
356 905
356 907
356 927
356 930
356 931
356 939
356 965
356 974
357 358
357 366
357 369
357 379
357 383
357 404
357 405
357 413
357 429
357 432
357 444
357 465
357 469
357 480
357 494
357 496
357 507
357 514
357 522
357 523
357 526
357 546
357 565
357 571
357 590
357 623
357 625
357 640
357 651
357 654
357 674
357 678
357 688
357 694
357 696
357 700
357 710
357 717
357 731
357 737
357 739
357 745
357 746
357 766
357 788
357 800
357 802
357 823
357 835
357 837
357 854
357 859
357 864
357 872
357 896
357 898
357 904
357 922
357 931
357 937
357 959
357 967
357 969
357 980
357 986
357 989
357 990
357 991
357 993
358 382
358 396
358 405
358 408
358 415
358 421
358 433
358 436
358 450
358 477
358 488
358 496
358 499
358 524
358 534
358 574
358 579
358 586
358 592
358 600
358 627
358 631
358 638
358 651
358 662
358 665
358 669
358 674
358 684
358 692
358 702
358 705
358 710
358 714
358 720
358 725
358 727
358 736
358 737
358 744
358 766
358 770
358 780
358 783
358 789
358 802
358 815
358 841
358 842
358 848
358 849
358 865
358 871
358 873
358 874
358 878
358 879
358 885
358 888
358 899
358 900
358 916
358 921
358 936
358 938
358 940
358 944
358 945
358 946
358 947
358 949
358 969
358 975
358 978
358 992
359 384
359 390
359 415
359 438
359 444
359 452
359 488
359 499
359 501
359 503
359 505
359 508
359 517
359 522
359 533
359 535
359 554
359 559
359 561
359 586
359 594
359 596
359 606
359 630
359 632
359 637
359 645
359 650
359 714
359 724
359 747
359 752
359 767
359 771
359 775
359 782
359 787
359 802
359 807
359 809
359 814
359 821
359 827
359 851
359 853
359 888
359 890
359 891
359 896
359 901
359 907
359 912
359 914
359 916
359 932
359 935
359 942
359 943
359 946
359 949
359 958
359 959
359 960
359 971
359 990
360 362
360 365
360 369
360 376
360 393
360 395
360 413
360 424
360 447
360 453
360 456
360 459
360 486
360 492
360 495
360 501
360 513
360 520
360 525
360 529
360 564
360 570
360 587
360 602
360 603
360 618
360 633
360 635
360 648
360 651
360 662
360 678
360 680
360 682
360 689
360 692
360 715
360 723
360 742
360 768
360 773
360 774
360 803
360 815
360 818
360 828
360 831
360 844
360 851
360 869
360 886
360 887
360 930
360 940
360 968
360 974
360 975
360 982
360 994
360 997
361 391
361 400
361 402
361 412
361 424
361 439
361 442
361 449
361 470
361 474
361 475
361 481
361 487
361 511
361 522
361 525
361 541
361 543
361 545
361 600
361 603
361 604
361 608
361 618
361 626
361 641
361 644
361 654
361 657
361 658
361 668
361 680
361 682
361 690
361 693
361 709
361 710
361 717
361 725
361 728
361 731
361 733
361 741
361 748
361 757
361 758
361 764
361 785
361 808
361 813
361 817
361 821
361 828
361 846
361 860
361 874
361 893
361 927
361 932
361 933
361 943
361 956
361 972
361 977
361 987
361 990
361 991
362 363
362 378
362 384
362 399
362 424
362 433
362 438
362 446
362 460
362 470
362 475
362 476
362 495
362 537
362 549
362 552
362 557
362 589
362 592
362 607
362 625
362 627
362 637
362 644
362 650
362 682
362 685
362 702
362 723
362 727
362 730
362 748
362 786
362 794
362 808
362 811
362 818
362 819
362 820
362 825
362 835
362 842
362 847
362 859
362 861
362 864
362 883
362 892
362 894
362 903
362 912
362 919
362 926
362 931
362 949
362 951
362 961
362 966
362 968
362 979
362 982
362 983
363 364
363 376
363 389
363 391
363 401
363 404
363 416
363 464
363 469
363 480
363 484
363 493
363 499
363 523
363 524
363 525
363 547
363 560
363 574
363 584
363 594
363 598
363 601
363 625
363 651
363 658
363 659
363 670
363 677
363 682
363 693
363 703
363 711
363 718
363 724
363 725
363 727
363 759
363 768
363 770
363 777
363 781
363 786
363 790
363 801
363 802
363 807
363 814
363 822
363 832
363 853
363 857
363 859
363 878
363 911
363 922
363 939
363 955
363 960
363 977
363 979
363 994
363 995
364 383
364 406
364 409
364 434
364 437
364 442
364 449
364 457
364 460
364 468
364 476
364 477
364 489
364 502
364 517
364 520
364 532
364 542
364 548
364 560
364 575
364 581
364 593
364 602
364 605
364 612
364 619
364 621
364 624
364 639
364 642
364 656
364 657
364 666
364 704
364 721
364 727
364 730
364 740
364 742
364 750
364 777
364 795
364 811
364 818
364 832
364 835
364 847
364 851
364 855
364 873
364 892
364 899
364 901
364 908
364 915
364 918
364 929
364 944
364 964
364 979
365 380
365 415
365 418
365 446
365 450
365 451
365 456
365 464
365 466
365 474
365 478
365 482
365 506
365 519
365 546
365 552
365 554
365 564
365 567
365 588
365 592
365 629
365 639
365 655
365 672
365 676
365 694
365 710
365 719
365 720
365 735
365 757
365 765
365 771
365 803
365 814
365 816
365 831
365 861
365 862
365 878
365 886
365 911
365 916
365 921
365 958
365 966
365 977
365 983
365 987
366 371
366 378
366 392
366 402
366 404
366 416
366 419
366 421
366 442
366 450
366 452
366 481
366 489
366 495
366 526
366 541
366 547
366 565
366 574
366 577
366 583
366 613
366 617
366 625
366 641
366 649
366 651
366 653
366 665
366 668
366 683
366 692
366 699
366 722
366 724
366 725
366 726
366 727
366 745
366 751
366 772
366 784
366 793
366 794
366 798
366 807
366 821
366 823
366 825
366 830
366 836
366 846
366 849
366 862
366 864
366 893
366 895
366 901
366 922
366 930
366 933
366 943
366 968
366 970
366 974
366 977
366 990
367 373
367 377
367 380
367 395
367 419
367 420
367 426
367 430
367 439
367 456
367 467
367 471
367 478
367 484
367 488
367 504
367 506
367 537
367 551
367 564
367 574
367 576
367 597
367 603
367 604
367 616
367 617
367 632
367 649
367 660
367 678
367 692
367 702
367 721
367 726
367 746
367 754
367 783
367 787
367 806
367 830
367 844
367 853
367 859
367 866
367 870
367 876
367 891
367 892
367 893
367 932
367 935
367 967
367 989
368 370
368 373
368 385
368 386
368 392
368 421
368 437
368 449
368 452
368 454
368 467
368 468
368 483
368 509
368 523
368 532
368 535
368 538
368 555
368 563
368 566
368 581
368 586
368 590
368 597
368 598
368 609
368 610
368 629
368 631
368 639
368 642
368 645
368 647
368 657
368 659
368 681
368 683
368 684
368 700
368 702
368 713
368 715
368 716
368 733
368 738
368 744
368 753
368 756
368 758
368 761
368 775
368 791
368 794
368 799
368 804
368 837
368 840
368 859
368 881
368 895
368 899
368 903
368 907
368 915
368 916
368 920
368 923
368 933
368 957
368 962
368 975
368 984
368 991
369 379
369 385
369 389
369 396
369 399
369 407
369 435
369 437
369 444
369 448
369 449
369 451
369 461
369 469
369 487
369 490
369 496
369 508
369 523
369 527
369 552
369 556
369 562
369 598
369 602
369 606
369 624
369 636
369 637
369 644
369 657
369 670
369 671
369 672
369 682
369 690
369 697
369 699
369 718
369 738
369 751
369 757
369 762
369 773
369 818
369 826
369 832
369 883
369 900
369 906
369 907
369 909
369 913
369 918
369 928
369 929
369 949
369 952
369 958
369 972
370 371
370 375
370 380
370 388
370 392
370 413
370 416
370 442
370 456
370 465
370 474
370 481
370 511
370 514
370 526
370 528
370 530
370 556
370 561
370 600
370 619
370 635
370 642
370 648
370 681
370 684
370 687
370 691
370 709
370 712
370 736
370 738
370 753
370 762
370 767
370 776
370 789
370 792
370 808
370 841
370 846
370 854
370 872
370 886
370 891
370 892
370 904
370 913
370 921
370 924
370 925
370 933
370 934
370 935
370 940
370 961
370 969
370 984
370 985
370 995
371 377
371 397
371 406
371 412
371 425
371 446
371 490
371 493
371 495
371 499
371 500
371 503
371 518
371 527
371 556
371 574
371 583
371 599
371 635
371 637
371 642
371 654
371 669
371 671
371 678
371 684
371 688
371 709
371 712
371 718
371 734
371 757
371 767
371 769
371 770
371 785
371 793
371 811
371 812
371 814
371 816
371 874
371 876
371 879
371 923
371 935
371 939
371 940
371 942
371 957
371 965
371 982
371 983
371 996
371 999
372 380
372 384
372 400
372 412
372 429
372 431
372 435
372 447
372 453
372 459
372 504
372 507
372 521
372 525
372 554
372 555
372 564
372 571
372 599
372 606
372 627
372 637
372 653
372 673
372 674
372 686
372 709
372 714
372 720
372 730
372 731
372 735
372 737
372 743
372 751
372 770
372 771
372 780
372 787
372 794
372 800
372 816
372 817
372 821
372 823
372 834
372 837
372 844
372 863
372 874
372 879
372 880
372 895
372 906
372 910
372 913
372 928
372 943
372 951
372 958
372 976
373 376
373 383
373 388
373 399
373 423
373 444
373 446
373 468
373 484
373 489
373 492
373 507
373 509
373 510
373 534
373 567
373 568
373 570
373 587
373 590
373 599
373 600
373 628
373 643
373 648
373 649
373 667
373 681
373 684
373 691
373 693
373 697
373 736
373 748
373 751
373 757
373 770
373 773
373 777
373 840
373 904
373 918
373 929
373 934
373 952
373 969
373 982
373 987
373 993
374 381
374 397
374 399
374 404
374 414
374 426
374 430
374 432
374 438
374 443
374 453
374 454
374 457
374 467
374 522
374 523
374 526
374 539
374 560
374 584
374 598
374 602
374 612
374 614
374 631
374 639
374 640
374 653
374 668
374 669
374 674
374 700
374 701
374 706
374 718
374 720
374 721
374 736
374 748
374 764
374 793
374 801
374 810
374 812
374 817
374 818
374 822
374 835
374 876
374 877
374 879
374 884
374 887
374 895
374 898
374 927
374 940
374 955
374 975
374 993
375 378
375 383
375 388
375 391
375 399
375 401
375 404
375 407
375 409
375 412
375 429
375 450
375 462
375 474
375 502
375 525
375 558
375 584
375 593
375 599
375 629
375 636
375 641
375 644
375 652
375 669
375 673
375 676
375 680
375 684
375 688
375 704
375 713
375 714
375 720
375 731
375 805
375 819
375 826
375 842
375 847
375 850
375 876
375 877
375 881
375 894
375 899
375 911
375 920
375 922
375 931
375 935
375 945
375 949
375 955
375 975
375 980
376 384
376 388
376 391
376 409
376 410
376 416
376 430
376 453
376 493
376 497
376 521
376 530
376 535
376 560
376 580
376 582
376 589
376 601
376 609
376 613
376 623
376 624
376 645
376 646
376 650
376 655
376 686
376 723
376 737
376 744
376 745
376 748
376 763
376 768
376 786
376 792
376 809
376 827
376 836
376 846
376 858
376 862
376 863
376 865
376 875
376 879
376 884
376 890
376 896
376 904
376 927
376 932
376 940
376 942
376 956
376 959
376 971
376 986
376 989
376 992
376 994
377 393
377 399
377 409
377 440
377 447
377 449
377 460
377 510
377 527
377 528
377 529
377 534
377 548
377 558
377 569
377 582
377 583
377 585
377 588
377 598
377 602
377 605
377 609
377 612
377 615
377 616
377 649
377 659
377 666
377 671
377 695
377 699
377 708
377 732
377 734
377 744
377 761
377 770
377 774
377 787
377 788
377 791
377 797
377 798
377 805
377 806
377 811
377 824
377 832
377 835
377 845
377 853
377 868
377 884
377 906
377 930
377 937
377 949
377 950
377 962
377 969
377 976
378 404
378 406
378 416
378 427
378 436
378 459
378 467
378 476
378 477
378 487
378 489
378 491
378 494
378 498
378 502
378 506
378 520
378 535
378 538
378 543
378 548
378 554
378 558
378 562
378 585
378 588
378 592
378 596
378 614
378 624
378 634
378 639
378 650
378 673
378 686
378 689
378 697
378 729
378 741
378 745
378 749
378 755
378 756
378 761
378 787
378 800
378 821
378 831
378 834
378 836
378 856
378 871
378 886
378 889
378 890
378 909
378 926
378 935
378 938
378 942
378 956
378 960
378 969
378 980
378 990
379 385
379 397
379 399
379 405
379 407
379 412
379 418
379 434
379 448
379 470
379 490
379 495
379 500
379 502
379 508
379 516
379 522
379 537
379 542
379 579
379 583
379 595
379 600
379 617
379 623
379 635
379 640
379 647
379 655
379 658
379 683
379 698
379 722
379 739
379 755
379 756
379 762
379 773
379 783
379 788
379 794
379 798
379 804
379 831
379 834
379 837
379 843
379 845
379 846
379 860
379 868
379 870
379 878
379 880
379 882
379 886
379 888
379 893
379 897
379 904
379 909
379 927
379 940
379 956
379 982
379 987
379 989
379 993
379 998
380 383
380 389
380 391
380 392
380 396
380 403
380 411
380 414
380 417
380 422
380 424
380 432
380 449
380 455
380 456
380 470
380 484
380 488
380 492
380 495
380 558
380 564
380 567
380 576
380 578
380 580
380 581
380 586
380 589
380 605
380 626
380 642
380 651
380 656
380 660
380 696
380 700
380 703
380 707
380 717
380 726
380 732
380 738
380 744
380 766
380 771
380 791
380 795
380 796
380 803
380 815
380 817
380 848
380 877
380 884
380 911
380 912
380 914
380 922
380 924
380 934
380 944
380 974
380 987
381 402
381 426
381 428
381 433
381 445
381 451
381 465
381 470
381 471
381 475
381 491
381 496
381 503
381 505
381 509
381 512
381 526
381 565
381 581
381 590
381 598
381 604
381 607
381 610
381 618
381 622
381 624
381 640
381 652
381 669
381 672
381 706
381 712
381 717
381 719
381 720
381 726
381 731
381 732
381 735
381 739
381 745
381 747
381 750
381 769
381 797
381 798
381 800
381 801
381 813
381 817
381 826
381 827
381 840
381 875
381 878
381 886
381 893
381 906
381 913
381 934
381 944
381 959
381 969
381 972
381 976
381 987
381 989
382 392
382 400
382 413
382 444
382 446
382 456
382 469
382 477
382 485
382 494
382 542
382 546
382 573
382 598
382 627
382 638
382 655
382 670
382 673
382 687
382 701
382 716
382 752
382 760
382 764
382 773
382 778
382 780
382 785
382 788
382 791
382 792
382 795
382 808
382 812
382 821
382 830
382 842
382 846
382 857
382 860
382 865
382 866
382 895
382 913
382 923
382 925
382 926
382 944
382 967
382 975
382 979
383 393
383 394
383 406
383 421
383 424
383 434
383 457
383 461
383 469
383 480
383 483
383 486
383 492
383 501
383 514
383 525
383 528
383 533
383 544
383 596
383 597
383 598
383 624
383 634
383 647
383 649
383 656
383 701
383 707
383 709
383 713
383 722
383 730
383 735
383 744
383 750
383 759
383 772
383 777
383 783
383 806
383 808
383 813
383 841
383 844
383 865
383 868
383 880
383 901
383 908
383 910
383 920
383 926
383 946
383 948
383 949
383 950
383 955
383 974
383 981
384 389
384 391
384 396
384 402
384 403
384 406
384 424
384 429
384 431
384 434
384 451
384 454
384 473
384 483
384 489
384 491
384 509
384 536
384 581
384 601
384 625
384 638
384 654
384 673
384 680
384 686
384 701
384 708
384 710
384 718
384 734
384 745
384 755
384 766
384 771
384 773
384 776
384 781
384 789
384 828
384 837
384 855
384 857
384 858
384 868
384 878
384 881
384 895
384 899
384 901
384 909
384 918
384 923
384 941
384 944
384 946
384 966
384 968
384 974
385 394
385 408
385 414
385 432
385 433
385 443
385 449
385 457
385 466
385 473
385 482
385 490
385 507
385 522
385 547
385 552
385 557
385 567
385 574
385 577
385 590
385 595
385 601
385 620
385 657
385 658
385 675
385 688
385 702
385 708
385 711
385 712
385 724
385 729
385 744
385 750
385 764
385 775
385 804
385 807
385 817
385 821
385 833
385 842
385 851
385 856
385 893
385 899
385 901
385 904
385 924
385 951
385 955
385 957
385 958
385 971
385 972
385 976
385 977
385 978
385 992
386 389
386 405
386 410
386 439
386 446
386 474
386 495
386 496
386 509
386 517
386 533
386 539
386 546
386 551
386 552
386 573
386 577
386 579
386 582
386 607
386 612
386 613
386 617
386 620
386 627
386 630
386 641
386 645
386 659
386 667
386 689
386 717
386 719
386 723
386 725
386 727
386 729
386 732
386 741
386 742
386 745
386 753
386 757
386 762
386 763
386 769
386 788
386 790
386 794
386 805
386 814
386 827
386 832
386 835
386 842
386 851
386 852
386 873
386 887
386 896
386 899
386 900
386 926
386 940
386 946
386 947
386 953
386 962
386 984
386 998
387 389
387 395
387 397
387 400
387 417
387 441
387 460
387 488
387 493
387 498
387 513
387 523
387 530
387 543
387 545
387 551
387 567
387 576
387 578
387 579
387 584
387 599
387 602
387 605
387 620
387 624
387 635
387 642
387 650
387 654
387 660
387 666
387 668
387 693
387 696
387 700
387 703
387 713
387 724
387 729
387 734
387 736
387 738
387 753
387 756
387 757
387 762
387 772
387 776
387 808
387 818
387 829
387 839
387 863
387 904
387 907
387 918
387 936
387 947
387 952
387 994
388 391
388 412
388 419
388 440
388 441
388 481
388 492
388 494
388 509
388 575
388 582
388 600
388 607
388 609
388 621
388 626
388 638
388 640
388 656
388 664
388 667
388 678
388 682
388 688
388 698
388 699
388 725
388 730
388 750
388 757
388 772
388 774
388 798
388 817
388 825
388 841
388 847
388 849
388 864
388 872
388 884
388 886
388 888
388 892
388 902
388 919
388 929
388 936
388 945
388 951
388 956
388 957
388 966
388 970
388 973
388 980
388 983
388 986
388 990
388 994
389 390
389 402
389 415
389 418
389 442
389 444
389 455
389 463
389 496
389 499
389 504
389 510
389 544
389 571
389 580
389 586
389 588
389 597
389 622
389 629
389 636
389 650
389 658
389 659
389 686
389 687
389 692
389 721
389 727
389 732
389 780
389 781
389 788
389 795
389 809
389 832
389 835
389 839
389 841
389 851
389 861
389 864
389 893
389 905
389 914
389 920
389 925
389 934
389 937
389 939
389 963
389 968
389 974
389 985
389 987
390 424
390 428
390 442
390 443
390 451
390 455
390 456
390 457
390 472
390 476
390 505
390 506
390 509
390 513
390 520
390 535
390 537
390 562
390 566
390 573
390 576
390 579
390 582
390 583
390 588
390 590
390 609
390 619
390 648
390 651
390 664
390 686
390 704
390 710
390 727
390 760
390 787
390 818
390 820
390 830
390 833
390 851
390 865
390 874
390 894
390 905
390 907
390 915
390 917
390 934
390 947
390 949
390 952
390 964
390 981
390 987
391 401
391 407
391 410
391 413
391 414
391 425
391 426
391 445
391 450
391 478
391 485
391 488
391 493
391 509
391 511
391 524
391 528
391 553
391 556
391 559
391 562
391 567
391 568
391 577
391 579
391 581
391 601
391 611
391 633
391 637
391 640
391 651
391 657
391 674
391 676
391 679
391 681
391 686
391 687
391 701
391 703
391 726
391 737
391 741
391 745
391 746
391 784
391 787
391 793
391 814
391 820
391 823
391 834
391 844
391 850
391 861
391 869
391 881
391 882
391 886
391 891
391 908
391 920
391 975
391 982
391 992
391 999
392 420
392 430
392 437
392 438
392 474
392 481
392 482
392 488
392 494
392 509
392 527
392 530
392 535
392 541
392 546
392 550
392 551
392 554
392 563
392 567
392 580
392 587
392 596
392 605
392 609
392 610
392 620
392 622
392 631
392 664
392 674
392 677
392 678
392 680
392 691
392 695
392 698
392 706
392 711
392 724
392 726
392 732
392 734
392 740
392 765
392 783
392 788
392 804
392 831
392 838
392 851
392 855
392 856
392 861
392 878
392 891
392 896
392 930
392 941
392 948
392 958
392 982
392 986
392 999
393 394
393 407
393 414
393 418
393 440
393 450
393 485
393 493
393 501
393 518
393 523
393 542
393 545
393 548
393 575
393 576
393 578
393 596
393 611
393 623
393 627
393 628
393 630
393 643
393 645
393 657
393 665
393 670
393 673
393 686
393 689
393 704
393 718
393 740
393 745
393 756
393 761
393 763
393 767
393 782
393 789
393 794
393 810
393 813
393 822
393 838
393 841
393 882
393 887
393 893
393 895
393 901
393 904
393 915
393 924
393 941
393 954
393 955
393 964
393 970
393 992
393 998
394 439
394 450
394 470
394 478
394 481
394 525
394 550
394 557
394 561
394 562
394 588
394 590
394 591
394 627
394 633
394 653
394 669
394 705
394 731
394 750
394 751
394 752
394 768
394 770
394 784
394 810
394 817
394 839
394 841
394 850
394 869
394 875
394 878
394 879
394 883
394 920
394 932
394 938
394 950
394 953
394 956
395 405
395 406
395 416
395 432
395 449
395 476
395 482
395 486
395 489
395 499
395 504
395 545
395 548
395 552
395 562
395 564
395 573
395 592
395 616
395 624
395 632
395 634
395 647
395 652
395 656
395 671
395 679
395 684
395 704
395 709
395 713
395 728
395 730
395 738
395 743
395 745
395 750
395 753
395 758
395 761
395 762
395 766
395 770
395 776
395 779
395 791
395 799
395 803
395 807
395 828
395 830
395 839
395 847
395 851
395 856
395 885
395 891
395 903
395 904
395 912
395 923
395 934
395 939
395 955
395 972
396 404
396 409
396 418
396 419
396 420
396 434
396 452
396 461
396 469
396 486
396 499
396 512
396 544
396 564
396 602
396 610
396 618
396 623
396 673
396 689
396 706
396 710
396 714
396 760
396 770
396 775
396 801
396 813
396 833
396 838
396 851
396 857
396 861
396 864
396 875
396 881
396 895
396 905
396 971
396 975
397 403
397 413
397 469
397 477
397 480
397 484
397 492
397 493
397 497
397 506
397 508
397 513
397 519
397 537
397 544
397 556
397 557
397 574
397 576
397 594
397 623
397 624
397 649
397 652
397 662
397 671
397 711
397 725
397 728
397 735
397 740
397 755
397 760
397 798
397 819
397 827
397 839
397 849
397 857
397 863
397 869
397 871
397 878
397 882
397 884
397 888
397 890
397 894
397 904
397 910
397 915
397 926
397 942
397 949
397 957
397 958
397 960
397 963
397 969
397 972
397 976
397 991
397 994
397 998
398 404
398 411
398 426
398 428
398 453
398 467
398 473
398 480
398 487
398 489
398 494
398 505
398 522
398 528
398 540
398 565
398 581
398 595
398 598
398 628
398 633
398 640
398 648
398 657
398 668
398 690
398 691
398 699
398 702
398 716
398 731
398 736
398 739
398 743
398 744
398 748
398 757
398 773
398 782
398 793
398 812
398 818
398 824
398 825
398 842
398 843
398 844
398 850
398 853
398 858
398 859
398 864
398 871
398 881
398 898
398 900
398 902
398 905
398 910
398 918
398 927
398 951
398 954
398 958
398 963
398 972
398 999
399 400
399 412
399 423
399 433
399 445
399 446
399 448
399 450
399 452
399 470
399 471
399 474
399 478
399 492
399 495
399 501
399 508
399 509
399 518
399 526
399 536
399 538
399 540
399 551
399 557
399 562
399 573
399 581
399 588
399 589
399 596
399 612
399 619
399 627
399 631
399 636
399 648
399 661
399 667
399 683
399 704
399 706
399 715
399 729
399 745
399 766
399 772
399 774
399 792
399 810
399 811
399 821
399 827
399 833
399 848
399 854
399 856
399 866
399 869
399 870
399 879
399 885
399 896
399 897
399 914
399 928
399 966
399 982
399 999
400 415
400 425
400 431
400 443
400 460
400 461
400 473
400 501
400 507
400 508
400 522
400 528
400 533
400 539
400 550
400 553
400 557
400 562
400 567
400 591
400 594
400 602
400 603
400 614
400 624
400 630
400 636
400 641
400 654
400 659
400 671
400 684
400 698
400 702
400 703
400 704
400 709
400 712
400 726
400 729
400 745
400 746
400 753
400 779
400 807
400 813
400 823
400 828
400 830
400 836
400 871
400 874
400 887
400 897
400 916
400 922
400 923
400 941
400 966
400 969
400 974
400 976
400 990
400 992
401 417
401 426
401 427
401 433
401 440
401 446
401 453
401 460
401 464
401 465
401 468
401 498
401 522
401 531
401 533
401 537
401 554
401 558
401 560
401 567
401 569
401 574
401 578
401 580
401 601
401 638
401 650
401 657
401 661
401 688
401 697
401 702
401 721
401 730
401 734
401 740
401 758
401 767
401 768
401 773
401 790
401 796
401 821
401 831
401 848
401 860
401 861
401 881
401 882
401 898
401 900
401 935
401 944
401 957
401 959
401 980
401 989
402 415
402 416
402 430
402 431
402 432
402 438
402 441
402 446
402 451
402 452
402 454
402 455
402 462
402 479
402 502
402 519
402 535
402 547
402 560
402 578
402 582
402 628
402 636
402 644
402 648
402 650
402 651
402 655
402 659
402 665
402 674
402 684
402 688
402 708
402 719
402 723
402 724
402 737
402 753
402 785
402 800
402 830
402 838
402 841
402 851
402 857
402 860
402 879
402 886
402 895
402 927
402 937
402 947
402 949
402 950
402 963
402 965
402 969
402 989
402 994
403 406
403 411
403 413
403 419
403 435
403 454
403 477
403 482
403 487
403 503
403 508
403 513
403 516
403 557
403 558
403 559
403 563
403 564
403 567
403 574
403 601
403 612
403 627
403 635
403 647
403 666
403 695
403 703
403 711
403 716
403 719
403 753
403 764
403 800
403 801
403 804
403 815
403 818
403 832
403 861
403 868
403 878
403 898
403 900
403 902
403 917
403 923
403 943
403 947
403 960
403 962
403 972
403 973
403 977
403 979
404 415
404 419
404 431
404 437
404 447
404 452
404 453
404 454
404 484
404 497
404 499
404 506
404 525
404 531
404 547
404 552
404 561
404 599
404 606
404 609
404 618
404 622
404 628
404 636
404 648
404 651
404 652
404 684
404 686
404 691
404 710
404 712
404 717
404 728
404 731
404 736
404 737
404 745
404 749
404 751
404 754
404 761
404 817
404 833
404 849
404 897
404 898
404 911
404 913
404 918
404 963
404 972
404 997
405 411
405 460
405 468
405 483
405 492
405 494
405 496
405 514
405 521
405 522
405 535
405 540
405 542
405 547
405 552
405 558
405 569
405 570
405 577
405 590
405 591
405 627
405 629
405 632
405 643
405 647
405 663
405 666
405 667
405 683
405 693
405 714
405 725
405 747
405 766
405 778
405 779
405 789
405 804
405 805
405 806
405 820
405 855
405 857
405 872
405 878
405 919
405 921
405 934
405 944
405 945
405 946
405 959
405 970
405 974
406 412
406 427
406 433
406 438
406 456
406 462
406 470
406 478
406 499
406 512
406 531
406 535
406 541
406 556
406 557
406 571
406 573
406 577
406 606
406 607
406 608
406 630
406 641
406 656
406 659
406 671
406 686
406 690
406 699
406 702
406 710
406 713
406 717
406 719
406 745
406 755
406 772
406 773
406 776
406 782
406 785
406 791
406 802
406 814
406 835
406 850
406 861
406 892
406 900
406 907
406 912
406 924
406 929
406 933
406 960
406 976
406 989
406 992
407 415
407 429
407 430
407 435
407 436
407 439
407 452
407 460
407 462
407 467
407 479
407 482
407 494
407 499
407 500
407 501
407 515
407 520
407 522
407 534
407 538
407 571
407 586
407 588
407 590
407 603
407 633
407 638
407 642
407 659
407 660
407 669
407 706
407 712
407 717
407 722
407 723
407 726
407 739
407 747
407 767
407 768
407 770
407 772
407 784
407 785
407 789
407 792
407 803
407 813
407 821
407 847
407 852
407 863
407 866
407 877
407 888
407 894
407 907
407 908
407 915
407 940
407 947
407 959
407 962
407 968
407 974
407 988
407 996
408 422
408 438
408 473
408 494
408 496
408 497
408 503
408 507
408 517
408 521
408 525
408 529
408 530
408 534
408 545
408 554
408 568
408 572
408 582
408 596
408 600
408 601
408 608
408 627
408 631
408 652
408 653
408 654
408 658
408 661
408 701
408 708
408 710
408 730
408 739
408 744
408 745
408 749
408 757
408 758
408 783
408 784
408 798
408 805
408 811
408 812
408 817
408 823
408 846
408 847
408 850
408 861
408 863
408 876
408 884
408 887
408 890
408 898
408 901
408 943
408 951
408 963
408 973
408 974
408 978
408 980
408 989
408 998
409 417
409 449
409 463
409 467
409 485
409 488
409 492
409 503
409 504
409 521
409 537
409 541
409 581
409 603
409 617
409 621
409 635
409 638
409 643
409 648
409 650
409 697
409 698
409 703
409 705
409 716
409 717
409 723
409 736
409 745
409 749
409 753
409 756
409 758
409 763
409 771
409 780
409 782
409 802
409 806
409 812
409 819
409 829
409 840
409 846
409 854
409 870
409 874
409 879
409 890
409 908
409 931
409 937
409 945
409 951
409 953
409 956
409 963
409 964
409 986
410 412
410 421
410 432
410 439
410 440
410 446
410 447
410 449
410 455
410 477
410 509
410 516
410 559
410 576
410 590
410 593
410 603
410 623
410 624
410 640
410 662
410 664
410 665
410 677
410 679
410 683
410 688
410 694
410 703
410 707
410 711
410 723
410 735
410 736
410 746
410 774
410 810
410 813
410 818
410 822
410 838
410 852
410 853
410 887
410 888
410 891
410 902
410 912
410 929
410 945
410 951
410 963
410 966
410 978
410 983
410 986
410 990
410 991
410 995
411 412
411 415
411 456
411 479
411 486
411 490
411 499
411 507
411 514
411 526
411 527
411 539
411 556
411 573
411 576
411 591
411 609
411 610
411 625
411 633
411 641
411 671
411 680
411 685
411 690
411 704
411 724
411 726
411 728
411 730
411 736
411 749
411 751
411 752
411 761
411 762
411 768
411 775
411 786
411 790
411 792
411 802
411 813
411 839
411 847
411 854
411 864
411 866
411 876
411 880
411 881
411 894
411 905
411 918
411 927
411 929
411 947
411 948
411 965
411 976
411 990
411 998
411 999
412 414
412 416
412 438
412 441
412 443
412 458
412 465
412 467
412 488
412 490
412 493
412 501
412 502
412 512
412 566
412 575
412 587
412 589
412 592
412 597
412 599
412 633
412 655
412 685
412 689
412 690
412 693
412 694
412 719
412 723
412 733
412 734
412 748
412 760
412 767
412 775
412 784
412 790
412 815
412 816
412 860
412 869
412 870
412 872
412 892
412 894
412 918
412 928
412 938
412 940
412 969
412 971
413 416
413 421
413 435
413 442
413 443
413 463
413 464
413 473
413 475
413 486
413 500
413 506
413 515
413 519
413 524
413 526
413 530
413 554
413 562
413 565
413 576
413 592
413 599
413 600
413 601
413 603
413 606
413 618
413 623
413 630
413 639
413 644
413 669
413 685
413 704
413 712
413 716
413 723
413 725
413 738
413 740
413 741
413 756
413 757
413 759
413 763
413 767
413 784
413 795
413 809
413 812
413 817
413 827
413 828
413 831
413 871
413 872
413 873
413 878
413 883
413 892
413 894
413 926
413 927
413 929
413 937
413 948
413 963
413 970
413 978
413 985
414 416
414 425
414 427
414 442
414 446
414 464
414 469
414 470
414 481
414 497
414 502
414 506
414 514
414 521
414 541
414 556
414 567
414 569
414 572
414 588
414 593
414 597
414 608
414 613
414 620
414 639
414 648
414 649
414 680
414 705
414 711
414 714
414 723
414 732
414 742
414 749
414 752
414 753
414 764
414 772
414 785
414 803
414 805
414 814
414 820
414 823
414 830
414 841
414 859
414 879
414 881
414 893
414 900
414 904
414 939
414 945
414 948
414 950
414 964
414 970
414 983
414 986
414 987
414 992
415 418
415 434
415 445
415 446
415 449
415 454
415 456
415 458
415 468
415 478
415 496
415 501
415 502
415 508
415 515
415 524
415 540
415 555
415 556
415 563
415 570
415 604
415 609
415 617
415 626
415 631
415 663
415 665
415 667
415 668
415 696
415 713
415 714
415 715
415 721
415 732
415 735
415 740
415 750
415 778
415 780
415 793
415 796
415 851
415 852
415 866
415 867
415 883
415 885
415 889
415 892
415 909
415 927
415 930
415 933
415 934
415 939
415 946
415 950
415 957
415 966
415 978
415 982
415 991
415 993
415 994
416 441
416 457
416 458
416 462
416 465
416 466
416 474
416 491
416 504
416 511
416 512
416 522
416 534
416 541
416 572
416 587
416 607
416 608
416 624
416 626
416 631
416 641
416 645
416 652
416 655
416 659
416 679
416 684
416 733
416 740
416 757
416 759
416 768
416 785
416 789
416 793
416 799
416 803
416 838
416 857
416 868
416 869
416 875
416 884
416 921
416 929
416 946
416 956
416 967
416 973
416 974
416 977
416 980
416 986
416 998
417 419
417 423
417 429
417 433
417 437
417 442
417 465
417 468
417 471
417 475
417 498
417 521
417 562
417 604
417 622
417 643
417 668
417 673
417 678
417 685
417 688
417 691
417 692
417 702
417 705
417 710
417 715
417 733
417 750
417 753
417 758
417 760
417 761
417 773
417 800
417 824
417 832
417 835
417 846
417 854
417 860
417 881
417 886
417 892
417 898
417 902
417 904
417 916
417 917
417 944
417 971
417 977
417 988
418 423
418 425
418 431
418 433
418 470
418 480
418 482
418 514
418 515
418 516
418 518
418 532
418 543
418 544
418 552
418 555
418 558
418 563
418 586
418 591
418 595
418 612
418 623
418 630
418 631
418 639
418 648
418 660
418 705
418 711
418 714
418 716
418 758
418 761
418 784
418 806
418 815
418 818
418 835
418 856
418 880
418 881
418 889
418 893
418 907
418 909
418 926
418 930
418 933
418 935
418 937
418 984
418 998
419 439
419 448
419 450
419 482
419 485
419 497
419 498
419 500
419 508
419 536
419 548
419 555
419 592
419 596
419 602
419 624
419 628
419 631
419 633
419 636
419 647
419 654
419 674
419 704
419 715
419 745
419 767
419 779
419 807
419 812
419 822
419 843
419 844
419 846
419 851
419 858
419 875
419 881
419 886
419 895
419 897
419 904
419 913
419 952
419 966
419 975
419 976
419 998
420 439
420 462
420 465
420 467
420 471
420 485
420 488
420 504
420 509
420 527
420 529
420 546
420 553
420 559
420 568
420 576
420 578
420 583
420 589
420 594
420 616
420 623
420 625
420 644
420 645
420 647
420 668
420 671
420 699
420 704
420 707
420 714
420 718
420 721
420 725
420 726
420 742
420 748
420 750
420 753
420 767
420 774
420 776
420 798
420 800
420 801
420 807
420 815
420 832
420 842
420 843
420 845
420 848
420 884
420 889
420 890
420 896
420 911
420 912
420 921
420 928
420 929
420 973
421 423
421 428
421 442
421 444
421 490
421 494
421 499
421 501
421 502
421 517
421 519
421 520
421 521
421 539
421 542
421 574
421 579
421 606
421 616
421 625
421 626
421 631
421 632
421 639
421 642
421 667
421 681
421 708
421 723
421 731
421 734
421 741
421 750
421 752
421 755
421 756
421 760
421 762
421 782
421 802
421 818
421 824
421 825
421 830
421 833
421 834
421 847
421 867
421 893
421 894
421 904
421 910
421 929
421 934
421 939
421 956
421 995
421 997
422 429
422 461
422 462
422 470
422 477
422 483
422 488
422 492
422 510
422 526
422 532
422 537
422 541
422 550
422 551
422 566
422 570
422 576
422 586
422 588
422 594
422 599
422 600
422 606
422 612
422 614
422 619
422 629
422 630
422 650
422 655
422 659
422 660
422 661
422 666
422 675
422 686
422 688
422 705
422 711
422 730
422 744
422 792
422 798
422 813
422 814
422 835
422 838
422 841
422 844
422 846
422 854
422 856
422 860
422 868
422 877
422 897
422 922
422 924
422 932
422 933
422 936
422 959
422 963
422 981
422 984
423 425
423 430
423 433
423 467
423 492
423 495
423 499
423 501
423 508
423 509
423 515
423 516
423 540
423 541
423 552
423 573
423 586
423 605
423 623
423 634
423 664
423 666
423 668
423 685
423 690
423 699
423 703
423 706
423 720
423 725
423 738
423 745
423 752
423 756
423 760
423 781
423 792
423 812
423 816
423 825
423 848
423 850
423 871
423 873
423 880
423 904
423 906
423 908
423 914
423 916
423 928
423 931
423 970
423 972
423 975
423 984
423 987
423 990
423 998
424 428
424 441
424 445
424 454
424 472
424 474
424 512
424 517
424 519
424 528
424 549
424 550
424 564
424 568
424 569
424 570
424 577
424 593
424 602
424 616
424 620
424 622
424 640
424 657
424 659
424 664
424 666
424 675
424 681
424 710
424 722
424 728
424 771
424 777
424 783
424 792
424 793
424 806
424 812
424 823
424 835
424 862
424 866
424 873
424 875
424 879
424 893
424 898
424 902
424 904
424 919
424 938
424 940
424 945
424 959
425 435
425 439
425 460
425 468
425 475
425 479
425 480
425 510
425 547
425 567
425 635
425 638
425 650
425 653
425 658
425 659
425 679
425 683
425 684
425 689
425 709
425 714
425 725
425 732
425 735
425 736
425 738
425 744
425 746
425 763
425 765
425 770
425 777
425 779
425 782
425 785
425 796
425 809
425 811
425 815
425 816
425 818
425 819
425 837
425 846
425 866
425 875
425 879
425 888
425 900
425 903
425 913
425 916
425 920
425 964
425 976
426 445
426 446
426 454
426 459
426 481
426 491
426 508
426 511
426 524
426 527
426 531
426 535
426 550
426 552
426 577
426 590
426 596
426 604
426 607
426 613
426 615
426 616
426 619
426 620
426 624
426 639
426 654
426 662
426 672
426 683
426 686
426 688
426 697
426 701
426 712
426 719
426 720
426 736
426 739
426 767
426 769
426 772
426 789
426 805
426 821
426 827
426 832
426 833
426 838
426 840
426 852
426 854
426 862
426 863
426 866
426 881
426 885
426 891
426 895
426 900
426 904
426 905
426 911
426 913
426 935
426 967
426 968
426 991
427 429
427 436
427 448
427 450
427 451
427 467
427 474
427 475
427 479
427 480
427 508
427 542
427 549
427 550
427 555
427 561
427 566
427 573
427 581
427 585
427 599
427 600
427 609
427 610
427 618
427 631
427 643
427 664
427 669
427 673
427 683
427 691
427 692
427 700
427 708
427 711
427 719
427 736
427 738
427 739
427 743
427 749
427 765
427 775
427 778
427 780
427 782
427 792
427 794
427 810
427 820
427 828
427 838
427 839
427 843
427 847
427 862
427 879
427 881
427 882
427 890
427 939
427 949
427 954
427 957
427 960
427 965
427 973
427 975
427 977
427 978
427 980
427 996
427 998
428 437
428 446
428 453
428 461
428 467
428 474
428 475
428 477
428 492
428 514
428 517
428 518
428 520
428 525
428 536
428 545
428 548
428 549
428 581
428 592
428 598
428 616
428 622
428 625
428 626
428 640
428 641
428 646
428 664
428 685
428 694
428 699
428 703
428 704
428 716
428 719
428 727
428 743
428 744
428 755
428 761
428 770
428 777
428 787
428 798
428 799
428 814
428 819
428 821
428 883
428 888
428 891
428 914
428 928
428 931
428 932
428 935
428 952
428 956
428 958
428 979
428 985
428 997
429 431
429 440
429 444
429 489
429 525
429 537
429 555
429 564
429 592
429 595
429 607
429 618
429 619
429 623
429 627
429 628
429 631
429 635
429 637
429 647
429 650
429 658
429 661
429 666
429 670
429 685
429 694
429 698
429 724
429 750
429 757
429 760
429 780
429 788
429 793
429 809
429 814
429 819
429 820
429 828
429 839
429 848
429 858
429 860
429 874
429 875
429 903
429 928
429 930
429 948
429 951
429 957
429 963
429 975
429 977
429 979
429 980
429 982
429 990
430 439
430 445
430 450
430 452
430 456
430 461
430 473
430 503
430 525
430 539
430 544
430 566
430 570
430 580
430 583
430 586
430 588
430 631
430 638
430 646
430 650
430 680
430 684
430 691
430 708
430 714
430 715
430 727
430 731
430 743
430 748
430 750
430 753
430 773
430 775
430 776
430 800
430 805
430 828
430 875
430 897
430 899
430 910
430 933
430 934
430 949
430 959
430 969
430 995
431 445
431 448
431 462
431 481
431 484
431 487
431 494
431 502
431 503
431 512
431 513
431 549
431 559
431 565
431 570
431 573
431 584
431 605
431 606
431 627
431 633
431 638
431 642
431 668
431 683
431 686
431 687
431 691
431 694
431 701
431 721
431 732
431 733
431 745
431 761
431 768
431 770
431 778
431 779
431 789
431 793
431 798
431 801
431 802
431 816
431 832
431 843
431 850
431 853
431 856
431 857
431 863
431 865
431 869
431 878
431 890
431 894
431 903
431 904
431 908
431 912
431 915
431 923
431 926
431 938
431 947
431 953
431 957
431 959
431 962
431 968
431 973
431 983
431 985
431 990
432 463
432 469
432 475
432 481
432 493
432 501
432 503
432 504
432 508
432 518
432 524
432 529
432 558
432 572
432 573
432 591
432 599
432 603
432 620
432 649
432 658
432 659
432 668
432 672
432 676
432 677
432 697
432 721
432 768
432 778
432 787
432 803
432 808
432 813
432 816
432 818
432 821
432 826
432 842
432 862
432 881
432 888
432 894
432 903
432 905
432 913
432 920
432 924
432 928
432 931
432 938
432 948
432 951
432 958
432 962
432 968
432 987
433 443
433 451
433 455
433 456
433 457
433 463
433 472
433 474
433 477
433 481
433 516
433 523
433 527
433 536
433 541
433 549
433 559
433 570
433 571
433 588
433 599
433 601
433 603
433 635
433 638
433 642
433 660
433 668
433 670
433 671
433 674
433 677
433 679
433 680
433 683
433 687
433 697
433 703
433 714
433 721
433 723
433 741
433 754
433 756
433 761
433 763
433 768
433 772
433 780
433 786
433 794
433 795
433 803
433 825
433 829
433 835
433 850
433 853
433 857
433 863
433 870
433 875
433 883
433 888
433 896
433 901
433 906
433 915
433 940
433 943
433 954
433 962
433 969
433 984
433 997
434 444
434 451
434 453
434 456
434 470
434 477
434 480
434 499
434 509
434 531
434 533
434 563
434 590
434 608
434 614
434 618
434 627
434 670
434 681
434 683
434 700
434 702
434 708
434 727
434 757
434 758
434 771
434 773
434 784
434 788
434 809
434 825
434 862
434 864
434 869
434 873
434 874
434 882
434 884
434 886
434 887
434 888
434 897
434 921
434 923
434 927
434 930
434 934
434 937
434 942
434 957
434 965
434 982
434 989
434 991
434 997
435 447
435 470
435 480
435 499
435 547
435 559
435 563
435 566
435 571
435 578
435 584
435 590
435 614
435 617
435 620
435 638
435 642
435 645
435 647
435 657
435 676
435 677
435 687
435 693
435 705
435 736
435 737
435 752
435 757
435 824
435 835
435 837
435 841
435 845
435 847
435 850
435 854
435 862
435 870
435 873
435 876
435 885
435 888
435 899
435 909
435 922
435 923
435 939
435 974
435 975
435 976
435 980
435 987
436 449
436 486
436 488
436 492
436 515
436 523
436 542
436 566
436 567
436 610
436 612
436 628
436 633
436 652
436 657
436 662
436 664
436 668
436 671
436 687
436 708
436 719
436 747
436 762
436 769
436 783
436 786
436 789
436 794
436 796
436 799
436 805
436 822
436 834
436 848
436 855
436 870
436 886
436 896
436 919
436 920
436 926
436 940
436 942
436 947
436 953
436 966
436 976
436 978
436 987
436 995
436 997
437 448
437 453
437 464
437 476
437 485
437 490
437 491
437 497
437 518
437 523
437 526
437 557
437 559
437 563
437 595
437 597
437 600
437 605
437 608
437 611
437 616
437 642
437 649
437 652
437 693
437 697
437 707
437 711
437 718
437 719
437 722
437 744
437 753
437 764
437 791
437 802
437 811
437 837
437 858
437 864
437 877
437 879
437 898
437 924
437 940
437 950
437 960
437 998
438 457
438 464
438 465
438 468
438 513
438 521
438 541
438 548
438 567
438 575
438 581
438 591
438 595
438 601
438 606
438 607
438 611
438 619
438 632
438 659
438 668
438 686
438 708
438 783
438 797
438 798
438 811
438 818
438 822
438 828
438 843
438 852
438 854
438 873
438 885
438 897
438 918
438 922
438 932
438 937
438 957
438 966
438 977
438 981
438 995
439 453
439 457
439 460
439 470
439 472
439 475
439 482
439 494
439 504
439 507
439 511
439 519
439 528
439 534
439 547
439 551
439 554
439 556
439 569
439 573
439 585
439 610
439 614
439 619
439 624
439 633
439 634
439 643
439 663
439 666
439 673
439 681
439 702
439 713
439 716
439 736
439 742
439 744
439 745
439 753
439 769
439 775
439 785
439 807
439 814
439 815
439 832
439 841
439 842
439 844
439 848
439 854
439 858
439 859
439 863
439 876
439 883
439 887
439 903
439 912
439 920
439 925
439 930
439 932
439 959
439 984
440 452
440 458
440 460
440 466
440 485
440 498
440 512
440 524
440 530
440 535
440 538
440 584
440 585
440 589
440 610
440 618
440 621
440 654
440 655
440 662
440 664
440 672
440 688
440 701
440 741
440 742
440 771
440 773
440 777
440 779
440 794
440 810
440 816
440 833
440 842
440 852
440 856
440 858
440 859
440 860
440 868
440 872
440 877
440 890
440 894
440 920
440 932
440 933
440 946
440 955
440 971
440 995
441 444
441 445
441 452
441 455
441 461
441 519
441 528
441 574
441 581
441 585
441 608
441 626
441 632
441 643
441 647
441 670
441 671
441 675
441 676
441 677
441 684
441 686
441 697
441 705
441 710
441 729
441 752
441 769
441 770
441 774
441 781
441 786
441 845
441 868
441 870
441 878
441 881
441 887
441 888
441 893
441 894
441 895
441 902
441 925
441 935
441 944
441 945
441 959
442 448
442 455
442 459
442 468
442 474
442 482
442 492
442 504
442 508
442 520
442 521
442 528
442 533
442 540
442 542
442 547
442 556
442 567
442 569
442 570
442 586
442 600
442 602
442 606
442 636
442 641
442 657
442 681
442 692
442 699
442 703
442 717
442 719
442 749
442 756
442 790
442 791
442 829
442 832
442 833
442 835
442 841
442 843
442 844
442 845
442 846
442 848
442 853
442 861
442 866
442 892
442 902
442 913
442 933
442 938
442 939
442 945
442 953
442 961
442 967
442 971
442 980
442 987
442 988
442 993
442 995
443 444
443 445
443 446
443 463
443 472
443 483
443 503
443 525
443 536
443 539
443 555
443 561
443 580
443 585
443 589
443 592
443 601
443 608
443 612
443 613
443 617
443 618
443 622
443 625
443 627
443 642
443 656
443 678
443 684
443 691
443 704
443 726
443 728
443 760
443 769
443 775
443 786
443 802
443 809
443 814
443 815
443 819
443 826
443 841
443 856
443 861
443 863
443 874
443 909
443 913
443 915
443 924
443 928
443 936
443 942
443 961
443 970
443 981
444 446
444 447
444 459
444 477
444 480
444 486
444 497
444 510
444 524
444 525
444 533
444 539
444 540
444 545
444 550
444 554
444 561
444 574
444 579
444 580
444 602
444 605
444 638
444 642
444 643
444 645
444 664
444 674
444 684
444 694
444 704
444 727
444 732
444 734
444 745
444 752
444 760
444 778
444 796
444 800
444 804
444 823
444 834
444 861
444 885
444 890
444 902
444 911
444 923
444 990
444 994
445 449
445 465
445 466
445 482
445 497
445 499
445 535
445 543
445 546
445 560
445 569
445 573
445 587
445 590
445 591
445 592
445 596
445 619
445 624
445 628
445 648
445 649
445 662
445 666
445 668
445 669
445 673
445 682
445 683
445 737
445 745
445 747
445 753
445 755
445 766
445 787
445 789
445 819
445 824
445 825
445 830
445 835
445 841
445 842
445 852
445 857
445 864
445 872
445 892
445 914
445 918
445 926
445 950
445 957
445 962
445 968
445 973
445 984
445 986
445 998
446 449
446 463
446 486
446 493
446 496
446 498
446 500
446 502
446 503
446 523
446 550
446 558
446 561
446 565
446 571
446 573
446 599
446 605
446 609
446 612
446 613
446 629
446 638
446 653
446 658
446 659
446 665
446 675
446 686
446 724
446 732
446 736
446 744
446 746
446 756
446 758
446 759
446 763
446 788
446 793
446 797
446 814
446 816
446 818
446 820
446 840
446 842
446 849
446 852
446 856
446 862
446 869
446 892
446 893
446 902
446 911
446 946
446 951
446 971
446 972
446 983
446 995
447 450
447 464
447 469
447 473
447 497
447 519
447 522
447 545
447 566
447 575
447 579
447 584
447 595
447 602
447 605
447 614
447 620
447 635
447 640
447 665
447 677
447 678
447 698
447 706
447 708
447 709
447 730
447 732
447 735
447 749
447 788
447 792
447 795
447 796
447 801
447 802
447 803
447 811
447 814
447 822
447 834
447 838
447 867
447 889
447 898
447 903
447 906
447 914
447 918
447 921
447 926
447 927
447 936
447 938
447 954
447 971
447 983
447 989
447 991
447 998
448 492
448 500
448 502
448 522
448 524
448 526
448 529
448 532
448 534
448 547
448 556
448 557
448 578
448 581
448 583
448 584
448 602
448 616
448 617
448 621
448 623
448 643
448 649
448 652
448 660
448 679
448 686
448 691
448 711
448 713
448 722
448 730
448 735
448 750
448 753
448 754
448 782
448 791
448 794
448 795
448 805
448 809
448 813
448 826
448 833
448 849
448 863
448 870
448 885
448 894
448 902
448 906
448 928
448 929
448 935
448 936
448 942
448 946
448 947
448 991
449 463
449 465
449 486
449 494
449 517
449 519
449 529
449 541
449 548
449 578
449 587
449 612
449 674
449 685
449 686
449 691
449 698
449 700
449 718
449 725
449 730
449 733
449 751
449 755
449 769
449 771
449 772
449 776
449 795
449 796
449 798
449 804
449 810
449 813
449 820
449 824
449 826
449 829
449 847
449 858
449 867
449 871
449 873
449 879
449 892
449 893
449 896
449 897
449 900
449 914
449 917
449 920
449 922
449 926
449 949
449 950
449 952
449 954
449 957
449 962
449 967
449 973
449 975
449 977
449 979
449 983
449 988
450 463
450 470
450 502
450 526
450 568
450 582
450 591
450 637
450 648
450 650
450 651
450 657
450 662
450 684
450 685
450 709
450 718
450 740
450 753
450 778
450 779
450 788
450 814
450 840
450 851
450 857
450 861
450 868
450 869
450 876
450 878
450 884
450 890
450 891
450 907
450 924
450 929
450 932
450 944
450 952
450 981
450 989
450 996
451 480
451 486
451 502
451 507
451 517
451 527
451 531
451 537
451 542
451 547
451 574
451 601
451 606
451 608
451 626
451 634
451 647
451 658
451 664
451 665
451 668
451 670
451 671
451 673
451 682
451 688
451 695
451 710
451 717
451 734
451 741
451 759
451 769
451 785
451 790
451 800
451 802
451 824
451 830
451 848
451 878
451 885
451 886
451 888
451 895
451 904
451 905
451 907
451 913
451 914
451 924
451 932
451 933
451 956
451 958
451 970
451 981
452 455
452 456
452 466
452 476
452 479
452 480
452 487
452 489
452 490
452 494
452 496
452 503
452 517
452 523
452 525
452 538
452 540
452 541
452 550
452 563
452 570
452 602
452 603
452 604
452 616
452 638
452 655
452 675
452 683
452 684
452 702
452 705
452 710
452 718
452 726
452 738
452 741
452 751
452 768
452 781
452 783
452 791
452 794
452 798
452 837
452 846
452 850
452 891
452 903
452 917
452 928
452 929
452 938
452 942
452 957
452 959
453 473
453 479
453 491
453 492
453 496
453 509
453 525
453 537
453 553
453 559
453 567
453 580
453 585
453 586
453 602
453 607
453 614
453 615
453 625
453 637
453 657
453 677
453 712
453 716
453 719
453 730
453 733
453 740
453 750
453 759
453 785
453 801
453 803
453 810
453 817
453 820
453 830
453 901
453 930
453 933
453 937
453 959
453 963
453 964
453 974
453 990
453 997
453 999
454 462
454 470
454 474
454 481
454 508
454 513
454 515
454 517
454 550
454 565
454 579
454 580
454 601
454 615
454 626
454 627
454 632
454 634
454 642
454 659
454 670
454 683
454 686
454 713
454 715
454 729
454 730
454 737
454 742
454 747
454 750
454 772
454 783
454 786
454 787
454 788
454 796
454 805
454 807
454 820
454 822
454 826
454 858
454 859
454 867
454 878
454 889
454 898
454 916
454 920
454 932
454 941
454 943
454 948
454 951
454 961
454 964
454 970
454 988
455 470
455 515
455 525
455 531
455 548
455 550
455 551
455 558
455 573
455 597
455 614
455 621
455 625
455 642
455 650
455 665
455 685
455 694
455 696
455 706
455 708
455 713
455 714
455 725
455 764
455 771
455 773
455 795
455 799
455 809
455 814
455 831
455 858
455 865
455 870
455 875
455 890
455 895
455 896
455 928
455 946
455 947
455 966
455 968
455 977
455 987
455 989
456 461
456 465
456 493
456 538
456 539
456 557
456 558
456 568
456 574
456 628
456 634
456 635
456 638
456 648
456 707
456 715
456 716
456 717
456 738
456 747
456 760
456 779
456 782
456 797
456 800
456 812
456 817
456 822
456 824
456 835
456 839
456 854
456 860
456 867
456 873
456 877
456 888
456 900
456 938
456 948
456 951
456 957
456 975
456 976
456 978
456 979
456 986
456 998
456 999
457 461
457 462
457 481
457 487
457 488
457 496
457 510
457 517
457 525
457 534
457 565
457 566
457 570
457 582
457 601
457 614
457 629
457 640
457 642
457 650
457 658
457 659
457 669
457 671
457 678
457 689
457 696
457 707
457 715
457 716
457 717
457 721
457 738
457 739
457 740
457 760
457 764
457 767
457 768
457 770
457 777
457 778
457 779
457 782
457 794
457 801
457 804
457 811
457 830
457 832
457 836
457 838
457 841
457 852
457 862
457 866
457 867
457 889
457 900
457 914
457 926
457 928
457 932
457 943
457 948
457 950
457 953
457 963
457 969
457 981
457 990
458 481
458 483
458 496
458 501
458 506
458 522
458 530
458 553
458 595
458 598
458 606
458 620
458 646
458 648
458 649
458 651
458 662
458 668
458 693
458 710
458 711
458 715
458 732
458 741
458 746
458 756
458 818
458 819
458 849
458 906
458 915
458 965
458 980
458 989
458 995
459 466
459 468
459 471
459 475
459 494
459 498
459 501
459 507
459 542
459 555
459 558
459 559
459 561
459 573
459 585
459 616
459 617
459 632
459 636
459 638
459 670
459 684
459 690
459 704
459 716
459 728
459 738
459 753
459 778
459 786
459 791
459 804
459 805
459 816
459 835
459 843
459 865
459 869
459 877
459 887
459 892
459 899
459 900
459 905
459 906
459 909
459 920
459 933
459 936
459 940
459 953
459 968
460 466
460 484
460 487
460 490
460 511
460 580
460 587
460 596
460 603
460 611
460 614
460 623
460 654
460 679
460 682
460 695
460 697
460 713
460 717
460 723
460 724
460 732
460 741
460 750
460 766
460 770
460 776
460 781
460 784
460 791
460 804
460 821
460 828
460 834
460 838
460 848
460 850
460 863
460 875
460 883
460 912
460 935
460 938
460 939
460 940
460 946
460 978
460 993
460 996
460 998
460 999
461 465
461 472
461 479
461 489
461 490
461 492
461 493
461 494
461 557
461 558
461 592
461 597
461 610
461 625
461 633
461 634
461 636
461 646
461 655
461 663
461 664
461 672
461 692
461 736
461 738
461 740
461 752
461 759
461 766
461 783
461 784
461 785
461 796
461 806
461 824
461 829
461 830
461 836
461 841
461 850
461 871
461 872
461 877
461 928
461 931
461 942
461 943
461 944
461 964
461 966
461 969
461 997
462 464
462 468
462 471
462 476
462 480
462 489
462 500
462 508
462 523
462 538
462 549
462 576
462 617
462 637
462 643
462 654
462 662
462 674
462 688
462 712
462 726
462 730
462 735
462 736
462 752
462 761
462 768
462 780
462 791
462 798
462 823
462 846
462 867
462 874
462 879
462 885
462 886
462 888
462 901
462 902
462 911
462 915
462 917
462 922
462 926
462 930
462 938
462 939
462 973
462 989
462 995
463 466
463 474
463 493
463 500
463 506
463 529
463 532
463 533
463 537
463 570
463 575
463 583
463 615
463 623
463 629
463 659
463 664
463 668
463 672
463 678
463 688
463 693
463 699
463 709
463 710
463 718
463 738
463 783
463 785
463 788
463 789
463 807
463 854
463 869
463 876
463 878
463 884
463 888
463 893
463 897
463 898
463 901
463 911
463 912
463 928
463 930
463 932
463 996
464 476
464 481
464 487
464 497
464 498
464 510
464 515
464 534
464 535
464 542
464 560
464 590
464 592
464 596
464 599
464 602
464 606
464 618
464 624
464 629
464 631
464 635
464 649
464 668
464 671
464 673
464 694
464 713
464 721
464 723
464 739
464 753
464 758
464 775
464 794
464 803
464 814
464 844
464 859
464 861
464 863
464 877
464 885
464 902
464 903
464 918
464 930
464 944
464 948
464 954
464 966
464 969
464 973
464 978
464 995
464 999
465 469
465 475
465 476
465 480
465 502
465 506
465 517
465 522
465 529
465 534
465 547
465 574
465 619
465 623
465 658
465 673
465 682
465 695
465 703
465 708
465 710
465 741
465 747
465 760
465 773
465 774
465 776
465 778
465 795
465 807
465 829
465 843
465 845
465 858
465 865
465 889
465 897
465 909
465 917
465 919
465 928
465 931
465 953
465 955
465 966
465 973
465 976
465 979
465 989
465 990
466 486
466 508
466 509
466 512
466 529
466 550
466 551
466 559
466 562
466 575
466 583
466 584
466 585
466 598
466 600
466 614
466 625
466 633
466 635
466 663
466 671
466 679
466 683
466 687
466 700
466 701
466 708
466 717
466 725
466 751
466 758
466 770
466 772
466 776
466 782
466 790
466 794
466 819
466 822
466 857
466 863
466 868
466 878
466 894
466 900
466 909
466 924
466 932
466 950
466 955
466 958
466 959
466 962
466 965
466 978
466 994
467 471
467 477
467 493
467 507
467 509
467 510
467 517
467 528
467 531
467 546
467 551
467 559
467 570
467 596
467 600
467 606
467 625
467 631
467 652
467 660
467 665
467 670
467 676
467 684
467 695
467 705
467 710
467 714
467 718
467 725
467 736
467 742
467 744
467 747
467 753
467 768
467 773
467 774
467 776
467 792
467 815
467 821
467 824
467 827
467 844
467 848
467 863
467 866
467 873
467 901
467 906
467 907
467 912
467 921
467 931
467 936
467 978
467 986
467 987
467 997
468 474
468 484
468 487
468 488
468 501
468 502
468 517
468 532
468 543
468 552
468 553
468 574
468 576
468 584
468 592
468 607
468 609
468 613
468 617
468 618
468 639
468 641
468 649
468 653
468 659
468 664
468 666
468 671
468 683
468 700
468 701
468 702
468 703
468 706
468 710
468 737
468 741
468 753
468 762
468 764
468 778
468 788
468 798
468 811
468 813
468 820
468 838
468 849
468 856
468 868
468 877
468 880
468 883
468 909
468 914
468 927
468 929
468 943
468 958
468 960
468 961
468 975
468 986
468 988
469 470
469 476
469 486
469 494
469 495
469 496
469 511
469 527
469 529
469 541
469 555
469 556
469 584
469 614
469 617
469 621
469 639
469 653
469 670
469 688
469 697
469 699
469 710
469 736
469 763
469 793
469 797
469 807
469 833
469 834
469 849
469 859
469 911
469 914
469 916
469 920
469 935
469 937
469 950
469 984
469 987
469 996
469 997
470 472
470 501
470 503
470 511
470 514
470 518
470 532
470 535
470 539
470 544
470 552
470 554
470 564
470 574
470 606
470 608
470 616
470 617
470 621
470 626
470 629
470 634
470 644
470 663
470 667
470 668
470 670
470 684
470 690
470 692
470 705
470 710
470 714
470 728
470 731
470 741
470 793
470 806
470 807
470 813
470 820
470 825
470 831
470 844
470 866
470 869
470 888
470 892
470 893
470 896
470 900
470 920
470 924
470 952
470 957
470 972
470 985
470 996
471 478
471 500
471 503
471 506
471 526
471 545
471 579
471 592
471 595
471 600
471 609
471 611
471 655
471 659
471 663
471 670
471 671
471 672
471 679
471 682
471 692
471 716
471 717
471 718
471 720
471 721
471 744
471 745
471 769
471 774
471 778
471 780
471 789
471 802
471 807
471 829
471 832
471 844
471 865
471 873
471 880
471 883
471 884
471 899
471 910
471 911
471 923
471 964
471 967
471 972
471 975
471 979
472 481
472 483
472 512
472 519
472 579
472 586
472 598
472 603
472 613
472 615
472 617
472 618
472 647
472 665
472 671
472 679
472 683
472 686
472 719
472 721
472 728
472 740
472 741
472 755
472 769
472 820
472 847
472 848
472 866
472 869
472 871
472 878
472 887
472 894
472 902
472 909
472 912
472 914
472 924
472 946
472 951
472 957
472 958
472 959
472 985
472 989
473 485
473 495
473 497
473 517
473 522
473 524
473 530
473 552
473 566
473 579
473 588
473 611
473 628
473 639
473 647
473 653
473 655
473 657
473 660
473 685
473 690
473 708
473 710
473 731
473 733
473 745
473 763
473 765
473 767
473 773
473 774
473 834
473 844
473 851
473 868
473 886
473 901
473 913
473 916
473 919
473 934
473 939
473 951
473 959
473 963
473 986
473 988
473 993
473 994
473 996
474 487
474 504
474 515
474 519
474 520
474 524
474 528
474 529
474 538
474 585
474 589
474 592
474 593
474 601
474 604
474 620
474 635
474 643
474 669
474 698
474 702
474 712
474 739
474 744
474 752
474 784
474 787
474 790
474 794
474 797
474 801
474 816
474 821
474 831
474 833
474 840
474 846
474 855
474 873
474 887
474 899
474 915
474 917
474 919
474 943
474 948
474 955
474 958
474 964
474 966
474 973
474 977
475 477
475 478
475 482
475 483
475 484
475 490
475 569
475 582
475 601
475 606
475 609
475 613
475 627
475 636
475 639
475 646
475 660
475 688
475 695
475 708
475 713
475 719
475 724
475 726
475 734
475 739
475 740
475 741
475 750
475 757
475 759
475 763
475 766
475 770
475 778
475 786
475 794
475 799
475 800
475 805
475 806
475 826
475 828
475 842
475 851
475 860
475 870
475 873
475 876
475 882
475 899
475 900
475 904
475 908
475 912
475 919
475 929
475 941
475 949
475 959
475 964
475 971
475 990
475 995
476 487
476 496
476 501
476 504
476 521
476 523
476 531
476 537
476 546
476 587
476 593
476 605
476 612
476 617
476 621
476 627
476 632
476 658
476 661
476 674
476 686
476 690
476 720
476 724
476 734
476 737
476 740
476 751
476 765
476 769
476 786
476 799
476 810
476 812
476 818
476 827
476 843
476 851
476 859
476 873
476 878
476 900
476 907
476 917
476 936
476 940
476 959
476 963
476 999
477 484
477 487
477 494
477 506
477 509
477 512
477 532
477 560
477 579
477 600
477 637
477 641
477 648
477 658
477 661
477 663
477 664
477 674
477 679
477 702
477 742
477 765
477 785
477 799
477 801
477 810
477 813
477 819
477 824
477 851
477 865
477 880
477 910
477 912
477 918
477 919
477 922
477 925
477 928
477 934
477 946
477 950
477 954
477 956
477 993
478 480
478 483
478 489
478 502
478 536
478 537
478 544
478 553
478 557
478 575
478 595
478 598
478 602
478 606
478 607
478 629
478 633
478 647
478 652
478 657
478 659
478 667
478 672
478 731
478 735
478 749
478 757
478 761
478 763
478 765
478 773
478 775
478 778
478 794
478 795
478 807
478 809
478 822
478 825
478 829
478 834
478 838
478 847
478 851
478 880
478 882
478 907
478 925
478 929
478 933
478 967
478 971
478 996
479 494
479 499
479 507
479 508
479 517
479 518
479 519
479 557
479 571
479 578
479 580
479 590
479 593
479 604
479 618
479 626
479 630
479 655
479 663
479 675
479 687
479 698
479 700
479 740
479 752
479 757
479 758
479 761
479 766
479 767
479 777
479 790
479 792
479 822
479 829
479 831
479 835
479 838
479 846
479 852
479 856
479 857
479 862
479 865
479 879
479 898
479 902
479 917
479 946
479 955
479 974
479 989
479 992
480 487
480 492
480 498
480 516
480 524
480 530
480 532
480 534
480 535
480 540
480 553
480 565
480 569
480 572
480 581
480 582
480 617
480 636
480 674
480 682
480 705
480 706
480 711
480 717
480 729
480 755
480 759
480 762
480 774
480 779
480 781
480 785
480 794
480 798
480 805
480 818
480 839
480 851
480 875
480 882
480 887
480 903
480 907
480 908
480 912
480 924
480 941
480 943
480 945
480 959
480 968
480 969
480 998
481 486
481 496
481 509
481 514
481 528
481 530
481 542
481 546
481 570
481 572
481 575
481 576
481 581
481 607
481 616
481 621
481 663
481 671
481 675
481 685
481 707
481 712
481 717
481 731
481 764
481 771
481 774
481 783
481 790
481 795
481 806
481 825
481 838
481 843
481 845
481 846
481 847
481 848
481 861
481 874
481 876
481 884
481 896
481 935
481 961
481 970
481 984
481 995
481 997
481 998
482 484
482 497
482 501
482 506
482 509
482 514
482 519
482 523
482 528
482 545
482 551
482 565
482 573
482 597
482 614
482 623
482 638
482 645
482 665
482 677
482 692
482 696
482 712
482 735
482 738
482 743
482 745
482 762
482 814
482 822
482 826
482 837
482 838
482 850
482 858
482 862
482 876
482 878
482 895
482 896
482 901
482 902
482 910
482 928
482 934
482 935
482 943
482 950
482 952
482 970
482 983
482 990
482 995
483 507
483 510
483 513
483 514
483 536
483 540
483 543
483 546
483 555
483 568
483 580
483 590
483 596
483 599
483 625
483 634
483 640
483 646
483 648
483 667
483 685
483 699
483 705
483 706
483 708
483 715
483 719
483 729
483 735
483 742
483 748
483 756
483 757
483 764
483 767
483 772
483 775
483 787
483 789
483 794
483 818
483 822
483 823
483 830
483 849
483 850
483 857
483 858
483 860
483 872
483 880
483 888
483 889
483 901
483 902
483 904
483 914
483 926
483 972
483 987
483 992
484 488
484 490
484 491
484 493
484 502
484 524
484 532
484 550
484 553
484 582
484 605
484 623
484 625
484 627
484 647
484 652
484 660
484 661
484 662
484 685
484 688
484 702
484 710
484 728
484 729
484 733
484 738
484 743
484 746
484 748
484 760
484 761
484 768
484 776
484 782
484 788
484 804
484 823
484 839
484 847
484 848
484 858
484 870
484 873
484 878
484 891
484 894
484 903
484 905
484 911
484 938
484 954
484 967
484 968
484 978
484 991
484 995
484 996
485 486
485 502
485 509
485 527
485 531
485 544
485 580
485 590
485 591
485 592
485 596
485 598
485 683
485 693
485 696
485 698
485 701
485 704
485 737
485 742
485 750
485 753
485 754
485 767
485 775
485 777
485 787
485 817
485 850
485 855
485 859
485 860
485 882
485 886
485 893
485 897
485 900
485 915
485 926
485 934
485 949
485 984
485 987
485 991
485 996
486 510
486 525
486 527
486 531
486 538
486 545
486 546
486 578
486 583
486 631
486 655
486 657
486 659
486 662
486 676
486 682
486 685
486 694
486 710
486 714
486 715
486 722
486 751
486 764
486 766
486 774
486 787
486 799
486 807
486 810
486 825
486 838
486 842
486 845
486 848
486 866
486 869
486 882
486 893
486 904
486 932
486 956
486 968
486 995
486 998
486 999
487 497
487 498
487 501
487 504
487 514
487 519
487 530
487 538
487 540
487 545
487 548
487 554
487 572
487 581
487 583
487 588
487 610
487 612
487 617
487 618
487 628
487 643
487 671
487 675
487 684
487 690
487 707
487 708
487 711
487 730
487 733
487 737
487 766
487 768
487 769
487 794
487 797
487 807
487 812
487 819
487 831
487 838
487 840
487 842
487 845
487 846
487 849
487 853
487 856
487 862
487 869
487 877
487 886
487 892
487 900
487 912
487 916
487 934
487 943
487 946
487 960
487 966
487 980
487 984
487 995
487 999
488 490
488 504
488 506
488 521
488 529
488 542
488 564
488 567
488 576
488 579
488 580
488 587
488 605
488 632
488 639
488 641
488 644
488 652
488 654
488 658
488 667
488 669
488 679
488 694
488 705
488 707
488 708
488 718
488 721
488 722
488 727
488 729
488 749
488 753
488 759
488 768
488 769
488 771
488 773
488 782
488 789
488 790
488 795
488 798
488 809
488 816
488 830
488 835
488 850
488 856
488 866
488 869
488 879
488 893
488 896
488 902
488 922
488 924
488 928
488 946
488 984
489 491
489 494
489 518
489 520
489 526
489 530
489 531
489 543
489 564
489 573
489 591
489 614
489 623
489 637
489 649
489 676
489 685
489 686
489 699
489 708
489 714
489 720
489 725
489 727
489 730
489 738
489 749
489 756
489 763
489 778
489 790
489 797
489 818
489 822
489 846
489 850
489 862
489 896
489 901
489 904
489 905
489 906
489 982
489 993
489 997
490 493
490 511
490 531
490 536
490 543
490 545
490 551
490 566
490 582
490 584
490 588
490 597
490 608
490 611
490 616
490 638
490 639
490 646
490 647
490 655
490 656
490 665
490 666
490 670
490 674
490 676
490 692
490 704
490 713
490 748
490 758
490 766
490 768
490 770
490 790
490 796
490 809
490 813
490 817
490 818
490 824
490 829
490 833
490 847
490 858
490 863
490 880
490 882
490 884
490 897
490 898
490 923
490 932
490 934
490 935
490 937
490 941
490 950
490 951
490 957
490 968
490 990
491 503
491 506
491 510
491 516
491 526
491 528
491 529
491 535
491 537
491 561
491 563
491 575
491 578
491 590
491 598
491 620
491 622
491 631
491 633
491 636
491 640
491 643
491 644
491 647
491 653
491 654
491 656
491 661
491 664
491 669
491 671
491 682
491 697
491 708
491 729
491 730
491 733
491 745
491 750
491 755
491 757
491 773
491 780
491 792
491 793
491 795
491 807
491 817
491 829
491 844
491 883
491 888
491 889
491 898
491 908
491 909
491 917
491 922
491 940
491 943
491 951
491 952
491 953
491 972
492 511
492 513
492 516
492 522
492 524
492 542
492 546
492 547
492 550
492 552
492 583
492 596
492 603
492 605
492 616
492 627
492 635
492 643
492 653
492 655
492 656
492 671
492 696
492 701
492 712
492 719
492 721
492 722
492 733
492 748
492 749
492 753
492 757
492 760
492 774
492 782
492 786
492 787
492 797
492 806
492 813
492 818
492 829
492 830
492 841
492 844
492 854
492 860
492 865
492 879
492 924
492 927
492 937
492 940
492 956
492 974
492 977
492 992
492 998
493 501
493 511
493 512
493 515
493 523
493 532
493 535
493 536
493 539
493 557
493 580
493 584
493 622
493 623
493 636
493 637
493 641
493 643
493 647
493 667
493 679
493 683
493 688
493 697
493 705
493 711
493 722
493 732
493 742
493 745
493 766
493 787
493 793
493 800
493 808
493 822
493 823
493 830
493 847
493 860
493 864
493 868
493 871
493 911
493 912
493 927
493 933
493 942
493 960
493 968
493 974
493 987
493 991
494 506
494 518
494 521
494 529
494 530
494 558
494 560
494 568
494 580
494 590
494 593
494 615
494 626
494 631
494 635
494 643
494 647
494 656
494 664
494 675
494 698
494 726
494 729
494 730
494 733
494 738
494 743
494 754
494 756
494 763
494 782
494 787
494 801
494 805
494 808
494 812
494 833
494 834
494 846
494 848
494 866
494 881
494 893
494 896
494 899
494 913
494 914
494 917
494 938
494 943
494 947
494 950
494 954
494 956
494 979
494 981
494 991
495 506
495 512
495 518
495 524
495 529
495 554
495 563
495 566
495 574
495 580
495 584
495 595
495 623
495 629
495 636
495 645
495 656
495 659
495 667
495 668
495 673
495 676
495 688
495 705
495 722
495 733
495 741
495 750
495 767
495 776
495 780
495 781
495 785
495 791
495 798
495 809
495 811
495 836
495 848
495 850
495 858
495 861
495 871
495 878
495 888
495 889
495 890
495 899
495 901
495 909
495 916
495 931
495 954
495 963
495 969
495 982
496 506
496 513
496 523
496 525
496 529
496 535
496 565
496 569
496 575
496 577
496 593
496 600
496 608
496 612
496 637
496 639
496 645
496 661
496 681
496 694
496 695
496 699
496 702
496 719
496 732
496 742
496 744
496 761
496 763
496 772
496 784
496 788
496 800
496 821
496 824
496 834
496 843
496 846
496 869
496 892
496 899
496 900
496 903
496 908
496 935
496 937
496 946
496 959
496 978
496 985
496 987
496 992
496 997
497 499
497 500
497 518
497 521
497 542
497 544
497 549
497 572
497 598
497 601
497 608
497 611
497 613
497 617
497 631
497 638
497 639
497 655
497 662
497 702
497 714
497 716
497 717
497 722
497 733
497 745
497 774
497 815
497 835
497 840
497 860
497 863
497 864
497 875
497 909
497 911
497 934
497 940
497 949
497 955
497 957
497 962
497 979
498 507
498 510
498 516
498 525
498 547
498 549
498 566
498 571
498 599
498 616
498 621
498 628
498 639
498 651
498 653
498 673
498 674
498 687
498 693
498 710
498 711
498 713
498 716
498 729
498 732
498 737
498 744
498 756
498 761
498 784
498 791
498 813
498 833
498 839
498 845
498 859
498 873
498 875
498 879
498 885
498 899
498 900
498 903
498 932
498 962
498 963
498 968
498 972
498 978
498 988
498 991
499 500
499 517
499 531
499 543
499 548
499 555
499 565
499 570
499 589
499 590
499 591
499 592
499 593
499 597
499 613
499 617
499 647
499 666
499 667
499 713
499 715
499 725
499 740
499 782
499 798
499 800
499 807
499 811
499 816
499 819
499 822
499 826
499 831
499 832
499 847
499 851
499 895
499 896
499 898
499 920
499 937
499 947
499 950
499 959
499 965
499 971
499 984
499 987
499 996
500 502
500 509
500 515
500 521
500 524
500 527
500 531
500 533
500 534
500 541
500 563
500 564
500 570
500 574
500 575
500 598
500 616
500 619
500 621
500 622
500 638
500 641
500 645
500 658
500 670
500 671
500 677
500 681
500 693
500 698
500 699
500 700
500 708
500 714
500 729
500 736
500 744
500 774
500 780
500 798
500 810
500 816
500 818
500 819
500 822
500 844
500 847
500 862
500 878
500 879
500 903
500 914
500 922
500 928
500 949
500 955
500 965
500 977
500 985
501 506
501 527
501 542
501 551
501 569
501 612
501 615
501 622
501 634
501 663
501 680
501 689
501 705
501 712
501 734
501 737
501 790
501 804
501 815
501 824
501 832
501 944
501 951
501 953
501 955
501 969
501 972
501 979
501 982
501 993
501 999
502 510
502 515
502 532
502 538
502 590
502 601
502 605
502 617
502 619
502 627
502 631
502 640
502 642
502 688
502 693
502 695
502 697
502 702
502 703
502 707
502 721
502 728
502 735
502 743
502 753
502 760
502 765
502 767
502 774
502 798
502 799
502 807
502 810
502 826
502 829
502 832
502 857
502 862
502 873
502 874
502 883
502 894
502 901
502 907
502 913
502 916
502 921
502 937
502 951
502 961
502 965
502 976
502 996
503 518
503 520
503 540
503 541
503 542
503 561
503 579
503 590
503 592
503 594
503 596
503 610
503 611
503 616
503 620
503 649
503 655
503 656
503 659
503 660
503 676
503 683
503 691
503 697
503 699
503 705
503 743
503 787
503 792
503 800
503 802
503 809
503 812
503 814
503 823
503 825
503 834
503 851
503 852
503 858
503 875
503 880
503 884
503 889
503 903
503 907
503 910
503 911
503 912
503 940
503 954
503 984
503 985
504 533
504 536
504 537
504 545
504 564
504 568
504 571
504 619
504 622
504 629
504 645
504 651
504 657
504 666
504 679
504 695
504 703
504 706
504 709
504 716
504 719
504 723
504 725
504 742
504 757
504 780
504 795
504 814
504 823
504 828
504 835
504 843
504 847
504 879
504 880
504 898
504 911
504 925
504 940
504 960
504 978
504 991
504 996
505 527
505 535
505 546
505 554
505 561
505 563
505 575
505 585
505 586
505 587
505 597
505 598
505 626
505 634
505 654
505 656
505 670
505 672
505 679
505 680
505 704
505 713
505 717
505 727
505 739
505 747
505 786
505 788
505 793
505 818
505 837
505 850
505 851
505 858
505 878
505 887
505 897
505 917
505 932
505 935
505 973
505 975
505 976
505 981
505 994
505 998
506 507
506 529
506 535
506 539
506 553
506 557
506 558
506 562
506 575
506 583
506 584
506 591
506 595
506 603
506 607
506 610
506 613
506 624
506 643
506 655
506 674
506 677
506 682
506 684
506 696
506 697
506 700
506 703
506 717
506 735
506 738
506 740
506 762
506 766
506 767
506 782
506 783
506 784
506 809
506 811
506 820
506 845
506 852
506 855
506 866
506 879
506 887
506 898
506 900
506 934
506 935
506 936
506 951
506 961
506 969
507 516
507 534
507 539
507 568
507 574
507 581
507 586
507 589
507 593
507 602
507 606
507 610
507 627
507 635
507 638
507 643
507 644
507 647
507 657
507 670
507 676
507 685
507 698
507 707
507 722
507 726
507 748
507 754
507 761
507 768
507 778
507 785
507 793
507 795
507 796
507 805
507 808
507 827
507 831
507 846
507 848
507 854
507 860
507 863
507 873
507 883
507 898
507 915
507 920
507 923
507 967
507 973
507 983
507 987
507 991
507 996
508 528
508 529
508 532
508 548
508 555
508 561
508 571
508 573
508 578
508 579
508 585
508 591
508 596
508 631
508 637
508 643
508 657
508 668
508 681
508 723
508 745
508 777
508 787
508 788
508 804
508 809
508 828
508 844
508 863
508 874
508 888
508 889
508 894
508 897
508 919
508 923
508 924
508 925
508 946
508 970
508 978
508 980
508 987
508 993
508 997
509 513
509 521
509 529
509 544
509 551
509 562
509 574
509 579
509 589
509 603
509 612
509 619
509 627
509 628
509 648
509 652
509 665
509 666
509 669
509 672
509 674
509 676
509 687
509 692
509 697
509 723
509 725
509 733
509 737
509 747
509 762
509 765
509 773
509 810
509 812
509 816
509 820
509 830
509 844
509 854
509 859
509 867
509 869
509 876
509 880
509 915
509 922
509 961
509 969
509 971
510 514
510 518
510 526
510 546
510 549
510 551
510 596
510 598
510 613
510 617
510 629
510 638
510 648
510 657
510 666
510 673
510 679
510 700
510 713
510 731
510 736
510 758
510 769
510 775
510 784
510 789
510 793
510 794
510 824
510 831
510 847
510 867
510 871
510 873
510 899
510 900
510 915
510 929
510 944
510 950
510 954
510 955
510 956
510 963
510 966
511 526
511 538
511 540
511 551
511 561
511 568
511 576
511 605
511 607
511 617
511 618
511 619
511 621
511 622
511 634
511 635
511 676
511 683
511 725
511 729
511 733
511 757
511 818
511 830
511 833
511 836
511 858
511 869
511 877
511 888
511 928
511 929
511 948
511 952
511 956
511 972
511 979
512 534
512 538
512 558
512 565
512 605
512 609
512 611
512 616
512 619
512 622
512 626
512 645
512 649
512 650
512 659
512 662
512 668
512 677
512 679
512 685
512 705
512 708
512 711
512 712
512 731
512 734
512 746
512 749
512 759
512 821
512 826
512 830
512 833
512 834
512 841
512 857
512 875
512 888
512 896
512 900
512 902
512 921
512 927
512 933
512 935
512 939
512 947
512 949
512 951
512 961
512 964
512 978
512 979
512 985
512 989
513 518
513 532
513 572
513 599
513 628
513 636
513 647
513 657
513 661
513 669
513 688
513 711
513 716
513 719
513 724
513 746
513 754
513 759
513 762
513 766
513 776
513 781
513 784
513 787
513 789
513 790
513 794
513 802
513 807
513 816
513 818
513 834
513 835
513 871
513 892
513 927
513 931
513 937
513 940
513 942
513 952
513 957
513 961
513 965
513 986
513 991
513 998
514 536
514 538
514 547
514 564
514 574
514 592
514 601
514 610
514 627
514 630
514 634
514 654
514 656
514 659
514 664
514 667
514 682
514 688
514 706
514 716
514 718
514 724
514 727
514 729
514 738
514 775
514 801
514 810
514 816
514 819
514 820
514 836
514 837
514 857
514 870
514 882
514 887
514 909
514 911
514 917
514 918
514 920
514 924
514 925
514 934
514 944
514 948
514 950
514 956
514 958
514 967
514 976
514 978
514 980
514 982
514 983
514 996
514 998
515 526
515 539
515 544
515 564
515 572
515 600
515 601
515 604
515 609
515 638
515 689
515 705
515 722
515 736
515 749
515 752
515 771
515 772
515 776
515 800
515 828
515 847
515 856
515 865
515 867
515 888
515 894
515 903
515 914
515 926
515 929
515 936
515 949
515 955
515 956
515 959
515 962
515 978
516 538
516 541
516 553
516 558
516 567
516 611
516 620
516 626
516 643
516 647
516 677
516 682
516 684
516 690
516 694
516 715
516 723
516 725
516 728
516 734
516 748
516 763
516 788
516 795
516 800
516 801
516 832
516 845
516 854
516 856
516 863
516 867
516 868
516 872
516 874
516 881
516 883
516 884
516 893
516 896
516 906
516 915
516 917
516 922
516 924
516 938
516 944
516 981
516 998
517 523
517 532
517 538
517 539
517 551
517 555
517 578
517 596
517 597
517 601
517 634
517 668
517 684
517 685
517 705
517 745
517 747
517 762
517 784
517 798
517 802
517 805
517 807
517 826
517 827
517 842
517 853
517 878
517 880
517 905
517 907
517 913
517 918
517 919
517 922
517 931
517 945
517 966
517 973
517 975
517 978
517 983
518 549
518 561
518 562
518 573
518 578
518 579
518 588
518 599
518 610
518 621
518 651
518 661
518 668
518 669
518 673
518 674
518 682
518 689
518 692
518 695
518 724
518 732
518 737
518 752
518 762
518 778
518 785
518 794
518 819
518 821
518 838
518 852
518 865
518 868
518 878
518 891
518 900
518 938
518 961
518 965
518 977
518 981
518 989
519 533
519 536
519 539
519 557
519 559
519 577
519 579
519 581
519 588
519 592
519 604
519 622
519 628
519 643
519 644
519 682
519 691
519 694
519 698
519 710
519 713
519 718
519 729
519 753
519 763
519 769
519 772
519 775
519 806
519 823
519 845
519 848
519 860
519 868
519 896
519 909
519 915
519 925
519 931
519 936
519 937
519 939
519 944
519 946
519 958
519 960
519 965
520 521
520 527
520 538
520 562
520 565
520 567
520 569
520 603
520 610
520 620
520 621
520 627
520 631
520 638
520 641
520 664
520 665
520 671
520 678
520 690
520 700
520 726
520 735
520 739
520 752
520 754
520 756
520 765
520 791
520 794
520 806
520 819
520 821
520 832
520 838
520 848
520 857
520 883
520 902
520 907
520 917
520 921
520 930
520 940
520 961
520 969
520 974
520 985
520 993
521 523
521 527
521 545
521 546
521 560
521 564
521 569
521 579
521 581
521 583
521 600
521 621
521 626
521 632
521 633
521 644
521 645
521 646
521 654
521 662
521 685
521 709
521 713
521 726
521 740
521 751
521 776
521 789
521 807
521 819
521 843
521 849
521 852
521 863
521 879
521 880
521 891
521 897
521 899
521 925
521 926
521 927
521 936
521 942
521 970
521 995
521 998
522 527
522 543
522 559
522 560
522 575
522 577
522 597
522 601
522 608
522 622
522 623
522 631
522 642
522 645
522 649
522 658
522 659
522 660
522 678
522 692
522 696
522 697
522 701
522 719
522 720
522 725
522 727
522 728
522 734
522 747
522 751
522 765
522 777
522 803
522 814
522 820
522 832
522 841
522 842
522 846
522 858
522 859
522 901
522 906
522 930
522 932
522 937
522 941
522 950
522 952
522 962
522 966
522 973
523 529
523 539
523 556
523 558
523 570
523 580
523 587
523 590
523 599
523 602
523 609
523 620
523 632
523 652
523 670
523 682
523 692
523 700
523 707
523 708
523 711
523 724
523 730
523 777
523 786
523 789
523 799
523 815
523 822
523 842
523 852
523 858
523 898
523 902
523 920
523 927
523 938
523 944
523 950
523 952
523 962
523 983
523 988
523 992
523 997
524 531
524 534
524 535
524 538
524 541
524 549
524 552
524 553
524 566
524 568
524 582
524 595
524 598
524 612
524 624
524 628
524 630
524 633
524 636
524 645
524 653
524 658
524 666
524 667
524 674
524 679
524 694
524 703
524 714
524 718
524 720
524 748
524 751
524 759
524 783
524 788
524 791
524 792
524 815
524 827
524 840
524 850
524 858
524 865
524 873
524 876
524 901
524 905
524 916
524 920
524 930
524 947
524 949
524 952
524 956
524 959
524 961
524 962
524 965
524 986
525 529
525 532
525 533
525 537
525 556
525 577
525 580
525 586
525 592
525 598
525 599
525 604
525 608
525 616
525 626
525 629
525 655
525 659
525 669
525 674
525 681
525 689
525 690
525 718
525 725
525 755
525 763
525 791
525 795
525 797
525 808
525 815
525 874
525 875
525 876
525 886
525 904
525 907
525 931
525 938
525 964
525 980
525 985
526 554
526 555
526 578
526 590
526 606
526 614
526 618
526 620
526 625
526 634
526 648
526 655
526 656
526 667
526 690
526 710
526 722
526 743
526 751
526 752
526 800
526 801
526 803
526 804
526 806
526 815
526 831
526 834
526 839
526 872
526 880
526 892
526 900
526 903
526 907
526 913
526 916
526 920
526 935
526 953
526 960
526 968
526 969
526 981
527 531
527 535
527 538
527 555
527 564
527 573
527 610
527 614
527 618
527 625
527 626
527 628
527 632
527 654
527 659
527 662
527 664
527 685
527 687
527 696
527 704
527 713
527 714
527 721
527 726
527 727
527 729
527 731
527 734
527 738
527 740
527 745
527 765
527 768
527 771
527 784
527 803
527 811
527 827
527 831
527 845
527 860
527 862
527 874
527 882
527 884
527 892
527 899
527 901
527 903
527 907
527 919
527 932
527 935
527 942
527 946
527 962
527 973
527 980
527 994
528 532
528 552
528 635
528 638
528 652
528 658
528 666
528 696
528 702
528 743
528 750
528 758
528 763
528 782
528 788
528 790
528 813
528 823
528 845
528 864
528 871
528 877
528 879
528 885
528 908
528 936
528 943
528 956
528 974
528 976
528 984
528 991
528 996
528 998
528 999
529 547
529 555
529 560
529 566
529 592
529 596
529 605
529 630
529 633
529 649
529 661
529 664
529 666
529 672
529 674
529 675
529 679
529 697
529 713
529 721
529 722
529 723
529 747
529 778
529 787
529 792
529 815
529 835
529 837
529 840
529 842
529 847
529 848
529 859
529 864
529 877
529 899
529 900
529 909
529 929
529 930
529 955
529 960
529 984
529 991
530 533
530 534
530 536
530 544
530 554
530 565
530 575
530 576
530 591
530 593
530 615
530 619
530 626
530 650
530 652
530 664
530 674
530 679
530 683
530 702
530 706
530 723
530 768
530 781
530 785
530 794
530 812
530 815
530 824
530 833
530 842
530 857
530 861
530 867
530 873
530 881
530 903
530 908
530 916
530 939
530 944
530 964
530 983
530 996
531 552
531 553
531 585
531 587
531 600
531 603
531 604
531 606
531 611
531 613
531 615
531 620
531 634
531 636
531 647
531 657
531 661
531 668
531 670
531 725
531 742
531 760
531 769
531 770
531 785
531 786
531 787
531 804
531 831
531 841
531 844
531 853
531 875
531 877
531 879
531 887
531 889
531 900
531 902
531 905
531 912
531 914
531 952
531 968
531 974
531 979
531 998
532 538
532 543
532 544
532 550
532 562
532 564
532 573
532 593
532 595
532 600
532 604
532 613
532 615
532 616
532 621
532 633
532 646
532 655
532 715
532 731
532 732
532 750
532 751
532 752
532 753
532 757
532 777
532 788
532 803
532 814
532 815
532 824
532 835
532 838
532 853
532 882
532 898
532 906
532 915
532 922
532 923
532 935
532 954
532 989
533 542
533 581
533 582
533 599
533 610
533 613
533 617
533 624
533 625
533 632
533 651
533 653
533 662
533 684
533 685
533 692
533 711
533 735
533 739
533 744
533 797
533 819
533 829
533 836
533 845
533 846
533 863
533 878
533 882
533 886
533 889
533 901
533 929
533 951
533 979
533 981
533 983
533 986
533 998
534 540
534 552
534 565
534 577
534 597
534 610
534 659
534 673
534 674
534 687
534 695
534 705
534 715
534 727
534 729
534 737
534 742
534 754
534 756
534 772
534 773
534 779
534 781
534 783
534 789
534 794
534 797
534 801
534 816
534 819
534 835
534 840
534 853
534 855
534 861
534 863
534 869
534 884
534 891
534 901
534 926
534 928
534 934
534 938
534 949
534 953
534 964
534 984
534 991
534 992
534 997
535 543
535 544
535 567
535 598
535 600
535 612
535 657
535 658
535 661
535 667
535 672
535 678
535 681
535 720
535 756
535 762
535 775
535 783
535 789
535 792
535 801
535 805
535 812
535 822
535 824
535 834
535 836
535 845
535 846
535 855
535 864
535 895
535 898
535 899
535 903
535 907
535 915
535 927
535 929
535 938
535 951
535 953
535 954
535 967
535 980
535 989
535 991
536 538
536 543
536 546
536 559
536 560
536 562
536 563
536 570
536 571
536 583
536 590
536 591
536 604
536 622
536 656
536 658
536 662
536 664
536 684
536 686
536 688
536 689
536 696
536 701
536 713
536 765
536 788
536 800
536 801
536 805
536 811
536 813
536 834
536 849
536 850
536 860
536 874
536 886
536 889
536 893
536 895
536 903
536 910
536 912
536 933
536 953
536 961
536 970
536 972
536 980
536 981
536 999
537 564
537 574
537 583
537 596
537 600
537 603
537 607
537 617
537 630
537 637
537 649
537 663
537 671
537 679
537 683
537 696
537 711
537 727
537 734
537 743
537 762
537 775
537 785
537 792
537 809
537 817
537 828
537 834
537 837
537 883
537 894
537 895
537 919
537 922
537 932
537 945
537 951
537 956
537 960
537 973
537 992
538 541
538 551
538 562
538 573
538 577
538 578
538 587
538 600
538 601
538 612
538 617
538 622
538 628
538 629
538 632
538 635
538 645
538 649
538 660
538 664
538 673
538 688
538 692
538 696
538 704
538 712
538 724
538 743
538 757
538 767
538 769
538 773
538 777
538 778
538 789
538 792
538 808
538 816
538 838
538 847
538 852
538 859
538 865
538 867
538 888
538 897
538 906
538 913
538 920
538 930
538 946
538 956
538 960
538 993
539 544
539 551
539 556
539 560
539 563
539 578
539 591
539 598
539 600
539 604
539 616
539 620
539 624
539 629
539 630
539 642
539 659
539 661
539 666
539 669
539 671
539 681
539 710
539 726
539 755
539 758
539 765
539 782
539 802
539 807
539 809
539 815
539 821
539 833
539 863
539 865
539 868
539 877
539 882
539 890
539 894
539 932
539 940
539 943
539 946
539 947
539 955
539 964
539 969
539 974
539 977
539 980
540 547
540 557
540 565
540 638
540 655
540 661
540 667
540 683
540 691
540 697
540 702
540 713
540 718
540 723
540 734
540 736
540 756
540 768
540 771
540 776
540 780
540 781
540 787
540 795
540 796
540 797
540 822
540 825
540 834
540 842
540 848
540 859
540 876
540 923
540 924
540 927
540 934
540 945
540 947
540 949
540 960
540 975
540 980
540 985
541 548
541 559
541 565
541 566
541 577
541 584
541 588
541 590
541 605
541 610
541 618
541 652
541 679
541 686
541 689
541 705
541 710
541 728
541 759
541 783
541 787
541 801
541 808
541 811
541 819
541 826
541 831
541 838
541 839
541 843
541 855
541 857
541 858
541 860
541 888
541 891
541 899
541 907
541 917
541 919
541 950
541 954
541 961
541 969
541 975
541 998
541 999
542 546
542 557
542 573
542 578
542 582
542 586
542 603
542 606
542 614
542 623
542 630
542 634
542 659
542 666
542 669
542 700
542 710
542 722
542 729
542 747
542 749
542 752
542 760
542 761
542 773
542 774
542 775
542 776
542 794
542 807
542 816
542 861
542 864
542 875
542 876
542 888
542 903
542 922
542 931
542 951
542 954
542 969
542 992
543 556
543 579
543 587
543 600
543 603
543 607
543 632
543 637
543 647
543 652
543 653
543 657
543 697
543 706
543 708
543 712
543 729
543 740
543 741
543 743
543 759
543 761
543 766
543 775
543 783
543 789
543 793
543 805
543 809
543 817
543 821
543 823
543 829
543 830
543 837
543 863
543 875
543 882
543 886
543 894
543 901
543 908
543 934
543 943
543 952
543 954
543 956
543 969
543 972
543 990
543 995
543 998
544 547
544 552
544 555
544 559
544 569
544 576
544 601
544 607
544 612
544 615
544 622
544 628
544 640
544 646
544 652
544 661
544 666
544 673
544 676
544 679
544 694
544 696
544 709
544 714
544 722
544 725
544 732
544 736
544 758
544 764
544 770
544 777
544 798
544 800
544 809
544 824
544 842
544 844
544 865
544 873
544 893
544 905
544 916
544 926
544 928
544 929
544 936
544 947
544 966
544 969
544 991
545 547
545 548
545 550
545 559
545 563
545 565
545 622
545 659
545 661
545 664
545 670
545 673
545 711
545 712
545 721
545 724
545 731
545 751
545 756
545 774
545 793
545 794
545 804
545 805
545 806
545 820
545 826
545 837
545 839
545 865
545 866
545 879
545 903
545 909
545 916
545 921
545 923
545 925
545 931
545 932
545 933
545 939
545 941
545 943
545 959
545 964
545 978
545 992
546 564
546 572
546 583
546 587
546 607
546 608
546 614
546 629
546 653
546 658
546 675
546 685
546 699
546 711
546 715
546 730
546 739
546 746
546 749
546 750
546 754
546 779
546 780
546 792
546 795
546 797
546 801
546 815
546 821
546 828
546 829
546 832
546 841
546 858
546 860
546 867
546 869
546 889
546 903
546 919
546 928
546 943
546 947
546 958
546 975
546 976
546 982
546 986
547 553
547 556
547 560
547 569
547 579
547 585
547 588
547 594
547 608
547 612
547 620
547 638
547 642
547 665
547 667
547 680
547 681
547 684
547 687
547 699
547 712
547 714
547 734
547 740
547 745
547 756
547 764
547 770
547 772
547 778
547 795
547 796
547 808
547 809
547 810
547 817
547 824
547 844
547 850
547 874
547 910
547 912
547 919
547 922
547 924
547 925
547 926
547 932
547 933
547 935
547 936
547 938
547 967
547 968
547 969
547 971
547 988
547 993
548 550
548 551
548 559
548 563
548 570
548 577
548 582
548 583
548 585
548 613
548 627
548 652
548 692
548 693
548 696
548 729
548 743
548 746
548 759
548 760
548 764
548 769
548 770
548 771
548 772
548 773
548 785
548 789
548 828
548 839
548 844
548 882
548 888
548 893
548 928
548 930
548 945
548 951
548 956
548 958
548 965
548 981
548 982
548 987
548 991
548 994
549 553
549 556
549 561
549 575
549 588
549 598
549 624
549 635
549 640
549 648
549 670
549 671
549 674
549 678
549 688
549 708
549 717
549 734
549 754
549 771
549 790
549 808
549 810
549 830
549 844
549 852
549 856
549 864
549 876
549 893
549 912
549 937
549 951
549 968
549 973
549 984
549 999
550 558
550 570
550 574
550 575
550 577
550 582
550 603
550 633
550 635
550 640
550 662
550 669
550 684
550 728
550 742
550 749
550 761
550 770
550 774
550 792
550 794
550 819
550 828
550 854
550 857
550 859
550 861
550 872
550 954
550 958
550 970
550 994
551 557
551 569
551 588
551 593
551 603
551 607
551 612
551 651
551 657
551 689
551 693
551 695
551 698
551 699
551 717
551 730
551 741
551 747
551 754
551 765
551 766
551 767
551 768
551 775
551 785
551 809
551 812
551 815
551 835
551 848
551 854
551 858
551 859
551 866
551 874
551 894
551 921
551 928
551 930
551 961
551 981
552 556
552 568
552 572
552 607
552 611
552 613
552 618
552 631
552 635
552 636
552 643
552 645
552 648
552 660
552 685
552 719
552 737
552 750
552 760
552 761
552 782
552 790
552 804
552 820
552 828
552 829
552 842
552 860
552 880
552 883
552 885
552 888
552 889
552 890
552 897
552 898
552 904
552 906
552 907
552 918
552 920
552 926
552 950
552 963
552 972
552 979
552 995
553 560
553 572
553 593
553 594
553 604
553 609
553 622
553 640
553 653
553 654
553 672
553 676
553 681
553 702
553 705
553 715
553 737
553 746
553 751
553 760
553 783
553 789
553 801
553 807
553 811
553 818
553 829
553 847
553 848
553 860
553 871
553 888
553 890
553 891
553 907
553 920
553 924
553 952
553 956
553 964
553 965
553 972
553 977
553 981
554 574
554 581
554 584
554 593
554 606
554 610
554 666
554 675
554 680
554 681
554 692
554 694
554 725
554 731
554 750
554 755
554 762
554 764
554 765
554 777
554 778
554 790
554 798
554 799
554 836
554 842
554 859
554 873
554 874
554 876
554 881
554 886
554 889
554 903
554 908
554 941
554 949
554 962
554 985
554 990
555 556
555 597
555 606
555 616
555 628
555 635
555 676
555 684
555 703
555 706
555 715
555 719
555 726
555 727
555 732
555 734
555 746
555 748
555 755
555 771
555 781
555 783
555 786
555 790
555 794
555 824
555 833
555 839
555 843
555 848
555 852
555 868
555 872
555 877
555 889
555 892
555 894
555 907
555 908
555 926
555 928
555 938
555 946
555 950
555 961
555 963
555 965
555 981
555 985
555 990
556 569
556 578
556 582
556 589
556 606
556 622
556 631
556 646
556 654
556 655
556 661
556 671
556 672
556 699
556 701
556 702
556 704
556 712
556 714
556 718
556 727
556 744
556 745
556 751
556 759
556 762
556 768
556 798
556 801
556 805
556 813
556 817
556 839
556 842
556 855
556 857
556 863
556 874
556 898
556 899
556 904
556 905
556 906
556 925
556 947
556 950
556 954
556 960
556 961
556 962
556 995
557 590
557 633
557 660
557 663
557 678
557 692
557 711
557 715
557 716
557 724
557 780
557 792
557 805
557 820
557 823
557 825
557 826
557 834
557 838
557 853
557 859
557 871
557 893
557 942
557 950
557 959
557 965
557 967
557 972
557 973
557 998
558 559
558 602
558 612
558 644
558 656
558 659
558 663
558 707
558 734
558 763
558 781
558 783
558 786
558 789
558 797
558 799
558 806
558 820
558 826
558 833
558 840
558 842
558 849
558 864
558 870
558 879
558 890
558 905
558 939
558 945
558 947
558 951
558 953
558 956
558 981
558 983
559 579
559 585
559 590
559 604
559 610
559 640
559 650
559 652
559 654
559 658
559 683
559 687
559 689
559 705
559 717
559 756
559 768
559 776
559 795
559 817
559 819
559 824
559 834
559 835
559 856
559 862
559 876
559 888
559 921
559 922
559 934
559 938
559 965
559 975
559 979
559 981
559 988
559 991
559 997
560 570
560 573
560 596
560 601
560 604
560 610
560 645
560 646
560 657
560 661
560 662
560 674
560 675
560 686
560 691
560 693
560 697
560 703
560 732
560 736
560 741
560 748
560 756
560 771
560 773
560 774
560 778
560 787
560 793
560 797
560 807
560 819
560 829
560 832
560 840
560 845
560 851
560 877
560 880
560 894
560 901
560 902
560 909
560 910
560 911
560 913
560 933
560 946
560 949
560 962
560 985
560 993
561 562
561 565
561 578
561 588
561 601
561 613
561 620
561 630
561 655
561 657
561 668
561 677
561 696
561 698
561 699
561 715
561 733
561 739
561 748
561 758
561 761
561 776
561 785
561 795
561 815
561 817
561 830
561 850
561 851
561 852
561 923
561 926
561 928
561 939
561 940
561 942
561 950
561 957
561 959
561 984
561 990
561 998
562 570
562 580
562 585
562 588
562 600
562 605
562 606
562 609
562 617
562 626
562 630
562 647
562 651
562 661
562 666
562 701
562 729
562 731
562 737
562 746
562 755
562 773
562 786
562 800
562 841
562 849
562 854
562 861
562 864
562 875
562 882
562 887
562 901
562 902
562 909
562 916
562 924
562 935
562 958
562 962
563 581
563 588
563 594
563 608
563 609
563 628
563 660
563 676
563 683
563 691
563 726
563 737
563 744
563 769
563 785
563 790
563 797
563 801
563 803
563 812
563 819
563 823
563 827
563 837
563 849
563 866
563 869
563 870
563 886
563 895
563 896
563 900
563 929
563 944
563 946
563 947
563 952
563 962
563 974
563 976
563 977
563 979
563 987
564 583
564 590
564 595
564 614
564 615
564 621
564 628
564 636
564 659
564 660
564 678
564 687
564 702
564 709
564 711
564 712
564 727
564 731
564 738
564 756
564 772
564 781
564 782
564 792
564 793
564 797
564 800
564 805
564 815
564 818
564 821
564 840
564 845
564 856
564 858
564 859
564 862
564 863
564 869
564 875
564 881
564 912
564 929
564 938
564 948
564 956
564 957
564 964
564 984
564 988
565 566
565 574
565 600
565 605
565 606
565 614
565 628
565 638
565 640
565 644
565 660
565 670
565 684
565 686
565 696
565 700
565 722
565 735
565 748
565 755
565 768
565 790
565 806
565 810
565 849
565 878
565 880
565 896
565 897
565 906
565 907
565 918
565 920
565 930
565 938
565 946
565 951
565 953
565 985
565 988
565 995
566 570
566 594
566 598
566 607
566 637
566 647
566 648
566 651
566 654
566 661
566 668
566 695
566 711
566 714
566 718
566 726
566 731
566 736
566 737
566 741
566 751
566 780
566 789
566 790
566 803
566 806
566 808
566 828
566 837
566 839
566 867
566 882
566 922
566 942
566 943
566 944
566 951
566 955
566 958
566 964
566 971
566 992
566 998
567 590
567 591
567 609
567 624
567 628
567 631
567 633
567 636
567 641
567 643
567 659
567 666
567 668
567 690
567 704
567 718
567 719
567 733
567 767
567 791
567 813
567 816
567 817
567 830
567 840
567 844
567 850
567 861
567 877
567 881
567 887
567 889
567 894
567 910
567 916
567 920
567 937
567 941
567 944
567 950
567 959
567 962
567 974
567 977
567 979
567 981
567 982
567 993
567 994
568 574
568 579
568 583
568 603
568 618
568 623
568 629
568 633
568 654
568 667
568 683
568 689
568 703
568 705
568 724
568 748
568 756
568 757
568 765
568 781
568 782
568 788
568 789
568 824
568 838
568 845
568 869
568 879
568 881
568 897
568 900
568 914
568 923
568 931
568 932
568 960
568 961
568 977
568 981
568 993
569 581
569 585
569 617
569 630
569 633
569 640
569 642
569 648
569 655
569 657
569 666
569 674
569 681
569 693
569 701
569 709
569 712
569 714
569 724
569 725
569 726
569 759
569 761
569 767
569 774
569 785
569 799
569 801
569 822
569 842
569 846
569 851
569 872
569 879
569 895
569 904
569 927
569 933
569 948
569 960
569 961
570 573
570 601
570 604
570 606
570 620
570 622
570 697
570 749
570 761
570 765
570 770
570 781
570 782
570 788
570 795
570 808
570 812
570 816
570 818
570 834
570 845
570 862
570 870
570 920
570 923
570 938
570 956
570 970
570 972
570 987
570 992
571 576
571 588
571 615
571 617
571 628
571 636
571 654
571 656
571 657
571 659
571 665
571 670
571 690
571 697
571 716
571 718
571 726
571 729
571 746
571 750
571 759
571 767
571 780
571 785
571 790
571 805
571 829
571 836
571 838
571 840
571 841
571 845
571 846
571 879
571 880
571 887
571 889
571 890
571 902
571 914
571 928
571 945
571 949
571 950
571 966
571 971
571 973
571 979
571 985
571 989
571 997
572 582
572 604
572 620
572 633
572 635
572 636
572 653
572 677
572 683
572 690
572 697
572 699
572 709
572 722
572 723
572 744
572 745
572 748
572 752
572 778
572 789
572 797
572 801
572 802
572 804
572 817
572 834
572 844
572 847
572 851
572 859
572 875
572 886
572 887
572 921
572 924
572 934
572 935
572 936
572 941
572 943
572 957
572 959
573 577
573 580
573 588
573 601
573 609
573 613
573 614
573 618
573 622
573 634
573 637
573 639
573 653
573 656
573 659
573 668
573 687
573 690
573 694
573 707
573 737
573 750
573 771
573 777
573 783
573 784
573 785
573 786
573 789
573 793
573 801
573 811
573 814
573 832
573 841
573 858
573 869
573 875
573 886
573 907
573 913
573 916
573 921
573 931
573 945
573 963
573 964
573 984
573 996
574 598
574 612
574 628
574 635
574 643
574 648
574 660
574 661
574 666
574 667
574 683
574 690
574 693
574 696
574 698
574 707
574 709
574 727
574 745
574 750
574 788
574 790
574 792
574 851
574 854
574 860
574 879
574 903
574 904
574 922
574 928
574 937
574 942
574 956
574 957
574 959
574 967
574 982
574 996
574 999
575 602
575 606
575 615
575 620
575 622
575 631
575 653
575 656
575 657
575 670
575 673
575 680
575 700
575 701
575 729
575 731
575 739
575 751
575 755
575 757
575 758
575 772
575 775
575 780
575 801
575 805
575 815
575 822
575 843
575 845
575 863
575 864
575 865
575 866
575 875
575 876
575 890
575 896
575 900
575 912
575 918
575 924
575 929
575 931
575 935
575 961
575 975
575 987
575 991
575 992
575 995
576 588
576 591
576 598
576 605
576 611
576 612
576 637
576 639
576 644
576 650
576 662
576 664
576 670
576 671
576 680
576 681
576 689
576 691
576 694
576 696
576 699
576 702
576 703
576 725
576 764
576 765
576 776
576 812
576 819
576 821
576 833
576 869
576 877
576 878
576 888
576 897
576 900
576 905
576 908
576 921
576 956
576 980
576 994
577 586
577 592
577 593
577 610
577 617
577 643
577 646
577 649
577 654
577 671
577 672
577 686
577 692
577 695
577 792
577 807
577 811
577 812
577 845
577 851
577 871
577 882
577 887
577 907
577 922
577 927
577 936
577 948
577 965
577 981
577 999
578 581
578 591
578 594
578 596
578 599
578 618
578 626
578 630
578 658
578 663
578 670
578 674
578 675
578 680
578 701
578 708
578 711
578 720
578 721
578 743
578 747
578 755
578 766
578 780
578 782
578 794
578 802
578 818
578 837
578 838
578 844
578 850
578 856
578 862
578 870
578 871
578 874
578 878
578 883
578 891
578 896
578 911
578 918
578 922
578 929
578 940
578 942
578 960
578 962
579 585
579 590
579 592
579 597
579 601
579 624
579 642
579 643
579 667
579 679
579 682
579 683
579 690
579 698
579 699
579 720
579 734
579 736
579 741
579 773
579 774
579 784
579 796
579 798
579 801
579 807
579 811
579 824
579 836
579 866
579 879
579 894
579 896
579 919
579 925
579 927
579 932
579 933
579 943
579 953
579 961
579 985
579 993
580 588
580 593
580 594
580 605
580 606
580 611
580 612
580 617
580 621
580 631
580 643
580 660
580 662
580 688
580 697
580 709
580 725
580 727
580 728
580 738
580 740
580 756
580 788
580 797
580 800
580 802
580 808
580 823
580 828
580 843
580 847
580 859
580 865
580 881
580 893
580 899
580 903
580 907
580 969
580 997
581 588
581 599
581 608
581 613
581 621
581 639
581 654
581 672
581 681
581 689
581 691
581 704
581 713
581 725
581 728
581 745
581 760
581 780
581 788
581 789
581 800
581 818
581 839
581 844
581 867
581 868
581 884
581 887
581 889
581 901
581 910
581 922
581 927
581 947
581 951
581 962
581 984
581 990
581 993
582 596
582 600
582 645
582 653
582 658
582 674
582 692
582 706
582 707
582 729
582 732
582 737
582 740
582 760
582 764
582 767
582 774
582 790
582 792
582 802
582 814
582 831
582 835
582 847
582 863
582 865
582 868
582 886
582 913
582 916
582 928
582 929
582 934
582 939
582 976
582 993
583 586
583 587
583 589
583 591
583 604
583 612
583 614
583 615
583 616
583 630
583 634
583 641
583 648
583 654
583 657
583 672
583 686
583 699
583 705
583 720
583 739
583 756
583 784
583 804
583 810
583 812
583 825
583 841
583 843
583 847
583 848
583 850
583 852
583 854
583 866
583 876
583 877
583 879
583 889
583 937
583 938
583 945
583 947
583 970
583 975
583 977
583 982
583 990
584 590
584 599
584 620
584 636
584 643
584 645
584 678
584 704
584 707
584 716
584 741
584 745
584 747
584 755
584 762
584 775
584 779
584 785
584 802
584 807
584 820
584 831
584 834
584 843
584 858
584 860
584 865
584 872
584 891
584 892
584 911
584 912
584 915
584 918
584 974
584 977
584 981
584 984
585 586
585 591
585 602
585 607
585 618
585 643
585 644
585 647
585 649
585 654
585 655
585 662
585 670
585 674
585 698
585 704
585 715
585 725
585 733
585 736
585 748
585 751
585 770
585 778
585 789
585 794
585 855
585 864
585 879
585 886
585 902
585 906
585 912
585 915
585 937
586 587
586 600
586 602
586 603
586 605
586 606
586 608
586 610
586 614
586 628
586 639
586 653
586 675
586 690
586 703
586 709
586 768
586 789
586 793
586 794
586 806
586 817
586 824
586 828
586 830
586 836
586 853
586 862
586 882
586 891
586 895
586 899
586 903
586 909
586 927
586 940
586 942
586 951
586 964
586 967
586 974
586 988
586 997
587 590
587 592
587 631
587 637
587 640
587 666
587 671
587 685
587 686
587 693
587 699
587 722
587 732
587 743
587 744
587 745
587 756
587 765
587 771
587 774
587 779
587 815
587 825
587 828
587 831
587 833
587 842
587 862
587 865
587 886
587 887
587 892
587 900
587 902
587 911
587 918
587 919
587 924
587 940
587 975
587 977
587 981
587 996
587 998
588 637
588 647
588 673
588 683
588 731
588 745
588 756
588 771
588 797
588 804
588 807
588 814
588 817
588 821
588 822
588 836
588 837
588 855
588 862
588 875
588 880
588 887
588 908
588 940
588 951
588 964
588 965
588 966
588 973
589 629
589 645
589 661
589 673
589 683
589 688
589 712
589 722
589 733
589 747
589 749
589 775
589 782
589 786
589 793
589 796
589 799
589 802
589 803
589 828
589 833
589 872
589 892
589 923
589 928
589 933
589 946
589 948
589 954
589 968
589 983
589 984
589 991
590 592
590 598
590 617
590 629
590 631
590 639
590 640
590 679
590 682
590 690
590 706
590 730
590 736
590 738
590 739
590 750
590 755
590 757
590 765
590 766
590 771
590 773
590 778
590 782
590 790
590 799
590 804
590 811
590 816
590 822
590 830
590 832
590 833
590 834
590 840
590 849
590 858
590 862
590 865
590 868
590 881
590 883
590 885
590 888
590 892
590 917
590 932
590 933
590 956
590 967
590 990
590 995
591 595
591 609
591 627
591 637
591 645
591 676
591 697
591 701
591 702
591 755
591 800
591 805
591 837
591 840
591 842
591 844
591 846
591 859
591 869
591 873
591 876
591 882
591 884
591 891
591 896
591 913
591 958
591 960
591 964
591 972
591 975
592 599
592 604
592 640
592 659
592 678
592 681
592 683
592 694
592 741
592 743
592 745
592 767
592 787
592 797
592 804
592 810
592 828
592 835
592 851
592 853
592 854
592 863
592 864
592 882
592 894
592 895
592 898
592 919
592 949
592 964
592 974
592 998
593 602
593 604
593 619
593 623
593 627
593 632
593 648
593 652
593 655
593 666
593 669
593 670
593 680
593 702
593 716
593 730
593 737
593 743
593 777
593 793
593 802
593 808
593 817
593 820
593 830
593 849
593 850
593 873
593 893
593 895
593 919
593 923
593 934
593 968
593 972
594 601
594 603
594 609
594 615
594 642
594 648
594 649
594 682
594 686
594 690
594 700
594 703
594 708
594 709
594 736
594 739
594 758
594 786
594 798
594 801
594 803
594 813
594 833
594 836
594 840
594 844
594 846
594 852
594 860
594 874
594 881
594 882
594 883
594 892
594 893
594 894
594 897
594 911
594 912
594 914
594 921
594 932
594 938
594 950
594 955
594 957
594 959
594 961
594 970
594 974
594 975
594 985
594 997
594 998
595 601
595 618
595 624
595 630
595 655
595 666
595 667
595 670
595 681
595 698
595 709
595 712
595 725
595 736
595 753
595 754
595 764
595 777
595 786
595 805
595 818
595 819
595 831
595 836
595 839
595 851
595 879
595 884
595 889
595 893
595 894
595 896
595 900
595 905
595 923
595 932
595 942
595 943
595 956
595 967
595 973
595 998
596 598
596 610
596 615
596 641
596 645
596 662
596 665
596 675
596 684
596 694
596 695
596 697
596 704
596 743
596 772
596 784
596 787
596 826
596 830
596 833
596 843
596 844
596 851
596 852
596 882
596 891
596 904
596 906
596 923
596 941
596 950
596 957
596 969
596 971
596 977
597 601
597 612
597 634
597 646
597 649
597 664
597 679
597 682
597 714
597 718
597 721
597 734
597 743
597 751
597 754
597 784
597 785
597 801
597 813
597 822
597 841
597 848
597 858
597 865
597 867
597 872
597 876
597 878
597 881
597 883
597 887
597 897
597 905
597 906
597 907
597 908
597 910
597 923
597 934
597 938
597 954
597 957
597 985
597 997
598 618
598 661
598 671
598 672
598 711
598 723
598 724
598 735
598 743
598 758
598 759
598 767
598 768
598 774
598 783
598 798
598 837
598 847
598 860
598 873
598 885
598 889
598 940
598 948
598 957
598 996
599 607
599 608
599 622
599 643
599 644
599 654
599 658
599 680
599 681
599 710
599 714
599 739
599 750
599 756
599 762
599 777
599 780
599 820
599 831
599 836
599 848
599 849
599 853
599 869
599 876
599 878
599 909
599 915
599 919
599 927
599 931
599 933
599 935
599 936
599 937
599 950
599 977
600 607
600 610
600 611
600 617
600 619
600 629
600 633
600 647
600 667
600 670
600 672
600 682
600 683
600 686
600 693
600 714
600 718
600 740
600 744
600 754
600 767
600 780
600 789
600 803
600 807
600 832
600 836
600 842
600 858
600 859
600 865
600 869
600 891
600 892
600 903
600 916
600 923
600 926
600 942
600 970
600 972
600 976
600 987
600 990
600 995
601 625
601 631
601 632
601 636
601 643
601 654
601 673
601 675
601 677
601 685
601 701
601 723
601 767
601 776
601 804
601 814
601 830
601 851
601 866
601 867
601 869
601 873
601 875
601 880
601 881
601 891
601 895
601 902
601 916
601 933
601 935
601 938
601 940
601 964
601 971
601 982
602 606
602 607
602 618
602 624
602 642
602 652
602 684
602 688
602 689
602 699
602 717
602 725
602 727
602 743
602 753
602 779
602 817
602 830
602 833
602 836
602 846
602 847
602 851
602 865
602 874
602 879
602 884
602 903
602 904
602 928
602 950
602 963
602 981
603 605
603 606
603 648
603 655
603 667
603 669
603 673
603 689
603 705
603 736
603 738
603 743
603 762
603 763
603 772
603 774
603 791
603 801
603 806
603 818
603 820
603 836
603 838
603 843
603 847
603 848
603 849
603 851
603 853
603 857
603 860
603 863
603 873
603 884
603 893
603 895
603 924
603 931
603 945
603 949
603 983
603 996
603 999
604 616
604 634
604 652
604 659
604 675
604 692
604 706
604 716
604 727
604 739
604 743
604 750
604 757
604 761
604 762
604 767
604 772
604 783
604 799
604 802
604 808
604 821
604 822
604 832
604 834
604 842
604 848
604 850
604 851
604 865
604 867
604 880
604 909
604 914
604 922
604 929
604 938
604 960
604 967
604 993
604 995
605 607
605 610
605 633
605 635
605 643
605 649
605 651
605 656
605 661
605 665
605 666
605 673
605 677
605 684
605 685
605 699
605 702
605 716
605 728
605 766
605 777
605 785
605 803
605 804
605 816
605 821
605 840
605 842
605 855
605 902
605 911
605 912
605 919
605 939
605 951
605 956
605 962
605 965
605 969
605 971
605 978
605 993
606 612
606 613
606 645
606 672
606 682
606 691
606 692
606 698
606 709
606 713
606 731
606 734
606 735
606 745
606 755
606 758
606 759
606 760
606 792
606 802
606 805
606 814
606 836
606 860
606 871
606 888
606 890
606 893
606 895
606 899
606 905
606 912
606 914
606 919
606 922
606 948
606 958
606 977
606 995
606 998
607 642
607 648
607 654
607 657
607 665
607 676
607 695
607 702
607 727
607 743
607 750
607 753
607 755
607 756
607 758
607 761
607 763
607 767
607 803
607 811
607 851
607 852
607 854
607 857
607 862
607 863
607 864
607 890
607 916
607 954
607 956
607 961
607 977
607 985
607 991
607 994
608 628
608 634
608 637
608 646
608 647
608 653
608 655
608 664
608 674
608 678
608 683
608 692
608 710
608 715
608 717
608 752
608 759
608 807
608 829
608 831
608 838
608 849
608 852
608 870
608 875
608 876
608 877
608 889
608 893
608 923
608 926
608 936
608 939
608 955
608 958
608 959
608 978
608 986
608 989
608 996
608 999
609 613
609 615
609 621
609 630
609 638
609 643
609 646
609 653
609 683
609 687
609 689
609 699
609 701
609 702
609 715
609 721
609 732
609 738
609 772
609 774
609 778
609 785
609 788
609 812
609 821
609 827
609 835
609 837
609 839
609 858
609 895
609 899
609 900
609 903
609 904
609 916
609 932
609 936
609 952
609 970
609 972
609 988
609 994
610 622
610 642
610 700
610 718
610 725
610 729
610 733
610 759
610 763
610 784
610 793
610 814
610 821
610 849
610 862
610 876
610 883
610 888
610 922
610 948
610 950
610 952
610 960
610 978
610 989
610 996
611 612
611 636
611 643
611 646
611 647
611 650
611 656
611 705
611 709
611 716
611 717
611 732
611 744
611 746
611 756
611 760
611 774
611 788
611 793
611 798
611 805
611 810
611 819
611 832
611 841
611 843
611 844
611 854
611 863
611 869
611 882
611 884
611 894
611 900
611 920
611 923
611 947
611 952
611 961
611 965
611 976
611 998
612 631
612 640
612 675
612 679
612 680
612 693
612 696
612 700
612 708
612 727
612 731
612 733
612 734
612 747
612 764
612 765
612 779
612 783
612 808
612 813
612 828
612 829
612 834
612 843
612 856
612 878
612 879
612 898
612 905
612 918
612 930
612 935
612 942
612 944
612 945
612 946
612 957
612 973
612 984
612 988
613 624
613 625
613 628
613 630
613 637
613 645
613 648
613 659
613 666
613 671
613 672
613 675
613 679
613 701
613 707
613 712
613 716
613 719
613 720
613 747
613 770
613 773
613 780
613 781
613 786
613 802
613 815
613 858
613 871
613 880
613 883
613 890
613 891
613 930
613 975
614 623
614 625
614 651
614 655
614 665
614 667
614 676
614 687
614 689
614 703
614 707
614 732
614 733
614 745
614 775
614 790
614 803
614 817
614 819
614 821
614 829
614 863
614 872
614 902
614 915
614 930
614 936
614 941
614 948
614 950
614 961
614 962
615 621
615 637
615 677
615 678
615 719
615 720
615 754
615 756
615 757
615 759
615 768
615 772
615 774
615 780
615 807
615 809
615 817
615 844
615 851
615 855
615 884
615 885
615 887
615 906
615 917
615 918
615 923
615 926
615 938
615 942
615 951
615 954
615 958
615 985
615 994
615 997
616 622
616 624
616 648
616 651
616 680
616 685
616 694
616 699
616 701
616 706
616 723
616 734
616 739
616 762
616 766
616 767
616 773
616 800
616 808
616 811
616 814
616 824
616 842
616 850
616 857
616 870
616 872
616 891
616 898
616 909
616 924
616 926
616 932
616 935
616 936
616 937
616 951
616 953
616 974
616 986
616 989
617 643
617 655
617 708
617 709
617 711
617 717
617 718
617 730
617 733
617 748
617 749
617 754
617 791
617 795
617 801
617 802
617 807
617 821
617 856
617 857
617 879
617 886
617 923
617 931
617 945
617 949
617 980
617 999
618 628
618 632
618 637
618 638
618 666
618 667
618 679
618 685
618 694
618 695
618 711
618 716
618 722
618 742
618 748
618 760
618 768
618 785
618 787
618 792
618 815
618 834
618 838
618 848
618 885
618 889
618 897
618 907
618 928
618 935
618 947
618 956
618 958
618 965
618 974
618 992
619 624
619 626
619 642
619 672
619 673
619 676
619 677
619 680
619 703
619 717
619 728
619 739
619 745
619 753
619 762
619 773
619 786
619 794
619 803
619 809
619 827
619 832
619 841
619 848
619 861
619 863
619 882
619 885
619 894
619 902
619 922
619 926
619 934
619 944
619 946
619 947
619 958
619 960
619 968
619 969
619 992
620 626
620 631
620 639
620 661
620 687
620 689
620 695
620 696
620 712
620 715
620 718
620 732
620 755
620 765
620 793
620 802
620 808
620 839
620 847
620 852
620 883
620 901
620 913
620 942
620 943
620 949
620 960
620 987
620 990
621 633
621 637
621 643
621 651
621 654
621 702
621 703
621 710
621 749
621 756
621 761
621 763
621 769
621 771
621 776
621 789
621 791
621 795
621 799
621 804
621 808
621 810
621 814
621 820
621 873
621 887
621 899
621 924
621 944
621 946
621 966
621 971
621 988
622 630
622 646
622 665
622 676
622 682
622 686
622 693
622 697
622 712
622 739
622 742
622 745
622 756
622 761
622 783
622 785
622 788
622 789
622 792
622 802
622 804
622 807
622 815
622 840
622 842
622 843
622 860
622 867
622 872
622 893
622 896
622 898
622 909
622 910
622 913
622 914
622 937
622 944
622 945
622 954
622 960
622 961
622 977
622 981
622 987
622 988
622 997
623 626
623 638
623 642
623 646
623 666
623 672
623 679
623 700
623 701
623 733
623 734
623 745
623 756
623 761
623 781
623 790
623 802
623 805
623 816
623 817
623 831
623 853
623 865
623 872
623 873
623 897
623 912
623 913
623 915
623 929
623 935
623 949
623 959
623 973
623 974
623 983
624 625
624 633
624 638
624 646
624 664
624 686
624 693
624 695
624 698
624 705
624 709
624 713
624 717
624 719
624 724
624 730
624 732
624 755
624 774
624 791
624 803
624 826
624 837
624 838
624 859
624 862
624 871
624 872
624 877
624 892
624 896
624 901
624 905
624 910
624 936
624 940
624 948
624 976
625 632
625 639
625 644
625 645
625 653
625 657
625 669
625 675
625 680
625 686
625 693
625 717
625 719
625 729
625 739
625 760
625 766
625 767
625 773
625 774
625 785
625 817
625 824
625 826
625 827
625 833
625 835
625 845
625 855
625 860
625 868
625 873
625 876
625 878
625 896
625 906
625 944
625 963
625 967
625 971
625 982
625 992
625 995
625 996
626 641
626 651
626 660
626 662
626 668
626 674
626 682
626 695
626 699
626 707
626 709
626 761
626 762
626 778
626 780
626 783
626 790
626 793
626 807
626 817
626 837
626 844
626 862
626 864
626 869
626 892
626 911
626 923
626 924
627 637
627 653
627 704
627 711
627 714
627 751
627 760
627 761
627 764
627 770
627 771
627 775
627 789
627 792
627 801
627 806
627 823
627 832
627 855
627 861
627 865
627 872
627 877
627 919
627 926
627 940
627 957
627 966
627 980
628 631
628 646
628 653
628 659
628 663
628 668
628 671
628 691
628 701
628 712
628 721
628 722
628 729
628 755
628 758
628 763
628 778
628 788
628 790
628 791
628 798
628 800
628 808
628 813
628 832
628 852
628 864
628 878
628 884
628 889
628 890
628 896
628 899
628 903
628 906
628 918
628 920
628 932
628 936
628 937
628 960
628 985
629 635
629 636
629 637
629 643
629 652
629 653
629 656
629 664
629 666
629 668
629 680
629 695
629 700
629 712
629 715
629 717
629 727
629 748
629 754
629 755
629 756
629 771
629 802
629 808
629 810
629 821
629 856
629 862
629 879
629 885
629 887
629 898
629 902
629 940
629 964
629 976
629 977
629 988
629 993
630 631
630 632
630 645
630 646
630 649
630 667
630 679
630 692
630 697
630 703
630 725
630 762
630 764
630 766
630 777
630 778
630 805
630 807
630 819
630 822
630 826
630 827
630 836
630 851
630 854
630 856
630 886
630 897
630 898
630 922
630 977
630 980
630 987
630 989
630 997
631 633
631 650
631 659
631 666
631 758
631 767
631 775
631 781
631 812
631 819
631 821
631 841
631 876
631 886
631 911
631 916
631 918
631 919
631 937
631 953
631 965
631 975
631 977
631 980
631 993
631 997
632 637
632 649
632 660
632 665
632 671
632 675
632 704
632 713
632 725
632 733
632 745
632 749
632 768
632 788
632 792
632 793
632 798
632 811
632 813
632 830
632 838
632 844
632 861
632 875
632 879
632 882
632 885
632 914
632 931
632 933
632 946
632 961
632 962
632 968
632 977
632 986
632 988
633 653
633 656
633 664
633 681
633 688
633 697
633 727
633 740
633 757
633 776
633 788
633 789
633 793
633 795
633 808
633 811
633 814
633 824
633 829
633 834
633 839
633 875
633 876
633 887
633 900
633 901
633 920
633 923
633 939
633 965
633 983
633 987
634 638
634 643
634 662
634 681
634 695
634 701
634 706
634 712
634 726
634 730
634 731
634 735
634 741
634 745
634 747
634 753
634 756
634 759
634 771
634 780
634 790
634 797
634 804
634 806
634 836
634 837
634 840
634 842
634 874
634 886
634 887
634 897
634 904
634 908
634 925
634 926
634 955
634 977
634 979
634 983
634 990
635 647
635 662
635 664
635 667
635 682
635 684
635 722
635 723
635 731
635 737
635 743
635 746
635 748
635 750
635 764
635 767
635 768
635 772
635 778
635 788
635 789
635 790
635 792
635 794
635 801
635 803
635 810
635 821
635 832
635 842
635 862
635 865
635 871
635 881
635 885
635 913
635 914
635 921
635 935
635 949
635 954
635 969
635 979
635 989
636 663
636 667
636 678
636 685
636 708
636 725
636 728
636 733
636 734
636 750
636 751
636 771
636 774
636 789
636 790
636 795
636 800
636 816
636 820
636 829
636 833
636 860
636 888
636 905
636 906
636 913
636 923
636 934
636 952
636 955
636 959
636 975
636 985
636 998
637 638
637 648
637 655
637 668
637 680
637 686
637 711
637 739
637 742
637 745
637 752
637 758
637 761
637 762
637 785
637 792
637 821
637 837
637 841
637 860
637 867
637 887
637 896
637 897
637 900
637 904
637 905
637 906
637 913
637 927
637 929
637 930
637 933
637 938
637 945
637 946
637 959
637 968
637 969
637 975
637 995
637 999
638 652
638 670
638 702
638 722
638 728
638 754
638 756
638 758
638 766
638 785
638 798
638 810
638 834
638 835
638 846
638 855
638 870
638 886
638 912
638 921
638 923
638 960
638 972
638 975
638 981
638 995
638 999
639 643
639 652
639 683
639 700
639 703
639 707
639 710
639 713
639 729
639 747
639 757
639 763
639 766
639 775
639 782
639 795
639 797
639 801
639 806
639 814
639 824
639 832
639 839
639 858
639 859
639 862
639 876
639 897
639 909
639 911
639 915
639 932
639 934
639 937
639 938
639 945
639 948
639 957
639 973
640 655
640 657
640 672
640 675
640 686
640 695
640 698
640 699
640 725
640 727
640 739
640 742
640 744
640 747
640 763
640 766
640 768
640 781
640 795
640 810
640 812
640 822
640 829
640 835
640 871
640 872
640 876
640 879
640 886
640 906
640 909
640 921
640 933
640 936
640 938
640 946
640 958
640 960
640 986
641 657
641 694
641 697
641 709
641 713
641 736
641 770
641 782
641 783
641 785
641 793
641 799
641 803
641 804
641 820
641 838
641 848
641 854
641 864
641 866
641 873
641 893
641 894
641 895
641 906
641 908
641 922
641 926
641 930
641 938
641 943
641 944
641 959
641 965
641 981
641 998
642 646
642 662
642 669
642 671
642 679
642 681
642 682
642 683
642 687
642 695
642 711
642 731
642 732
642 734
642 741
642 746
642 749
642 758
642 775
642 778
642 794
642 802
642 813
642 814
642 816
642 827
642 835
642 836
642 881
642 885
642 887
642 898
642 901
642 906
642 924
642 939
642 940
642 966
642 980
642 988
642 995
643 644
643 646
643 658
643 664
643 676
643 681
643 695
643 701
643 721
643 763
643 764
643 766
643 768
643 780
643 790
643 795
643 799
643 841
643 855
643 861
643 867
643 869
643 871
643 887
643 892
643 895
643 898
643 902
643 906
643 926
643 935
643 942
643 975
643 976
643 978
643 991
643 993
644 652
644 659
644 678
644 685
644 694
644 702
644 743
644 749
644 756
644 758
644 763
644 773
644 798
644 802
644 817
644 819
644 852
644 867
644 870
644 883
644 913
644 923
644 970
644 983
644 994
645 670
645 673
645 679
645 684
645 699
645 712
645 713
645 724
645 725
645 736
645 741
645 765
645 768
645 776
645 792
645 795
645 796
645 821
645 839
645 859
645 871
645 878
645 898
645 918
645 942
645 944
645 953
645 986
645 990
645 996
646 653
646 657
646 663
646 671
646 672
646 683
646 690
646 700
646 705
646 712
646 726
646 745
646 759
646 765
646 772
646 797
646 804
646 806
646 808
646 816
646 848
646 858
646 880
646 885
646 888
646 910
646 938
646 947
646 950
646 960
646 964
647 651
647 665
647 683
647 686
647 692
647 702
647 704
647 707
647 713
647 732
647 741
647 747
647 751
647 765
647 798
647 803
647 811
647 821
647 845
647 855
647 865
647 867
647 871
647 874
647 883
647 884
647 890
647 904
647 929
647 934
647 935
647 950
647 959
647 960
647 970
647 985
647 995
648 687
648 746
648 762
648 767
648 776
648 779
648 780
648 802
648 819
648 825
648 835
648 840
648 850
648 864
648 865
648 891
648 904
648 913
648 923
648 974
648 985
648 996
649 658
649 664
649 672
649 677
649 681
649 700
649 702
649 717
649 734
649 759
649 768
649 783
649 789
649 797
649 817
649 821
649 874
649 877
649 902
649 908
649 916
649 932
649 937
649 955
649 972
649 980
649 983
649 990
649 993
649 998
650 654
650 667
650 682
650 684
650 692
650 693
650 699
650 718
650 725
650 726
650 742
650 747
650 748
650 750
650 751
650 766
650 769
650 774
650 776
650 783
650 806
650 814
650 831
650 836
650 841
650 850
650 866
650 877
650 878
650 896
650 910
650 916
650 935
650 949
650 974
650 977
650 981
651 656
651 668
651 679
651 685
651 687
651 709
651 731
651 735
651 761
651 762
651 769
651 773
651 790
651 798
651 802
651 822
651 837
651 840
651 864
651 875
651 880
651 888
651 904
651 917
651 924
651 931
651 932
651 940
651 951
651 955
651 992
652 658
652 659
652 670
652 696
652 715
652 725
652 727
652 730
652 746
652 772
652 782
652 792
652 798
652 811
652 817
652 819
652 823
652 826
652 836
652 844
652 852
652 854
652 855
652 857
652 861
652 879
652 880
652 884
652 899
652 911
652 952
652 984
652 986
653 654
653 660
653 663
653 687
653 695
653 701
653 713
653 723
653 728
653 731
653 751
653 770
653 790
653 796
653 799
653 811
653 812
653 817
653 831
653 851
653 865
653 883
653 892
653 893
653 920
653 921
653 939
653 946
653 951
653 954
653 955
653 973
653 984
653 999
654 661
654 663
654 670
654 684
654 706
654 709
654 715
654 717
654 729
654 730
654 736
654 745
654 774
654 777
654 794
654 796
654 798
654 805
654 811
654 816
654 821
654 824
654 843
654 853
654 875
654 878
654 894
654 901
654 906
654 909
654 922
654 940
654 953
654 958
654 962
654 965
655 676
655 694
655 695
655 707
655 731
655 734
655 737
655 738
655 753
655 761
655 781
655 783
655 795
655 798
655 810
655 817
655 821
655 827
655 829
655 835
655 858
655 860
655 869
655 870
655 883
655 912
655 917
655 921
655 930
655 932
655 940
655 944
655 947
655 948
655 966
655 985
655 994
656 666
656 669
656 672
656 677
656 680
656 690
656 691
656 703
656 709
656 714
656 727
656 747
656 753
656 766
656 772
656 787
656 790
656 803
656 813
656 815
656 821
656 824
656 829
656 840
656 876
656 888
656 898
656 925
656 931
656 933
656 938
656 952
656 966
656 988
656 996
657 667
657 674
657 709
657 712
657 713
657 716
657 737
657 740
657 753
657 763
657 783
657 796
657 808
657 809
657 822
657 840
657 846
657 853
657 855
657 873
657 879
657 883
657 884
657 896
657 904
657 915
657 940
657 946
657 973
657 976
658 676
658 682
658 684
658 689
658 695
658 718
658 723
658 728
658 731
658 737
658 756
658 766
658 779
658 789
658 798
658 807
658 814
658 829
658 833
658 842
658 853
658 881
658 884
658 887
658 898
658 901
658 906
658 914
658 928
658 935
658 944
658 948
658 957
658 970
658 975
658 983
658 987
658 995
658 999
659 665
659 666
659 672
659 674
659 677
659 678
659 685
659 692
659 711
659 732
659 739
659 741
659 742
659 743
659 757
659 759
659 762
659 777
659 778
659 787
659 788
659 797
659 810
659 811
659 812
659 816
659 838
659 844
659 845
659 847
659 855
659 860
659 861
659 869
659 871
659 890
659 913
659 917
659 929
659 939
659 941
659 967
659 969
659 971
659 985
659 989
659 999
660 667
660 674
660 706
660 707
660 732
660 739
660 747
660 748
660 749
660 750
660 756
660 763
660 766
660 768
660 775
660 778
660 780
660 809
660 813
660 818
660 827
660 828
660 831
660 836
660 858
660 868
660 899
660 918
660 955
660 973
660 980
660 992
660 993
661 664
661 672
661 674
661 700
661 711
661 712
661 740
661 742
661 774
661 793
661 797
661 801
661 842
661 853
661 855
661 859
661 874
661 880
661 890
661 926
661 927
661 962
661 964
661 975
661 990
661 992
661 993
662 664
662 670
662 674
662 687
662 705
662 710
662 717
662 721
662 722
662 729
662 745
662 761
662 773
662 790
662 800
662 809
662 833
662 888
662 950
662 959
662 961
662 963
662 972
662 974
662 986
662 989
662 995
663 676
663 682
663 685
663 693
663 701
663 709
663 723
663 742
663 747
663 760
663 793
663 816
663 820
663 822
663 868
663 877
663 878
663 892
663 901
663 908
663 910
663 924
663 948
663 958
663 962
663 983
663 992
664 666
664 690
664 691
664 704
664 705
664 714
664 715
664 721
664 729
664 731
664 742
664 746
664 776
664 782
664 793
664 804
664 807
664 809
664 818
664 825
664 834
664 842
664 847
664 865
664 866
664 891
664 892
664 895
664 904
664 909
664 935
664 971
664 973
664 976
664 982
664 993
665 685
665 687
665 698
665 720
665 725
665 727
665 749
665 762
665 765
665 769
665 785
665 789
665 793
665 800
665 802
665 803
665 817
665 823
665 838
665 843
665 853
665 857
665 866
665 875
665 877
665 892
665 912
665 915
665 931
665 935
665 951
665 955
665 971
665 977
665 980
666 670
666 688
666 728
666 737
666 743
666 745
666 754
666 758
666 759
666 778
666 785
666 786
666 788
666 801
666 813
666 815
666 818
666 838
666 841
666 874
666 890
666 914
666 927
666 949
666 959
666 972
667 698
667 702
667 716
667 731
667 733
667 760
667 769
667 771
667 832
667 846
667 848
667 861
667 869
667 877
667 880
667 888
667 900
667 913
667 920
667 929
667 936
667 954
667 961
667 976
667 986
667 989
667 991
667 998
667 999
668 684
668 688
668 692
668 697
668 704
668 710
668 712
668 730
668 733
668 751
668 752
668 764
668 781
668 787
668 795
668 809
668 811
668 814
668 819
668 837
668 839
668 840
668 841
668 855
668 866
668 868
668 881
668 929
668 938
668 943
668 965
668 968
668 973
668 983
668 986
668 990
669 671
669 676
669 684
669 689
669 697
669 701
669 703
669 717
669 725
669 741
669 746
669 755
669 780
669 798
669 804
669 806
669 810
669 815
669 831
669 834
669 835
669 837
669 845
669 856
669 860
669 865
669 866
669 871
669 883
669 887
669 890
669 894
669 906
669 924
669 935
669 952
669 955
669 968
669 976
670 696
670 699
670 700
670 712
670 722
670 729
670 762
670 780
670 782
670 788
670 791
670 794
670 796
670 803
670 806
670 827
670 841
670 843
670 853
670 886
670 900
670 905
670 906
670 913
670 921
670 924
670 927
670 931
670 938
670 944
670 950
670 967
670 976
670 977
670 984
670 991
670 998
670 999
671 686
671 690
671 705
671 710
671 729
671 732
671 738
671 744
671 746
671 761
671 763
671 770
671 792
671 793
671 797
671 825
671 828
671 839
671 841
671 845
671 876
671 886
671 892
671 897
671 900
671 901
671 905
671 907
671 916
671 934
671 936
671 937
671 941
671 949
671 955
671 963
671 967
671 975
671 977
671 986
672 678
672 679
672 685
672 687
672 691
672 700
672 715
672 729
672 734
672 738
672 749
672 750
672 759
672 768
672 777
672 778
672 787
672 791
672 804
672 807
672 808
672 816
672 820
672 826
672 827
672 834
672 836
672 839
672 845
672 846
672 858
672 864
672 873
672 874
672 880
672 901
672 902
672 904
672 915
672 929
672 937
672 946
672 965
672 968
672 971
672 982
672 994
672 997
672 999
673 681
673 695
673 701
673 713
673 733
673 739
673 752
673 761
673 770
673 792
673 794
673 818
673 820
673 830
673 843
673 846
673 877
673 901
673 909
673 918
673 931
673 939
673 944
673 996
674 676
674 687
674 691
674 708
674 719
674 732
674 739
674 746
674 759
674 763
674 775
674 783
674 812
674 814
674 828
674 841
674 843
674 849
674 859
674 876
674 909
674 926
674 934
674 952
674 954
674 960
674 998
674 999
675 681
675 691
675 711
675 712
675 719
675 724
675 731
675 734
675 742
675 766
675 770
675 791
675 804
675 808
675 811
675 820
675 840
675 843
675 848
675 855
675 864
675 868
675 869
675 877
675 881
675 882
675 900
675 901
675 924
675 937
675 942
675 947
675 951
675 969
675 971
675 974
675 984
675 992
676 693
676 698
676 699
676 707
676 709
676 724
676 732
676 735
676 737
676 748
676 759
676 773
676 792
676 797
676 810
676 816
676 819
676 836
676 839
676 841
676 853
676 856
676 866
676 872
676 885
676 900
676 905
676 919
676 934
676 947
676 953
676 954
676 961
676 965
676 980
676 981
676 986
676 993
677 678
677 685
677 731
677 736
677 768
677 782
677 797
677 817
677 842
677 846
677 859
677 870
677 873
677 891
677 893
677 929
677 931
677 934
677 940
677 961
677 970
677 977
677 978
678 679
678 686
678 695
678 701
678 705
678 720
678 723
678 726
678 742
678 758
678 764
678 775
678 785
678 794
678 828
678 834
678 843
678 861
678 889
678 896
678 908
678 927
678 929
678 931
678 941
678 947
678 948
678 961
678 981
679 695
679 712
679 731
679 745
679 762
679 766
679 768
679 775
679 807
679 813
679 838
679 839
679 855
679 878
679 880
679 892
679 907
679 913
679 922
679 936
679 940
679 963
679 966
679 970
679 984
679 986
679 993
679 998
679 999
680 702
680 712
680 718
680 733
680 742
680 755
680 768
680 775
680 779
680 785
680 794
680 798
680 806
680 829
680 838
680 842
680 856
680 863
680 877
680 890
680 893
680 904
680 931
680 936
680 951
680 956
680 989
681 697
681 698
681 699
681 705
681 710
681 721
681 723
681 752
681 755
681 756
681 776
681 788
681 793
681 794
681 800
681 812
681 832
681 833
681 862
681 880
681 885
681 891
681 892
681 897
681 907
681 913
681 914
681 916
681 927
681 928
681 934
681 935
681 940
681 946
681 952
681 955
681 957
681 958
681 961
681 967
681 970
681 982
682 685
682 691
682 708
682 716
682 727
682 733
682 740
682 762
682 769
682 774
682 780
682 795
682 801
682 824
682 833
682 850
682 871
682 883
682 900
682 915
682 919
682 924
682 930
682 938
682 939
682 940
682 967
683 693
683 702
683 730
683 735
683 738
683 741
683 749
683 755
683 757
683 761
683 764
683 772
683 790
683 806
683 807
683 825
683 830
683 843
683 850
683 857
683 861
683 883
683 884
683 906
683 907
683 910
683 940
683 945
683 952
683 955
683 963
683 971
683 974
683 986
683 987
683 989
683 991
684 702
684 705
684 709
684 721
684 748
684 749
684 755
684 758
684 764
684 787
684 812
684 819
684 827
684 832
684 837
684 843
684 847
684 859
684 861
684 864
684 866
684 872
684 876
684 900
684 918
684 934
684 953
684 988
685 696
685 712
685 718
685 751
685 757
685 776
685 795
685 809
685 818
685 819
685 822
685 825
685 833
685 845
685 863
685 875
685 879
685 881
685 901
685 903
685 926
685 932
685 938
685 939
685 985
685 993
685 997
686 698
686 717
686 720
686 722
686 724
686 731
686 734
686 735
686 752
686 764
686 776
686 796
686 809
686 816
686 826
686 831
686 833
686 842
686 848
686 850
686 857
686 895
686 905
686 914
686 920
686 939
686 941
686 943
686 987
686 989
687 726
687 730
687 744
687 772
687 773
687 799
687 803
687 813
687 815
687 821
687 828
687 838
687 842
687 859
687 879
687 886
687 911
687 936
687 947
687 970
688 692
688 694
688 706
688 712
688 713
688 718
688 723
688 725
688 755
688 761
688 769
688 778
688 779
688 788
688 812
688 817
688 838
688 839
688 849
688 859
688 863
688 870
688 871
688 878
688 886
688 890
688 906
688 924
688 943
688 956
688 958
688 964
688 971
688 989
689 697
689 698
689 703
689 708
689 710
689 724
689 735
689 748
689 751
689 754
689 761
689 771
689 774
689 780
689 784
689 804
689 814
689 832
689 852
689 867
689 877
689 908
689 944
689 983
689 987
689 993
689 997
690 707
690 716
690 732
690 744
690 746
690 750
690 757
690 764
690 770
690 771
690 776
690 779
690 784
690 790
690 798
690 812
690 814
690 819
690 829
690 830
690 834
690 844
690 863
690 867
690 893
690 922
690 967
690 973
690 991
691 700
691 719
691 733
691 747
691 757
691 785
691 787
691 792
691 801
691 802
691 803
691 807
691 808
691 826
691 837
691 840
691 861
691 863
691 869
691 883
691 889
691 897
691 904
691 910
691 915
691 921
691 932
691 945
691 954
691 955
691 962
691 977
691 993
692 705
692 720
692 721
692 725
692 733
692 746
692 766
692 768
692 770
692 771
692 824
692 833
692 848
692 850
692 861
692 878
692 885
692 886
692 887
692 888
692 897
692 901
692 903
692 911
692 916
692 918
692 960
692 971
692 973
692 978
692 980
693 696
693 713
693 719
693 729
693 736
693 758
693 775
693 802
693 814
693 834
693 867
693 868
693 875
693 881
693 885
693 896
693 902
693 914
693 918
693 958
693 959
693 992
693 993
694 699
694 702
694 726
694 736
694 753
694 759
694 762
694 768
694 774
694 785
694 795
694 802
694 805
694 807
694 816
694 831
694 840
694 847
694 855
694 857
694 869
694 911
694 935
694 936
694 938
694 942
694 956
694 968
694 988
695 705
695 715
695 717
695 724
695 773
695 786
695 797
695 801
695 816
695 829
695 836
695 862
695 863
695 884
695 907
695 917
695 941
695 955
695 972
695 981
695 985
696 703
696 717
696 734
696 748
696 751
696 757
696 758
696 772
696 781
696 788
696 807
696 828
696 839
696 860
696 869
696 871
696 874
696 888
696 893
696 898
696 916
696 920
696 941
696 950
696 957
696 970
696 973
696 980
696 981
697 699
697 703
697 711
697 737
697 740
697 751
697 779
697 781
697 787
697 797
697 813
697 841
697 842
697 851
697 854
697 872
697 904
697 909
697 910
697 914
697 931
697 936
697 955
697 989
698 720
698 745
698 749
698 762
698 771
698 774
698 787
698 810
698 832
698 846
698 850
698 860
698 861
698 865
698 879
698 919
698 926
698 932
698 939
698 967
698 979
698 988
698 993
699 715
699 716
699 743
699 747
699 755
699 759
699 778
699 789
699 803
699 814
699 819
699 824
699 830
699 842
699 863
699 891
699 901
699 909
699 913
699 937
699 947
699 954
699 959
699 977
699 979
699 994
699 996
700 712
700 713
700 717
700 719
700 720
700 734
700 754
700 759
700 760
700 772
700 773
700 793
700 813
700 815
700 820
700 823
700 825
700 835
700 839
700 854
700 883
700 886
700 892
700 933
700 946
700 952
700 969
700 974
700 978
700 989
700 995
701 703
701 706
701 713
701 741
701 742
701 750
701 755
701 765
701 774
701 780
701 804
701 814
701 820
701 829
701 833
701 849
701 852
701 898
701 901
701 903
701 910
701 911
701 914
701 933
701 951
701 953
701 954
701 958
701 965
701 971
701 975
701 985
701 987
701 988
701 992
702 703
702 711
702 726
702 730
702 734
702 747
702 754
702 768
702 773
702 777
702 787
702 794
702 809
702 835
702 848
702 853
702 862
702 878
702 886
702 888
702 893
702 908
702 914
702 940
702 945
702 948
702 963
702 967
702 970
702 978
703 714
703 737
703 738
703 743
703 748
703 753
703 775
703 779
703 789
703 810
703 826
703 867
703 873
703 880
703 882
703 902
703 908
703 924
703 929
703 934
703 943
703 946
703 965
703 982
703 992
703 994
703 998
704 706
704 729
704 733
704 761
704 767
704 778
704 781
704 786
704 789
704 811
704 832
704 846
704 863
704 874
704 886
704 887
704 889
704 892
704 893
704 917
704 920
704 934
704 942
704 943
704 947
704 956
704 959
704 961
704 978
704 990
704 997
705 707
705 713
705 714
705 722
705 724
705 739
705 740
705 761
705 767
705 769
705 776
705 778
705 788
705 791
705 795
705 801
705 835
705 839
705 850
705 863
705 866
705 870
705 876
705 881
705 887
705 892
705 907
705 910
705 919
705 920
705 950
705 952
705 971
705 980
705 999
706 713
706 718
706 741
706 764
706 767
706 774
706 777
706 808
706 826
706 830
706 831
706 862
706 864
706 869
706 873
706 911
706 916
706 919
706 931
706 951
706 956
706 969
706 980
706 993
707 713
707 720
707 734
707 739
707 759
707 769
707 771
707 781
707 783
707 787
707 792
707 798
707 815
707 822
707 837
707 840
707 876
707 888
707 896
707 899
707 905
707 908
707 914
707 916
707 935
707 971
707 990
707 993
707 994
708 720
708 729
708 750
708 751
708 755
708 761
708 766
708 770
708 783
708 794
708 814
708 827
708 830
708 855
708 860
708 896
708 909
708 915
708 921
708 923
708 958
708 966
708 968
708 981
708 983
708 995
708 998
709 712
709 720
709 727
709 738
709 745
709 767
709 771
709 774
709 781
709 790
709 798
709 807
709 822
709 838
709 862
709 868
709 907
709 918
709 923
709 928
709 940
709 968
709 970
709 986
710 723
710 729
710 730
710 741
710 764
710 766
710 772
710 789
710 790
710 792
710 798
710 805
710 860
710 878
710 888
710 893
710 899
710 921
710 923
710 924
710 929
710 937
710 944
710 949
710 971
710 984
710 987
710 989
710 994
710 999
711 717
711 718
711 724
711 726
711 778
711 783
711 788
711 802
711 813
711 818
711 838
711 883
711 900
711 916
711 924
711 935
711 949
711 959
711 972
711 977
711 985
712 714
712 717
712 719
712 721
712 724
712 726
712 728
712 744
712 757
712 769
712 784
712 798
712 808
712 810
712 814
712 823
712 826
712 842
712 868
712 884
712 886
712 900
712 903
712 921
712 923
712 925
712 940
712 944
712 970
712 982
712 989
713 715
713 738
713 760
713 768
713 774
713 781
713 784
713 785
713 787
713 803
713 808
713 829
713 830
713 844
713 845
713 864
713 871
713 873
713 874
713 875
713 877
713 890
713 897
713 899
713 921
713 998
714 717
714 734
714 737
714 743
714 748
714 752
714 780
714 785
714 790
714 807
714 828
714 829
714 836
714 837
714 845
714 850
714 856
714 857
714 861
714 863
714 868
714 966
714 967
714 971
714 974
714 983
714 995
715 730
715 731
715 740
715 748
715 750
715 783
715 794
715 803
715 854
715 866
715 872
715 881
715 882
715 887
715 892
715 895
715 912
715 926
715 933
715 936
715 940
715 943
715 957
715 963
715 966
715 971
716 729
716 741
716 748
716 753
716 754
716 755
716 757
716 775
716 784
716 785
716 793
716 803
716 821
716 848
716 857
716 864
716 865
716 871
716 875
716 911
716 924
716 951
716 964
716 973
716 984
716 985
717 728
717 735
717 742
717 753
717 754
717 772
717 790
717 792
717 793
717 814
717 817
717 824
717 829
717 842
717 844
717 875
717 877
717 886
717 899
717 911
717 912
717 913
717 918
717 922
717 936
717 942
717 960
717 967
717 972
717 979
717 982
717 991
717 993
718 723
718 724
718 725
718 728
718 739
718 743
718 744
718 756
718 779
718 794
718 801
718 808
718 809
718 844
718 861
718 866
718 891
718 892
718 896
718 903
718 904
718 906
718 912
718 921
718 929
718 932
718 937
718 970
718 981
718 982
719 725
719 727
719 756
719 765
719 770
719 783
719 800
719 827
719 831
719 842
719 852
719 855
719 861
719 875
719 877
719 882
719 893
719 897
719 899
719 926
719 929
719 955
720 742
720 749
720 756
720 770
720 787
720 794
720 797
720 800
720 807
720 812
720 820
720 831
720 846
720 850
720 854
720 867
720 885
720 900
720 905
720 921
720 933
720 945
720 955
720 959
720 960
720 966
720 984
721 724
721 732
721 733
721 758
721 766
721 789
721 790
721 798
721 806
721 807
721 816
721 824
721 834
721 837
721 842
721 845
721 851
721 897
721 898
721 912
721 924
721 927
721 958
721 979
721 988
722 738
722 749
722 762
722 769
722 778
722 797
722 809
722 817
722 825
722 827
722 867
722 895
722 900
722 949
722 958
722 959
722 963
722 967
722 971
722 975
722 993
723 772
723 773
723 783
723 814
723 821
723 833
723 853
723 877
723 885
723 913
723 925
723 944
723 948
723 949
723 954
723 957
723 981
723 984
724 745
724 746
724 751
724 759
724 770
724 777
724 789
724 794
724 804
724 831
724 845
724 859
724 864
724 882
724 893
724 915
724 920
724 922
724 926
724 942
724 943
724 945
724 956
724 978
725 734
725 741
725 744
725 751
725 758
725 764
725 770
725 780
725 796
725 827
725 847
725 848
725 871
725 880
725 888
725 911
725 928
725 943
725 952
725 957
725 973
725 975
725 976
725 978
725 995
725 997
726 747
726 752
726 769
726 770
726 778
726 780
726 789
726 799
726 808
726 824
726 837
726 860
726 873
726 889
726 891
726 892
726 899
726 901
726 909
726 919
726 924
726 937
726 943
726 955
726 967
726 977
726 978
726 998
727 732
727 735
727 737
727 746
727 748
727 766
727 773
727 779
727 798
727 824
727 831
727 841
727 846
727 864
727 876
727 878
727 902
727 906
727 926
727 935
727 939
727 941
727 943
727 944
727 950
727 951
727 966
727 969
727 981
727 994
728 733
728 749
728 783
728 808
728 815
728 821
728 826
728 837
728 853
728 871
728 875
728 877
728 904
728 922
728 925
728 932
728 938
728 944
728 962
728 989
729 730
729 734
729 743
729 746
729 752
729 764
729 765
729 774
729 779
729 786
729 789
729 829
729 831
729 834
729 837
729 847
729 863
729 869
729 877
729 885
729 887
729 898
729 902
729 922
729 933
729 935
729 943
729 967
729 974
729 984
730 742
730 744
730 753
730 765
730 767
730 769
730 779
730 782
730 784
730 794
730 799
730 808
730 815
730 820
730 853
730 857
730 860
730 861
730 866
730 874
730 883
730 884
730 887
730 889
730 895
730 898
730 937
730 953
730 954
730 962
730 977
730 979
730 983
730 986
730 991
731 734
731 759
731 767
731 771
731 780
731 788
731 795
731 798
731 805
731 811
731 812
731 818
731 821
731 835
731 841
731 847
731 867
731 871
731 874
731 876
731 878
731 881
731 883
731 904
731 905
731 919
731 922
731 933
731 935
731 936
731 946
731 952
731 956
731 972
731 980
731 985
732 734
732 739
732 746
732 759
732 770
732 772
732 778
732 781
732 787
732 793
732 800
732 809
732 811
732 817
732 835
732 838
732 848
732 853
732 856
732 866
732 888
732 890
732 896
732 897
732 900
732 910
732 934
732 939
732 942
732 971
732 996
733 734
733 742
733 746
733 750
733 754
733 756
733 774
733 777
733 798
733 800
733 814
733 818
733 820
733 821
733 846
733 848
733 857
733 880
733 901
733 919
733 930
733 944
733 947
733 951
733 955
733 959
733 993
733 998
734 739
734 745
734 747
734 750
734 754
734 773
734 775
734 782
734 783
734 795
734 797
734 801
734 822
734 825
734 830
734 836
734 842
734 858
734 859
734 864
734 878
734 883
734 912
734 921
734 974
734 978
735 751
735 753
735 765
735 772
735 780
735 781
735 782
735 783
735 809
735 820
735 821
735 824
735 832
735 837
735 852
735 865
735 867
735 870
735 876
735 887
735 889
735 890
735 902
735 903
735 909
735 914
735 922
735 927
735 935
735 939
735 975
735 978
735 984
735 998
736 738
736 741
736 743
736 747
736 772
736 776
736 781
736 789
736 791
736 814
736 849
736 851
736 852
736 856
736 864
736 866
736 880
736 891
736 893
736 921
736 929
736 938
736 954
736 955
736 964
736 988
737 739
737 766
737 767
737 776
737 778
737 785
737 803
737 814
737 839
737 850
737 854
737 879
737 888
737 890
737 895
737 902
737 918
737 933
737 947
737 970
737 976
737 986
737 991
737 992
738 748
738 754
738 756
738 769
738 771
738 774
738 777
738 780
738 792
738 802
738 810
738 818
738 833
738 834
738 837
738 845
738 847
738 860
738 861
738 879
738 890
738 894
738 912
738 916
738 922
738 939
738 945
738 966
738 975
738 983
739 753
739 779
739 796
739 797
739 798
739 805
739 816
739 820
739 833
739 848
739 872
739 877
739 890
739 905
739 935
739 947
739 964
739 984
739 985
739 989
739 999
740 749
740 753
740 755
740 757
740 780
740 792
740 805
740 808
740 811
740 812
740 822
740 861
740 884
740 886
740 888
740 889
740 895
740 921
740 932
740 943
740 960
740 971
740 979
740 982
741 749
741 750
741 778
741 794
741 801
741 806
741 825
741 827
741 833
741 837
741 849
741 864
741 928
741 947
741 954
741 964
741 971
741 976
741 998
742 747
742 749
742 755
742 757
742 781
742 784
742 796
742 801
742 807
742 809
742 825
742 850
742 878
742 884
742 897
742 904
742 910
742 911
742 943
742 975
742 983
742 995
743 751
743 762
743 765
743 773
743 775
743 777
743 784
743 788
743 802
743 810
743 818
743 824
743 844
743 845
743 854
743 870
743 884
743 891
743 900
743 916
743 922
743 923
743 928
743 932
743 946
743 948
743 960
743 961
743 966
743 993
744 745
744 747
744 748
744 768
744 780
744 783
744 796
744 807
744 826
744 832
744 840
744 843
744 853
744 865
744 866
744 868
744 871
744 879
744 881
744 886
744 892
744 896
744 898
744 910
744 921
744 932
744 939
744 946
744 976
744 983
744 992
745 760
745 774
745 779
745 788
745 793
745 801
745 811
745 822
745 826
745 842
745 851
745 852
745 873
745 883
745 886
745 890
745 901
745 941
745 944
745 945
745 946
745 949
745 950
745 971
745 994
746 756
746 758
746 787
746 813
746 821
746 822
746 823
746 825
746 841
746 847
746 854
746 859
746 872
746 881
746 907
746 920
746 922
746 931
746 940
746 965
746 980
747 748
747 753
747 764
747 779
747 796
747 806
747 833
747 834
747 844
747 848
747 892
747 893
747 921
747 928
747 931
747 947
747 977
747 992
747 998
748 783
748 795
748 800
748 811
748 829
748 831
748 840
748 851
748 874
748 879
748 881
748 886
748 889
748 894
748 895
748 897
748 910
748 917
748 930
748 931
748 949
748 951
748 956
748 974
748 978
749 754
749 768
749 770
749 787
749 793
749 814
749 840
749 848
749 852
749 858
749 872
749 873
749 878
749 879
749 885
749 895
749 908
749 914
749 915
749 920
749 924
749 932
749 963
749 979
749 983
749 988
750 770
750 780
750 782
750 785
750 790
750 795
750 799
750 801
750 802
750 816
750 834
750 836
750 854
750 855
750 858
750 875
750 947
750 952
750 961
750 980
750 986
750 988
750 997
751 792
751 798
751 808
751 809
751 815
751 816
751 823
751 835
751 844
751 854
751 855
751 865
751 876
751 889
751 898
751 900
751 905
751 909
751 910
751 913
751 928
751 933
751 935
751 946
751 959
751 960
751 987
751 991
751 997
752 766
752 774
752 784
752 807
752 812
752 827
752 836
752 839
752 849
752 851
752 856
752 861
752 866
752 867
752 897
752 920
752 928
752 931
752 932
752 951
752 977
752 980
752 987
753 760
753 762
753 785
753 786
753 815
753 825
753 832
753 834
753 840
753 845
753 854
753 857
753 858
753 867
753 872
753 899
753 909
753 939
753 943
753 951
753 952
753 968
753 972
753 995
753 996
753 999
754 763
754 778
754 789
754 804
754 815
754 817
754 818
754 820
754 829
754 833
754 836
754 851
754 866
754 875
754 885
754 892
754 894
754 938
754 944
754 961
754 965
754 975
754 985
754 993
754 997
755 761
755 771
755 772
755 778
755 783
755 817
755 829
755 838
755 871
755 873
755 918
755 925
755 932
755 949
755 952
755 954
755 956
755 957
755 959
755 962
755 987
755 991
755 997
756 771
756 780
756 784
756 786
756 787
756 788
756 799
756 828
756 841
756 845
756 849
756 854
756 859
756 867
756 885
756 897
756 902
756 922
756 962
756 963
756 964
756 984
756 987
756 988
756 995
756 998
757 759
757 772
757 773
757 791
757 805
757 810
757 823
757 826
757 833
757 857
757 858
757 873
757 876
757 877
757 896
757 897
757 911
757 916
757 923
757 932
757 938
757 940
757 949
757 956
757 975
757 982
757 983
757 987
757 995
758 796
758 799
758 804
758 809
758 815
758 834
758 836
758 850
758 864
758 873
758 894
758 915
758 916
758 921
758 928
758 947
758 977
758 982
758 987
758 995
759 763
759 773
759 800
759 827
759 834
759 850
759 857
759 865
759 905
759 908
759 911
759 913
759 927
759 937
759 943
759 946
759 947
759 957
759 964
759 969
759 979
759 998
760 786
760 798
760 802
760 803
760 808
760 813
760 822
760 835
760 840
760 844
760 845
760 859
760 878
760 890
760 891
760 894
760 897
760 900
760 926
760 929
760 931
760 932
760 940
760 948
760 967
760 968
760 970
760 972
760 975
760 980
760 983
760 989
760 990
761 770
761 774
761 778
761 785
761 795
761 802
761 804
761 810
761 823
761 831
761 843
761 844
761 854
761 855
761 866
761 868
761 897
761 902
761 916
761 927
761 931
761 935
761 942
761 952
761 956
761 960
761 973
761 992
761 994
762 782
762 786
762 791
762 804
762 825
762 830
762 832
762 844
762 847
762 861
762 894
762 902
762 917
762 923
762 935
762 938
762 941
762 953
762 957
762 959
762 971
763 764
763 767
763 773
763 775
763 782
763 788
763 790
763 793
763 801
763 805
763 818
763 827
763 835
763 839
763 841
763 849
763 852
763 862
763 870
763 872
763 879
763 884
763 887
763 895
763 900
763 913
763 926
763 968
763 979
763 983
763 985
763 994
764 768
764 772
764 784
764 793
764 794
764 797
764 799
764 823
764 829
764 832
764 837
764 842
764 850
764 851
764 854
764 875
764 876
764 895
764 897
764 905
764 930
764 943
764 949
764 955
764 960
764 975
765 786
765 804
765 805
765 806
765 814
765 827
765 839
765 848
765 857
765 875
765 895
765 899
765 911
765 915
765 919
765 958
765 959
765 971
765 990
765 993
765 994
766 769
766 779
766 780
766 787
766 788
766 798
766 799
766 811
766 816
766 823
766 838
766 852
766 863
766 876
766 880
766 908
766 918
766 923
766 940
766 946
766 948
766 953
766 980
766 996
767 768
767 779
767 781
767 782
767 796
767 800
767 805
767 811
767 819
767 841
767 849
767 850
767 853
767 854
767 859
767 874
767 877
767 892
767 907
767 908
767 913
767 915
767 920
767 924
767 935
767 940
767 963
767 968
767 971
767 982
767 983
768 773
768 784
768 787
768 794
768 800
768 802
768 818
768 828
768 844
768 854
768 862
768 870
768 871
768 875
768 879
768 901
768 906
768 927
768 953
768 972
768 979
768 983
768 986
768 989
769 770
769 772
769 773
769 781
769 783
769 786
769 788
769 789
769 806
769 807
769 810
769 818
769 832
769 840
769 861
769 880
769 886
769 896
769 898
769 908
769 929
769 934
769 948
769 949
769 951
769 955
769 956
769 964
769 969
769 980
769 981
769 989
769 992
770 771
770 781
770 784
770 821
770 836
770 860
770 868
770 875
770 889
770 893
770 894
770 897
770 927
770 948
770 975
770 994
771 814
771 817
771 834
771 843
771 880
771 902
771 910
771 926
771 929
771 930
771 936
771 954
771 959
771 966
771 982
771 990
771 991
772 779
772 784
772 787
772 795
772 807
772 814
772 862
772 869
772 897
772 935
772 938
772 939
772 972
772 974
772 978
772 989
773 788
773 792
773 799
773 818
773 822
773 832
773 840
773 842
773 848
773 853
773 859
773 867
773 868
773 874
773 879
773 902
773 916
773 926
773 930
773 957
773 961
773 962
773 969
773 980
774 806
774 824
774 828
774 834
774 842
774 845
774 860
774 864
774 867
774 876
774 877
774 878
774 883
774 884
774 898
774 899
774 905
774 925
774 942
774 962
774 987
774 994
774 996
775 784
775 789
775 816
775 825
775 829
775 836
775 837
775 872
775 879
775 891
775 897
775 926
775 932
775 947
775 963
775 974
776 790
776 794
776 801
776 828
776 833
776 842
776 849
776 856
776 882
776 885
776 887
776 895
776 914
776 922
776 923
776 931
776 937
776 944
776 947
776 965
776 972
776 979
776 980
776 987
776 992
776 996
776 999
777 792
777 797
777 808
777 833
777 840
777 856
777 858
777 859
777 861
777 882
777 896
777 913
777 926
777 928
777 932
777 942
777 943
777 945
777 952
777 955
777 978
777 983
778 783
778 793
778 794
778 816
778 823
778 833
778 838
778 841
778 850
778 853
778 905
778 926
778 927
778 934
778 935
778 938
778 949
778 950
778 953
778 984
778 991
779 791
779 797
779 798
779 804
779 815
779 834
779 845
779 856
779 862
779 867
779 905
779 907
779 929
779 940
779 941
779 955
779 989
780 788
780 790
780 795
780 798
780 804
780 805
780 815
780 825
780 849
780 868
780 875
780 878
780 919
780 924
780 929
780 930
780 973
780 981
781 783
781 800
781 802
781 832
781 833
781 835
781 838
781 840
781 848
781 855
781 879
781 887
781 894
781 896
781 918
781 929
781 930
781 934
781 949
781 977
782 788
782 789
782 795
782 842
782 843
782 849
782 860
782 875
782 883
782 890
782 911
782 920
782 929
782 938
783 795
783 803
783 841
783 850
783 862
783 883
783 889
783 899
783 901
783 902
783 911
783 921
783 926
783 943
783 952
783 953
783 957
783 972
783 978
783 989
783 995
784 787
784 793
784 811
784 815
784 818
784 828
784 856
784 859
784 863
784 869
784 878
784 887
784 913
784 942
784 949
784 955
784 957
784 958
784 961
784 967
784 981
784 983
784 986
784 992
785 791
785 797
785 833
785 835
785 847
785 856
785 857
785 858
785 863
785 874
785 878
785 886
785 890
785 895
785 908
785 909
785 920
785 935
785 942
785 950
785 980
786 801
786 811
786 815
786 824
786 826
786 827
786 837
786 840
786 842
786 846
786 854
786 855
786 864
786 874
786 876
786 884
786 888
786 898
786 900
786 908
786 911
786 916
786 943
786 987
787 796
787 805
787 808
787 812
787 851
787 852
787 854
787 855
787 856
787 865
787 880
787 890
787 908
787 927
787 929
787 948
787 973
787 982
788 799
788 802
788 808
788 826
788 838
788 856
788 869
788 871
788 874
788 878
788 902
788 911
788 914
788 917
788 934
788 952
788 969
788 977
788 987
788 988
788 993
789 790
789 794
789 797
789 799
789 801
789 803
789 804
789 805
789 808
789 811
789 813
789 822
789 836
789 846
789 871
789 879
789 884
789 886
789 893
789 899
789 900
789 915
789 928
789 931
789 932
789 968
789 979
789 980
789 984
790 794
790 802
790 812
790 815
790 824
790 842
790 865
790 868
790 869
790 874
790 875
790 881
790 887
790 907
790 914
790 921
790 922
790 928
790 929
790 932
790 938
790 940
790 944
790 961
790 965
790 972
790 973
790 974
790 988
790 992
790 995
790 997
791 803
791 814
791 859
791 876
791 885
791 910
791 911
791 920
791 923
791 942
791 956
791 959
791 961
791 963
791 972
791 974
791 977
791 981
791 989
791 992
791 993
792 813
792 819
792 836
792 846
792 853
792 859
792 872
792 882
792 891
792 895
792 909
792 933
792 937
792 958
792 974
792 982
792 999
793 797
793 803
793 809
793 811
793 829
793 837
793 845
793 851
793 852
793 853
793 862
793 868
793 878
793 895
793 899
793 900
793 902
793 908
793 910
793 929
793 934
793 939
793 964
793 968
793 983
793 996
794 813
794 830
794 832
794 869
794 883
794 912
794 929
794 933
794 936
794 949
794 951
794 953
794 964
794 971
795 812
795 823
795 836
795 849
795 857
795 863
795 902
795 911
795 914
795 915
795 916
795 929
795 932
795 963
795 968
795 973
795 976
795 987
795 997
795 998
795 999
796 809
796 812
796 816
796 836
796 874
796 904
796 906
796 918
796 921
796 925
796 942
796 944
796 947
796 955
796 957
796 963
796 972
796 974
796 976
796 982
796 989
796 999
797 801
797 824
797 827
797 833
797 836
797 837
797 842
797 855
797 874
797 884
797 905
797 933
797 942
797 959
797 979
797 986
797 991
798 832
798 866
798 867
798 871
798 899
798 914
798 917
798 922
798 923
798 924
798 927
798 978
798 985
799 817
799 824
799 836
799 845
799 847
799 859
799 872
799 874
799 890
799 899
799 908
799 910
799 912
799 915
799 933
799 960
799 964
799 973
799 984
799 987
799 990
799 998
800 832
800 851
800 857
800 866
800 872
800 886
800 890
800 909
800 912
800 919
800 925
800 946
800 950
800 958
800 971
800 979
800 985
800 989
800 995
801 804
801 806
801 809
801 813
801 824
801 830
801 831
801 832
801 841
801 843
801 847
801 855
801 859
801 863
801 867
801 882
801 908
801 909
801 936
801 938
801 945
801 947
801 953
801 954
801 964
801 990
801 991
802 804
802 815
802 823
802 827
802 857
802 861
802 864
802 897
802 899
802 911
802 913
802 915
802 923
802 926
802 933
802 974
802 976
802 984
802 991
803 811
803 825
803 833
803 836
803 862
803 874
803 890
803 893
803 902
803 922
803 935
803 945
803 955
803 960
803 961
803 967
803 969
803 979
803 984
803 985
803 986
803 989
803 997
804 805
804 811
804 813
804 815
804 823
804 830
804 831
804 833
804 834
804 856
804 858
804 860
804 865
804 870
804 871
804 872
804 875
804 876
804 884
804 890
804 897
804 900
804 905
804 906
804 907
804 909
804 911
804 917
804 918
804 921
804 923
804 925
804 927
804 939
804 941
804 960
804 973
804 976
804 978
805 826
805 832
805 844
805 857
805 893
805 897
805 907
805 922
805 923
805 933
805 936
805 963
805 975
805 984
806 815
806 821
806 829
806 857
806 858
806 859
806 876
806 895
806 904
806 910
806 911
806 922
806 923
806 927
806 937
806 956
806 968
806 983
806 994
807 810
807 813
807 829
807 831
807 853
807 877
807 891
807 897
807 907
807 908
807 922
807 932
807 942
807 949
807 953
807 961
807 964
807 995
808 810
808 814
808 835
808 845
808 864
808 883
808 885
808 895
808 898
808 904
808 918
808 920
808 925
808 929
808 944
808 957
808 958
808 971
808 976
808 985
808 996
809 819
809 832
809 839
809 846
809 847
809 853
809 870
809 881
809 883
809 887
809 906
809 934
809 943
809 954
809 957
809 963
809 994
809 995
810 816
810 818
810 829
810 833
810 855
810 863
810 867
810 868
810 874
810 889
810 910
810 916
810 920
810 930
810 936
810 949
810 962
810 968
810 977
810 993
811 812
811 817
811 818
811 820
811 829
811 841
811 858
811 863
811 864
811 867
811 869
811 880
811 888
811 890
811 904
811 913
811 943
811 952
811 958
811 960
811 961
811 968
811 971
811 974
811 977
812 842
812 846
812 860
812 869
812 875
812 898
812 901
812 908
812 921
812 924
812 925
812 934
812 955
812 958
812 963
812 967
812 972
812 973
812 976
812 988
813 822
813 846
813 854
813 858
813 866
813 875
813 889
813 895
813 896
813 906
813 934
813 936
813 946
813 951
813 962
813 966
813 967
813 972
813 983
813 984
813 989
813 992
814 818
814 822
814 827
814 833
814 834
814 836
814 845
814 853
814 854
814 865
814 868
814 880
814 902
814 908
814 910
814 920
814 935
814 948
814 963
814 969
814 981
814 984
814 989
815 834
815 840
815 862
815 886
815 895
815 896
815 900
815 926
815 935
815 965
815 982
815 988
815 994
815 995
816 821
816 825
816 850
816 852
816 861
816 910
816 916
816 920
816 928
816 944
816 945
816 960
816 967
816 971
816 994
817 820
817 833
817 838
817 840
817 842
817 846
817 863
817 905
817 916
817 926
817 947
817 948
817 956
817 959
817 961
817 964
817 982
817 983
817 998
818 819
818 820
818 823
818 831
818 836
818 837
818 842
818 863
818 867
818 874
818 884
818 898
818 899
818 913
818 945
818 948
818 953
818 967
818 989
819 822
819 857
819 876
819 883
819 905
819 922
819 924
819 936
819 961
819 979
819 984
819 998
820 845
820 857
820 870
820 872
820 877
820 891
820 896
820 936
820 937
820 939
820 944
820 963
820 985
820 991
820 995
821 824
821 835
821 857
821 897
821 904
821 911
821 914
821 922
821 929
821 948
821 956
821 965
821 968
821 976
821 984
821 995
822 830
822 834
822 850
822 856
822 865
822 866
822 880
822 889
822 902
822 911
822 920
822 942
822 947
822 974
822 984
822 992
822 993
822 994
822 995
823 832
823 844
823 859
823 870
823 914
823 932
823 942
823 951
823 953
823 962
823 992
823 997
824 832
824 839
824 865
824 880
824 882
824 927
824 928
824 942
824 979
824 983
824 991
824 994
824 995
825 828
825 833
825 834
825 859
825 868
825 889
825 936
825 961
825 974
825 987
825 992
825 999
826 836
826 852
826 864
826 884
826 890
826 895
826 901
826 913
826 929
826 941
826 959
826 961
826 967
826 968
826 985
826 994
827 836
827 837
827 865
827 877
827 880
827 888
827 909
827 911
827 917
827 918
827 925
827 928
827 932
827 934
827 967
827 981
827 983
827 987
827 995
828 829
828 838
828 841
828 843
828 847
828 875
828 880
828 891
828 892
828 917
828 922
828 924
828 936
828 945
828 956
828 964
828 967
828 972
828 977
828 983
828 988
829 830
829 837
829 841
829 858
829 869
829 874
829 893
829 894
829 903
829 912
829 920
829 921
829 924
829 944
829 953
829 978
829 983
829 991
830 857
830 858
830 870
830 871
830 873
830 894
830 904
830 910
830 917
830 920
830 928
830 939
830 953
830 958
830 969
830 970
830 971
830 977
830 984
831 838
831 844
831 867
831 894
831 924
831 931
831 961
831 975
831 982
831 989
832 840
832 849
832 882
832 888
832 898
832 906
832 917
832 946
832 949
832 964
832 968
832 970
832 972
832 974
833 838
833 848
833 856
833 857
833 858
833 861
833 867
833 895
833 906
833 912
833 920
833 936
833 945
833 957
833 958
833 960
833 963
833 972
833 988
833 995
834 841
834 868
834 913
834 916
834 939
834 941
834 966
834 967
834 968
834 969
834 990
835 844
835 851
835 864
835 886
835 918
835 929
835 933
835 939
835 942
835 944
835 945
835 950
835 951
835 957
835 963
835 967
835 970
835 982
835 990
835 994
836 845
836 849
836 864
836 897
836 906
836 918
836 933
836 936
836 949
836 961
836 966
836 968
836 975
836 979
836 983
836 984
837 839
837 867
837 889
837 894
837 904
837 911
837 917
837 919
837 925
837 950
837 956
837 963
837 967
837 977
837 979
837 993
837 998
838 854
838 855
838 858
838 859
838 863
838 864
838 869
838 872
838 874
838 879
838 885
838 888
838 889
838 892
838 895
838 912
838 914
838 932
838 935
838 941
838 952
838 954
838 993
839 843
839 845
839 852
839 855
839 856
839 869
839 883
839 903
839 909
839 914
839 916
839 917
839 921
839 928
839 929
839 932
839 941
839 956
839 966
839 990
839 999
840 858
840 883
840 885
840 893
840 900
840 901
840 913
840 914
840 918
840 928
840 930
840 946
840 949
840 958
840 973
840 975
840 992
840 996
840 997
840 998
841 842
841 850
841 866
841 867
841 869
841 894
841 898
841 904
841 913
841 919
841 925
841 930
841 933
841 956
841 966
841 971
841 978
841 979
841 993
842 844
842 845
842 850
842 860
842 861
842 882
842 891
842 893
842 900
842 901
842 908
842 913
842 918
842 966
842 973
842 981
842 995
842 998
843 844
843 848
843 872
843 875
843 885
843 892
843 896
843 912
843 929
843 988
843 998
844 845
844 860
844 872
844 877
844 881
844 905
844 907
844 921
844 925
844 940
844 958
844 968
845 848
845 860
845 873
845 880
845 885
845 897
845 903
845 909
845 913
845 939
845 964
845 966
845 970
845 974
845 982
846 851
846 863
846 877
846 878
846 885
846 909
846 919
846 943
846 946
846 952
846 956
846 962
846 968
846 973
846 982
846 995
847 864
847 866
847 869
847 871
847 873
847 885
847 888
847 897
847 902
847 928
847 933
847 934
847 951
847 976
847 989
847 991
847 995
847 998
848 851
848 865
848 870
848 883
848 904
848 916
848 918
848 921
848 922
848 925
848 937
848 942
848 961
848 974
848 976
848 977
848 987
849 888
849 890
849 909
849 918
849 928
849 941
849 943
849 948
849 974
849 980
849 985
849 988
849 990
850 858
850 859
850 869
850 877
850 878
850 885
850 893
850 904
850 906
850 932
850 946
850 951
850 952
850 953
850 965
850 974
850 988
850 996
851 867
851 885
851 924
851 925
851 926
851 928
851 940
851 941
851 967
851 976
851 988
851 994
852 863
852 869
852 874
852 884
852 896
852 897
852 908
852 930
852 938
852 945
852 946
852 953
852 954
852 961
852 995
853 864
853 868
853 869
853 896
853 902
853 903
853 907
853 941
853 955
853 971
853 973
853 982
853 992
854 861
854 881
854 885
854 926
854 935
854 944
854 953
854 957
854 967
854 971
854 976
854 997
854 999
855 857
855 874
855 881
855 882
855 886
855 894
855 930
855 946
855 951
855 982
855 984
855 995
856 876
856 878
856 881
856 885
856 895
856 899
856 901
856 910
856 914
856 922
856 933
856 941
856 958
856 961
856 966
856 992
857 862
857 867
857 869
857 872
857 873
857 876
857 880
857 882
857 900
857 922
857 925
857 946
857 962
857 969
857 970
857 974
857 980
857 981
857 991
858 893
858 897
858 899
858 910
858 915
858 926
858 932
858 959
858 962
858 970
858 977
858 987
858 996
858 999
859 861
859 871
859 877
859 878
859 890
859 899
859 921
859 925
859 961
859 963
859 976
859 994
859 997
860 864
860 865
860 896
860 899
860 903
860 915
860 921
860 925
860 935
860 937
860 952
860 964
860 969
860 974
860 975
860 980
860 985
860 995
861 867
861 898
861 902
861 923
861 933
861 965
861 985
861 994
862 866
862 877
862 885
862 886
862 889
862 890
862 893
862 896
862 914
862 935
862 939
862 953
862 967
862 971
862 976
862 982
862 987
863 864
863 874
863 876
863 881
863 883
863 892
863 894
863 903
863 909
863 924
863 926
863 927
863 935
863 961
863 978
863 982
863 994
863 999
864 875
864 885
864 893
864 909
864 924
864 939
864 943
864 947
864 951
864 955
864 956
864 964
864 978
864 991
864 999
865 878
865 879
865 881
865 882
865 886
865 906
865 915
865 935
865 936
865 938
865 943
865 945
865 952
865 955
865 956
865 958
865 968
865 994
866 882
866 899
866 906
866 912
866 913
866 922
866 927
866 933
866 935
866 957
866 967
866 971
866 972
867 877
867 904
867 905
867 913
867 919
867 936
867 941
867 948
867 974
867 987
867 990
868 898
868 901
868 908
868 918
868 922
868 925
868 933
868 939
868 946
868 968
868 999
869 873
869 874
869 888
869 900
869 949
869 969
869 980
869 982
870 873
870 876
870 880
870 886
870 892
870 893
870 912
870 921
870 935
870 938
870 949
870 955
870 982
871 879
871 886
871 890
871 893
871 899
871 909
871 920
871 925
871 931
871 943
871 961
871 969
871 978
871 984
871 992
871 994
871 997
872 873
872 874
872 877
872 893
872 918
872 929
872 933
872 938
872 959
872 977
873 874
873 878
873 892
873 903
873 916
873 917
873 922
873 928
873 940
873 942
873 962
873 964
873 965
873 980
873 982
873 992
873 993
873 996
874 876
874 878
874 883
874 884
874 917
874 929
874 931
874 935
874 960
874 969
874 971
874 974
874 997
875 886
875 889
875 897
875 910
875 941
875 942
875 948
875 954
875 980
875 989
875 991
876 900
876 913
876 918
876 924
876 939
876 949
876 955
876 965
876 966
876 983
876 985
876 990
876 993
876 994
876 998
877 884
877 894
877 908
877 909
877 929
877 932
877 933
877 950
877 979
877 982
877 990
878 908
878 919
878 934
878 953
878 966
878 974
878 986
878 999
879 899
879 907
879 908
879 916
879 942
879 951
879 952
879 955
879 967
879 978
879 979
879 984
879 989
880 881
880 895
880 901
880 911
880 915
880 927
880 933
880 942
880 944
880 948
880 957
880 968
880 978
880 989
880 991
880 999
881 901
881 903
881 907
881 918
881 919
881 956
881 963
881 968
881 973
881 977
881 978
881 980
881 984
882 891
882 893
882 895
882 919
882 929
882 952
882 964
882 966
882 970
882 974
882 976
882 981
883 891
883 897
883 903
883 915
883 922
883 940
883 944
883 951
883 956
883 964
883 991
884 888
884 905
884 908
884 929
884 932
884 940
884 946
884 947
884 949
884 952
884 956
884 962
884 970
884 978
884 996
885 887
885 895
885 903
885 906
885 908
885 911
885 918
885 923
885 930
885 942
885 945
885 946
885 952
885 984
886 893
886 901
886 903
886 915
886 921
886 925
886 932
886 938
886 942
886 962
886 968
886 969
886 991
887 888
887 901
887 907
887 926
887 928
887 941
887 949
887 952
887 962
887 988
887 996
888 902
888 915
888 941
888 943
888 959
888 971
888 984
888 996
888 999
889 902
889 905
889 913
889 918
889 929
889 931
889 950
889 951
889 952
889 974
889 983
890 921
890 931
890 932
890 938
890 949
890 956
890 961
890 962
890 963
890 966
890 968
890 971
890 975
890 993
890 999
891 899
891 912
891 939
891 941
891 942
891 953
891 960
892 893
892 917
892 926
892 928
892 939
892 942
892 945
892 953
892 971
892 988
892 989
893 905
893 907
893 909
893 910
893 911
893 917
893 927
893 937
893 945
893 949
893 956
893 966
893 972
893 977
893 992
894 901
894 904
894 916
894 931
894 935
894 953
894 972
894 984
894 989
894 994
895 902
895 903
895 917
895 919
895 946
895 956
895 962
895 978
896 909
896 914
896 915
896 920
896 943
896 953
896 954
896 956
896 958
896 963
896 966
896 976
896 977
896 985
897 912
897 929
897 944
897 950
897 972
897 974
897 983
897 988
897 993
897 997
897 999
898 928
898 930
898 933
898 940
898 959
899 920
899 922
899 971
899 980
899 982
899 987
900 902
900 911
900 915
900 917
900 918
900 921
900 937
900 952
900 967
900 975
900 992
900 998
900 999
901 905
901 906
901 909
901 920
901 926
901 936
901 960
901 963
901 979
901 983
901 992
902 906
902 911
902 921
902 927
902 931
902 932
902 935
902 942
902 948
902 985
902 987
902 991
902 993
903 908
903 912
903 929
903 953
903 964
903 966
903 979
904 912
904 913
904 914
904 925
904 926
904 947
904 979
904 983
904 995
905 914
905 915
905 916
905 941
905 945
905 948
905 972
905 990
905 991
905 997
906 921
906 933
906 946
906 947
906 950
906 974
906 983
907 908
907 921
907 956
907 977
908 924
908 931
908 934
908 946
908 959
908 969
908 973
908 986
909 913
909 926
909 934
909 935
909 945
909 956
909 957
909 960
909 974
909 979
909 986
909 990
910 918
910 923
910 941
910 942
910 947
910 949
910 953
910 987
910 991
911 920
911 926
911 934
911 957
911 992
911 998
911 999
912 948
912 954
912 965
912 966
912 969
912 970
912 977
912 982
912 986
912 987
912 992
912 995
913 915
913 948
913 950
913 960
913 964
913 968
913 971
913 979
913 982
913 987
913 991
913 997
914 925
914 927
914 936
914 954
914 956
914 961
914 981
914 982
914 996
914 997
915 917
915 931
915 943
915 953
915 961
915 964
915 970
915 984
915 985
915 986
915 992
915 995
915 998
916 917
916 923
916 927
916 928
916 936
916 955
916 958
916 961
916 967
916 982
916 985
916 993
917 936
917 941
917 944
917 956
917 963
917 964
917 967
917 986
917 989
917 990
918 920
918 938
918 947
918 950
918 953
918 958
918 970
918 975
919 928
919 941
919 954
919 962
919 966
919 967
919 971
919 972
919 976
919 986
919 993
919 997
920 921
920 939
920 943
920 944
920 962
920 969
920 977
920 980
920 990
921 922
921 927
921 930
921 931
921 943
921 948
921 952
921 963
921 967
921 978
921 987
921 988
921 990
921 993
922 926
922 934
922 941
922 952
922 957
922 965
922 966
922 979
922 987
923 944
923 949
923 966
923 975
923 979
923 990
923 994
924 932
924 934
924 935
924 938
924 951
924 959
924 963
924 966
924 985
925 931
925 935
925 947
925 949
925 961
925 977
925 983
925 994
926 943
926 959
926 961
926 970
926 974
926 981
926 995
926 996
927 956
927 966
927 983
927 994
927 996
928 936
928 946
928 975
928 985
928 988
928 998
929 940
929 953
929 956
929 963
929 974
929 980
929 988
930 949
930 955
930 962
930 972
930 998
931 938
931 951
931 958
931 959
931 968
931 971
931 984
931 985
931 997
931 998
932 941
932 951
932 965
932 966
932 975
932 988
932 996
932 998
933 939
933 963
933 971
933 976
933 988
933 993
934 949
934 960
934 970
934 973
934 982
935 944
935 980
935 983
935 989
935 990
936 958
936 963
936 982
936 994
937 953
937 955
937 960
937 991
937 998
938 944
938 948
938 955
938 958
938 959
938 961
938 962
938 969
938 970
938 977
938 999
939 941
939 953
939 963
939 981
940 942
940 947
940 950
940 964
940 977
940 979
941 942
941 952
941 955
941 991
942 962
942 964
942 966
942 974
942 976
942 986
943 944
943 962
943 969
943 973
943 978
943 984
943 992
944 954
944 958
944 960
944 962
944 967
944 973
944 978
944 982
945 965
945 969
945 983
945 993
945 999
946 955
946 964
946 966
946 976
946 994
946 997
947 950
947 963
947 999
948 949
948 953
948 973
948 978
948 989
948 997
948 998
949 950
949 951
949 955
949 956
949 969
949 971
949 981
949 983
949 992
950 974
950 979
950 985
950 987
950 998
950 999
951 954
951 998
951 999
952 953
952 956
952 963
952 965
952 967
952 968
952 974
952 975
952 977
953 956
953 971
953 975
953 982
953 995
954 977
954 978
954 980
954 987
954 989
955 957
955 963
955 983
955 990
955 997
955 999
956 972
956 975
956 983
956 991
956 999
957 962
957 970
957 974
957 982
957 984
957 988
957 994
958 985
958 994
959 965
959 983
959 986
960 974
960 983
960 987
960 995
960 999
961 982
961 991
961 995
961 999
962 967
962 985
963 965
963 969
963 999
964 990
964 992
964 998
965 968
965 987
965 997
966 979
966 995
966 996
967 977
967 996
967 999
968 972
968 973
968 983
969 981
969 995
971 977
972 973
972 977
972 982
972 988
972 996
973 976
973 986
973 993
974 985
974 990
974 997
975 999
976 984
976 988
976 993
977 978
977 986
979 982
980 993
980 995
980 996
982 991
982 999
983 991
983 997
984 989
984 993
984 996
986 989
987 994
987 997
988 995
988 998
989 990
989 994
990 993
991 998
992 994
994 999
